	x	y	data	sample	cluster_number	consensus_lca	consensus_weighted	consensus_kmode	cross_method_entropy	GraphST_config_default_label	Giotto_config_default_label	DRSC_config_default_label	precast_config_default_label	spaGCN_config_default_label	BayesSpace_config_default_label
AAACAAGTATCTCCCA-1	17428	15937	visium_breast_cancer_SEDR	visium_breast_cancer_SEDR	20	18	3	20	1.54617573838128	3	7	5	11	1	17
AAACACCAATAACTGC-1	6092	18054	visium_breast_cancer_SEDR	visium_breast_cancer_SEDR	20	8	1	13	1.67623493913473	5	20	18	20	6	16
AAACAGAGCGACTCCT-1	16351	7383	visium_breast_cancer_SEDR	visium_breast_cancer_SEDR	20	13	0	18	1.71474311583251	12	18	14	17	0	7
AAACAGGGTCTATATT-1	5278	15202	visium_breast_cancer_SEDR	visium_breast_cancer_SEDR	20	15	3	7	1.63772676243696	3	13	5	1	1	8
AAACAGTGTTCCTGGG-1	9363	21386	visium_breast_cancer_SEDR	visium_breast_cancer_SEDR	20	8	1	13	1.56071040904141	5	20	19	20	2	15
AAACATTTCCCGGATT-1	16740	18549	visium_breast_cancer_SEDR	visium_breast_cancer_SEDR	20	12	11	1	1.63814637766285	7	15	20	19	5	19
AAACCCGAACGAAATC-1	19205	14752	visium_breast_cancer_SEDR	visium_breast_cancer_SEDR	20	18	3	20	1.54617573838128	3	7	5	11	1	17
AAACCGGGTAGGTACC-1	7328	14018	visium_breast_cancer_SEDR	visium_breast_cancer_SEDR	20	7	2	5	1.49313289102338	8	9	11	9	3	13
AAACCTAAGCAGCCGG-1	14827	19495	visium_breast_cancer_SEDR	visium_breast_cancer_SEDR	20	2	4	17	1.72286436639795	16	11	3	19	4	9
AAACCTCATGAAGTTG-1	6102	12828	visium_breast_cancer_SEDR	visium_breast_cancer_SEDR	20	1	16	8	1.63772676243696	14	2	6	11	9	11
AAACGAAGAACATACC-1	12259	5475	visium_breast_cancer_SEDR	visium_breast_cancer_SEDR	20	19	5	15	1.48369405564586	6	3	10	3	17	6
AAACGAGACGGTTGAT-1	14294	12368	visium_breast_cancer_SEDR	visium_breast_cancer_SEDR	20	7	16	11	1.71474311583251	14	14	13	9	10	14
AAACGCCCGAGATCGG-1	18267	5011	visium_breast_cancer_SEDR	visium_breast_cancer_SEDR	20	6	0	18	1.71474311583251	12	5	7	6	0	7
AAACGGGCGTACGGGT-1	15919	19497	visium_breast_cancer_SEDR	visium_breast_cancer_SEDR	20	12	11	1	1.72286436639795	7	15	20	16	5	19
AAACGGTTGCGAACTG-1	11550	19964	visium_breast_cancer_SEDR	visium_breast_cancer_SEDR	20	17	14	13	1.71474311583251	11	17	1	20	2	15
AAACGTGTTCGCCCTA-1	19628	7389	visium_breast_cancer_SEDR	visium_breast_cancer_SEDR	20	6	0	18	1.67623493913473	4	5	7	7	0	7
AAACTAACGTGGCGAC-1	18538	5962	visium_breast_cancer_SEDR	visium_breast_cancer_SEDR	20	6	0	18	1.67623493913473	12	5	7	7	0	7
AAACTCGGTTCGCAAT-1	13052	19730	visium_breast_cancer_SEDR	visium_breast_cancer_SEDR	20	2	4	17	1.6086574211167	16	15	3	19	5	9
AAACTCGTGATATAAG-1	18941	9526	visium_breast_cancer_SEDR	visium_breast_cancer_SEDR	20	6	0	18	1.59921858573918	4	18	7	6	0	7
AAACTGCTGGCTCCAA-1	12651	14740	visium_breast_cancer_SEDR	visium_breast_cancer_SEDR	20	16	6	12	1.59193656562552	10	16	6	4	12	12
AAACTTAATTGCACGC-1	5134	19240	visium_breast_cancer_SEDR	visium_breast_cancer_SEDR	20	8	1	13	1.67623493913473	5	20	18	20	6	16
AAACTTGCAAACGTAT-1	6098	14728	visium_breast_cancer_SEDR	visium_breast_cancer_SEDR	20	1	6	12	1.67665455436062	10	2	6	8	12	11
AAAGAATGTGGACTAA-1	17828	20926	visium_breast_cancer_SEDR	visium_breast_cancer_SEDR	20	12	11	1	1.72286436639795	7	15	20	16	5	19
AAAGACCCAAGTCGCG-1	10073	6421	visium_breast_cancer_SEDR	visium_breast_cancer_SEDR	20	3	12	19	1.75325129253028	19	8	8	14	13	20
AAAGACTGGGCGCTTT-1	5559	10926	visium_breast_cancer_SEDR	visium_breast_cancer_SEDR	20	1	6	12	1.67665455436062	10	2	6	8	12	11
AAAGCTTGCCTACATA-1	20168	10241	visium_breast_cancer_SEDR	visium_breast_cancer_SEDR	20	13	0	18	1.75325129253028	4	18	14	17	0	12
AAAGGCCCTATAATAC-1	6499	19718	visium_breast_cancer_SEDR	visium_breast_cancer_SEDR	20	8	1	13	1.67623493913473	5	20	18	20	6	16
AAAGGCTACGGACCAT-1	10869	18775	visium_breast_cancer_SEDR	visium_breast_cancer_SEDR	20	10	9	16	1.67623493913473	2	4	9	12	11	5
AAAGGCTCTCGCGCCG-1	11009	17113	visium_breast_cancer_SEDR	visium_breast_cancer_SEDR	20	16	3	20	1.59921858573918	1	7	2	11	1	12
AAAGGGATGTAGCAAG-1	11978	9750	visium_breast_cancer_SEDR	visium_breast_cancer_SEDR	20	5	8	19	1.63772676243696	17	14	13	13	15	2
AAAGGGCAGCTTGAAT-1	7063	9741	visium_breast_cancer_SEDR	visium_breast_cancer_SEDR	20	16	6	14	1.60733983630463	10	7	6	11	14	12
AAAGGTAAGCTGTACC-1	17991	6436	visium_breast_cancer_SEDR	visium_breast_cancer_SEDR	20	6	0	18	1.75325129253028	12	18	7	6	0	7
AAAGTAGCATTGCTCA-1	7188	16156	visium_breast_cancer_SEDR	visium_breast_cancer_SEDR	20	1	6	12	1.52262184756953	10	2	6	1	12	12
AAAGTCACTGATGTAA-1	10619	6422	visium_breast_cancer_SEDR	visium_breast_cancer_SEDR	20	5	12	19	1.63772676243696	19	8	8	13	13	2
AAAGTCGACCCTCAGT-1	5556	12827	visium_breast_cancer_SEDR	visium_breast_cancer_SEDR	20	1	6	12	1.67665455436062	10	2	6	8	12	11
AAAGTGTGATTTATCT-1	16338	14509	visium_breast_cancer_SEDR	visium_breast_cancer_SEDR	20	18	3	20	1.71474311583251	3	7	2	18	1	17
AAAGTTGACTCCCGTA-1	16612	14035	visium_breast_cancer_SEDR	visium_breast_cancer_SEDR	20	4	5	4	1.63772676243696	6	16	4	3	8	10
AAATAACCATACGGGA-1	15532	7381	visium_breast_cancer_SEDR	visium_breast_cancer_SEDR	20	16	0	14	1.56883165960686	10	16	2	4	0	7
AAATAAGGTAGTGCCC-1	19211	11427	visium_breast_cancer_SEDR	visium_breast_cancer_SEDR	20	4	18	4	1.67623493913473	18	16	4	11	15	10
AAATACCTATAAGCAT-1	12924	15216	visium_breast_cancer_SEDR	visium_breast_cancer_SEDR	20	16	6	14	1.63814637766285	10	16	2	4	12	12
AAATAGCTTAGACTTT-1	17980	12612	visium_breast_cancer_SEDR	visium_breast_cancer_SEDR	20	4	5	4	1.48369405564586	6	3	4	3	8	10
AAATAGGGTGCTATTG-1	14286	16644	visium_breast_cancer_SEDR	visium_breast_cancer_SEDR	20	10	9	16	1.67623493913473	2	4	9	12	11	5
AAATCCGATACACGCC-1	15373	19496	visium_breast_cancer_SEDR	visium_breast_cancer_SEDR	20	2	4	9	1.72286436639795	16	11	3	19	4	9
AAATCGTGTACCACAA-1	11150	14500	visium_breast_cancer_SEDR	visium_breast_cancer_SEDR	20	7	2	5	1.67665455436062	8	9	15	9	3	14
AAATCTAGCCCTGCTA-1	17290	16649	visium_breast_cancer_SEDR	visium_breast_cancer_SEDR	20	2	4	9	1.6086574211167	16	15	3	19	4	9
AAATGATTCGATCAGC-1	18669	9050	visium_breast_cancer_SEDR	visium_breast_cancer_SEDR	20	6	0	18	1.59921858573918	4	18	7	6	0	7
AAATGCTCGTTACGTT-1	6793	7841	visium_breast_cancer_SEDR	visium_breast_cancer_SEDR	20	3	10	19	1.59921858573918	13	8	8	14	7	4
AAATGGCATGTCTTGT-1	12938	7139	visium_breast_cancer_SEDR	visium_breast_cancer_SEDR	20	9	8	19	1.63772676243696	3	14	16	13	15	17
AAATGGCCCGTGCCCT-1	5823	15678	visium_breast_cancer_SEDR	visium_breast_cancer_SEDR	20	15	3	7	1.59921858573918	3	13	5	4	1	17
AAATGGTCAATGTGCC-1	10472	11886	visium_breast_cancer_SEDR	visium_breast_cancer_SEDR	20	7	2	5	1.67665455436062	8	9	15	9	3	14
AAATGTGGGTGCTCCT-1	10895	4522	visium_breast_cancer_SEDR	visium_breast_cancer_SEDR	20	14	13	3	1.71474311583251	17	12	10	5	16	3
AAATTAACGGGTAGCT-1	11427	12125	visium_breast_cancer_SEDR	visium_breast_cancer_SEDR	20	7	2	11	1.67623493913473	14	14	13	9	9	14
AAATTACACGACTCTG-1	15259	7381	visium_breast_cancer_SEDR	visium_breast_cancer_SEDR	20	18	3	20	1.52262184756953	10	10	2	11	1	3
AAATTACCTATCGATG-1	16346	10234	visium_breast_cancer_SEDR	visium_breast_cancer_SEDR	20	6	0	18	1.68435618970018	10	5	6	6	0	7
AAATTCCAGGTCCAAA-1	19209	12377	visium_breast_cancer_SEDR	visium_breast_cancer_SEDR	20	19	5	15	1.44518587894808	6	3	12	3	17	6
AAATTGATAGTCCTTT-1	7732	17107	visium_breast_cancer_SEDR	visium_breast_cancer_SEDR	20	8	1	13	1.67623493913473	5	20	18	20	6	16
AAATTGCGGCGGTTCT-1	6116	5226	visium_breast_cancer_SEDR	visium_breast_cancer_SEDR	20	3	10	19	1.68435618970018	13	8	8	10	7	4
AAATTGGTGAGAAGCA-1	19764	7627	visium_breast_cancer_SEDR	visium_breast_cancer_SEDR	20	13	0	18	1.75325129253028	4	6	14	17	0	7
AAATTTACCGAAATCC-1	15808	5482	visium_breast_cancer_SEDR	visium_breast_cancer_SEDR	20	14	13	3	1.67623493913473	12	12	10	4	16	3
AAATTTGCGGGTGTGG-1	8009	15207	visium_breast_cancer_SEDR	visium_breast_cancer_SEDR	20	7	2	5	1.49313289102338	8	9	11	9	3	13
AACAACTGGTAGTTGC-1	9246	10696	visium_breast_cancer_SEDR	visium_breast_cancer_SEDR	20	20	7	2	1.71474311583251	9	1	13	15	10	18
AACAATACATTGTCGA-1	8549	18534	visium_breast_cancer_SEDR	visium_breast_cancer_SEDR	20	8	1	13	1.56071040904141	5	20	18	20	6	15
AACAATTACTCTACGC-1	6924	10929	visium_breast_cancer_SEDR	visium_breast_cancer_SEDR	20	7	2	11	1.72286436639795	8	9	15	9	9	14
AACACACGCTCGCCGC-1	16198	16172	visium_breast_cancer_SEDR	visium_breast_cancer_SEDR	20	2	4	9	1.6086574211167	16	15	3	19	4	9
AACACGACTGTACTGA-1	12394	6188	visium_breast_cancer_SEDR	visium_breast_cancer_SEDR	20	19	5	15	1.52220223234363	6	3	12	12	17	6
AACACGAGACGCGGCC-1	6371	14729	visium_breast_cancer_SEDR	visium_breast_cancer_SEDR	20	1	6	12	1.67665455436062	10	2	6	8	12	11
AACACGCGGCCGCGAA-1	8163	5468	visium_breast_cancer_SEDR	visium_breast_cancer_SEDR	20	9	10	19	1.71474311583251	13	8	16	13	7	4
AACAGCTGTGTGGCAA-1	7730	18057	visium_breast_cancer_SEDR	visium_breast_cancer_SEDR	20	8	1	13	1.67623493913473	5	20	18	20	6	16
AACAGGAAATCGAATA-1	12664	7614	visium_breast_cancer_SEDR	visium_breast_cancer_SEDR	20	5	8	19	1.67623493913473	17	14	16	13	15	2
AACAGGATGGGCCGCG-1	7743	10930	visium_breast_cancer_SEDR	visium_breast_cancer_SEDR	20	7	2	5	1.67665455436062	8	9	15	9	3	14
AACAGGTAGTATGGAT-1	18930	15702	visium_breast_cancer_SEDR	visium_breast_cancer_SEDR	20	15	3	7	1.63772676243696	3	13	5	1	1	8
AACATATCAACTGGTG-1	17028	10472	visium_breast_cancer_SEDR	visium_breast_cancer_SEDR	20	6	0	18	1.60733983630463	10	5	7	6	0	7
AACATCGATACGTCTA-1	18944	8100	visium_breast_cancer_SEDR	visium_breast_cancer_SEDR	20	13	0	18	1.75325129253028	4	6	14	17	0	7
AACATTGAAGTTGATC-1	6635	19955	visium_breast_cancer_SEDR	visium_breast_cancer_SEDR	20	8	1	13	1.75325129253028	5	20	19	20	6	16
AACATTGTGACTCGAG-1	10595	19250	visium_breast_cancer_SEDR	visium_breast_cancer_SEDR	20	8	1	13	1.71474311583251	11	20	18	20	2	15
AACCAAGACTTCTCTG-1	6785	12592	visium_breast_cancer_SEDR	visium_breast_cancer_SEDR	20	7	2	5	1.49313289102338	8	9	11	9	3	13
AACCAGTATCACTCTT-1	16081	5482	visium_breast_cancer_SEDR	visium_breast_cancer_SEDR	20	6	0	18	1.75325129253028	12	12	10	6	0	7
AACCATAGGGTTGAAC-1	4997	19477	visium_breast_cancer_SEDR	visium_breast_cancer_SEDR	20	8	1	13	1.67623493913473	5	20	18	20	6	16
AACCATGGGATCGCTA-1	7613	7367	visium_breast_cancer_SEDR	visium_breast_cancer_SEDR	20	3	12	19	1.79175946922805	19	8	8	14	7	20
AACCCAGAGACGGAGA-1	8842	7607	visium_breast_cancer_SEDR	visium_breast_cancer_SEDR	20	3	12	19	1.75325129253028	19	8	8	14	13	20
AACCCATCCCATGATC-1	5411	17340	visium_breast_cancer_SEDR	visium_breast_cancer_SEDR	20	8	1	13	1.63772676243696	11	17	18	20	2	16
AACCCGACAACCCGTG-1	9365	19960	visium_breast_cancer_SEDR	visium_breast_cancer_SEDR	20	8	1	13	1.56071040904141	5	20	18	20	2	15
AACCCGAGCAGAATCG-1	18926	17602	visium_breast_cancer_SEDR	visium_breast_cancer_SEDR	20	14	18	4	1.63772676243696	15	3	4	5	18	3
AACCCGCTGTATTCCA-1	11546	21865	visium_breast_cancer_SEDR	visium_breast_cancer_SEDR	20	8	1	13	1.56071040904141	5	20	18	20	2	15
AACCCTACTGTCAATA-1	16613	13560	visium_breast_cancer_SEDR	visium_breast_cancer_SEDR	20	4	5	4	1.63772676243696	6	16	4	3	8	10
AACCCTGGTGGAACCA-1	13077	5952	visium_breast_cancer_SEDR	visium_breast_cancer_SEDR	20	19	5	15	1.52220223234363	6	3	12	12	17	6
AACCGAGCTTGGTCAT-1	13070	9752	visium_breast_cancer_SEDR	visium_breast_cancer_SEDR	20	20	7	2	1.67623493913473	9	14	13	15	15	3
AACCGCTAAGGGATGC-1	16064	14984	visium_breast_cancer_SEDR	visium_breast_cancer_SEDR	20	15	3	6	1.63772676243696	3	13	2	1	1	8
AACCGTTGTGTTTGCT-1	12256	6900	visium_breast_cancer_SEDR	visium_breast_cancer_SEDR	20	5	8	19	1.67623493913473	17	14	16	13	15	2
AACCTCGCTTTAGCCC-1	14692	18782	visium_breast_cancer_SEDR	visium_breast_cancer_SEDR	20	10	9	16	1.56071040904141	2	4	9	12	11	1
AACCTGTCACGGAATT-1	19618	12615	visium_breast_cancer_SEDR	visium_breast_cancer_SEDR	20	19	5	15	1.44518587894808	6	3	12	3	17	6
AACCTTTAAATACGGT-1	12784	16879	visium_breast_cancer_SEDR	visium_breast_cancer_SEDR	20	10	9	16	1.67623493913473	2	4	9	12	11	5
AACCTTTACGACGTCT-1	16077	7858	visium_breast_cancer_SEDR	visium_breast_cancer_SEDR	20	6	0	18	1.71474311583251	12	5	7	6	0	7
AACGATAATGCCGTAG-1	13467	16642	visium_breast_cancer_SEDR	visium_breast_cancer_SEDR	20	10	9	16	1.67623493913473	2	4	9	12	11	5
AACGATAGAAGGGCCG-1	10753	7610	visium_breast_cancer_SEDR	visium_breast_cancer_SEDR	20	5	8	19	1.71474311583251	17	8	16	13	13	2
AACGATATGTCAACTG-1	13889	9754	visium_breast_cancer_SEDR	visium_breast_cancer_SEDR	20	20	7	2	1.63772676243696	9	16	13	15	15	12
AACGCATGATCTGGGT-1	17714	8811	visium_breast_cancer_SEDR	visium_breast_cancer_SEDR	20	13	0	18	1.71474311583251	4	18	14	17	0	7
AACGCGAACGGCAACA-1	6524	5940	visium_breast_cancer_SEDR	visium_breast_cancer_SEDR	20	3	10	19	1.68435618970018	13	8	8	10	7	4
AACGCGACCTTGGGCG-1	10731	19963	visium_breast_cancer_SEDR	visium_breast_cancer_SEDR	20	8	1	13	1.56071040904141	5	20	18	20	6	15
AACGCGGTCTCCAGCC-1	12388	9514	visium_breast_cancer_SEDR	visium_breast_cancer_SEDR	20	14	7	3	1.67623493913473	17	14	13	15	15	3
AACGCTGTTGCTGAAA-1	16334	16885	visium_breast_cancer_SEDR	visium_breast_cancer_SEDR	20	2	4	1	1.47387880267449	7	15	3	19	5	9
AACGGACGTACGTATA-1	16062	15934	visium_breast_cancer_SEDR	visium_breast_cancer_SEDR	20	18	3	10	1.63772676243696	3	10	2	2	1	1
AACGGCCATCTCCGGT-1	8828	15208	visium_breast_cancer_SEDR	visium_breast_cancer_SEDR	20	7	2	5	1.49313289102338	8	9	11	9	3	13
AACGTACTGTGGGTAC-1	9237	15447	visium_breast_cancer_SEDR	visium_breast_cancer_SEDR	20	7	2	8	1.67623493913473	14	9	11	9	9	11
AACGTCAGACTAGTGG-1	8974	9745	visium_breast_cancer_SEDR	visium_breast_cancer_SEDR	20	20	7	2	1.63772676243696	9	1	13	15	15	18
AACGTCGCTGCACTTC-1	18373	21402	visium_breast_cancer_SEDR	visium_breast_cancer_SEDR	20	12	11	1	1.72286436639795	7	15	20	16	5	19
AACGTGATGAAGGACA-1	14851	6192	visium_breast_cancer_SEDR	visium_breast_cancer_SEDR	20	4	5	4	1.58468391507905	15	3	4	11	8	10
AACGTGCGAAAGTCTC-1	13611	12604	visium_breast_cancer_SEDR	visium_breast_cancer_SEDR	20	7	2	11	1.63814637766285	8	14	15	9	3	14
AACTACCCGTTTGTCA-1	18931	15227	visium_breast_cancer_SEDR	visium_breast_cancer_SEDR	20	18	3	20	1.54617573838128	3	7	5	11	1	17
AACTAGGCTTGGGTGT-1	11828	17114	visium_breast_cancer_SEDR	visium_breast_cancer_SEDR	20	10	9	16	1.67623493913473	2	4	9	12	11	5
AACTCAAGTTAATTGC-1	9514	13072	visium_breast_cancer_SEDR	visium_breast_cancer_SEDR	20	7	2	5	1.67665455436062	8	9	15	9	3	14
AACTCCAGAGCGTGTT-1	16058	18310	visium_breast_cancer_SEDR	visium_breast_cancer_SEDR	20	2	4	17	1.6086574211167	16	15	3	19	4	9
AACTCCTAATCCCATG-1	16079	6907	visium_breast_cancer_SEDR	visium_breast_cancer_SEDR	20	13	0	18	1.71474311583251	4	18	14	17	0	7
AACTCGATGGCGCAGT-1	7205	6654	visium_breast_cancer_SEDR	visium_breast_cancer_SEDR	20	3	10	19	1.68435618970018	13	8	8	10	7	4
AACTCTCAATAGAGCG-1	16205	12371	visium_breast_cancer_SEDR	visium_breast_cancer_SEDR	20	16	6	14	1.59921858573918	1	2	2	4	12	12
AACTGAGGTCAGCGTC-1	18674	6199	visium_breast_cancer_SEDR	visium_breast_cancer_SEDR	20	6	0	18	1.67623493913473	12	5	7	7	0	7
AACTGATATTAGGCCT-1	12527	7851	visium_breast_cancer_SEDR	visium_breast_cancer_SEDR	20	5	8	19	1.67623493913473	17	8	16	13	15	2
AACTGGGTCCCGACGT-1	12526	8801	visium_breast_cancer_SEDR	visium_breast_cancer_SEDR	20	5	8	19	1.67623493913473	17	14	16	13	15	2
AACTGGTGTGGGCCTT-1	10210	5709	visium_breast_cancer_SEDR	visium_breast_cancer_SEDR	20	5	12	19	1.63772676243696	19	8	8	13	13	2
AACTTCTGCGTCTATC-1	5973	8314	visium_breast_cancer_SEDR	visium_breast_cancer_SEDR	20	9	10	19	1.71474311583251	13	8	16	13	7	4
AACTTGCCCGTATGCA-1	7197	10929	visium_breast_cancer_SEDR	visium_breast_cancer_SEDR	20	7	2	5	1.67665455436062	8	9	15	9	3	14
AACTTGCGTTCTCGCG-1	6248	7364	visium_breast_cancer_SEDR	visium_breast_cancer_SEDR	20	9	10	19	1.68435618970018	13	8	16	10	15	4
AACTTTAGCTGCTGAG-1	10211	5234	visium_breast_cancer_SEDR	visium_breast_cancer_SEDR	20	5	8	19	1.67623493913473	17	8	16	13	15	2
AAGAAGGATCAGTTAG-1	6931	7128	visium_breast_cancer_SEDR	visium_breast_cancer_SEDR	20	3	10	19	1.68435618970018	13	8	8	10	7	4
AAGACATACGTGGTTT-1	19058	20216	visium_breast_cancer_SEDR	visium_breast_cancer_SEDR	20	12	11	1	1.72286436639795	7	15	20	16	5	19
AAGACCCAACTGAACA-1	10870	18300	visium_breast_cancer_SEDR	visium_breast_cancer_SEDR	20	10	9	16	1.71474311583251	3	4	9	11	11	5
AAGACTAACCCGTTGT-1	7208	5228	visium_breast_cancer_SEDR	visium_breast_cancer_SEDR	20	3	10	19	1.59921858573918	13	8	8	14	7	4
AAGACTGCAAGCTACT-1	12792	12603	visium_breast_cancer_SEDR	visium_breast_cancer_SEDR	20	20	7	2	1.71474311583251	9	1	13	15	10	18
AAGAGATGAATCGGTA-1	7198	10454	visium_breast_cancer_SEDR	visium_breast_cancer_SEDR	20	1	16	8	1.67623493913473	14	7	6	11	14	11
AAGAGCTCTTTATCGG-1	14021	12367	visium_breast_cancer_SEDR	visium_breast_cancer_SEDR	20	7	2	11	1.63814637766285	9	14	15	9	9	14
AAGAGGATGTACGCGA-1	7466	13306	visium_breast_cancer_SEDR	visium_breast_cancer_SEDR	20	7	2	5	1.49313289102338	8	9	11	9	3	13
AAGAGGCATGGATCGC-1	14430	12606	visium_breast_cancer_SEDR	visium_breast_cancer_SEDR	20	7	16	11	1.6458480130024	14	14	15	11	9	14
AAGAGGCCCTTTGGAA-1	18379	18077	visium_breast_cancer_SEDR	visium_breast_cancer_SEDR	20	11	17	4	1.43065120828796	15	10	2	2	18	10
AAGATGGCACCGGACC-1	8823	18059	visium_breast_cancer_SEDR	visium_breast_cancer_SEDR	20	8	1	13	1.56071040904141	5	20	18	20	6	15
AAGATTGGCGGAACGT-1	15800	10233	visium_breast_cancer_SEDR	visium_breast_cancer_SEDR	20	6	0	18	1.71474311583251	12	2	6	6	0	7
AAGCACCCTGCGTATC-1	13464	18068	visium_breast_cancer_SEDR	visium_breast_cancer_SEDR	20	10	9	16	1.67623493913473	2	4	9	12	11	5
AAGCATACTCTCCTGA-1	12921	16641	visium_breast_cancer_SEDR	visium_breast_cancer_SEDR	20	10	9	16	1.71474311583251	2	4	9	11	11	5
AAGCCGAAGCGGTTTA-1	18111	15701	visium_breast_cancer_SEDR	visium_breast_cancer_SEDR	20	10	9	16	1.63772676243696	2	4	9	12	11	6
AAGCCGCCGTGAAATC-1	6636	19480	visium_breast_cancer_SEDR	visium_breast_cancer_SEDR	20	8	1	13	1.67623493913473	5	20	18	20	6	16
AAGCGCAGGGCTTTGA-1	13461	19968	visium_breast_cancer_SEDR	visium_breast_cancer_SEDR	20	12	11	1	1.63814637766285	7	15	20	19	5	19
AAGCGGCGTCATGGGT-1	16763	6196	visium_breast_cancer_SEDR	visium_breast_cancer_SEDR	20	6	0	18	1.75325129253028	12	18	7	6	0	7
AAGCGTCCCTCATCGA-1	8277	17583	visium_breast_cancer_SEDR	visium_breast_cancer_SEDR	20	8	1	13	1.67623493913473	5	20	18	20	6	16
AAGCTAGATCGAGTAA-1	12786	15928	visium_breast_cancer_SEDR	visium_breast_cancer_SEDR	20	16	6	10	1.59963820096508	10	16	2	4	12	1
AAGCTCGTGCCAAGTC-1	13475	12366	visium_breast_cancer_SEDR	visium_breast_cancer_SEDR	20	20	7	2	1.71474311583251	9	1	13	15	10	18
AAGCTCTTTCATGGTG-1	14558	17594	visium_breast_cancer_SEDR	visium_breast_cancer_SEDR	20	10	9	16	1.67623493913473	2	4	9	12	11	5
AAGGAGAACTTATAAG-1	11304	4761	visium_breast_cancer_SEDR	visium_breast_cancer_SEDR	20	14	13	3	1.71474311583251	17	12	10	5	16	3
AAGGAGCGGTTGGTGC-1	10065	10697	visium_breast_cancer_SEDR	visium_breast_cancer_SEDR	20	20	7	2	1.71474311583251	9	1	13	15	10	18
AAGGATCGATCGCTTG-1	18388	13325	visium_breast_cancer_SEDR	visium_breast_cancer_SEDR	20	19	5	15	1.56071040904141	6	3	12	3	8	6
AAGGATGAGGGACCTC-1	15390	10469	visium_breast_cancer_SEDR	visium_breast_cancer_SEDR	20	16	0	14	1.63131334234228	10	7	5	6	0	7
AAGGCAGGCTGTCTCC-1	19615	14040	visium_breast_cancer_SEDR	visium_breast_cancer_SEDR	20	18	3	20	1.56071040904141	3	10	2	11	1	17
AAGGCGCGTAAAGCTT-1	8701	9744	visium_breast_cancer_SEDR	visium_breast_cancer_SEDR	20	20	7	2	1.71474311583251	9	1	13	15	10	18
AAGGCTGTGCTCATCG-1	9791	11172	visium_breast_cancer_SEDR	visium_breast_cancer_SEDR	20	7	16	11	1.71474311583251	14	1	13	9	9	14
AAGGGAACGACTGGCT-1	6363	19005	visium_breast_cancer_SEDR	visium_breast_cancer_SEDR	20	8	1	13	1.67623493913473	5	20	18	20	6	16
AAGGGACAGATTCTGT-1	16073	10233	visium_breast_cancer_SEDR	visium_breast_cancer_SEDR	20	6	0	18	1.68435618970018	10	5	6	6	0	7
AAGGGACTATGCATTC-1	7047	18293	visium_breast_cancer_SEDR	visium_breast_cancer_SEDR	20	8	1	13	1.67623493913473	5	20	18	20	6	16
AAGGTATCCTAATATA-1	14571	9993	visium_breast_cancer_SEDR	visium_breast_cancer_SEDR	20	16	15	14	1.63814637766285	10	7	5	4	1	12
AAGGTGATAAACCAGC-1	16065	14509	visium_breast_cancer_SEDR	visium_breast_cancer_SEDR	20	18	3	10	1.59921858573918	3	7	17	18	1	1
AAGTAGAAGACCGGGT-1	9932	8559	visium_breast_cancer_SEDR	visium_breast_cancer_SEDR	20	5	8	19	1.63772676243696	17	8	16	13	7	2
AAGTAGTGACGCGAGG-1	7742	11881	visium_breast_cancer_SEDR	visium_breast_cancer_SEDR	20	7	2	5	1.49313289102338	8	9	11	9	3	13
AAGTCAATTGTCGTCA-1	17293	14749	visium_breast_cancer_SEDR	visium_breast_cancer_SEDR	20	4	5	4	1.48369405564586	6	3	4	3	8	10
AAGTGACGACCGAATT-1	6919	13780	visium_breast_cancer_SEDR	visium_breast_cancer_SEDR	20	7	2	5	1.49313289102338	8	9	11	9	3	13
AAGTGAGTCGGGTTTA-1	10050	18774	visium_breast_cancer_SEDR	visium_breast_cancer_SEDR	20	8	1	13	1.56071040904141	5	20	18	20	2	15
AAGTGCCTTGACTGTA-1	17703	14512	visium_breast_cancer_SEDR	visium_breast_cancer_SEDR	20	4	5	4	1.48369405564586	6	3	4	3	8	10
AAGTGCGTTAGAATCT-1	7189	15681	visium_breast_cancer_SEDR	visium_breast_cancer_SEDR	20	1	6	12	1.67665455436062	10	2	6	8	12	12
AAGTGCTTCTCTATTG-1	8545	20434	visium_breast_cancer_SEDR	visium_breast_cancer_SEDR	20	8	1	13	1.56071040904141	5	17	19	20	2	15
AAGTGTTTGGAGACGG-1	14423	16406	visium_breast_cancer_SEDR	visium_breast_cancer_SEDR	20	18	3	10	1.75325129253028	3	7	2	2	11	1
AAGTTCACTCCAAGCT-1	15104	17595	visium_breast_cancer_SEDR	visium_breast_cancer_SEDR	20	2	4	17	1.6086574211167	16	15	3	19	4	9
AAGTTCAGTCTGCGTA-1	17715	8336	visium_breast_cancer_SEDR	visium_breast_cancer_SEDR	20	6	0	18	1.75325129253028	12	18	7	6	0	7
AAGTTCGGCCAACAGG-1	8146	14970	visium_breast_cancer_SEDR	visium_breast_cancer_SEDR	20	7	2	5	1.49313289102338	8	9	11	9	3	13
AAGTTGTGATGTTATA-1	17967	19739	visium_breast_cancer_SEDR	visium_breast_cancer_SEDR	20	12	11	1	1.72286436639795	7	15	20	16	5	19
AAGTTTACTAATGGCA-1	11850	5237	visium_breast_cancer_SEDR	visium_breast_cancer_SEDR	20	14	13	3	1.71474311583251	6	12	10	5	16	3
AAGTTTATGGGCCCAA-1	13051	20205	visium_breast_cancer_SEDR	visium_breast_cancer_SEDR	20	2	4	9	1.6086574211167	16	15	3	19	5	9
AATAACAACGCTCGGC-1	7604	12593	visium_breast_cancer_SEDR	visium_breast_cancer_SEDR	20	7	2	5	1.49313289102338	8	9	11	9	3	13
AATAACGTCGCGCCCA-1	19192	21879	visium_breast_cancer_SEDR	visium_breast_cancer_SEDR	20	2	4	9	1.72286436639795	16	11	3	19	5	9
AATAAGTCCTCGAGAC-1	13215	5239	visium_breast_cancer_SEDR	visium_breast_cancer_SEDR	20	19	5	15	1.52220223234363	6	3	12	12	17	6
AATACAATGTTTCAGG-1	6108	9502	visium_breast_cancer_SEDR	visium_breast_cancer_SEDR	20	1	6	12	1.67665455436062	10	2	6	8	12	12
AATACCGGAGGGCTGT-1	8546	19959	visium_breast_cancer_SEDR	visium_breast_cancer_SEDR	20	8	1	13	1.56071040904141	5	20	18	20	2	15
AATACCTGATGTGAAC-1	17144	21638	visium_breast_cancer_SEDR	visium_breast_cancer_SEDR	20	2	4	9	1.72286436639795	16	11	3	19	4	9
AATAGAATCTGTTTCA-1	15244	15458	visium_breast_cancer_SEDR	visium_breast_cancer_SEDR	20	18	3	10	1.67623493913473	3	7	2	11	1	1
AATAGCAAGCCTCCTG-1	18675	5724	visium_breast_cancer_SEDR	visium_breast_cancer_SEDR	20	6	0	18	1.71474311583251	12	5	7	6	0	7
AATAGCTACCGCGTGC-1	18670	8575	visium_breast_cancer_SEDR	visium_breast_cancer_SEDR	20	13	0	18	1.71474311583251	4	18	14	17	0	7
AATAGTCCGTCCCGAC-1	11281	17588	visium_breast_cancer_SEDR	visium_breast_cancer_SEDR	20	10	9	16	1.67623493913473	2	4	9	12	11	5
AATATCAAGGTCGGAT-1	9254	5945	visium_breast_cancer_SEDR	visium_breast_cancer_SEDR	20	3	12	19	1.75325129253028	19	8	8	14	13	20
AATATCGAATCAATGC-1	18384	15701	visium_breast_cancer_SEDR	visium_breast_cancer_SEDR	20	10	9	16	1.67623493913473	2	4	9	12	11	5
AATATCGAGGGTTCTC-1	17301	10473	visium_breast_cancer_SEDR	visium_breast_cancer_SEDR	20	6	0	18	1.60733983630463	10	5	7	6	0	7
AATATTGGAGTATTGA-1	6512	12591	visium_breast_cancer_SEDR	visium_breast_cancer_SEDR	20	7	2	5	1.49313289102338	8	9	11	9	3	13
AATCAGACTGCAGGAC-1	6662	5227	visium_breast_cancer_SEDR	visium_breast_cancer_SEDR	20	3	10	19	1.68435618970018	13	8	8	10	7	4
AATCAGGTTTCATTTA-1	7999	20433	visium_breast_cancer_SEDR	visium_breast_cancer_SEDR	20	8	1	13	1.56071040904141	5	17	19	20	2	15
AATCATGTAAAGACTC-1	16880	16886	visium_breast_cancer_SEDR	visium_breast_cancer_SEDR	20	2	4	9	1.47387880267449	7	15	3	19	5	9
AATCCAAGGGCCTGAG-1	9935	7134	visium_breast_cancer_SEDR	visium_breast_cancer_SEDR	20	3	12	19	1.75325129253028	19	8	8	14	13	20
AATCCATGCAAGGGTG-1	7070	5941	visium_breast_cancer_SEDR	visium_breast_cancer_SEDR	20	3	10	19	1.68435618970018	13	8	8	10	7	4
AATCGCCTCAGCGCCA-1	14292	13318	visium_breast_cancer_SEDR	visium_breast_cancer_SEDR	20	16	15	20	1.67623493913473	1	10	6	11	1	12
AATCGCGCAGAGGACT-1	19069	14039	visium_breast_cancer_SEDR	visium_breast_cancer_SEDR	20	4	5	4	1.48369405564586	6	3	4	3	8	10
AATCGGGACACTACGA-1	11712	5949	visium_breast_cancer_SEDR	visium_breast_cancer_SEDR	20	5	8	19	1.67623493913473	17	8	16	13	15	2
AATCGGTATAGCCCTC-1	18374	20927	visium_breast_cancer_SEDR	visium_breast_cancer_SEDR	20	12	11	1	1.72286436639795	7	15	20	16	5	19
AATCGTGAGCCGAGCA-1	14826	19970	visium_breast_cancer_SEDR	visium_breast_cancer_SEDR	20	2	4	9	1.72286436639795	16	11	3	19	4	9
AATCTAGGTTTACTTG-1	5686	16390	visium_breast_cancer_SEDR	visium_breast_cancer_SEDR	20	15	3	7	1.79175946922805	20	19	5	1	1	8
AATCTATGCCGGAGCC-1	18530	10238	visium_breast_cancer_SEDR	visium_breast_cancer_SEDR	20	6	0	18	1.67623493913473	12	18	7	4	0	7
AATCTGCGTTGGGACG-1	16070	11658	visium_breast_cancer_SEDR	visium_breast_cancer_SEDR	20	6	0	18	1.6458480130024	10	2	6	6	0	7
AATCTGGCTTTCTAGT-1	5550	16153	visium_breast_cancer_SEDR	visium_breast_cancer_SEDR	20	15	3	6	1.79175946922805	20	19	5	1	1	8
AATCTGGGTAGACCCT-1	16355	5007	visium_breast_cancer_SEDR	visium_breast_cancer_SEDR	20	14	13	3	1.71474311583251	12	12	10	5	0	3
AATGACAGCAATGTCT-1	7599	15444	visium_breast_cancer_SEDR	visium_breast_cancer_SEDR	20	1	6	12	1.67665455436062	10	2	6	8	12	11
AATGACTGTCAGCCGG-1	9930	9509	visium_breast_cancer_SEDR	visium_breast_cancer_SEDR	20	5	8	19	1.63772676243696	17	14	16	14	7	2
AATGAGTTCGCATATG-1	6384	7602	visium_breast_cancer_SEDR	visium_breast_cancer_SEDR	20	9	10	19	1.59921858573918	13	8	16	14	7	4
AATGATGATACGCTAT-1	16211	9521	visium_breast_cancer_SEDR	visium_breast_cancer_SEDR	20	6	0	18	1.71474311583251	12	5	7	6	0	7
AATGATGCGACTCCTG-1	17302	9998	visium_breast_cancer_SEDR	visium_breast_cancer_SEDR	20	6	0	18	1.71474311583251	12	5	7	6	0	7
AATGCAACCGGGTACC-1	11568	9987	visium_breast_cancer_SEDR	visium_breast_cancer_SEDR	20	20	7	2	1.71474311583251	9	1	13	15	10	18
AATGCACCAAGCAATG-1	16758	8571	visium_breast_cancer_SEDR	visium_breast_cancer_SEDR	20	13	0	18	1.71474311583251	4	18	14	17	0	7
AATGGTCCACCGTTCA-1	5695	11164	visium_breast_cancer_SEDR	visium_breast_cancer_SEDR	20	1	6	12	1.67665455436062	10	2	6	8	12	11
AATGGTTCTCACAAGC-1	8294	8556	visium_breast_cancer_SEDR	visium_breast_cancer_SEDR	20	5	8	19	1.63772676243696	13	8	16	13	15	2
AATGTATGGCACTGTA-1	4724	19477	visium_breast_cancer_SEDR	visium_breast_cancer_SEDR	20	8	1	13	1.67623493913473	5	20	18	20	2	16
AATGTGCCCGAGGTGT-1	7186	17106	visium_breast_cancer_SEDR	visium_breast_cancer_SEDR	20	8	1	13	1.67623493913473	5	20	18	20	6	16
AATGTGCTAATCTGAG-1	7864	19720	visium_breast_cancer_SEDR	visium_breast_cancer_SEDR	20	8	1	13	1.56071040904141	5	20	18	20	6	15
AATGTTGTCGTGAGAC-1	18239	20214	visium_breast_cancer_SEDR	visium_breast_cancer_SEDR	20	12	11	1	1.72286436639795	7	15	20	16	5	19
AATTAAAGGTCGGCGT-1	10333	13548	visium_breast_cancer_SEDR	visium_breast_cancer_SEDR	20	7	2	5	1.67665455436062	8	9	15	9	3	14
AATTAACGGATTTCCA-1	12509	17828	visium_breast_cancer_SEDR	visium_breast_cancer_SEDR	20	10	9	16	1.67623493913473	2	4	9	12	11	5
AATTCATAAGGGATCT-1	15938	9520	visium_breast_cancer_SEDR	visium_breast_cancer_SEDR	20	6	0	18	1.71474311583251	12	5	7	6	0	7
AATTCATTGTCATGCA-1	4725	19002	visium_breast_cancer_SEDR	visium_breast_cancer_SEDR	20	8	1	13	1.67623493913473	5	20	18	20	2	16
AATTCCAAGCATGTAC-1	11414	19727	visium_breast_cancer_SEDR	visium_breast_cancer_SEDR	20	17	14	10	1.67623493913473	11	17	1	18	18	1
AATTCGATTCGAGGAT-1	13871	19731	visium_breast_cancer_SEDR	visium_breast_cancer_SEDR	20	12	11	1	1.51238697937227	7	15	20	19	5	9
AATTGCAGCAATCGAC-1	17421	19263	visium_breast_cancer_SEDR	visium_breast_cancer_SEDR	20	12	11	1	1.72286436639795	7	15	20	16	5	19
AATTGCGTGGATTACA-1	4723	19952	visium_breast_cancer_SEDR	visium_breast_cancer_SEDR	20	8	1	13	1.67623493913473	5	20	18	20	6	16
AATTTGGGACATAGTA-1	15942	7145	visium_breast_cancer_SEDR	visium_breast_cancer_SEDR	20	13	0	18	1.79175946922805	12	18	14	6	0	7
AATTTGGTTCCAAAGA-1	12666	6664	visium_breast_cancer_SEDR	visium_breast_cancer_SEDR	20	5	8	19	1.67623493913473	17	14	16	13	15	2
ACAAACCATGCGTCCT-1	5680	19241	visium_breast_cancer_SEDR	visium_breast_cancer_SEDR	20	8	1	13	1.67623493913473	5	20	18	20	6	16
ACAAAGCATGACCTAG-1	16739	19024	visium_breast_cancer_SEDR	visium_breast_cancer_SEDR	20	12	11	1	1.72286436639795	7	15	20	16	5	19
ACAAATCGCACCGAAT-1	14697	15932	visium_breast_cancer_SEDR	visium_breast_cancer_SEDR	20	18	3	10	1.71474311583251	3	7	2	2	1	1
ACAAATTCAGATCTGA-1	17583	5722	visium_breast_cancer_SEDR	visium_breast_cancer_SEDR	20	6	0	18	1.71474311583251	12	5	7	6	0	7
ACAACAGCATGAGCTA-1	13340	11653	visium_breast_cancer_SEDR	visium_breast_cancer_SEDR	20	20	7	2	1.56071040904141	14	1	13	15	9	18
ACAACGGTCCCTGCGA-1	7610	9267	visium_breast_cancer_SEDR	visium_breast_cancer_SEDR	20	9	10	19	1.71474311583251	13	8	16	13	7	4
ACAAGCAGTGCCTAGC-1	7060	11167	visium_breast_cancer_SEDR	visium_breast_cancer_SEDR	20	7	2	5	1.67665455436062	8	9	15	9	3	14
ACAAGGAAATCCGCCC-1	13742	15693	visium_breast_cancer_SEDR	visium_breast_cancer_SEDR	20	17	17	10	1.75325129253028	11	16	17	2	1	1
ACAAGGACAAGAGGTT-1	8563	10932	visium_breast_cancer_SEDR	visium_breast_cancer_SEDR	20	7	16	11	1.6458480130024	14	7	15	9	9	11
ACAAGGATGCTTTAGG-1	15375	18546	visium_breast_cancer_SEDR	visium_breast_cancer_SEDR	20	2	4	9	1.72286436639795	16	11	3	19	4	9
ACAATAGTCGTACGTT-1	6236	14016	visium_breast_cancer_SEDR	visium_breast_cancer_SEDR	20	1	6	12	1.67665455436062	10	2	6	8	12	11
ACAATCCATTTAAACC-1	7877	12594	visium_breast_cancer_SEDR	visium_breast_cancer_SEDR	20	7	2	5	1.49313289102338	8	9	11	9	3	13
ACAATCGATCTTTATA-1	11987	4524	visium_breast_cancer_SEDR	visium_breast_cancer_SEDR	20	14	13	3	1.71474311583251	17	12	10	5	16	3
ACAATGAATACGGAGA-1	7731	17582	visium_breast_cancer_SEDR	visium_breast_cancer_SEDR	20	8	1	13	1.67623493913473	5	20	18	20	6	16
ACAATGATTCTTCTAC-1	18811	5962	visium_breast_cancer_SEDR	visium_breast_cancer_SEDR	20	6	0	18	1.67623493913473	12	5	7	7	0	7
ACAATTGTGTCTCTTT-1	16745	16173	visium_breast_cancer_SEDR	visium_breast_cancer_SEDR	20	11	4	9	1.75325129253028	16	10	3	19	4	1
ACAATTTGAGCAGTGG-1	14707	10706	visium_breast_cancer_SEDR	visium_breast_cancer_SEDR	20	16	15	14	1.3857296114955	10	7	5	1	14	12
ACACAAAGACGGGTGG-1	11159	9749	visium_breast_cancer_SEDR	visium_breast_cancer_SEDR	20	5	8	19	1.67623493913473	17	8	16	13	15	2
ACACACCAGGACCAGT-1	15792	14509	visium_breast_cancer_SEDR	visium_breast_cancer_SEDR	20	17	14	13	1.63772676243696	11	17	17	18	19	15
ACACACTTTCTACACG-1	12255	7375	visium_breast_cancer_SEDR	visium_breast_cancer_SEDR	20	5	8	19	1.67623493913473	17	8	16	13	15	2
ACACATGATCAAATCT-1	5682	18291	visium_breast_cancer_SEDR	visium_breast_cancer_SEDR	20	8	1	13	1.67623493913473	5	20	18	20	6	16
ACACATTTCCGTAGAC-1	12639	21392	visium_breast_cancer_SEDR	visium_breast_cancer_SEDR	20	17	14	13	1.71474311583251	11	17	1	20	2	15
ACACCACATAATTAGC-1	19484	11427	visium_breast_cancer_SEDR	visium_breast_cancer_SEDR	20	4	18	4	1.71474311583251	18	16	4	3	15	10
ACACCCAGCATGCAGC-1	10340	9747	visium_breast_cancer_SEDR	visium_breast_cancer_SEDR	20	5	8	19	1.71474311583251	17	14	16	13	15	12
ACACCCGAGAAATCCG-1	8840	8557	visium_breast_cancer_SEDR	visium_breast_cancer_SEDR	20	9	10	19	1.71474311583251	13	8	16	13	7	20
ACACCGGTCTGACCGC-1	5817	19479	visium_breast_cancer_SEDR	visium_breast_cancer_SEDR	20	8	1	13	1.67623493913473	5	20	18	20	6	16
ACACCTTAAGTAGGGC-1	9384	9983	visium_breast_cancer_SEDR	visium_breast_cancer_SEDR	20	20	7	2	1.63772676243696	9	1	13	15	15	18
ACACCTTACTACTTGC-1	18660	13801	visium_breast_cancer_SEDR	visium_breast_cancer_SEDR	20	4	5	4	1.48369405564586	6	3	4	3	8	10
ACACGAGACTCCTTCT-1	13204	11416	visium_breast_cancer_SEDR	visium_breast_cancer_SEDR	20	20	7	2	1.71474311583251	9	1	13	15	10	18
ACACGGCACTATGCAT-1	13214	5714	visium_breast_cancer_SEDR	visium_breast_cancer_SEDR	20	19	5	15	1.52220223234363	6	3	12	12	17	6
ACACGGGAACTTAGGG-1	13205	10465	visium_breast_cancer_SEDR	visium_breast_cancer_SEDR	20	20	7	2	1.71474311583251	9	1	13	15	10	18
ACACGTAGGCCACAAG-1	18516	17839	visium_breast_cancer_SEDR	visium_breast_cancer_SEDR	20	4	5	4	1.54617573838128	15	3	4	3	8	10
ACACTCCAATGTCACT-1	5837	8076	visium_breast_cancer_SEDR	visium_breast_cancer_SEDR	20	9	10	19	1.71474311583251	13	8	16	13	15	4
ACACTGGGACAGTCGT-1	19198	18078	visium_breast_cancer_SEDR	visium_breast_cancer_SEDR	20	4	5	4	1.54617573838128	15	3	4	3	8	10
ACAGAACTGAGAACAA-1	6778	16392	visium_breast_cancer_SEDR	visium_breast_cancer_SEDR	20	16	19	14	1.52220223234363	12	16	1	4	12	12
ACAGATTAGGTTAGTG-1	11303	5711	visium_breast_cancer_SEDR	visium_breast_cancer_SEDR	20	5	8	19	1.67623493913473	17	8	16	13	15	2
ACAGCATAGAGCCAGT-1	11438	6424	visium_breast_cancer_SEDR	visium_breast_cancer_SEDR	20	5	8	19	1.63772676243696	13	8	16	13	15	2
ACAGCGACATTCTCAT-1	17014	18074	visium_breast_cancer_SEDR	visium_breast_cancer_SEDR	20	2	4	17	1.6086574211167	16	15	3	19	5	9
ACAGCGCACCCGCAGC-1	14441	6429	visium_breast_cancer_SEDR	visium_breast_cancer_SEDR	20	4	5	4	1.52220223234363	6	3	4	3	17	10
ACAGGCACGGATCCTT-1	16464	20449	visium_breast_cancer_SEDR	visium_breast_cancer_SEDR	20	12	11	1	1.72286436639795	7	15	20	16	5	19
ACAGGCTTGCCCGACT-1	15378	16646	visium_breast_cancer_SEDR	visium_breast_cancer_SEDR	20	2	4	9	1.72286436639795	16	11	3	19	5	9
ACAGTAATACAACTTG-1	5415	14965	visium_breast_cancer_SEDR	visium_breast_cancer_SEDR	20	15	3	6	1.63772676243696	3	13	5	1	1	8
ACAGTATACCGTGGGA-1	19762	8577	visium_breast_cancer_SEDR	visium_breast_cancer_SEDR	20	13	0	18	1.71474311583251	4	18	14	17	0	7
ACATAATAAGGCGGTG-1	12116	9038	visium_breast_cancer_SEDR	visium_breast_cancer_SEDR	20	5	8	19	1.67623493913473	17	8	16	13	15	2
ACATCCCGGCCATACG-1	11282	17113	visium_breast_cancer_SEDR	visium_breast_cancer_SEDR	20	18	3	20	1.50766756168351	3	7	2	11	1	12
ACATCCTGGTAACTGT-1	17431	14036	visium_breast_cancer_SEDR	visium_breast_cancer_SEDR	20	19	5	15	1.44518587894808	6	3	12	3	17	6
ACATCGATCGTTTACC-1	11970	14026	visium_breast_cancer_SEDR	visium_breast_cancer_SEDR	20	7	2	5	1.67665455436062	8	9	15	9	3	14
ACATCGGTCAGCCGCG-1	8557	13783	visium_breast_cancer_SEDR	visium_breast_cancer_SEDR	20	7	2	5	1.49313289102338	8	9	11	9	3	13
ACATCGTTAACCTAGT-1	13759	6190	visium_breast_cancer_SEDR	visium_breast_cancer_SEDR	20	19	5	15	1.44518587894808	6	3	12	3	17	6
ACATCTCAACGCGTAA-1	13625	5002	visium_breast_cancer_SEDR	visium_breast_cancer_SEDR	20	19	5	15	1.44518587894808	6	3	12	3	17	6
ACATGGCGCCAAAGTA-1	17705	13562	visium_breast_cancer_SEDR	visium_breast_cancer_SEDR	20	19	5	15	1.44518587894808	6	3	12	3	17	6
ACATGGCTCAATTTAG-1	5432	5938	visium_breast_cancer_SEDR	visium_breast_cancer_SEDR	20	9	10	19	1.6458480130024	13	8	16	10	7	4
ACATTTGAAACCTAAC-1	17008	21400	visium_breast_cancer_SEDR	visium_breast_cancer_SEDR	20	2	4	9	1.72286436639795	16	11	3	19	5	9
ACCAAACACCCAGCGA-1	19217	8101	visium_breast_cancer_SEDR	visium_breast_cancer_SEDR	20	13	0	18	1.75325129253028	4	6	14	17	0	7
ACCAAACTAGAAATCC-1	12670	4763	visium_breast_cancer_SEDR	visium_breast_cancer_SEDR	20	14	13	3	1.71474311583251	6	12	10	12	17	3
ACCAACACCACACACT-1	18533	8812	visium_breast_cancer_SEDR	visium_breast_cancer_SEDR	20	6	0	18	1.75325129253028	12	18	7	6	0	7
ACCAACCGCACTCCAC-1	16738	19499	visium_breast_cancer_SEDR	visium_breast_cancer_SEDR	20	12	11	1	1.72286436639795	7	15	20	16	5	19
ACCAAGAACGCGTGTC-1	10206	8084	visium_breast_cancer_SEDR	visium_breast_cancer_SEDR	20	5	8	19	1.67623493913473	17	8	16	13	11	2
ACCAAGTCATCGGCAG-1	17965	20689	visium_breast_cancer_SEDR	visium_breast_cancer_SEDR	20	12	11	1	1.72286436639795	7	15	20	16	5	19
ACCAATATGCAAGTTA-1	14148	17356	visium_breast_cancer_SEDR	visium_breast_cancer_SEDR	20	10	9	16	1.67623493913473	2	4	9	12	11	5
ACCACAACTCAGAACA-1	14579	5717	visium_breast_cancer_SEDR	visium_breast_cancer_SEDR	20	19	5	15	1.54617573838128	15	3	12	3	17	6
ACCACAAGTTTCTATC-1	10883	11174	visium_breast_cancer_SEDR	visium_breast_cancer_SEDR	20	20	7	2	1.71474311583251	9	1	13	15	10	18
ACCACACGGTTGATGG-1	14277	21870	visium_breast_cancer_SEDR	visium_breast_cancer_SEDR	20	17	14	13	1.79175946922805	11	17	1	18	2	15
ACCACCAATGTAACAA-1	18114	13800	visium_breast_cancer_SEDR	visium_breast_cancer_SEDR	20	19	5	15	1.44518587894808	6	3	12	3	17	6
ACCACCCTCTCTTCTA-1	20033	9528	visium_breast_cancer_SEDR	visium_breast_cancer_SEDR	20	6	0	18	1.59921858573918	4	18	7	6	0	7
ACCACGTGCAGCTATA-1	13879	15455	visium_breast_cancer_SEDR	visium_breast_cancer_SEDR	20	18	17	10	1.56071040904141	1	16	2	2	1	1
ACCAGCCCGGTCTTTG-1	13352	5002	visium_breast_cancer_SEDR	visium_breast_cancer_SEDR	20	19	5	15	1.52220223234363	6	3	12	12	17	6
ACCAGGAGTGTGATCT-1	11031	4760	visium_breast_cancer_SEDR	visium_breast_cancer_SEDR	20	14	13	3	1.71474311583251	17	12	10	5	16	3
ACCAGTGCCCGGTCAA-1	17582	6197	visium_breast_cancer_SEDR	visium_breast_cancer_SEDR	20	6	0	18	1.71474311583251	12	5	7	6	0	7
ACCAGTGCGGGAGACG-1	16336	15460	visium_breast_cancer_SEDR	visium_breast_cancer_SEDR	20	18	3	20	1.56071040904141	3	10	2	11	1	17
ACCATATCCGCAATAA-1	11153	13075	visium_breast_cancer_SEDR	visium_breast_cancer_SEDR	20	7	2	5	1.67665455436062	8	9	15	9	3	14
ACCATCCGCCAACTAG-1	5143	14489	visium_breast_cancer_SEDR	visium_breast_cancer_SEDR	20	1	6	12	1.67665455436062	10	2	6	8	12	12
ACCATCGTATATGGTA-1	9240	14021	visium_breast_cancer_SEDR	visium_breast_cancer_SEDR	20	7	2	5	1.49313289102338	8	9	11	9	3	13
ACCCAACGCCCGTGGC-1	15252	11182	visium_breast_cancer_SEDR	visium_breast_cancer_SEDR	20	16	15	14	1.56071040904141	12	7	5	1	0	12
ACCCACCTACATGCTC-1	6926	9979	visium_breast_cancer_SEDR	visium_breast_cancer_SEDR	20	16	6	14	1.60733983630463	10	7	6	11	14	12
ACCCATCTTGAGGGTA-1	8559	12832	visium_breast_cancer_SEDR	visium_breast_cancer_SEDR	20	7	2	5	1.49313289102338	8	9	11	9	3	13
ACCCATTTGTCCCTCT-1	17150	18312	visium_breast_cancer_SEDR	visium_breast_cancer_SEDR	20	2	4	17	1.47387880267449	7	15	3	19	5	9
ACCCGAGCGAAATTAC-1	7457	18532	visium_breast_cancer_SEDR	visium_breast_cancer_SEDR	20	8	1	13	1.67623493913473	5	20	18	20	6	16
ACCCGATTGGTTCCGA-1	8272	20434	visium_breast_cancer_SEDR	visium_breast_cancer_SEDR	20	8	1	13	1.56071040904141	5	17	19	20	2	15
ACCCGGAAACTCCCAG-1	12373	17590	visium_breast_cancer_SEDR	visium_breast_cancer_SEDR	20	10	9	16	1.67623493913473	2	4	9	12	11	5
ACCCGGATGACGCATC-1	17160	13086	visium_breast_cancer_SEDR	visium_breast_cancer_SEDR	20	19	5	15	1.44518587894808	6	3	12	3	17	6
ACCCGGTTACACTTCC-1	10059	14023	visium_breast_cancer_SEDR	visium_breast_cancer_SEDR	20	7	2	5	1.49313289102338	8	9	11	9	3	13
ACCCGTAGTCTAGTTG-1	19604	20217	visium_breast_cancer_SEDR	visium_breast_cancer_SEDR	20	12	11	1	1.72286436639795	7	15	20	16	5	19
ACCCGTGTCATCAGTA-1	10871	17825	visium_breast_cancer_SEDR	visium_breast_cancer_SEDR	20	18	3	10	1.67623493913473	3	7	2	11	1	1
ACCCTATAGGACTGAG-1	6249	6889	visium_breast_cancer_SEDR	visium_breast_cancer_SEDR	20	3	10	19	1.72286436639795	13	8	8	10	15	4
ACCCTCCCGTCAGGGC-1	17010	20450	visium_breast_cancer_SEDR	visium_breast_cancer_SEDR	20	12	11	1	1.72286436639795	7	15	20	16	5	19
ACCCTCCCTTGCTATT-1	14971	15457	visium_breast_cancer_SEDR	visium_breast_cancer_SEDR	20	18	3	6	1.62319209177683	3	7	5	11	1	1
ACCCTGGTAACGCCCT-1	19215	9051	visium_breast_cancer_SEDR	visium_breast_cancer_SEDR	20	13	0	18	1.63772676243696	4	18	14	6	0	7
ACCCTTCATCTGCGAA-1	12392	7138	visium_breast_cancer_SEDR	visium_breast_cancer_SEDR	20	5	8	19	1.67623493913473	17	14	16	13	15	2
ACCCTTTAGTTCTCCA-1	14443	5479	visium_breast_cancer_SEDR	visium_breast_cancer_SEDR	20	19	5	15	1.44518587894808	6	3	12	3	17	6
ACCGAAAGGGCCCTGC-1	10756	6185	visium_breast_cancer_SEDR	visium_breast_cancer_SEDR	20	5	8	19	1.63772676243696	17	8	8	13	13	2
ACCGAAGAGTCTGGTT-1	5001	17577	visium_breast_cancer_SEDR	visium_breast_cancer_SEDR	20	17	14	15	1.75325129253028	11	17	1	18	2	16
ACCGACACATCTCCCA-1	12644	18541	visium_breast_cancer_SEDR	visium_breast_cancer_SEDR	20	10	9	16	1.67623493913473	2	4	9	12	11	5
ACCGACTGAGTCCCAC-1	12522	10702	visium_breast_cancer_SEDR	visium_breast_cancer_SEDR	20	20	7	2	1.71474311583251	9	1	13	15	10	18
ACCGAGTCTCCTTATT-1	14278	20920	visium_breast_cancer_SEDR	visium_breast_cancer_SEDR	20	12	11	1	1.63814637766285	7	15	20	19	5	19
ACCGATAGGCATAACC-1	19608	18316	visium_breast_cancer_SEDR	visium_breast_cancer_SEDR	20	4	5	4	1.54617573838128	15	3	4	3	8	10
ACCGATATTTAATCAT-1	19883	16892	visium_breast_cancer_SEDR	visium_breast_cancer_SEDR	20	18	3	20	1.50766756168351	3	16	2	11	1	17
ACCGATGGTAGCATCG-1	16068	12609	visium_breast_cancer_SEDR	visium_breast_cancer_SEDR	20	16	6	12	1.59921858573918	11	2	2	4	12	12
ACCGCAATAACTGCCT-1	14287	16169	visium_breast_cancer_SEDR	visium_breast_cancer_SEDR	20	18	3	10	1.71474311583251	3	7	2	2	1	1
ACCGCGGTGGAAGTCG-1	17976	14512	visium_breast_cancer_SEDR	visium_breast_cancer_SEDR	20	4	5	4	1.48369405564586	6	3	4	3	8	10
ACCGGGCCTTTGTTGA-1	16883	14986	visium_breast_cancer_SEDR	visium_breast_cancer_SEDR	20	4	5	4	1.54617573838128	15	3	4	3	8	10
ACCGGTCAGGTACACC-1	5546	18053	visium_breast_cancer_SEDR	visium_breast_cancer_SEDR	20	8	1	13	1.67623493913473	5	20	18	20	6	16
ACCGTGACCACGTGGG-1	8822	18534	visium_breast_cancer_SEDR	visium_breast_cancer_SEDR	20	8	1	13	1.56071040904141	5	20	18	20	6	15
ACCGTTCCCGCTCTGA-1	12396	5238	visium_breast_cancer_SEDR	visium_breast_cancer_SEDR	20	19	5	15	1.44518587894808	6	3	12	3	17	6
ACCTAAGTACCTTTCA-1	7598	15919	visium_breast_cancer_SEDR	visium_breast_cancer_SEDR	20	1	6	12	1.67665455436062	10	2	6	8	12	11
ACCTAATCGACTTCCT-1	7606	11643	visium_breast_cancer_SEDR	visium_breast_cancer_SEDR	20	7	2	5	1.49313289102338	8	9	11	9	3	13
ACCTACAGTATGTGGT-1	18933	13802	visium_breast_cancer_SEDR	visium_breast_cancer_SEDR	20	4	5	4	1.48369405564586	6	3	4	3	8	10
ACCTACTATAAATCTA-1	11413	20202	visium_breast_cancer_SEDR	visium_breast_cancer_SEDR	20	8	1	13	1.52220223234363	5	17	1	20	2	15
ACCTCCGCCCTCGCTG-1	18108	17126	visium_breast_cancer_SEDR	visium_breast_cancer_SEDR	20	4	5	4	1.58468391507905	15	3	4	9	8	10
ACCTCCGTTATTCACC-1	18800	12138	visium_breast_cancer_SEDR	visium_breast_cancer_SEDR	20	4	5	4	1.63772676243696	18	1	4	3	8	10
ACCTCGAACTTATGCT-1	5543	19478	visium_breast_cancer_SEDR	visium_breast_cancer_SEDR	20	8	1	13	1.67623493913473	5	20	18	20	6	16
ACCTGCGTGTCATGTT-1	5961	14966	visium_breast_cancer_SEDR	visium_breast_cancer_SEDR	20	16	6	12	1.60733983630463	10	2	6	4	1	17
ACCTTTCCTTTAGAAG-1	12534	4050	visium_breast_cancer_SEDR	visium_breast_cancer_SEDR	20	14	13	3	1.75325129253028	17	12	10	5	15	3
ACGAAATGGGCGGCAC-1	6787	11641	visium_breast_cancer_SEDR	visium_breast_cancer_SEDR	20	7	2	5	1.49313289102338	8	9	11	9	3	13
ACGACTCTAGGGCCGA-1	16190	20923	visium_breast_cancer_SEDR	visium_breast_cancer_SEDR	20	2	4	17	1.72286436639795	16	11	3	19	4	9
ACGACTGGTCATACTC-1	8138	19246	visium_breast_cancer_SEDR	visium_breast_cancer_SEDR	20	8	1	13	1.56071040904141	5	20	18	20	2	15
ACGAGAACCCATCACG-1	8162	5943	visium_breast_cancer_SEDR	visium_breast_cancer_SEDR	20	3	10	19	1.59921858573918	13	8	8	14	7	4
ACGAGATATTTGCTTA-1	14578	6192	visium_breast_cancer_SEDR	visium_breast_cancer_SEDR	20	4	5	4	1.54617573838128	15	3	4	3	8	10
ACGAGGATACCACTCT-1	5960	15916	visium_breast_cancer_SEDR	visium_breast_cancer_SEDR	20	15	3	7	1.4546247143256	3	13	5	4	1	12
ACGAGGTTTACAACGT-1	5274	17577	visium_breast_cancer_SEDR	visium_breast_cancer_SEDR	20	8	1	13	1.63772676243696	11	17	18	20	2	16
ACGAGTACGGATGCCC-1	17710	10711	visium_breast_cancer_SEDR	visium_breast_cancer_SEDR	20	6	0	18	1.71474311583251	12	5	7	6	0	7
ACGATACATAGAACTA-1	14436	9280	visium_breast_cancer_SEDR	visium_breast_cancer_SEDR	20	15	3	6	1.63772676243696	3	13	5	1	1	8
ACGATCATACATAGAG-1	12114	9988	visium_breast_cancer_SEDR	visium_breast_cancer_SEDR	20	20	7	2	1.71474311583251	9	1	13	15	10	18
ACGATCATCTTGTAAA-1	17434	12611	visium_breast_cancer_SEDR	visium_breast_cancer_SEDR	20	4	5	4	1.63772676243696	18	3	4	3	8	10
ACGATGCATATGTTAT-1	9378	12834	visium_breast_cancer_SEDR	visium_breast_cancer_SEDR	20	7	2	5	1.67665455436062	8	9	15	9	3	14
ACGATGGATCCGATGC-1	13076	6427	visium_breast_cancer_SEDR	visium_breast_cancer_SEDR	20	19	5	15	1.52220223234363	6	3	12	12	17	6
ACGCAAACTAATAGAT-1	9913	19011	visium_breast_cancer_SEDR	visium_breast_cancer_SEDR	20	8	1	13	1.56071040904141	5	20	18	20	2	15
ACGCAATCACTACAGC-1	18394	10000	visium_breast_cancer_SEDR	visium_breast_cancer_SEDR	20	6	0	18	1.75325129253028	12	18	7	6	0	7
ACGCATAAATGACATG-1	18676	5249	visium_breast_cancer_SEDR	visium_breast_cancer_SEDR	20	14	13	3	1.71474311583251	6	12	10	5	16	3
ACGCATACGTTTACTA-1	17425	17362	visium_breast_cancer_SEDR	visium_breast_cancer_SEDR	20	11	4	17	1.59921858573918	16	11	3	2	4	1
ACGCATTCGTGAGTAC-1	11837	11888	visium_breast_cancer_SEDR	visium_breast_cancer_SEDR	20	20	7	2	1.71474311583251	9	1	13	15	10	18
ACGCCACTCGAAACAG-1	13184	21868	visium_breast_cancer_SEDR	visium_breast_cancer_SEDR	20	8	1	13	1.56071040904141	5	20	18	20	6	15
ACGCCAGATGATTTCT-1	13483	8090	visium_breast_cancer_SEDR	visium_breast_cancer_SEDR	20	18	3	20	1.56071040904141	3	10	2	11	1	17
ACGCCAGTGCGTTTGC-1	17418	21163	visium_breast_cancer_SEDR	visium_breast_cancer_SEDR	20	12	11	1	1.72286436639795	7	15	20	16	5	19
ACGCCCAGCTGTCGAT-1	13216	4764	visium_breast_cancer_SEDR	visium_breast_cancer_SEDR	20	19	5	15	1.52220223234363	6	3	10	12	17	6
ACGCCGCTAGACGACC-1	13198	14266	visium_breast_cancer_SEDR	visium_breast_cancer_SEDR	20	16	6	14	1.59193656562552	10	16	6	4	12	12
ACGCGCTACACAGGGT-1	7738	13781	visium_breast_cancer_SEDR	visium_breast_cancer_SEDR	20	7	2	5	1.49313289102338	8	9	11	9	3	13
ACGCGGGCCAAGGACA-1	11974	12126	visium_breast_cancer_SEDR	visium_breast_cancer_SEDR	20	20	7	2	1.71474311583251	9	1	13	15	10	18
ACGCTAGTGATACACT-1	17164	10710	visium_breast_cancer_SEDR	visium_breast_cancer_SEDR	20	6	0	18	1.71474311583251	12	5	7	6	0	7
ACGCTGTGAGGCGTAG-1	5282	13302	visium_breast_cancer_SEDR	visium_breast_cancer_SEDR	20	1	6	12	1.67665455436062	10	2	6	8	12	11
ACGCTTAGTGTCTCTC-1	14581	4767	visium_breast_cancer_SEDR	visium_breast_cancer_SEDR	20	4	5	4	1.54617573838128	15	3	4	3	8	10
ACGGAACACGAGTGCC-1	17281	21400	visium_breast_cancer_SEDR	visium_breast_cancer_SEDR	20	2	4	17	1.6086574211167	16	15	3	19	5	9
ACGGAATTTAGCAAAT-1	7203	7604	visium_breast_cancer_SEDR	visium_breast_cancer_SEDR	20	3	10	19	1.59921858573918	13	8	8	14	7	4
ACGGACTCTCAAAGCG-1	13737	18543	visium_breast_cancer_SEDR	visium_breast_cancer_SEDR	20	10	9	16	1.67623493913473	2	4	9	12	11	5
ACGGAGCGCAAATTAC-1	18261	8337	visium_breast_cancer_SEDR	visium_breast_cancer_SEDR	20	6	0	18	1.59921858573918	4	18	7	6	0	7
ACGGATGGTGCGGATA-1	14284	17594	visium_breast_cancer_SEDR	visium_breast_cancer_SEDR	20	10	9	16	1.67623493913473	2	4	9	12	11	5
ACGGCGACGATGGGAA-1	14015	15693	visium_breast_cancer_SEDR	visium_breast_cancer_SEDR	20	18	17	10	1.71474311583251	11	16	2	2	1	1
ACGGCGGGTTGCCCTG-1	7754	5229	visium_breast_cancer_SEDR	visium_breast_cancer_SEDR	20	9	10	19	1.59921858573918	13	8	16	14	7	4
ACGGCTGGATGTAGAA-1	4999	18527	visium_breast_cancer_SEDR	visium_breast_cancer_SEDR	20	8	1	13	1.67623493913473	5	20	18	20	6	16
ACGGGAGTGTCGGCCC-1	6917	15205	visium_breast_cancer_SEDR	visium_breast_cancer_SEDR	20	1	6	12	1.67665455436062	10	2	6	8	12	11
ACGGGCGTATGCGACA-1	19623	9764	visium_breast_cancer_SEDR	visium_breast_cancer_SEDR	20	6	0	18	1.75325129253028	12	18	7	6	0	7
ACGGTACAGTTCAATG-1	16736	20924	visium_breast_cancer_SEDR	visium_breast_cancer_SEDR	20	12	11	1	1.6086574211167	7	15	20	16	5	9
ACGGTCACCGAGAACA-1	5268	20903	visium_breast_cancer_SEDR	visium_breast_cancer_SEDR	20	8	1	13	1.67623493913473	5	20	18	20	2	16
ACGTACAGATTTCTCT-1	12530	6426	visium_breast_cancer_SEDR	visium_breast_cancer_SEDR	20	5	8	3	1.59921858573918	17	14	16	13	15	3
ACGTACTTTGGCACGG-1	7862	20670	visium_breast_cancer_SEDR	visium_breast_cancer_SEDR	20	8	1	13	1.56071040904141	5	17	19	20	2	15
ACGTAGATTGCTGATG-1	12657	11890	visium_breast_cancer_SEDR	visium_breast_cancer_SEDR	20	20	7	2	1.71474311583251	9	1	13	15	10	18
ACGTAGGAGAGTCGCT-1	13323	20680	visium_breast_cancer_SEDR	visium_breast_cancer_SEDR	20	2	4	9	1.6086574211167	16	15	3	19	5	9
ACGTATTACTCCGATC-1	16749	13798	visium_breast_cancer_SEDR	visium_breast_cancer_SEDR	20	19	5	15	1.56071040904141	6	3	12	3	8	6
ACGTCCTAAACGAGAT-1	11988	4049	visium_breast_cancer_SEDR	visium_breast_cancer_SEDR	20	14	13	3	1.71474311583251	17	12	10	5	16	3
ACGTGCGCCTCGTGCA-1	12117	8088	visium_breast_cancer_SEDR	visium_breast_cancer_SEDR	20	5	8	19	1.63772676243696	17	8	16	13	7	2
ACGTTAATGTCGAAGA-1	12926	13791	visium_breast_cancer_SEDR	visium_breast_cancer_SEDR	20	7	2	5	1.67665455436062	8	9	15	9	3	14
ACGTTAGATTTGCCCG-1	8831	13308	visium_breast_cancer_SEDR	visium_breast_cancer_SEDR	20	7	2	5	1.49313289102338	8	9	11	9	3	13
ACGTTATTGGTCACTC-1	5290	8550	visium_breast_cancer_SEDR	visium_breast_cancer_SEDR	20	9	10	19	1.63772676243696	13	8	16	11	7	4
ACGTTCCGCGCTCCGT-1	10893	5948	visium_breast_cancer_SEDR	visium_breast_cancer_SEDR	20	5	8	19	1.67623493913473	17	8	16	13	15	2
ACGTTCGCAATCAATT-1	18937	11901	visium_breast_cancer_SEDR	visium_breast_cancer_SEDR	20	4	5	4	1.63772676243696	18	1	4	3	8	10
ACGTTCGTTCAGGAAA-1	9505	18298	visium_breast_cancer_SEDR	visium_breast_cancer_SEDR	20	8	1	13	1.56071040904141	5	20	18	20	2	15
ACGTTCTGTACAAGTC-1	16465	19498	visium_breast_cancer_SEDR	visium_breast_cancer_SEDR	20	2	4	9	1.47387880267449	7	15	3	19	5	9
ACGTTTAGTTGTGATC-1	12801	7376	visium_breast_cancer_SEDR	visium_breast_cancer_SEDR	20	5	8	19	1.67623493913473	17	14	16	13	15	2
ACTAATACGTCAGGCG-1	16900	5959	visium_breast_cancer_SEDR	visium_breast_cancer_SEDR	20	6	0	18	1.63772676243696	12	18	7	7	0	7
ACTACAAAGAGAGGTG-1	10183	20912	visium_breast_cancer_SEDR	visium_breast_cancer_SEDR	20	8	1	13	1.56071040904141	5	20	19	20	2	15
ACTACATCCCGACAAG-1	5817	19004	visium_breast_cancer_SEDR	visium_breast_cancer_SEDR	20	8	1	13	1.67623493913473	5	20	18	20	2	16
ACTACCAGCTCTCTGG-1	9110	9983	visium_breast_cancer_SEDR	visium_breast_cancer_SEDR	20	20	7	2	1.71474311583251	9	1	13	15	10	18
ACTACGCGTTAGAATT-1	11143	18301	visium_breast_cancer_SEDR	visium_breast_cancer_SEDR	20	10	9	16	1.67623493913473	2	4	9	12	11	5
ACTAGTTGCGATCGTC-1	17701	15937	visium_breast_cancer_SEDR	visium_breast_cancer_SEDR	20	18	3	20	1.54617573838128	3	7	5	11	1	17
ACTATATGCTGTGTTC-1	17853	7148	visium_breast_cancer_SEDR	visium_breast_cancer_SEDR	20	13	0	18	1.71474311583251	4	18	14	17	0	7
ACTATCCAGGGCATGG-1	18252	13088	visium_breast_cancer_SEDR	visium_breast_cancer_SEDR	20	19	5	15	1.44518587894808	6	3	12	3	17	6
ACTATCTGCCCGCGTA-1	18928	16652	visium_breast_cancer_SEDR	visium_breast_cancer_SEDR	20	15	3	7	1.52220223234363	3	13	5	1	1	17
ACTATGTCCAGCTGCC-1	6500	19243	visium_breast_cancer_SEDR	visium_breast_cancer_SEDR	20	8	1	13	1.67623493913473	5	20	18	20	6	16
ACTATTCGTCCGTGGT-1	13621	7378	visium_breast_cancer_SEDR	visium_breast_cancer_SEDR	20	14	13	20	1.67623493913473	3	14	10	11	15	3
ACTATTTCCGGGCCCA-1	9096	18060	visium_breast_cancer_SEDR	visium_breast_cancer_SEDR	20	8	1	13	1.56071040904141	5	20	18	20	2	15
ACTCAACGAATGTATT-1	8026	5705	visium_breast_cancer_SEDR	visium_breast_cancer_SEDR	20	9	10	19	1.59921858573918	13	8	16	14	7	4
ACTCAAGTGCAAGGCT-1	15239	18308	visium_breast_cancer_SEDR	visium_breast_cancer_SEDR	20	2	4	9	1.72286436639795	16	11	3	19	4	9
ACTCAATAAAGGCACG-1	12933	9990	visium_breast_cancer_SEDR	visium_breast_cancer_SEDR	20	20	7	2	1.71474311583251	9	1	13	15	10	18
ACTCAGACCTGCTTCT-1	9390	6182	visium_breast_cancer_SEDR	visium_breast_cancer_SEDR	20	3	12	19	1.75325129253028	19	8	8	14	13	20
ACTCATGGCAGCCTTC-1	5816	19954	visium_breast_cancer_SEDR	visium_breast_cancer_SEDR	20	8	1	13	1.67623493913473	5	20	18	20	6	16
ACTCCAATATCATCAT-1	7456	19007	visium_breast_cancer_SEDR	visium_breast_cancer_SEDR	20	8	1	13	1.67623493913473	5	20	18	20	6	16
ACTCCCATTCCTAAAG-1	5824	15203	visium_breast_cancer_SEDR	visium_breast_cancer_SEDR	20	15	3	6	1.59921858573918	3	13	5	4	1	17
ACTCCCGAATTCGTTT-1	17708	11661	visium_breast_cancer_SEDR	visium_breast_cancer_SEDR	20	18	3	20	1.54617573838128	3	1	4	11	1	17
ACTCCCGTAGACTAGG-1	20307	9053	visium_breast_cancer_SEDR	visium_breast_cancer_SEDR	20	6	0	18	1.59921858573918	4	18	7	6	0	7
ACTCCCTAATGCTAAA-1	12919	17591	visium_breast_cancer_SEDR	visium_breast_cancer_SEDR	20	10	9	16	1.67623493913473	2	4	9	12	11	5
ACTCCGGCCGACCACT-1	15781	20685	visium_breast_cancer_SEDR	visium_breast_cancer_SEDR	20	2	4	17	1.72286436639795	16	11	3	19	4	9
ACTCGCCGTTCGATAA-1	18649	19977	visium_breast_cancer_SEDR	visium_breast_cancer_SEDR	20	12	11	1	1.72286436639795	7	15	20	16	5	19
ACTCGTAACCCGTCCT-1	6643	15680	visium_breast_cancer_SEDR	visium_breast_cancer_SEDR	20	1	6	12	1.6304447423233	10	2	6	4	12	12
ACTCGTCAGTAATCCC-1	14157	12605	visium_breast_cancer_SEDR	visium_breast_cancer_SEDR	20	7	2	11	1.68435618970018	8	14	15	9	9	14
ACTCTCTGACTTAGGT-1	14154	14030	visium_breast_cancer_SEDR	visium_breast_cancer_SEDR	20	17	14	13	1.63772676243696	11	17	17	18	19	15
ACTCTCTTATACACGA-1	14988	5955	visium_breast_cancer_SEDR	visium_breast_cancer_SEDR	20	4	5	4	1.71474311583251	15	3	10	3	8	10
ACTCTGACCTAATAGA-1	16737	20449	visium_breast_cancer_SEDR	visium_breast_cancer_SEDR	20	12	11	1	1.72286436639795	7	15	20	16	5	19
ACTCTTGTATAGTAAC-1	13065	12603	visium_breast_cancer_SEDR	visium_breast_cancer_SEDR	20	20	7	2	1.71474311583251	9	1	13	15	10	18
ACTGAAACGCCGTTAG-1	16196	17597	visium_breast_cancer_SEDR	visium_breast_cancer_SEDR	20	2	4	17	1.47387880267449	7	15	3	19	5	9
ACTGAATGGCGAAAGT-1	14835	15219	visium_breast_cancer_SEDR	visium_breast_cancer_SEDR	20	18	3	20	1.63772676243696	1	7	2	11	1	1
ACTGATTTAGTGATTC-1	14444	5004	visium_breast_cancer_SEDR	visium_breast_cancer_SEDR	20	19	5	15	1.63772676243696	15	3	12	3	8	6
ACTGCCCGCCATTCTC-1	7590	20195	visium_breast_cancer_SEDR	visium_breast_cancer_SEDR	20	8	1	13	1.63772676243696	5	20	19	20	6	15
ACTGCCGTCGTAACTC-1	13074	7852	visium_breast_cancer_SEDR	visium_breast_cancer_SEDR	20	14	13	20	1.56071040904141	3	16	10	11	15	3
ACTGCGGACACACCGT-1	19754	12853	visium_breast_cancer_SEDR	visium_breast_cancer_SEDR	20	19	5	15	1.44518587894808	6	3	12	3	17	6
ACTGGGATGCCAGTGC-1	10728	21388	visium_breast_cancer_SEDR	visium_breast_cancer_SEDR	20	8	1	13	1.56071040904141	5	20	19	20	2	15
ACTGTACGATACACAT-1	14160	11180	visium_breast_cancer_SEDR	visium_breast_cancer_SEDR	20	20	7	2	1.71474311583251	9	1	13	15	10	18
ACTGTAGCACTTTGGA-1	8837	10457	visium_breast_cancer_SEDR	visium_breast_cancer_SEDR	20	20	7	2	1.71474311583251	9	1	13	15	10	18
ACTGTATACGCGAGCA-1	8434	6418	visium_breast_cancer_SEDR	visium_breast_cancer_SEDR	20	3	12	19	1.75325129253028	19	8	8	14	13	20
ACTGTCCAGGATTATA-1	11018	11887	visium_breast_cancer_SEDR	visium_breast_cancer_SEDR	20	7	2	11	1.60733983630463	14	14	15	9	9	14
ACTGTCTTCTTTAGAA-1	12248	11176	visium_breast_cancer_SEDR	visium_breast_cancer_SEDR	20	20	7	2	1.71474311583251	9	1	13	15	10	18
ACTGTGCTAGTAGATC-1	7750	7130	visium_breast_cancer_SEDR	visium_breast_cancer_SEDR	20	3	12	19	1.75325129253028	19	8	8	14	13	20
ACTGTTTAGTGTAGGC-1	11577	4761	visium_breast_cancer_SEDR	visium_breast_cancer_SEDR	20	14	13	3	1.71474311583251	17	12	10	5	16	3
ACTTACCGGGCGCGCA-1	16489	6671	visium_breast_cancer_SEDR	visium_breast_cancer_SEDR	20	13	0	18	1.71474311583251	4	18	14	17	0	7
ACTTACGCATCCACGC-1	14148	17831	visium_breast_cancer_SEDR	visium_breast_cancer_SEDR	20	10	9	16	1.67623493913473	2	4	9	12	11	5
ACTTAGTACGACAAGA-1	7887	7367	visium_breast_cancer_SEDR	visium_breast_cancer_SEDR	20	3	12	19	1.75325129253028	19	8	8	14	13	20
ACTTATACTTACCCGG-1	15795	12608	visium_breast_cancer_SEDR	visium_breast_cancer_SEDR	20	17	14	12	1.59921858573918	11	2	17	18	19	12
ACTTATTAGGATCGGT-1	10607	13074	visium_breast_cancer_SEDR	visium_breast_cancer_SEDR	20	7	2	5	1.67665455436062	8	9	15	9	3	14
ACTTATTTATGTGCCA-1	15791	14984	visium_breast_cancer_SEDR	visium_breast_cancer_SEDR	20	17	14	10	1.63772676243696	11	17	17	18	19	1
ACTTCAGGCTGATCCC-1	14560	16169	visium_breast_cancer_SEDR	visium_breast_cancer_SEDR	20	18	3	10	1.71474311583251	3	7	2	2	1	1
ACTTCCATGCGGGACA-1	15102	18546	visium_breast_cancer_SEDR	visium_breast_cancer_SEDR	20	2	4	9	1.72286436639795	16	11	3	19	4	9
ACTTCGCCATACGCAC-1	13751	10466	visium_breast_cancer_SEDR	visium_breast_cancer_SEDR	20	20	7	2	1.71474311583251	9	1	13	15	10	18
ACTTGACTCCCTCTTT-1	13335	14029	visium_breast_cancer_SEDR	visium_breast_cancer_SEDR	20	1	6	12	1.6304447423233	10	2	6	4	12	12
ACTTGCCATATTGTAC-1	11167	4998	visium_breast_cancer_SEDR	visium_breast_cancer_SEDR	20	14	13	3	1.71474311583251	17	12	10	5	16	3
ACTTGGGACCCGGTGG-1	10201	10935	visium_breast_cancer_SEDR	visium_breast_cancer_SEDR	20	20	7	2	1.71474311583251	9	1	13	15	10	18
ACTTGTAGTCCCTTCA-1	4870	14489	visium_breast_cancer_SEDR	visium_breast_cancer_SEDR	20	1	6	12	1.67665455436062	10	2	6	8	12	12
ACTTGTGGATGGAACG-1	18246	16413	visium_breast_cancer_SEDR	visium_breast_cancer_SEDR	20	15	3	6	1.63772676243696	3	13	5	1	1	8
ACTTGTTACCGGATCA-1	11273	21864	visium_breast_cancer_SEDR	visium_breast_cancer_SEDR	20	8	1	13	1.56071040904141	5	20	18	20	2	15
ACTTTACCCTCATGAA-1	17982	11662	visium_breast_cancer_SEDR	visium_breast_cancer_SEDR	20	4	5	4	1.63772676243696	18	1	4	3	8	10
ACTTTCCTATAGCTTC-1	11976	10701	visium_breast_cancer_SEDR	visium_breast_cancer_SEDR	20	20	7	2	1.71474311583251	9	1	13	15	10	18
ACTTTGACTGCATCCT-1	5009	13301	visium_breast_cancer_SEDR	visium_breast_cancer_SEDR	20	1	6	12	1.67665455436062	10	2	6	8	12	12
ACTTTGGTCGTGCTCC-1	5272	18528	visium_breast_cancer_SEDR	visium_breast_cancer_SEDR	20	8	1	13	1.67623493913473	5	20	18	20	2	16
AGAAATTATGACTCGC-1	19201	16653	visium_breast_cancer_SEDR	visium_breast_cancer_SEDR	20	15	3	7	1.52220223234363	3	13	5	1	1	17
AGAACCCTCAATTGGG-1	4726	18527	visium_breast_cancer_SEDR	visium_breast_cancer_SEDR	20	8	1	13	1.67623493913473	5	20	18	20	2	16
AGAACGTGGTACATTC-1	13478	10466	visium_breast_cancer_SEDR	visium_breast_cancer_SEDR	20	20	7	2	1.71474311583251	9	1	13	15	10	18
AGAACTGTACTTTGTA-1	16598	21637	visium_breast_cancer_SEDR	visium_breast_cancer_SEDR	20	2	4	17	1.72286436639795	16	11	3	19	4	9
AGAAGAGCGCCGTTCC-1	15521	13083	visium_breast_cancer_SEDR	visium_breast_cancer_SEDR	20	6	0	18	1.71474311583251	11	5	7	7	19	7
AGAAGGTACACTTCAC-1	5413	16390	visium_breast_cancer_SEDR	visium_breast_cancer_SEDR	20	15	3	6	1.79175946922805	20	19	5	1	1	8
AGAAGGTTGCCGAATT-1	9513	14022	visium_breast_cancer_SEDR	visium_breast_cancer_SEDR	20	7	2	11	1.72286436639795	8	9	15	9	9	14
AGAAGGTTGTAGGTCG-1	14145	19257	visium_breast_cancer_SEDR	visium_breast_cancer_SEDR	20	2	4	17	1.72286436639795	16	11	3	19	4	9
AGAAGTGATTCGTGAT-1	7326	15443	visium_breast_cancer_SEDR	visium_breast_cancer_SEDR	20	1	6	12	1.67665455436062	10	2	6	8	12	11
AGAATACAGGCTATCC-1	17007	21875	visium_breast_cancer_SEDR	visium_breast_cancer_SEDR	20	2	4	17	1.72286436639795	16	11	3	19	4	9
AGAATGCGGGTTCGGA-1	18263	6911	visium_breast_cancer_SEDR	visium_breast_cancer_SEDR	20	13	0	18	1.67623493913473	4	18	7	17	0	7
AGAATTATGGATTCGA-1	16889	11660	visium_breast_cancer_SEDR	visium_breast_cancer_SEDR	20	16	6	12	1.60733983630463	10	16	2	4	12	17
AGAATTGTTTGACATA-1	6657	8078	visium_breast_cancer_SEDR	visium_breast_cancer_SEDR	20	9	10	19	1.59921858573918	13	8	16	14	7	4
AGACATAGATCCTTCC-1	9937	5708	visium_breast_cancer_SEDR	visium_breast_cancer_SEDR	20	3	12	19	1.75325129253028	19	8	8	14	13	20
AGACCATGGGATACAA-1	7337	9267	visium_breast_cancer_SEDR	visium_breast_cancer_SEDR	20	9	10	19	1.71474311583251	13	8	16	13	7	4
AGACCCGCCCTCCTCG-1	11158	10224	visium_breast_cancer_SEDR	visium_breast_cancer_SEDR	20	20	7	2	1.63772676243696	9	1	13	15	15	2
AGACCGCTCCGCGGTT-1	18656	16177	visium_breast_cancer_SEDR	visium_breast_cancer_SEDR	20	15	3	7	1.63772676243696	3	13	5	1	1	8
AGACCGGGAAACCCTG-1	5827	13778	visium_breast_cancer_SEDR	visium_breast_cancer_SEDR	20	1	6	12	1.67665455436062	10	2	6	8	12	11
AGACGAAGTGCCGGTC-1	16745	15698	visium_breast_cancer_SEDR	visium_breast_cancer_SEDR	20	18	3	20	1.71474311583251	3	10	2	18	1	1
AGACGACGATGCCGCT-1	8006	16632	visium_breast_cancer_SEDR	visium_breast_cancer_SEDR	20	17	1	13	1.67623493913473	11	20	1	20	19	15
AGACGGGCCGATTTAA-1	17446	5960	visium_breast_cancer_SEDR	visium_breast_cancer_SEDR	20	6	0	18	1.71474311583251	12	5	7	6	0	7
AGACTAGCCTTCCAGA-1	9792	10697	visium_breast_cancer_SEDR	visium_breast_cancer_SEDR	20	20	7	2	1.71474311583251	9	1	13	15	10	18
AGACTGTTACCGGGTC-1	9640	19011	visium_breast_cancer_SEDR	visium_breast_cancer_SEDR	20	8	1	13	1.56071040904141	5	20	18	20	6	15
AGAGAAACACCAGAAA-1	8136	20196	visium_breast_cancer_SEDR	visium_breast_cancer_SEDR	20	8	1	13	1.52220223234363	5	17	18	20	2	15
AGAGAACCGTCTAGGA-1	15527	10232	visium_breast_cancer_SEDR	visium_breast_cancer_SEDR	20	16	6	14	1.54659535360717	10	2	5	4	0	12
AGAGAAGGAGTACAAT-1	8140	17820	visium_breast_cancer_SEDR	visium_breast_cancer_SEDR	20	8	1	13	1.67623493913473	5	20	18	20	6	16
AGAGATCTCTAAAGCG-1	5964	13540	visium_breast_cancer_SEDR	visium_breast_cancer_SEDR	20	1	6	12	1.67623493913473	1	2	6	8	12	11
AGAGCAGTTATGAGAC-1	6105	10927	visium_breast_cancer_SEDR	visium_breast_cancer_SEDR	20	1	6	12	1.67665455436062	10	2	6	8	12	11
AGAGCCGCCGAGATTT-1	18789	17840	visium_breast_cancer_SEDR	visium_breast_cancer_SEDR	20	4	5	4	1.54617573838128	15	3	4	3	8	10
AGAGCGGGCTAATCAT-1	12254	7851	visium_breast_cancer_SEDR	visium_breast_cancer_SEDR	20	5	8	19	1.67623493913473	17	8	16	13	15	2
AGAGCGTACAAGCTCG-1	7336	9742	visium_breast_cancer_SEDR	visium_breast_cancer_SEDR	20	16	6	14	1.63814637766285	10	7	6	4	14	12
AGAGCTACGAAAGCAT-1	5704	6413	visium_breast_cancer_SEDR	visium_breast_cancer_SEDR	20	3	10	19	1.68435618970018	13	8	8	10	7	4
AGAGGCTTCGGAAACC-1	17291	16174	visium_breast_cancer_SEDR	visium_breast_cancer_SEDR	20	18	3	10	1.71474311583251	3	7	2	2	1	1
AGAGGGACAATTGTCC-1	19767	5726	visium_breast_cancer_SEDR	visium_breast_cancer_SEDR	20	6	0	18	1.67623493913473	12	5	7	7	0	7
AGAGGTATCTCGGTCC-1	10485	4759	visium_breast_cancer_SEDR	visium_breast_cancer_SEDR	20	14	13	3	1.75325129253028	17	12	10	5	15	3
AGAGTAAACTTCACTA-1	17975	15463	visium_breast_cancer_SEDR	visium_breast_cancer_SEDR	20	10	9	16	1.63772676243696	2	4	9	12	11	6
AGAGTATAGTGTTACG-1	20168	10716	visium_breast_cancer_SEDR	visium_breast_cancer_SEDR	20	15	3	20	1.59921858573918	3	18	2	1	1	17
AGAGTTAGAGACCGAT-1	16901	5484	visium_breast_cancer_SEDR	visium_breast_cancer_SEDR	20	6	0	18	1.71474311583251	12	12	7	6	0	7
AGATAACTTCAGGGCC-1	9517	11646	visium_breast_cancer_SEDR	visium_breast_cancer_SEDR	20	7	2	11	1.6458480130024	14	9	15	9	9	14
AGATACCAATAGAACC-1	18514	19265	visium_breast_cancer_SEDR	visium_breast_cancer_SEDR	20	2	4	9	1.4546247143256	16	15	3	2	4	9
AGATACCAGCACTTCA-1	19627	7864	visium_breast_cancer_SEDR	visium_breast_cancer_SEDR	20	13	0	18	1.75325129253028	4	6	14	17	0	7
AGATACCGGTGTTCAC-1	8694	13545	visium_breast_cancer_SEDR	visium_breast_cancer_SEDR	20	7	2	5	1.49313289102338	8	9	11	9	3	13
AGATACGACTTCATAT-1	8296	7606	visium_breast_cancer_SEDR	visium_breast_cancer_SEDR	20	3	12	19	1.75325129253028	19	8	8	14	13	20
AGATATAATACGACTA-1	13326	19255	visium_breast_cancer_SEDR	visium_breast_cancer_SEDR	20	10	9	16	1.79175946922805	16	4	9	12	4	5
AGATCGTGCATAAGAT-1	16758	9047	visium_breast_cancer_SEDR	visium_breast_cancer_SEDR	20	6	0	18	1.71474311583251	12	5	7	6	0	7
AGATCTCAGGTGTGAT-1	13751	10941	visium_breast_cancer_SEDR	visium_breast_cancer_SEDR	20	20	7	2	1.71474311583251	9	1	13	15	10	18
AGATGACTCGCCCACG-1	11024	9036	visium_breast_cancer_SEDR	visium_breast_cancer_SEDR	20	9	10	19	1.71474311583251	13	8	16	13	7	20
AGATGAGGGTTGCGAT-1	16897	7384	visium_breast_cancer_SEDR	visium_breast_cancer_SEDR	20	13	0	18	1.71474311583251	12	18	14	17	0	7
AGATGATGGAGTCTGG-1	17981	12137	visium_breast_cancer_SEDR	visium_breast_cancer_SEDR	20	4	5	4	1.63772676243696	18	1	4	3	8	10
AGATGCAAGACGTGCA-1	6775	17818	visium_breast_cancer_SEDR	visium_breast_cancer_SEDR	20	8	1	13	1.67623493913473	5	20	18	20	6	16
AGATTATAGGACGTTT-1	10881	12599	visium_breast_cancer_SEDR	visium_breast_cancer_SEDR	20	7	2	5	1.67665455436062	8	9	15	9	3	14
AGATTCACAACCGATA-1	5276	16627	visium_breast_cancer_SEDR	visium_breast_cancer_SEDR	20	15	3	7	1.79175946922805	20	19	5	1	1	8
AGCAAAGGCCGCTAGT-1	13328	18305	visium_breast_cancer_SEDR	visium_breast_cancer_SEDR	20	10	9	16	1.67623493913473	2	4	9	12	11	5
AGCAACATATCTTATT-1	16203	13797	visium_breast_cancer_SEDR	visium_breast_cancer_SEDR	20	17	14	10	1.52220223234363	1	16	17	18	1	1
AGCAACCGAAAGTAAT-1	6230	17342	visium_breast_cancer_SEDR	visium_breast_cancer_SEDR	20	17	14	13	1.75325129253028	5	17	1	18	19	16
AGCACACGTTTAGACT-1	7044	20194	visium_breast_cancer_SEDR	visium_breast_cancer_SEDR	20	8	1	13	1.75325129253028	5	20	19	20	6	16
AGCACCAGTACTCACG-1	12386	10464	visium_breast_cancer_SEDR	visium_breast_cancer_SEDR	20	20	7	2	1.71474311583251	9	1	13	15	10	18
AGCACTACCGGCCTGT-1	6240	12115	visium_breast_cancer_SEDR	visium_breast_cancer_SEDR	20	1	6	8	1.63772676243696	14	2	6	8	9	11
AGCACTACCTCACCAG-1	14559	16644	visium_breast_cancer_SEDR	visium_breast_cancer_SEDR	20	10	9	16	1.75325129253028	16	4	9	12	11	5
AGCACTTAAGGACGCC-1	8289	11407	visium_breast_cancer_SEDR	visium_breast_cancer_SEDR	20	7	2	11	1.72286436639795	8	9	15	9	9	14
AGCAGAAGGAGAAAGA-1	12780	19254	visium_breast_cancer_SEDR	visium_breast_cancer_SEDR	20	10	9	16	1.67623493913473	2	4	9	12	11	5
AGCAGCCAGATGAATA-1	11418	17351	visium_breast_cancer_SEDR	visium_breast_cancer_SEDR	20	10	9	16	1.67623493913473	2	4	9	12	11	5
AGCAGTCGAAGCATGC-1	14960	21634	visium_breast_cancer_SEDR	visium_breast_cancer_SEDR	20	2	4	9	1.56883165960686	16	11	3	2	4	9
AGCATATCAATATGCT-1	16471	16173	visium_breast_cancer_SEDR	visium_breast_cancer_SEDR	20	2	4	17	1.6086574211167	16	15	3	19	4	9
AGCATCATTTCGAAAG-1	6095	16629	visium_breast_cancer_SEDR	visium_breast_cancer_SEDR	20	15	3	6	1.63772676243696	3	16	5	1	1	8
AGCATCGTCGATAATT-1	10614	9273	visium_breast_cancer_SEDR	visium_breast_cancer_SEDR	20	5	8	19	1.63772676243696	17	8	16	13	7	2
AGCATTACGAGGCAAG-1	17830	19976	visium_breast_cancer_SEDR	visium_breast_cancer_SEDR	20	12	11	1	1.72286436639795	7	15	20	16	5	19
AGCCAAGCTTTGTGTC-1	11414	19252	visium_breast_cancer_SEDR	visium_breast_cancer_SEDR	20	10	9	16	1.67623493913473	2	4	9	12	11	5
AGCCACAGGTTACCCG-1	15647	19022	visium_breast_cancer_SEDR	visium_breast_cancer_SEDR	20	2	4	9	1.72286436639795	16	11	3	19	4	9
AGCCACTCCCGTGCTT-1	14572	9518	visium_breast_cancer_SEDR	visium_breast_cancer_SEDR	20	15	3	7	1.4546247143256	3	13	5	4	1	12
AGCCATATAGTATGTG-1	12367	20916	visium_breast_cancer_SEDR	visium_breast_cancer_SEDR	20	17	14	13	1.71474311583251	11	17	1	20	2	15
AGCCCATACATGTAAG-1	7055	14017	visium_breast_cancer_SEDR	visium_breast_cancer_SEDR	20	7	2	5	1.32456551357215	14	9	11	9	3	13
AGCCCGCAACAAGCAG-1	10867	20201	visium_breast_cancer_SEDR	visium_breast_cancer_SEDR	20	8	1	13	1.56071040904141	5	20	18	20	6	15
AGCCCGCACTACAATG-1	18646	21403	visium_breast_cancer_SEDR	visium_breast_cancer_SEDR	20	12	11	1	1.72286436639795	7	15	20	16	5	19
AGCCCGGCATTAGAGG-1	7046	19244	visium_breast_cancer_SEDR	visium_breast_cancer_SEDR	20	8	1	13	1.67623493913473	5	20	18	20	6	16
AGCCCGGTAGCCTGTA-1	10187	18537	visium_breast_cancer_SEDR	visium_breast_cancer_SEDR	20	8	1	13	1.56071040904141	5	20	18	20	2	15
AGCCCTAAGCGAAGTT-1	12391	7613	visium_breast_cancer_SEDR	visium_breast_cancer_SEDR	20	5	8	19	1.67623493913473	17	8	16	13	15	2
AGCCCTCCCTGGTGGC-1	7454	19957	visium_breast_cancer_SEDR	visium_breast_cancer_SEDR	20	8	1	13	1.75325129253028	5	20	19	20	6	16
AGCCCTTCTAATCCGA-1	17578	8098	visium_breast_cancer_SEDR	visium_breast_cancer_SEDR	20	6	0	18	1.75325129253028	12	18	7	6	0	7
AGCCCTTGGACATCCC-1	19472	17603	visium_breast_cancer_SEDR	visium_breast_cancer_SEDR	20	4	18	4	1.71474311583251	3	16	4	3	18	10
AGCCGTGGCTAAATGT-1	6506	15917	visium_breast_cancer_SEDR	visium_breast_cancer_SEDR	20	16	6	14	1.5611300242673	10	16	5	4	12	12
AGCCTAATACCCACGT-1	5413	15915	visium_breast_cancer_SEDR	visium_breast_cancer_SEDR	20	15	3	6	1.75325129253028	20	13	5	1	1	8
AGCCTTAAAGCGGAAG-1	5563	9026	visium_breast_cancer_SEDR	visium_breast_cancer_SEDR	20	9	10	19	1.59921858573918	13	2	16	11	15	4
AGCGACATCCCATTCA-1	11571	8087	visium_breast_cancer_SEDR	visium_breast_cancer_SEDR	20	5	8	19	1.63772676243696	17	8	16	13	7	2
AGCGACCAACGATATT-1	11022	9986	visium_breast_cancer_SEDR	visium_breast_cancer_SEDR	20	20	7	2	1.63772676243696	17	1	13	15	15	2
AGCGAGACGTGAAGGC-1	6498	20193	visium_breast_cancer_SEDR	visium_breast_cancer_SEDR	20	8	1	13	1.75325129253028	5	20	19	20	6	16
AGCGATGCGCCTAATA-1	18241	19264	visium_breast_cancer_SEDR	visium_breast_cancer_SEDR	20	2	4	9	1.6086574211167	16	15	20	16	4	9
AGCGCATAATGAATCG-1	11008	17588	visium_breast_cancer_SEDR	visium_breast_cancer_SEDR	20	18	3	10	1.63772676243696	1	7	2	11	1	1
AGCGCGGGTGCCAATG-1	16074	9758	visium_breast_cancer_SEDR	visium_breast_cancer_SEDR	20	6	0	18	1.60733983630463	10	5	7	6	0	7
AGCGCTTATGGGCAAG-1	16627	5958	visium_breast_cancer_SEDR	visium_breast_cancer_SEDR	20	6	0	18	1.71474311583251	12	12	7	6	0	7
AGCGGACACTTCGTAG-1	11961	18777	visium_breast_cancer_SEDR	visium_breast_cancer_SEDR	20	10	9	16	1.67623493913473	2	4	9	12	11	5
AGCGGCGGTTAGCGGT-1	5140	15914	visium_breast_cancer_SEDR	visium_breast_cancer_SEDR	20	15	3	6	1.63772676243696	3	13	5	1	1	8
AGCGGGAAGGGTCCAT-1	8570	7131	visium_breast_cancer_SEDR	visium_breast_cancer_SEDR	20	3	12	19	1.75325129253028	19	8	8	14	13	20
AGCGGGTCTGACACTC-1	12506	19729	visium_breast_cancer_SEDR	visium_breast_cancer_SEDR	20	10	9	16	1.71474311583251	2	4	9	11	11	5
AGCGGTTGCCGCTCTG-1	19353	8339	visium_breast_cancer_SEDR	visium_breast_cancer_SEDR	20	13	0	18	1.75325129253028	4	6	14	17	0	7
AGCGTACGAGAGCTAG-1	6797	5940	visium_breast_cancer_SEDR	visium_breast_cancer_SEDR	20	3	10	19	1.68435618970018	13	8	8	10	7	4
AGCGTCTGAACCCGCA-1	8436	5468	visium_breast_cancer_SEDR	visium_breast_cancer_SEDR	20	9	8	19	1.67623493913473	17	8	16	13	7	4
AGCTAACAAGCAATGT-1	8003	18533	visium_breast_cancer_SEDR	visium_breast_cancer_SEDR	20	8	1	13	1.67623493913473	5	20	18	20	6	16
AGCTAAGTACGCAGGC-1	15237	19259	visium_breast_cancer_SEDR	visium_breast_cancer_SEDR	20	2	4	9	1.72286436639795	16	11	3	19	4	9
AGCTAGAAGCAGAAGT-1	17031	9047	visium_breast_cancer_SEDR	visium_breast_cancer_SEDR	20	13	0	18	1.71474311583251	3	18	14	17	0	7
AGCTATTTAATCCAAC-1	13620	7853	visium_breast_cancer_SEDR	visium_breast_cancer_SEDR	20	14	3	20	1.59921858573918	3	10	10	11	1	3
AGCTCCATATATGTTC-1	18380	17601	visium_breast_cancer_SEDR	visium_breast_cancer_SEDR	20	4	5	4	1.54617573838128	15	3	4	3	8	10
AGCTCCTTCGCACATC-1	15242	16408	visium_breast_cancer_SEDR	visium_breast_cancer_SEDR	20	2	4	17	1.72286436639795	16	11	3	19	4	9
AGCTCTAGACGTTCCA-1	13883	13080	visium_breast_cancer_SEDR	visium_breast_cancer_SEDR	20	7	2	11	1.68435618970018	8	14	15	9	9	14
AGCTCTTCCCAGTGCA-1	15530	8332	visium_breast_cancer_SEDR	visium_breast_cancer_SEDR	20	6	0	18	1.75325129253028	12	13	7	6	0	7
AGCTCTTCGTAACCTT-1	18115	13325	visium_breast_cancer_SEDR	visium_breast_cancer_SEDR	20	19	5	15	1.44518587894808	6	3	12	3	17	6
AGCTCTTTACTCAGTT-1	9650	13785	visium_breast_cancer_SEDR	visium_breast_cancer_SEDR	20	7	2	5	1.67665455436062	8	9	15	9	3	14
AGCTGAAGTAAACCAA-1	14983	8806	visium_breast_cancer_SEDR	visium_breast_cancer_SEDR	20	15	3	7	1.52220223234363	3	13	5	1	1	17
AGCTGTAACCTCAATC-1	7323	16869	visium_breast_cancer_SEDR	visium_breast_cancer_SEDR	20	8	1	13	1.67623493913473	5	20	18	20	6	16
AGCTTATAGAGACCTG-1	9938	5233	visium_breast_cancer_SEDR	visium_breast_cancer_SEDR	20	5	8	19	1.59921858573918	17	8	8	13	15	2
AGCTTCTTCTCGAGCA-1	17147	20212	visium_breast_cancer_SEDR	visium_breast_cancer_SEDR	20	12	11	1	1.72286436639795	7	15	20	16	5	19
AGCTTGATCTTAACTT-1	6646	13779	visium_breast_cancer_SEDR	visium_breast_cancer_SEDR	20	7	16	8	1.63772676243696	14	2	11	9	9	11
AGGAAGCTGTCCGCCG-1	12371	18541	visium_breast_cancer_SEDR	visium_breast_cancer_SEDR	20	10	9	16	1.67623493913473	2	4	9	12	11	5
AGGACATCGCACGTCG-1	8705	7844	visium_breast_cancer_SEDR	visium_breast_cancer_SEDR	20	3	12	19	1.75325129253028	19	8	8	14	13	20
AGGACGACCCATTAGA-1	9649	14260	visium_breast_cancer_SEDR	visium_breast_cancer_SEDR	20	7	2	5	1.54617573838128	8	9	11	9	9	13
AGGACGCTCGATGTTG-1	16895	8334	visium_breast_cancer_SEDR	visium_breast_cancer_SEDR	20	13	0	18	1.71474311583251	4	18	14	17	0	7
AGGAGACATCCACAGT-1	20169	9765	visium_breast_cancer_SEDR	visium_breast_cancer_SEDR	20	6	0	18	1.75325129253028	12	18	7	6	0	7
AGGAGGCCTTCGCGCG-1	16881	16411	visium_breast_cancer_SEDR	visium_breast_cancer_SEDR	20	2	4	17	1.6086574211167	16	15	3	19	5	9
AGGATAAAGTCGGGAT-1	12375	16640	visium_breast_cancer_SEDR	visium_breast_cancer_SEDR	20	10	9	16	1.67623493913473	2	4	9	12	11	5
AGGATATAGGGATTTA-1	16610	14985	visium_breast_cancer_SEDR	visium_breast_cancer_SEDR	20	18	3	20	1.63772676243696	3	7	2	11	1	17
AGGATATCCGACTGCA-1	16463	20924	visium_breast_cancer_SEDR	visium_breast_cancer_SEDR	20	2	4	9	1.72286436639795	16	11	3	19	4	9
AGGATCACGCGATCTG-1	5687	15440	visium_breast_cancer_SEDR	visium_breast_cancer_SEDR	20	15	3	7	1.52220223234363	3	13	5	1	1	17
AGGATTGCTTACGACA-1	19894	11190	visium_breast_cancer_SEDR	visium_breast_cancer_SEDR	20	18	3	10	1.67623493913473	3	16	4	3	1	17
AGGCACGTGACTGTCC-1	19199	17603	visium_breast_cancer_SEDR	visium_breast_cancer_SEDR	20	4	18	4	1.63772676243696	15	16	4	3	18	10
AGGCAGATGCGTAAAC-1	15254	10232	visium_breast_cancer_SEDR	visium_breast_cancer_SEDR	20	16	15	14	1.54659535360717	10	7	5	4	0	12
AGGCAGGGAGCGTACT-1	10188	18062	visium_breast_cancer_SEDR	visium_breast_cancer_SEDR	20	8	1	13	1.52220223234363	5	17	1	20	2	15
AGGCATTGTCGTAGGG-1	17018	15699	visium_breast_cancer_SEDR	visium_breast_cancer_SEDR	20	18	3	20	1.56071040904141	3	10	2	11	1	17
AGGCCACCCGTTATGA-1	8700	10695	visium_breast_cancer_SEDR	visium_breast_cancer_SEDR	20	1	16	8	1.75325129253028	14	7	13	11	9	11
AGGCCCAGTGACTGGT-1	5568	6175	visium_breast_cancer_SEDR	visium_breast_cancer_SEDR	20	3	10	19	1.68435618970018	13	8	8	10	7	4
AGGCCCATTGTACAGG-1	11026	7611	visium_breast_cancer_SEDR	visium_breast_cancer_SEDR	20	5	8	19	1.71474311583251	17	8	16	13	13	2
AGGCCCTAGAACGCCA-1	6917	14730	visium_breast_cancer_SEDR	visium_breast_cancer_SEDR	20	1	16	11	1.6617002684746	14	14	6	9	9	11
AGGCCTATCATACCAA-1	10592	21150	visium_breast_cancer_SEDR	visium_breast_cancer_SEDR	20	8	1	13	1.56071040904141	5	20	19	20	2	15
AGGCCTGAGAATCTCG-1	15511	18784	visium_breast_cancer_SEDR	visium_breast_cancer_SEDR	20	2	4	9	1.72286436639795	16	11	3	19	4	9
AGGCGGTTTGTCCCGC-1	5819	18054	visium_breast_cancer_SEDR	visium_breast_cancer_SEDR	20	8	1	13	1.67623493913473	5	20	18	20	6	16
AGGCGTCTATGGACGG-1	18808	7863	visium_breast_cancer_SEDR	visium_breast_cancer_SEDR	20	13	0	18	1.75325129253028	4	6	14	17	0	7
AGGCTATGGTTAGCTT-1	7608	10218	visium_breast_cancer_SEDR	visium_breast_cancer_SEDR	20	1	6	14	1.72286436639795	10	7	6	4	14	11
AGGCTTGCTAGACACC-1	5971	9739	visium_breast_cancer_SEDR	visium_breast_cancer_SEDR	20	1	6	12	1.67665455436062	10	2	6	8	12	11
AGGGAAACGAGGTACT-1	15669	7144	visium_breast_cancer_SEDR	visium_breast_cancer_SEDR	20	13	0	18	1.56071040904141	12	16	14	4	0	7
AGGGACCGGCTGCGTT-1	18526	12613	visium_breast_cancer_SEDR	visium_breast_cancer_SEDR	20	19	5	15	1.44518587894808	6	3	12	3	17	6
AGGGAGACATACTTCG-1	18938	10951	visium_breast_cancer_SEDR	visium_breast_cancer_SEDR	20	18	3	20	1.59921858573918	3	10	2	4	1	17
AGGGCAGCGGCGTGGT-1	13623	5953	visium_breast_cancer_SEDR	visium_breast_cancer_SEDR	20	19	5	15	1.44518587894808	6	3	12	3	17	6
AGGGCGAGCAGCTGAT-1	6235	14491	visium_breast_cancer_SEDR	visium_breast_cancer_SEDR	20	1	6	12	1.67665455436062	10	2	6	8	12	11
AGGGCGTGATCGGCTA-1	9660	8083	visium_breast_cancer_SEDR	visium_breast_cancer_SEDR	20	5	8	19	1.67623493913473	17	8	16	14	13	2
AGGGCTGCAGTTACAG-1	12383	12364	visium_breast_cancer_SEDR	visium_breast_cancer_SEDR	20	20	7	2	1.71474311583251	9	1	13	15	10	18
AGGGTCAGAGCACTCG-1	8955	20197	visium_breast_cancer_SEDR	visium_breast_cancer_SEDR	20	8	1	13	1.56071040904141	5	20	18	20	2	15
AGGGTCAGTAACCCTA-1	18945	7625	visium_breast_cancer_SEDR	visium_breast_cancer_SEDR	20	13	0	18	1.75325129253028	4	6	14	17	0	7
AGGGTCGATGCGAACT-1	16751	12847	visium_breast_cancer_SEDR	visium_breast_cancer_SEDR	20	18	18	20	1.58468391507905	3	16	4	4	15	17
AGGGTGCCGTTCTTTA-1	8001	19483	visium_breast_cancer_SEDR	visium_breast_cancer_SEDR	20	8	1	13	1.56071040904141	5	20	18	20	2	15
AGGGTGCTCTCGAGGG-1	16069	12133	visium_breast_cancer_SEDR	visium_breast_cancer_SEDR	20	1	6	12	1.6304447423233	10	2	6	4	12	12
AGGGTTCAGACGGTCC-1	9637	20436	visium_breast_cancer_SEDR	visium_breast_cancer_SEDR	20	8	1	13	1.56071040904141	5	20	18	20	6	15
AGGGTTCCCTTTGGTT-1	15525	11182	visium_breast_cancer_SEDR	visium_breast_cancer_SEDR	20	16	6	12	1.71474311583251	12	2	6	17	0	12
AGGGTTTAGTTCGGGA-1	12111	11889	visium_breast_cancer_SEDR	visium_breast_cancer_SEDR	20	20	7	2	1.71474311583251	9	1	13	15	10	18
AGGTAACCTCCTATTC-1	9116	7132	visium_breast_cancer_SEDR	visium_breast_cancer_SEDR	20	3	12	19	1.75325129253028	19	8	8	14	13	20
AGGTACGATATTGCCA-1	13894	6903	visium_breast_cancer_SEDR	visium_breast_cancer_SEDR	20	14	13	15	1.59921858573918	6	3	10	11	17	3
AGGTAGATCGAGATAT-1	8275	19008	visium_breast_cancer_SEDR	visium_breast_cancer_SEDR	20	8	1	13	1.56071040904141	5	20	18	20	2	15
AGGTAGGTACAAAGCT-1	7741	12356	visium_breast_cancer_SEDR	visium_breast_cancer_SEDR	20	7	2	5	1.49313289102338	8	9	11	9	3	13
AGGTATAATTGATAGT-1	18390	12375	visium_breast_cancer_SEDR	visium_breast_cancer_SEDR	20	4	5	4	1.63772676243696	18	3	4	3	8	10
AGGTCAGGTGAGAGTG-1	6234	14966	visium_breast_cancer_SEDR	visium_breast_cancer_SEDR	20	1	6	12	1.67665455436062	10	2	6	8	12	11
AGGTCGCGGAGTTACT-1	17711	10236	visium_breast_cancer_SEDR	visium_breast_cancer_SEDR	20	6	0	18	1.71474311583251	12	5	7	6	0	7
AGGTGCACGTCCACAT-1	17692	20688	visium_breast_cancer_SEDR	visium_breast_cancer_SEDR	20	12	11	1	1.72286436639795	7	15	20	16	5	19
AGGTGGTGACCTTCGC-1	11141	19251	visium_breast_cancer_SEDR	visium_breast_cancer_SEDR	20	10	9	16	1.67623493913473	2	4	9	12	11	5
AGGTGTATCGCCATGA-1	5829	12827	visium_breast_cancer_SEDR	visium_breast_cancer_SEDR	20	1	6	12	1.68435618970018	10	2	6	11	14	11
AGGTTACACCATGCCG-1	19205	14277	visium_breast_cancer_SEDR	visium_breast_cancer_SEDR	20	18	3	20	1.59921858573918	3	10	4	11	1	17
AGGTTCTCCTTTCCGG-1	4587	19714	visium_breast_cancer_SEDR	visium_breast_cancer_SEDR	20	8	1	13	1.67623493913473	5	20	18	20	6	16
AGGTTGAGGCACGCTT-1	13617	9278	visium_breast_cancer_SEDR	visium_breast_cancer_SEDR	20	16	19	10	1.75325129253028	12	16	2	15	12	12
AGGTTTCACACACCTT-1	12653	13790	visium_breast_cancer_SEDR	visium_breast_cancer_SEDR	20	7	2	5	1.67665455436062	8	9	15	9	3	14
AGTAACGTTCATCCTG-1	15945	5244	visium_breast_cancer_SEDR	visium_breast_cancer_SEDR	20	14	13	3	1.75325129253028	12	12	10	6	16	3
AGTAACTATAGCAGCC-1	18101	20927	visium_breast_cancer_SEDR	visium_breast_cancer_SEDR	20	12	11	1	1.72286436639795	7	15	20	16	5	19
AGTAATCTAAGGGTGG-1	15506	21635	visium_breast_cancer_SEDR	visium_breast_cancer_SEDR	20	2	4	9	1.72286436639795	16	11	3	19	4	9
AGTAATGTCTTGCCGC-1	11708	7850	visium_breast_cancer_SEDR	visium_breast_cancer_SEDR	20	5	8	19	1.71474311583251	17	8	16	13	13	2
AGTAATTTGCAAGCGT-1	4723	20427	visium_breast_cancer_SEDR	visium_breast_cancer_SEDR	20	8	1	13	1.67623493913473	5	20	18	20	6	16
AGTACAGAAGCTTATA-1	14005	20919	visium_breast_cancer_SEDR	visium_breast_cancer_SEDR	20	12	11	1	1.51238697937227	7	15	20	19	5	9
AGTACATCATTTATCA-1	18392	10950	visium_breast_cancer_SEDR	visium_breast_cancer_SEDR	20	18	3	20	1.59921858573918	3	10	2	4	1	17
AGTACCTTCGAGTGCT-1	18264	6436	visium_breast_cancer_SEDR	visium_breast_cancer_SEDR	20	6	0	18	1.67623493913473	4	5	7	17	0	7
AGTACGGGCACCTGGC-1	14298	9992	visium_breast_cancer_SEDR	visium_breast_cancer_SEDR	20	20	7	2	1.67623493913473	9	7	13	15	15	18
AGTACGTGGCCTGTCT-1	15535	5481	visium_breast_cancer_SEDR	visium_breast_cancer_SEDR	20	14	13	3	1.75325129253028	15	12	10	5	16	3
AGTACTCTTATGCCCA-1	15514	17359	visium_breast_cancer_SEDR	visium_breast_cancer_SEDR	20	2	4	9	1.6086574211167	16	15	3	19	5	9
AGTAGAAGGCGCCTCA-1	11958	20678	visium_breast_cancer_SEDR	visium_breast_cancer_SEDR	20	17	14	13	1.71474311583251	11	17	1	20	2	15
AGTAGCGTGAACGAAC-1	13353	4527	visium_breast_cancer_SEDR	visium_breast_cancer_SEDR	20	19	5	15	1.52220223234363	6	3	10	12	17	6
AGTAGGAAGGAAGTTG-1	16896	7859	visium_breast_cancer_SEDR	visium_breast_cancer_SEDR	20	13	0	18	1.71474311583251	4	18	14	17	0	7
AGTAGGTAACATACAT-1	10481	7135	visium_breast_cancer_SEDR	visium_breast_cancer_SEDR	20	3	12	19	1.75325129253028	19	8	8	14	13	20
AGTATAATACTAGGCA-1	8018	9981	visium_breast_cancer_SEDR	visium_breast_cancer_SEDR	20	16	15	14	1.60733983630463	10	7	5	6	14	12
AGTATACACAGCGACA-1	10049	19249	visium_breast_cancer_SEDR	visium_breast_cancer_SEDR	20	8	1	13	1.56071040904141	5	20	18	20	2	15
AGTATCCATAATAACG-1	6799	4990	visium_breast_cancer_SEDR	visium_breast_cancer_SEDR	20	3	10	19	1.59921858573918	13	8	8	14	7	4
AGTATGCTGGAGACCA-1	7048	17818	visium_breast_cancer_SEDR	visium_breast_cancer_SEDR	20	8	1	13	1.67623493913473	5	20	18	20	6	16
AGTCAAATGATGTGAT-1	8273	19958	visium_breast_cancer_SEDR	visium_breast_cancer_SEDR	20	8	1	13	1.56071040904141	5	20	18	20	2	15
AGTCAACACCACCATC-1	9923	13785	visium_breast_cancer_SEDR	visium_breast_cancer_SEDR	20	7	2	5	1.67665455436062	8	9	15	9	3	14
AGTCAAGATGACACTT-1	15790	15459	visium_breast_cancer_SEDR	visium_breast_cancer_SEDR	20	18	3	10	1.67623493913473	3	7	2	11	1	1
AGTCACTAGCTCTCGA-1	17016	17124	visium_breast_cancer_SEDR	visium_breast_cancer_SEDR	20	2	4	17	1.6086574211167	16	15	3	19	5	9
AGTCACTCCGCCTCAT-1	7617	5467	visium_breast_cancer_SEDR	visium_breast_cancer_SEDR	20	9	10	19	1.59921858573918	13	8	16	14	7	4
AGTCAGCCACCGCCTG-1	7340	7842	visium_breast_cancer_SEDR	visium_breast_cancer_SEDR	20	3	10	19	1.59921858573918	13	8	8	14	7	4
AGTCCAGCGGGTACGT-1	6253	4989	visium_breast_cancer_SEDR	visium_breast_cancer_SEDR	20	3	10	19	1.68435618970018	13	8	8	10	7	4
AGTCCATTGGCTGATG-1	17158	14036	visium_breast_cancer_SEDR	visium_breast_cancer_SEDR	20	19	5	15	1.44518587894808	6	3	12	3	17	6
AGTCCCGCCTTTAATT-1	16213	8095	visium_breast_cancer_SEDR	visium_breast_cancer_SEDR	20	6	0	18	1.71474311583251	12	5	7	6	0	7
AGTCGACGGTCTCAAG-1	15795	13083	visium_breast_cancer_SEDR	visium_breast_cancer_SEDR	20	17	14	18	1.59921858573918	11	17	17	18	19	16
AGTCGGCCCAAACGAC-1	8837	9982	visium_breast_cancer_SEDR	visium_breast_cancer_SEDR	20	20	7	2	1.71474311583251	9	1	13	15	10	18
AGTCGGCTCAACTTTA-1	6643	15204	visium_breast_cancer_SEDR	visium_breast_cancer_SEDR	20	1	6	12	1.67665455436062	10	2	6	8	12	11
AGTCGGTTGCGTGAGA-1	18797	13564	visium_breast_cancer_SEDR	visium_breast_cancer_SEDR	20	4	5	4	1.48369405564586	6	3	4	3	8	10
AGTCGTATAAAGCAGA-1	14554	19495	visium_breast_cancer_SEDR	visium_breast_cancer_SEDR	20	2	4	9	1.72286436639795	16	11	3	19	4	9
AGTCGTCGACCACCAA-1	15923	17597	visium_breast_cancer_SEDR	visium_breast_cancer_SEDR	20	2	4	9	1.47387880267449	7	15	3	19	5	9
AGTCGTGGGCATTACG-1	7461	16156	visium_breast_cancer_SEDR	visium_breast_cancer_SEDR	20	1	6	12	1.6304447423233	10	2	6	4	12	12
AGTCTAAAGTATACTC-1	18665	10950	visium_breast_cancer_SEDR	visium_breast_cancer_SEDR	20	18	3	20	1.59921858573918	3	10	2	4	1	17
AGTCTCACAAGACTAC-1	7596	16869	visium_breast_cancer_SEDR	visium_breast_cancer_SEDR	20	8	1	13	1.67623493913473	5	20	18	20	6	16
AGTCTGGACATCCTTG-1	6247	8315	visium_breast_cancer_SEDR	visium_breast_cancer_SEDR	20	9	10	19	1.59921858573918	13	8	16	14	7	4
AGTCTTCTCCTCAAAT-1	12524	9751	visium_breast_cancer_SEDR	visium_breast_cancer_SEDR	20	20	7	2	1.67623493913473	9	14	13	15	15	3
AGTCTTTAAAGTGTCC-1	14007	19969	visium_breast_cancer_SEDR	visium_breast_cancer_SEDR	20	12	11	1	1.63814637766285	7	15	20	19	5	19
AGTGAACAAACTTCTC-1	17430	14511	visium_breast_cancer_SEDR	visium_breast_cancer_SEDR	20	4	5	4	1.48369405564586	6	3	4	3	8	10
AGTGAAGATGGTGTCC-1	20034	9053	visium_breast_cancer_SEDR	visium_breast_cancer_SEDR	20	6	0	18	1.59921858573918	4	18	7	6	0	7
AGTGACCTACTTTACG-1	10604	14499	visium_breast_cancer_SEDR	visium_breast_cancer_SEDR	20	7	2	5	1.49747860743782	8	9	15	9	3	13
AGTGACTGTGACACAA-1	7318	19719	visium_breast_cancer_SEDR	visium_breast_cancer_SEDR	20	8	1	13	1.67623493913473	5	20	18	20	6	16
AGTGAGACTTCCAGTA-1	15386	12370	visium_breast_cancer_SEDR	visium_breast_cancer_SEDR	20	16	6	14	1.67623493913473	1	2	6	4	0	12
AGTGAGCCTCGCCGCC-1	17573	10948	visium_breast_cancer_SEDR	visium_breast_cancer_SEDR	20	6	0	18	1.63772676243696	12	5	7	4	0	7
AGTGAGGGTTTCTGAC-1	15534	5956	visium_breast_cancer_SEDR	visium_breast_cancer_SEDR	20	14	13	3	1.43065120828796	15	16	10	11	12	3
AGTGAGTCGAATTAAC-1	18376	19977	visium_breast_cancer_SEDR	visium_breast_cancer_SEDR	20	12	11	1	1.72286436639795	7	15	20	16	5	19
AGTGATAACCTGCGCG-1	15649	18072	visium_breast_cancer_SEDR	visium_breast_cancer_SEDR	20	2	4	17	1.6086574211167	16	15	3	19	5	9
AGTGATATGAGTAGTT-1	10194	14736	visium_breast_cancer_SEDR	visium_breast_cancer_SEDR	20	7	2	5	1.49313289102338	8	9	11	9	3	13
AGTGATTCAAGCAGGA-1	15387	11895	visium_breast_cancer_SEDR	visium_breast_cancer_SEDR	20	6	6	12	1.6458480130024	10	2	6	4	0	7
AGTGCACGCTTAAGAA-1	16608	16410	visium_breast_cancer_SEDR	visium_breast_cancer_SEDR	20	2	4	9	1.6086574211167	16	15	3	19	5	9
AGTGCGTAGCTCGTAA-1	9238	14972	visium_breast_cancer_SEDR	visium_breast_cancer_SEDR	20	7	2	5	1.49313289102338	8	9	11	9	3	13
AGTGCTAAACACAGCA-1	15921	18547	visium_breast_cancer_SEDR	visium_breast_cancer_SEDR	20	2	4	9	1.6086574211167	16	15	3	19	4	9
AGTGCTTGCACGAATA-1	15657	13796	visium_breast_cancer_SEDR	visium_breast_cancer_SEDR	20	17	14	9	1.59921858573918	11	17	17	18	19	16
AGTGGCCCGCAAATGG-1	16462	21399	visium_breast_cancer_SEDR	visium_breast_cancer_SEDR	20	2	4	17	1.72286436639795	16	11	3	19	4	9
AGTGGCGGCAATTTGA-1	16347	9758	visium_breast_cancer_SEDR	visium_breast_cancer_SEDR	20	6	0	18	1.71474311583251	12	5	7	6	0	7
AGTGGCGTCTGAAGGT-1	15238	18783	visium_breast_cancer_SEDR	visium_breast_cancer_SEDR	20	2	4	9	1.72286436639795	16	11	3	19	4	9
AGTGGCTCCGTCGGCC-1	5145	13539	visium_breast_cancer_SEDR	visium_breast_cancer_SEDR	20	1	6	12	1.67665455436062	10	2	6	8	12	12
AGTGTATTGCGCATTG-1	16486	8096	visium_breast_cancer_SEDR	visium_breast_cancer_SEDR	20	13	0	18	1.67623493913473	4	18	7	17	0	7
AGTGTGGTCTATTGTG-1	6655	9028	visium_breast_cancer_SEDR	visium_breast_cancer_SEDR	20	9	10	19	1.59921858573918	13	8	16	14	7	4
AGTTAAACACTTGCGA-1	9514	13547	visium_breast_cancer_SEDR	visium_breast_cancer_SEDR	20	7	2	5	1.49747860743782	8	9	15	9	3	13
AGTTAAGCGGTCCCGG-1	14439	7855	visium_breast_cancer_SEDR	visium_breast_cancer_SEDR	20	14	3	20	1.59921858573918	3	10	10	11	1	3
AGTTAAGTCAACCGCT-1	6915	16155	visium_breast_cancer_SEDR	visium_breast_cancer_SEDR	20	1	6	12	1.6304447423233	10	2	6	4	12	12
AGTTACCGCACATGGT-1	5424	10214	visium_breast_cancer_SEDR	visium_breast_cancer_SEDR	20	1	6	12	1.67665455436062	10	2	6	8	12	11
AGTTACTCTATCGTGG-1	15668	7619	visium_breast_cancer_SEDR	visium_breast_cancer_SEDR	20	6	0	18	1.71474311583251	12	5	7	6	0	7
AGTTATTCAGACTGTG-1	18782	22116	visium_breast_cancer_SEDR	visium_breast_cancer_SEDR	20	2	4	17	1.72286436639795	16	11	3	19	4	9
AGTTCCTACAGAATTA-1	10337	11173	visium_breast_cancer_SEDR	visium_breast_cancer_SEDR	20	20	7	2	1.67623493913473	9	1	13	15	9	18
AGTTCCTATTTATGTT-1	12379	14265	visium_breast_cancer_SEDR	visium_breast_cancer_SEDR	20	1	16	8	1.67623493913473	14	16	6	4	9	11
AGTTCTGCGTTGTATC-1	6112	7127	visium_breast_cancer_SEDR	visium_breast_cancer_SEDR	20	3	10	19	1.72286436639795	13	8	8	10	15	4
AGTTGACATCGGCTGG-1	7069	6416	visium_breast_cancer_SEDR	visium_breast_cancer_SEDR	20	3	10	19	1.68435618970018	13	8	8	10	7	4
AGTTGACGGTCCTTGC-1	12097	19490	visium_breast_cancer_SEDR	visium_breast_cancer_SEDR	20	10	9	16	1.67623493913473	2	4	9	12	11	5
AGTTGCGGTCCTCAAC-1	4859	20665	visium_breast_cancer_SEDR	visium_breast_cancer_SEDR	20	8	1	13	1.67623493913473	5	20	18	20	6	16
AGTTGCTGACTGATAT-1	5974	7839	visium_breast_cancer_SEDR	visium_breast_cancer_SEDR	20	9	10	19	1.56071040904141	13	8	16	11	14	4
AGTTGGCAAGGCTAGA-1	17966	20214	visium_breast_cancer_SEDR	visium_breast_cancer_SEDR	20	12	11	1	1.72286436639795	7	15	20	16	5	19
AGTTTATGTAAAGACA-1	20032	10003	visium_breast_cancer_SEDR	visium_breast_cancer_SEDR	20	6	0	18	1.75325129253028	12	18	7	6	0	7
AGTTTCGCAGGTCGGA-1	11983	6900	visium_breast_cancer_SEDR	visium_breast_cancer_SEDR	20	5	8	19	1.67623493913473	17	8	16	13	15	2
AGTTTGCACCTGCCTC-1	13601	17830	visium_breast_cancer_SEDR	visium_breast_cancer_SEDR	20	10	9	16	1.67623493913473	2	4	9	12	11	5
AGTTTGGCACGGGTTG-1	17428	15462	visium_breast_cancer_SEDR	visium_breast_cancer_SEDR	20	15	3	7	1.52220223234363	3	13	5	1	1	17
AGTTTGGCCAGACCTA-1	7736	15206	visium_breast_cancer_SEDR	visium_breast_cancer_SEDR	20	1	6	12	1.59921858573918	8	2	6	8	9	11
ATAAACGGACCCGTAA-1	11831	15214	visium_breast_cancer_SEDR	visium_breast_cancer_SEDR	20	1	6	12	1.7151627310584	10	16	6	8	12	11
ATAAACGTTGCACCAC-1	18107	17601	visium_breast_cancer_SEDR	visium_breast_cancer_SEDR	20	4	5	4	1.58468391507905	15	3	4	9	8	10
ATAAAGGCTCGGTCGT-1	10335	12123	visium_breast_cancer_SEDR	visium_breast_cancer_SEDR	20	7	2	5	1.67665455436062	8	9	15	9	3	14
ATAAAGGTCAAGTACG-1	15126	5243	visium_breast_cancer_SEDR	visium_breast_cancer_SEDR	20	4	5	4	1.71474311583251	15	3	10	3	8	3
ATAAATATTAGCAGCT-1	7330	13068	visium_breast_cancer_SEDR	visium_breast_cancer_SEDR	20	7	2	5	1.49313289102338	8	9	11	9	3	13
ATAACGCCGGAGGGTC-1	14567	12368	visium_breast_cancer_SEDR	visium_breast_cancer_SEDR	20	7	2	11	1.67623493913473	14	14	13	9	9	14
ATAACGGAGTCCAACG-1	13752	9991	visium_breast_cancer_SEDR	visium_breast_cancer_SEDR	20	20	7	2	1.71474311583251	9	1	13	15	10	18
ATAACGTTACCTCCAC-1	19083	6438	visium_breast_cancer_SEDR	visium_breast_cancer_SEDR	20	6	0	18	1.67623493913473	12	5	7	7	0	7
ATAAGGTGGAGAACAT-1	13332	15929	visium_breast_cancer_SEDR	visium_breast_cancer_SEDR	20	18	3	10	1.67623493913473	3	16	2	2	1	1
ATAAGTACCCGATTGT-1	18947	6200	visium_breast_cancer_SEDR	visium_breast_cancer_SEDR	20	6	0	18	1.67623493913473	12	5	7	7	0	7
ATAAGTAGGATTCAGA-1	17574	10473	visium_breast_cancer_SEDR	visium_breast_cancer_SEDR	20	6	0	18	1.71474311583251	12	5	7	6	0	7
ATAAGTAGGGCGACTC-1	18253	12613	visium_breast_cancer_SEDR	visium_breast_cancer_SEDR	20	4	5	4	1.56071040904141	6	3	12	3	8	10
ATAAGTTACCGCGACG-1	10603	14974	visium_breast_cancer_SEDR	visium_breast_cancer_SEDR	20	7	2	5	1.49313289102338	8	9	11	9	3	13
ATAATACCGTTAGCCG-1	5701	7839	visium_breast_cancer_SEDR	visium_breast_cancer_SEDR	20	9	10	19	1.71474311583251	13	8	16	13	7	4
ATAATAGCTGTTGAAT-1	12104	15214	visium_breast_cancer_SEDR	visium_breast_cancer_SEDR	20	16	6	12	1.59193656562552	10	16	6	4	12	12
ATAATAGTGTAGGGAC-1	7612	8317	visium_breast_cancer_SEDR	visium_breast_cancer_SEDR	20	9	8	19	1.63772676243696	13	14	16	11	9	2
ATAATCTTGGAGAACC-1	14010	18544	visium_breast_cancer_SEDR	visium_breast_cancer_SEDR	20	10	9	16	1.67623493913473	2	4	9	12	11	5
ATAATTAGCTAAGTAG-1	12234	19253	visium_breast_cancer_SEDR	visium_breast_cancer_SEDR	20	10	9	16	1.67623493913473	2	4	9	12	11	5
ATACAGGCCCTCCAAT-1	13329	17355	visium_breast_cancer_SEDR	visium_breast_cancer_SEDR	20	10	9	16	1.67623493913473	2	4	9	12	11	5
ATACCACGGGCAACTT-1	7468	12355	visium_breast_cancer_SEDR	visium_breast_cancer_SEDR	20	7	2	5	1.49313289102338	8	9	11	9	3	13
ATACCAGCAAATTGCT-1	11714	4999	visium_breast_cancer_SEDR	visium_breast_cancer_SEDR	20	14	13	3	1.71474311583251	17	12	10	5	16	3
ATACCAGGCTAATAGA-1	11029	6185	visium_breast_cancer_SEDR	visium_breast_cancer_SEDR	20	5	8	19	1.67623493913473	17	8	16	13	15	2
ATACCAGGTGAGCGAT-1	11032	4285	visium_breast_cancer_SEDR	visium_breast_cancer_SEDR	20	14	13	3	1.71474311583251	17	12	10	5	16	3
ATACCGTCATCCATAA-1	19218	7626	visium_breast_cancer_SEDR	visium_breast_cancer_SEDR	20	13	0	18	1.75325129253028	4	6	14	17	0	7
ATACCTAACCAAGAAA-1	12236	17828	visium_breast_cancer_SEDR	visium_breast_cancer_SEDR	20	10	9	16	1.67623493913473	2	4	9	12	11	5
ATACGCCGGCGAAACC-1	14155	13555	visium_breast_cancer_SEDR	visium_breast_cancer_SEDR	20	16	15	20	1.67623493913473	1	10	6	11	1	12
ATACGGAACGTCGTTT-1	6503	17342	visium_breast_cancer_SEDR	visium_breast_cancer_SEDR	20	8	1	13	1.59921858573918	5	17	18	20	2	16
ATACGGGTTTCGATTG-1	14709	9280	visium_breast_cancer_SEDR	visium_breast_cancer_SEDR	20	15	3	6	1.63772676243696	3	13	5	1	1	8
ATACGTACTTAGCCAC-1	14012	17118	visium_breast_cancer_SEDR	visium_breast_cancer_SEDR	20	10	9	16	1.67623493913473	2	4	9	12	11	5
ATACGTCCACTCCTGT-1	16200	15222	visium_breast_cancer_SEDR	visium_breast_cancer_SEDR	20	15	3	7	1.63772676243696	3	13	2	1	1	8
ATACGTTATGCACGGA-1	12097	19015	visium_breast_cancer_SEDR	visium_breast_cancer_SEDR	20	10	9	16	1.67623493913473	2	4	9	12	11	5
ATACTACCCGTACCAC-1	17833	18076	visium_breast_cancer_SEDR	visium_breast_cancer_SEDR	20	11	17	10	1.59921858573918	16	10	2	2	18	1
ATACTAGCATGACCCT-1	11843	9038	visium_breast_cancer_SEDR	visium_breast_cancer_SEDR	20	5	8	19	1.67623493913473	17	8	16	13	15	2
ATACTCTCGCCACTCT-1	6933	6178	visium_breast_cancer_SEDR	visium_breast_cancer_SEDR	20	3	10	19	1.68435618970018	13	8	8	10	7	4
ATACTGCCTTACACCG-1	14967	17833	visium_breast_cancer_SEDR	visium_breast_cancer_SEDR	20	10	9	16	1.71474311583251	2	4	9	2	11	1
ATAGACAACGGGACCT-1	16072	10708	visium_breast_cancer_SEDR	visium_breast_cancer_SEDR	20	6	0	12	1.6458480130024	10	2	6	6	0	7
ATAGACGAAGAGAAAG-1	9653	11884	visium_breast_cancer_SEDR	visium_breast_cancer_SEDR	20	7	2	11	1.72286436639795	8	9	15	9	9	14
ATAGAGTACTGGGACA-1	10066	10222	visium_breast_cancer_SEDR	visium_breast_cancer_SEDR	20	20	7	2	1.71474311583251	9	1	13	15	10	18
ATAGAGTTATCAACTT-1	16209	10471	visium_breast_cancer_SEDR	visium_breast_cancer_SEDR	20	6	0	18	1.75325129253028	12	5	6	6	0	7
ATAGATTTGCAGTCGG-1	12671	4288	visium_breast_cancer_SEDR	visium_breast_cancer_SEDR	20	14	13	3	1.71474311583251	6	12	10	12	17	3
ATAGCAACTAGGGAAG-1	16876	18786	visium_breast_cancer_SEDR	visium_breast_cancer_SEDR	20	12	11	1	1.72286436639795	7	15	20	16	5	19
ATAGCCATAACAGTCA-1	19056	21166	visium_breast_cancer_SEDR	visium_breast_cancer_SEDR	20	12	11	1	1.72286436639795	7	15	20	16	5	19
ATAGCCTCAGTACCCA-1	5427	8313	visium_breast_cancer_SEDR	visium_breast_cancer_SEDR	20	9	10	19	1.59921858573918	13	8	16	14	7	4
ATAGGAATCTAAGCTT-1	17584	5247	visium_breast_cancer_SEDR	visium_breast_cancer_SEDR	20	6	0	18	1.71474311583251	12	12	7	6	0	7
ATAGGCGGCTATAGAA-1	8010	14257	visium_breast_cancer_SEDR	visium_breast_cancer_SEDR	20	7	2	5	1.49313289102338	8	9	11	9	3	13
ATAGGCTAGCTTCGCA-1	16756	9997	visium_breast_cancer_SEDR	visium_breast_cancer_SEDR	20	6	0	18	1.71474311583251	12	5	7	6	0	7
ATAGGGATATCCTTGA-1	13208	9040	visium_breast_cancer_SEDR	visium_breast_cancer_SEDR	20	18	7	10	1.63772676243696	3	16	13	15	15	17
ATAGGTTGGGCAGATG-1	12249	10701	visium_breast_cancer_SEDR	visium_breast_cancer_SEDR	20	20	7	2	1.71474311583251	9	1	13	15	10	18
ATAGTCTTTGACGTGC-1	12668	5713	visium_breast_cancer_SEDR	visium_breast_cancer_SEDR	20	19	5	15	1.52220223234363	6	3	12	12	17	6
ATAGTGAAGCGTTCTC-1	11288	13788	visium_breast_cancer_SEDR	visium_breast_cancer_SEDR	20	7	2	5	1.67665455436062	8	9	15	9	3	14
ATAGTTCCACCCACTC-1	17433	13086	visium_breast_cancer_SEDR	visium_breast_cancer_SEDR	20	19	5	15	1.44518587894808	6	3	12	3	17	6
ATATAAAGCGCTCGTG-1	12782	17829	visium_breast_cancer_SEDR	visium_breast_cancer_SEDR	20	10	9	16	1.67623493913473	2	4	9	12	11	5
ATATAAATGTAGCTGC-1	13603	16880	visium_breast_cancer_SEDR	visium_breast_cancer_SEDR	20	10	9	16	1.67623493913473	2	4	9	12	11	5
ATATAACACGGGCGCA-1	16328	19736	visium_breast_cancer_SEDR	visium_breast_cancer_SEDR	20	12	11	1	1.72286436639795	7	15	20	16	5	19
ATATACGCTCGTGACG-1	18242	18789	visium_breast_cancer_SEDR	visium_breast_cancer_SEDR	20	11	4	17	1.52262184756953	16	10	3	2	4	9
ATATAGAGTATTGGTC-1	4998	19002	visium_breast_cancer_SEDR	visium_breast_cancer_SEDR	20	8	1	13	1.67623493913473	5	20	18	20	6	16
ATATCAACCTACAGAG-1	17843	12849	visium_breast_cancer_SEDR	visium_breast_cancer_SEDR	20	19	5	15	1.44518587894808	6	3	12	3	17	6
ATATCGGTAGGGAGAT-1	18525	13088	visium_breast_cancer_SEDR	visium_breast_cancer_SEDR	20	19	5	15	1.44518587894808	6	3	12	3	17	6
ATATCGTGCCAGACCC-1	14308	4766	visium_breast_cancer_SEDR	visium_breast_cancer_SEDR	20	19	5	15	1.52220223234363	15	3	12	3	16	6
ATATCGTTCCTCGAAC-1	16059	17835	visium_breast_cancer_SEDR	visium_breast_cancer_SEDR	20	2	4	1	1.47387880267449	7	15	3	19	5	9
ATATCTCCCTCGTTAA-1	15393	8569	visium_breast_cancer_SEDR	visium_breast_cancer_SEDR	20	15	3	6	1.63772676243696	3	13	5	1	1	7
ATATCTTAGGGCCTTC-1	11837	12363	visium_breast_cancer_SEDR	visium_breast_cancer_SEDR	20	7	2	11	1.63814637766285	9	14	15	9	9	14
ATATGGGATAGCAACT-1	11002	20914	visium_breast_cancer_SEDR	visium_breast_cancer_SEDR	20	8	1	13	1.56071040904141	5	20	18	20	2	15
ATATGTCTAGAGCGTG-1	12775	21630	visium_breast_cancer_SEDR	visium_breast_cancer_SEDR	20	8	1	13	1.52220223234363	5	17	18	20	2	15
ATATGTCTCCCTAGCC-1	16751	12372	visium_breast_cancer_SEDR	visium_breast_cancer_SEDR	20	18	3	20	1.56071040904141	3	16	2	4	1	17
ATATGTGCACAAACCA-1	19766	6201	visium_breast_cancer_SEDR	visium_breast_cancer_SEDR	20	6	0	18	1.67623493913473	12	5	7	7	0	7
ATATTCAGTTAAACCT-1	8966	14496	visium_breast_cancer_SEDR	visium_breast_cancer_SEDR	20	7	2	5	1.49313289102338	8	9	11	9	3	13
ATATTCCACATAGTGA-1	14014	16168	visium_breast_cancer_SEDR	visium_breast_cancer_SEDR	20	18	3	10	1.71474311583251	3	7	2	2	1	1
ATATTCCCACAGGTCA-1	11574	6662	visium_breast_cancer_SEDR	visium_breast_cancer_SEDR	20	3	12	19	1.79175946922805	19	8	8	14	15	2
ATATTGCTGTCAAAGT-1	7885	8318	visium_breast_cancer_SEDR	visium_breast_cancer_SEDR	20	15	3	20	1.59921858573918	3	14	16	11	1	17
ATATTTAACCCTCAAG-1	11019	11412	visium_breast_cancer_SEDR	visium_breast_cancer_SEDR	20	20	7	2	1.71474311583251	9	1	13	15	10	18
ATCAAACACTGTTCCA-1	18112	15225	visium_breast_cancer_SEDR	visium_breast_cancer_SEDR	20	10	9	16	1.75325129253028	3	4	9	12	11	5
ATCAAACGAAGGTTTG-1	8008	15682	visium_breast_cancer_SEDR	visium_breast_cancer_SEDR	20	1	6	12	1.67665455436062	10	2	6	8	12	11
ATCAAGATCCCAGGAC-1	11411	21152	visium_breast_cancer_SEDR	visium_breast_cancer_SEDR	20	8	1	13	1.56071040904141	5	20	18	20	2	15
ATCAATCTGGGCTGCA-1	12384	11889	visium_breast_cancer_SEDR	visium_breast_cancer_SEDR	20	20	7	2	1.71474311583251	9	1	13	15	10	18
ATCAATGCCGTGGCTG-1	6091	18529	visium_breast_cancer_SEDR	visium_breast_cancer_SEDR	20	8	1	13	1.67623493913473	5	20	18	20	6	16
ATCACATTAGAATATC-1	14710	8805	visium_breast_cancer_SEDR	visium_breast_cancer_SEDR	20	15	3	7	1.52220223234363	3	13	5	1	1	17
ATCACGTGCTAATTAA-1	8419	14970	visium_breast_cancer_SEDR	visium_breast_cancer_SEDR	20	7	2	5	1.49313289102338	8	9	11	9	3	13
ATCACTTCATCCTCGC-1	12662	9039	visium_breast_cancer_SEDR	visium_breast_cancer_SEDR	20	14	8	3	1.79175946922805	17	14	16	15	15	3
ATCAGACGGCACGCCG-1	9239	14497	visium_breast_cancer_SEDR	visium_breast_cancer_SEDR	20	7	2	5	1.49313289102338	8	9	11	9	3	13
ATCAGCCTCATGCTGC-1	15377	17596	visium_breast_cancer_SEDR	visium_breast_cancer_SEDR	20	2	4	1	1.47387880267449	7	15	3	19	5	9
ATCAGCTCGTCCACTA-1	5550	15678	visium_breast_cancer_SEDR	visium_breast_cancer_SEDR	20	15	3	7	1.52220223234363	3	13	5	1	1	17
ATCAGGTCGCCATTGC-1	16354	5958	visium_breast_cancer_SEDR	visium_breast_cancer_SEDR	20	6	0	18	1.71474311583251	12	12	7	6	0	7
ATCAGTAGGCAGGGAT-1	15391	9519	visium_breast_cancer_SEDR	visium_breast_cancer_SEDR	20	15	3	7	1.36307369026993	3	13	5	1	1	12
ATCATAGCCCTATGTA-1	17968	18788	visium_breast_cancer_SEDR	visium_breast_cancer_SEDR	20	12	11	1	1.51238697937227	7	15	20	19	5	9
ATCATCCAATATTTGT-1	11562	13313	visium_breast_cancer_SEDR	visium_breast_cancer_SEDR	20	7	2	11	1.72286436639795	8	9	15	9	9	14
ATCATCTGCCCAGTGT-1	14991	4530	visium_breast_cancer_SEDR	visium_breast_cancer_SEDR	20	14	5	3	1.48369405564586	6	3	10	3	16	3
ATCCAACGCAGTCATA-1	8564	9982	visium_breast_cancer_SEDR	visium_breast_cancer_SEDR	20	20	7	2	1.67623493913473	9	1	13	15	9	18
ATCCAATGGAGGGTCC-1	7191	14255	visium_breast_cancer_SEDR	visium_breast_cancer_SEDR	20	7	2	5	1.49313289102338	8	9	11	9	3	13
ATCCACATCGACAGAA-1	13327	18780	visium_breast_cancer_SEDR	visium_breast_cancer_SEDR	20	10	9	16	1.67623493913473	2	4	9	12	11	5
ATCCACGCTAAATGTT-1	14853	5242	visium_breast_cancer_SEDR	visium_breast_cancer_SEDR	20	4	5	4	1.71474311583251	15	3	10	3	8	10
ATCCACTTTCAGACTA-1	19221	5725	visium_breast_cancer_SEDR	visium_breast_cancer_SEDR	20	6	0	18	1.67623493913473	12	5	7	7	0	7
ATCCAGGATTCGTGAA-1	9787	13547	visium_breast_cancer_SEDR	visium_breast_cancer_SEDR	20	7	2	5	1.67665455436062	8	9	15	9	3	14
ATCCCATCCACAGCGC-1	5408	18765	visium_breast_cancer_SEDR	visium_breast_cancer_SEDR	20	8	1	13	1.67623493913473	5	20	18	20	6	16
ATCCCATTTCCGTGGG-1	11275	20914	visium_breast_cancer_SEDR	visium_breast_cancer_SEDR	20	8	1	13	1.56071040904141	5	20	18	20	2	15
ATCCTACCTAAGCTCT-1	10058	14498	visium_breast_cancer_SEDR	visium_breast_cancer_SEDR	20	7	2	5	1.49313289102338	8	9	11	9	3	13
ATCCTGAATCGCTGCG-1	7057	13067	visium_breast_cancer_SEDR	visium_breast_cancer_SEDR	20	7	2	5	1.49313289102338	8	9	11	9	3	13
ATCCTGCGTGGAATGG-1	9921	14735	visium_breast_cancer_SEDR	visium_breast_cancer_SEDR	20	7	2	5	1.49313289102338	8	9	11	9	3	13
ATCCTGCTGCAGATAG-1	9528	5470	visium_breast_cancer_SEDR	visium_breast_cancer_SEDR	20	5	8	19	1.59921858573918	19	8	8	13	15	2
ATCGACCCAATACAGA-1	12106	14264	visium_breast_cancer_SEDR	visium_breast_cancer_SEDR	20	7	2	5	1.67665455436062	8	9	15	9	3	14
ATCGACTCTTTCCGTT-1	11842	9513	visium_breast_cancer_SEDR	visium_breast_cancer_SEDR	20	5	8	19	1.67623493913473	17	8	16	13	15	2
ATCGCACGATTGTTCA-1	5842	5701	visium_breast_cancer_SEDR	visium_breast_cancer_SEDR	20	3	10	19	1.68435618970018	13	8	8	10	7	4
ATCGCACGCCGGGAGA-1	11295	9987	visium_breast_cancer_SEDR	visium_breast_cancer_SEDR	20	20	7	2	1.71474311583251	9	1	13	15	10	18
ATCGCCAGTCAACATT-1	17839	14750	visium_breast_cancer_SEDR	visium_breast_cancer_SEDR	20	4	5	4	1.54617573838128	15	3	4	3	8	10
ATCGCTGCGTGCAGCA-1	18668	9525	visium_breast_cancer_SEDR	visium_breast_cancer_SEDR	20	13	0	18	1.71474311583251	4	18	14	17	0	7
ATCGGAGACAGACGGC-1	13877	16405	visium_breast_cancer_SEDR	visium_breast_cancer_SEDR	20	18	3	10	1.67623493913473	3	7	2	1	1	1
ATCGGCAAGCAGTCCA-1	16621	8809	visium_breast_cancer_SEDR	visium_breast_cancer_SEDR	20	6	0	18	1.71474311583251	12	5	7	6	0	7
ATCGTCCAATCGAGTC-1	5295	6175	visium_breast_cancer_SEDR	visium_breast_cancer_SEDR	20	9	10	19	1.68435618970018	13	8	16	10	15	4
ATCGTGGAAAGTCTGG-1	6637	19005	visium_breast_cancer_SEDR	visium_breast_cancer_SEDR	20	8	1	13	1.67623493913473	5	20	18	20	6	16
ATCGTTAGCTAGCGGA-1	16878	17836	visium_breast_cancer_SEDR	visium_breast_cancer_SEDR	20	2	4	9	1.6086574211167	16	15	3	19	4	9
ATCGTTCACTTTCGCC-1	16353	6433	visium_breast_cancer_SEDR	visium_breast_cancer_SEDR	20	6	0	18	1.75325129253028	12	18	7	6	0	7
ATCTAATATCCTACGG-1	12647	17116	visium_breast_cancer_SEDR	visium_breast_cancer_SEDR	20	10	9	16	1.67623493913473	2	4	9	12	11	5
ATCTACCATCTGCTCC-1	15508	20684	visium_breast_cancer_SEDR	visium_breast_cancer_SEDR	20	2	4	17	1.72286436639795	16	11	3	19	4	9
ATCTAGCTTGTGAGGG-1	12369	19966	visium_breast_cancer_SEDR	visium_breast_cancer_SEDR	20	10	9	16	1.71474311583251	2	4	9	2	11	1
ATCTCCCACGGAATAT-1	18242	18314	visium_breast_cancer_SEDR	visium_breast_cancer_SEDR	20	11	17	10	1.52220223234363	16	10	2	2	15	1
ATCTCCCTGCAATCTA-1	13347	7853	visium_breast_cancer_SEDR	visium_breast_cancer_SEDR	20	14	3	20	1.46915938498573	3	16	10	11	1	3
ATCTCGTGAGCGAAAC-1	19340	15465	visium_breast_cancer_SEDR	visium_breast_cancer_SEDR	20	15	3	7	1.63772676243696	3	13	5	1	1	8
ATCTGACATGGAAGGA-1	9094	19010	visium_breast_cancer_SEDR	visium_breast_cancer_SEDR	20	8	1	13	1.56071040904141	5	20	18	20	6	15
ATCTGCACCTCTGCGA-1	17300	10948	visium_breast_cancer_SEDR	visium_breast_cancer_SEDR	20	6	0	18	1.71474311583251	12	5	7	6	0	7
ATCTGCTGTTATCGCC-1	11277	19964	visium_breast_cancer_SEDR	visium_breast_cancer_SEDR	20	8	1	13	1.52220223234363	5	17	1	20	2	15
ATCTGGGCTGTTCTTG-1	12918	18542	visium_breast_cancer_SEDR	visium_breast_cancer_SEDR	20	10	9	16	1.67623493913473	2	4	9	12	11	5
ATCTGGTTAAGACTGT-1	13888	10229	visium_breast_cancer_SEDR	visium_breast_cancer_SEDR	20	20	7	2	1.71474311583251	9	1	13	15	10	18
ATCTGTAATTGTACCC-1	11299	7611	visium_breast_cancer_SEDR	visium_breast_cancer_SEDR	20	5	12	19	1.63772676243696	19	8	8	13	13	2
ATCTTAGGGCATTAAT-1	4996	20428	visium_breast_cancer_SEDR	visium_breast_cancer_SEDR	20	8	1	13	1.67623493913473	5	20	18	20	6	16
ATCTTATCGCACACCC-1	17695	19263	visium_breast_cancer_SEDR	visium_breast_cancer_SEDR	20	12	11	1	1.72286436639795	7	15	20	16	5	19
ATCTTGACCTGCAACG-1	9520	10221	visium_breast_cancer_SEDR	visium_breast_cancer_SEDR	20	20	7	2	1.71474311583251	9	1	13	15	10	18
ATCTTGACTTGTCCAA-1	18255	11187	visium_breast_cancer_SEDR	visium_breast_cancer_SEDR	20	18	3	20	1.56071040904141	3	10	2	11	1	17
ATCTTTCGTATAACCA-1	19895	10240	visium_breast_cancer_SEDR	visium_breast_cancer_SEDR	20	13	0	18	1.71474311583251	4	18	14	17	0	7
ATGAAGCCAAGGAGCC-1	9794	9271	visium_breast_cancer_SEDR	visium_breast_cancer_SEDR	20	9	8	19	1.67623493913473	13	14	16	13	7	2
ATGACGCCGGCTCTAA-1	11435	7849	visium_breast_cancer_SEDR	visium_breast_cancer_SEDR	20	5	8	19	1.71474311583251	17	8	16	13	13	2
ATGACGCGTTCTATCC-1	7597	16394	visium_breast_cancer_SEDR	visium_breast_cancer_SEDR	20	16	6	14	1.75325129253028	4	2	1	4	12	12
ATGACTATCAGCTGTG-1	9367	19010	visium_breast_cancer_SEDR	visium_breast_cancer_SEDR	20	8	1	13	1.56071040904141	5	20	18	20	6	15
ATGACTATGCGACATT-1	15517	15458	visium_breast_cancer_SEDR	visium_breast_cancer_SEDR	20	18	3	10	1.67623493913473	3	7	2	11	1	1
ATGAGGAGTGTTAATC-1	8291	9981	visium_breast_cancer_SEDR	visium_breast_cancer_SEDR	20	16	15	14	1.71474311583251	14	7	5	6	14	7
ATGAGGGCAGCGGCTA-1	19888	14041	visium_breast_cancer_SEDR	visium_breast_cancer_SEDR	20	18	3	20	1.56071040904141	3	10	2	11	1	17
ATGATCGGGAATAGAC-1	10889	7848	visium_breast_cancer_SEDR	visium_breast_cancer_SEDR	20	5	8	19	1.71474311583251	17	8	16	13	13	2
ATGATGCAATGGTACA-1	10331	14499	visium_breast_cancer_SEDR	visium_breast_cancer_SEDR	20	7	2	5	1.49313289102338	8	9	11	9	3	13
ATGCACGCGCTGTTCA-1	5000	18052	visium_breast_cancer_SEDR	visium_breast_cancer_SEDR	20	8	1	13	1.67623493913473	5	20	18	20	2	16
ATGCACTACCGCATTG-1	9656	10459	visium_breast_cancer_SEDR	visium_breast_cancer_SEDR	20	20	7	2	1.71474311583251	9	1	13	15	10	18
ATGCATGATCCAGGAT-1	12387	9989	visium_breast_cancer_SEDR	visium_breast_cancer_SEDR	20	20	7	2	1.71474311583251	9	1	13	15	10	18
ATGCATTCCGTGATGG-1	10621	4997	visium_breast_cancer_SEDR	visium_breast_cancer_SEDR	20	14	8	3	1.75325129253028	17	12	16	5	15	3
ATGCCAATCGCTCTGC-1	17852	7623	visium_breast_cancer_SEDR	visium_breast_cancer_SEDR	20	13	0	18	1.71474311583251	4	18	14	17	0	8
ATGCCATTTGCGACCA-1	15929	14271	visium_breast_cancer_SEDR	visium_breast_cancer_SEDR	20	17	14	10	1.63772676243696	11	17	17	18	19	1
ATGCCGGTCTTGCATA-1	13750	11417	visium_breast_cancer_SEDR	visium_breast_cancer_SEDR	20	20	7	2	1.71474311583251	9	1	13	15	10	18
ATGCCGGTTGATGGGA-1	14847	8568	visium_breast_cancer_SEDR	visium_breast_cancer_SEDR	20	18	3	20	1.63772676243696	3	13	2	11	1	17
ATGCGACAATTGGTCC-1	18399	7149	visium_breast_cancer_SEDR	visium_breast_cancer_SEDR	20	13	0	18	1.71474311583251	4	18	14	17	0	7
ATGCGACAGTCCCATT-1	13202	12366	visium_breast_cancer_SEDR	visium_breast_cancer_SEDR	20	20	7	2	1.71474311583251	9	1	13	15	10	18
ATGCGAGTCCCACCAC-1	17701	15462	visium_breast_cancer_SEDR	visium_breast_cancer_SEDR	20	10	9	16	1.67623493913473	2	4	9	12	1	5
ATGCTCAGTGTTGCAT-1	7474	9030	visium_breast_cancer_SEDR	visium_breast_cancer_SEDR	20	9	8	19	1.63772676243696	13	8	16	13	7	2
ATGCTCTGGCGCGGTA-1	13874	18306	visium_breast_cancer_SEDR	visium_breast_cancer_SEDR	20	10	9	16	1.67623493913473	2	4	9	12	11	5
ATGCTTAGGAGTTGAT-1	18790	17365	visium_breast_cancer_SEDR	visium_breast_cancer_SEDR	20	4	18	4	1.71474311583251	15	3	4	11	18	10
ATGGAACCTTTGCACA-1	19890	13091	visium_breast_cancer_SEDR	visium_breast_cancer_SEDR	20	4	5	4	1.48369405564586	6	3	4	3	8	10
ATGGAGCAGGCCGTGA-1	12519	12602	visium_breast_cancer_SEDR	visium_breast_cancer_SEDR	20	7	2	5	1.67665455436062	8	9	15	9	3	14
ATGGATCCGGCGTCCG-1	14301	8567	visium_breast_cancer_SEDR	visium_breast_cancer_SEDR	20	18	3	20	1.56071040904141	3	10	2	11	1	17
ATGGATTGACCAAACG-1	11840	10463	visium_breast_cancer_SEDR	visium_breast_cancer_SEDR	20	20	7	2	1.71474311583251	9	1	13	15	10	18
ATGGCAGCATTACGAT-1	5953	19242	visium_breast_cancer_SEDR	visium_breast_cancer_SEDR	20	8	1	13	1.67623493913473	5	20	18	20	6	16
ATGGCTGGAAATGGCC-1	16217	6195	visium_breast_cancer_SEDR	visium_breast_cancer_SEDR	20	6	0	18	1.75325129253028	12	18	7	6	0	7
ATGGGAACGGAAGCGG-1	15536	5006	visium_breast_cancer_SEDR	visium_breast_cancer_SEDR	20	14	13	3	1.75325129253028	12	12	10	5	16	3
ATGGGACCTGCTGAAC-1	7730	18532	visium_breast_cancer_SEDR	visium_breast_cancer_SEDR	20	8	1	13	1.67623493913473	5	20	18	20	6	16
ATGGGCCTCGGCCTCT-1	15928	14746	visium_breast_cancer_SEDR	visium_breast_cancer_SEDR	20	17	14	13	1.63772676243696	11	17	17	18	19	15
ATGGGTGTATACCTCC-1	6773	19243	visium_breast_cancer_SEDR	visium_breast_cancer_SEDR	20	8	1	13	1.67623493913473	5	20	18	20	6	16
ATGGTATTGGGAACCG-1	11820	21390	visium_breast_cancer_SEDR	visium_breast_cancer_SEDR	20	8	1	13	1.56071040904141	5	20	18	20	2	15
ATGGTATTTACTGATT-1	5269	20428	visium_breast_cancer_SEDR	visium_breast_cancer_SEDR	20	8	1	13	1.67623493913473	5	20	18	20	6	16
ATGGTCGCGTGGTTTC-1	15109	14745	visium_breast_cancer_SEDR	visium_breast_cancer_SEDR	20	17	14	13	1.63772676243696	11	17	17	18	19	15
ATGGTGCTCAAAGCCA-1	11305	4286	visium_breast_cancer_SEDR	visium_breast_cancer_SEDR	20	14	13	3	1.71474311583251	6	12	10	5	16	3
ATGGTTACGAAACATG-1	19358	5488	visium_breast_cancer_SEDR	visium_breast_cancer_SEDR	20	6	0	18	1.71474311583251	12	5	7	6	0	7
ATGTAAGGCTGCTCTT-1	18801	11663	visium_breast_cancer_SEDR	visium_breast_cancer_SEDR	20	4	5	4	1.63772676243696	18	1	4	3	8	10
ATGTACATGCGGTGAG-1	18787	19265	visium_breast_cancer_SEDR	visium_breast_cancer_SEDR	20	11	4	17	1.56071040904141	16	10	3	2	4	1
ATGTACGATGACGTCG-1	12233	19728	visium_breast_cancer_SEDR	visium_breast_cancer_SEDR	20	10	9	16	1.67623493913473	2	4	9	12	11	5
ATGTAGCGCGCGTAGG-1	13324	20205	visium_breast_cancer_SEDR	visium_breast_cancer_SEDR	20	2	4	17	1.47387880267449	7	15	3	19	5	9
ATGTGAAAGCCTAATG-1	6507	14967	visium_breast_cancer_SEDR	visium_breast_cancer_SEDR	20	1	6	12	1.67665455436062	10	2	6	8	12	11
ATGTGCATCCGACGCA-1	11296	9512	visium_breast_cancer_SEDR	visium_breast_cancer_SEDR	20	5	8	19	1.67623493913473	17	8	16	13	15	2
ATGTGTAGTTTAGTCA-1	11577	5236	visium_breast_cancer_SEDR	visium_breast_cancer_SEDR	20	14	13	3	1.71474311583251	17	12	10	5	16	3
ATGTTACGAGCAATAC-1	7477	7604	visium_breast_cancer_SEDR	visium_breast_cancer_SEDR	20	3	10	19	1.79175946922805	19	8	8	14	7	4
ATGTTGATTAGAGACT-1	16055	20210	visium_breast_cancer_SEDR	visium_breast_cancer_SEDR	20	12	11	1	1.72286436639795	7	15	20	16	5	19
ATGTTGTAGTCTGTTT-1	9912	19486	visium_breast_cancer_SEDR	visium_breast_cancer_SEDR	20	8	1	13	1.56071040904141	5	20	18	20	2	15
ATTAAACATGCGGACC-1	11560	14263	visium_breast_cancer_SEDR	visium_breast_cancer_SEDR	20	7	2	5	1.67665455436062	8	9	15	9	3	14
ATTAATACTACGCGGG-1	12525	9276	visium_breast_cancer_SEDR	visium_breast_cancer_SEDR	20	14	8	3	1.79175946922805	17	14	16	15	15	3
ATTAATGAACCAGTCG-1	14299	9517	visium_breast_cancer_SEDR	visium_breast_cancer_SEDR	20	16	3	10	1.52220223234363	3	16	13	15	1	12
ATTAATTCGGTCACTC-1	12528	7376	visium_breast_cancer_SEDR	visium_breast_cancer_SEDR	20	5	8	19	1.67623493913473	17	14	16	13	15	2
ATTACAACTACCGGCC-1	15397	6669	visium_breast_cancer_SEDR	visium_breast_cancer_SEDR	20	18	19	20	1.48369405564586	15	16	2	11	12	3
ATTACATGTCAGTCTT-1	18247	15938	visium_breast_cancer_SEDR	visium_breast_cancer_SEDR	20	15	3	7	1.54617573838128	3	13	5	11	1	17
ATTACCACACTGCCTG-1	19613	15466	visium_breast_cancer_SEDR	visium_breast_cancer_SEDR	20	15	3	7	1.63772676243696	3	13	5	1	1	8
ATTACGACTCCACAGT-1	20035	8577	visium_breast_cancer_SEDR	visium_breast_cancer_SEDR	20	13	0	18	1.63772676243696	4	18	14	6	0	7
ATTACGCGCTGGCAGG-1	7602	13543	visium_breast_cancer_SEDR	visium_breast_cancer_SEDR	20	7	2	5	1.49313289102338	8	9	11	9	3	13
ATTACTAGCCTCTTGC-1	9523	8321	visium_breast_cancer_SEDR	visium_breast_cancer_SEDR	20	5	8	19	1.63772676243696	17	8	16	13	7	2
ATTACTTACTGGGCAT-1	17167	9285	visium_breast_cancer_SEDR	visium_breast_cancer_SEDR	20	6	0	18	1.71474311583251	12	5	7	6	0	7
ATTAGATTCCTCAGCA-1	17848	9999	visium_breast_cancer_SEDR	visium_breast_cancer_SEDR	20	6	0	18	1.71474311583251	12	5	7	6	0	7
ATTAGATTGATAGCGG-1	10205	8559	visium_breast_cancer_SEDR	visium_breast_cancer_SEDR	20	5	8	19	1.71474311583251	17	8	16	13	13	2
ATTAGGCGATGCTTTC-1	13201	12841	visium_breast_cancer_SEDR	visium_breast_cancer_SEDR	20	7	2	5	1.67665455436062	8	9	15	9	3	14
ATTATACTTTGCTCGT-1	14165	8329	visium_breast_cancer_SEDR	visium_breast_cancer_SEDR	20	18	3	20	1.56071040904141	3	10	2	11	1	17
ATTATAGCTACTTTAC-1	19210	11902	visium_breast_cancer_SEDR	visium_breast_cancer_SEDR	20	4	5	4	1.63772676243696	18	1	4	3	8	10
ATTATCGGAATGTACG-1	11276	20439	visium_breast_cancer_SEDR	visium_breast_cancer_SEDR	20	8	1	13	1.56071040904141	5	20	18	20	2	15
ATTATCTCGACAGATC-1	11849	5712	visium_breast_cancer_SEDR	visium_breast_cancer_SEDR	20	19	5	15	1.53164106772115	6	12	10	3	17	6
ATTATGAGACCCAATT-1	5133	19715	visium_breast_cancer_SEDR	visium_breast_cancer_SEDR	20	8	1	13	1.67623493913473	5	20	18	20	6	16
ATTATGCCATAGGGAG-1	10751	9036	visium_breast_cancer_SEDR	visium_breast_cancer_SEDR	20	9	8	19	1.63772676243696	13	8	16	13	7	2
ATTATTATGTCCGTCA-1	8550	18059	visium_breast_cancer_SEDR	visium_breast_cancer_SEDR	20	8	1	13	1.56071040904141	5	20	18	20	6	15
ATTATTCAGAGTCACT-1	16738	19974	visium_breast_cancer_SEDR	visium_breast_cancer_SEDR	20	12	11	1	1.72286436639795	7	15	20	16	5	19
ATTCAACCATTTAAGG-1	17151	17837	visium_breast_cancer_SEDR	visium_breast_cancer_SEDR	20	11	4	9	1.59921858573918	16	11	3	2	4	1
ATTCACTGATGTTGGA-1	12783	17354	visium_breast_cancer_SEDR	visium_breast_cancer_SEDR	20	10	9	16	1.67623493913473	2	4	9	12	11	5
ATTCAGGACCTATTTC-1	16895	8809	visium_breast_cancer_SEDR	visium_breast_cancer_SEDR	20	13	0	18	1.71474311583251	4	18	14	17	0	8
ATTCAGTAGCAGGGTC-1	6925	10454	visium_breast_cancer_SEDR	visium_breast_cancer_SEDR	20	1	6	12	1.71474311583251	14	2	6	8	14	11
ATTCATATACTGTCCA-1	11695	14976	visium_breast_cancer_SEDR	visium_breast_cancer_SEDR	20	7	16	11	1.60733983630463	14	14	15	9	9	11
ATTCATCGTTGAGGCA-1	15648	18547	visium_breast_cancer_SEDR	visium_breast_cancer_SEDR	20	2	4	17	1.72286436639795	16	11	3	19	4	9
ATTCCCACATAAACAA-1	6789	10216	visium_breast_cancer_SEDR	visium_breast_cancer_SEDR	20	1	6	12	1.72286436639795	10	2	6	8	14	11
ATTCCTAAGACGTGGA-1	18125	7624	visium_breast_cancer_SEDR	visium_breast_cancer_SEDR	20	13	0	18	1.71474311583251	4	18	14	17	0	8
ATTCCTCCGCCAGTGC-1	8838	9507	visium_breast_cancer_SEDR	visium_breast_cancer_SEDR	20	16	15	14	1.51578881224895	10	7	5	11	14	12
ATTCCTTCCAGGCGGT-1	6796	6415	visium_breast_cancer_SEDR	visium_breast_cancer_SEDR	20	3	10	19	1.68435618970018	13	8	8	10	7	4
ATTCGACGCCGGGCCT-1	7058	12592	visium_breast_cancer_SEDR	visium_breast_cancer_SEDR	20	7	2	5	1.49313289102338	8	9	11	9	3	13
ATTCGCGCCTTGAGAG-1	18104	19501	visium_breast_cancer_SEDR	visium_breast_cancer_SEDR	20	12	11	1	1.72286436639795	7	15	20	16	5	19
ATTCGTGCTATCTCTT-1	18523	14038	visium_breast_cancer_SEDR	visium_breast_cancer_SEDR	20	4	5	4	1.48369405564586	6	3	4	3	8	10
ATTCGTTTATCGTATT-1	18508	22115	visium_breast_cancer_SEDR	visium_breast_cancer_SEDR	20	2	4	17	1.72286436639795	16	11	3	19	4	9
ATTCTCGTCTCTTTAG-1	10482	6660	visium_breast_cancer_SEDR	visium_breast_cancer_SEDR	20	3	12	19	1.79175946922805	19	8	8	14	15	2
ATTCTGAGTATGAACT-1	15262	5481	visium_breast_cancer_SEDR	visium_breast_cancer_SEDR	20	14	13	4	1.63772676243696	15	3	10	3	16	3
ATTCTTCGTACTTATG-1	15398	6193	visium_breast_cancer_SEDR	visium_breast_cancer_SEDR	20	14	13	3	1.63772676243696	15	16	10	11	16	3
ATTGAAGATCTTAGTG-1	10200	11410	visium_breast_cancer_SEDR	visium_breast_cancer_SEDR	20	7	2	11	1.6458480130024	14	9	15	9	9	14
ATTGACCGGCGATGAC-1	19079	8813	visium_breast_cancer_SEDR	visium_breast_cancer_SEDR	20	13	0	18	1.71474311583251	4	18	14	17	0	7
ATTGACGTAACTCGGT-1	13350	5952	visium_breast_cancer_SEDR	visium_breast_cancer_SEDR	20	19	5	15	1.52220223234363	6	3	12	12	17	6
ATTGATAGCAACGAGA-1	6522	6890	visium_breast_cancer_SEDR	visium_breast_cancer_SEDR	20	3	10	19	1.68435618970018	13	8	8	10	7	4
ATTGATGAGTCCTAAC-1	17025	11898	visium_breast_cancer_SEDR	visium_breast_cancer_SEDR	20	18	3	20	1.56071040904141	3	16	2	4	1	17
ATTGCCTATTAGACCG-1	6908	19956	visium_breast_cancer_SEDR	visium_breast_cancer_SEDR	20	8	1	13	1.75325129253028	5	20	19	20	6	16
ATTGCCTTTATGTTTG-1	14964	19258	visium_breast_cancer_SEDR	visium_breast_cancer_SEDR	20	2	4	9	1.72286436639795	16	11	3	19	4	9
ATTGCGATCAGTAACT-1	17018	16174	visium_breast_cancer_SEDR	visium_breast_cancer_SEDR	20	11	4	17	1.75325129253028	16	10	3	19	4	1
ATTGCTGCTCCTCCAT-1	9379	12359	visium_breast_cancer_SEDR	visium_breast_cancer_SEDR	20	7	2	5	1.49747860743782	8	9	15	9	3	13
ATTGGATTACAGCGTA-1	17426	16887	visium_breast_cancer_SEDR	visium_breast_cancer_SEDR	20	11	4	17	1.59921858573918	16	11	3	2	4	1
ATTGGGAATATCTTGG-1	10618	6897	visium_breast_cancer_SEDR	visium_breast_cancer_SEDR	20	3	12	19	1.75325129253028	19	8	8	14	13	20
ATTGGGAGTTCTGTAA-1	19084	5963	visium_breast_cancer_SEDR	visium_breast_cancer_SEDR	20	6	0	18	1.67623493913473	12	5	7	7	0	7
ATTGGTTGTGCATTAC-1	17964	21164	visium_breast_cancer_SEDR	visium_breast_cancer_SEDR	20	12	11	1	1.72286436639795	7	15	20	16	5	19
ATTGTACAACTCGGCT-1	17571	12374	visium_breast_cancer_SEDR	visium_breast_cancer_SEDR	20	4	5	4	1.63772676243696	18	3	4	3	8	10
ATTGTCGCAATACCTT-1	15122	7618	visium_breast_cancer_SEDR	visium_breast_cancer_SEDR	20	18	3	20	1.59921858573918	3	10	2	11	1	3
ATTGTCTGTTTCATGT-1	10729	20913	visium_breast_cancer_SEDR	visium_breast_cancer_SEDR	20	8	1	13	1.56071040904141	5	20	18	20	6	15
ATTGTGACTTCGCTGC-1	18400	6674	visium_breast_cancer_SEDR	visium_breast_cancer_SEDR	20	13	0	18	1.67623493913473	4	18	7	17	0	7
ATTTAACTCGTATTAC-1	10617	7372	visium_breast_cancer_SEDR	visium_breast_cancer_SEDR	20	5	12	19	1.63772676243696	19	8	8	13	13	2
ATTTACAGTTTACTGG-1	8699	11170	visium_breast_cancer_SEDR	visium_breast_cancer_SEDR	20	7	2	11	1.60733983630463	14	14	15	9	9	14
ATTTACTAAGTCCATT-1	18665	11426	visium_breast_cancer_SEDR	visium_breast_cancer_SEDR	20	4	5	4	1.59921858573918	18	10	4	3	8	10
ATTTATACTGGTAAAG-1	13731	21869	visium_breast_cancer_SEDR	visium_breast_cancer_SEDR	20	17	14	13	1.79175946922805	11	17	1	18	2	15
ATTTCATTATTTCGCG-1	14167	7379	visium_breast_cancer_SEDR	visium_breast_cancer_SEDR	20	14	13	3	1.71474311583251	3	14	10	11	18	3
ATTTCCGGGTTCTGCG-1	8278	17108	visium_breast_cancer_SEDR	visium_breast_cancer_SEDR	20	8	1	13	1.67623493913473	5	20	18	20	6	16
ATTTGCCTAGTTACGA-1	11851	4287	visium_breast_cancer_SEDR	visium_breast_cancer_SEDR	20	14	13	3	1.71474311583251	17	12	10	5	16	3
ATTTGCGCGAGTAGCT-1	7733	16632	visium_breast_cancer_SEDR	visium_breast_cancer_SEDR	20	8	1	13	1.56071040904141	5	20	1	20	19	15
ATTTGTCTTGGGAGCT-1	14974	13557	visium_breast_cancer_SEDR	visium_breast_cancer_SEDR	20	17	14	1	1.59921858573918	11	17	17	18	19	16
ATTTGTTCCAGGGCTC-1	13209	8565	visium_breast_cancer_SEDR	visium_breast_cancer_SEDR	20	18	3	20	1.63772676243696	3	7	2	11	1	17
CAAACCCTCCGGCGGG-1	13050	20680	visium_breast_cancer_SEDR	visium_breast_cancer_SEDR	20	2	4	9	1.6086574211167	16	15	3	19	5	9
CAAACGAGTATCGCAG-1	9920	15210	visium_breast_cancer_SEDR	visium_breast_cancer_SEDR	20	7	2	5	1.49313289102338	8	9	11	9	3	13
CAAACGGTCGCACTTT-1	8972	11170	visium_breast_cancer_SEDR	visium_breast_cancer_SEDR	20	7	2	11	1.60733983630463	14	14	15	9	9	14
CAAACGTGGTCTTGCG-1	14171	5003	visium_breast_cancer_SEDR	visium_breast_cancer_SEDR	20	19	5	15	1.44518587894808	6	3	12	3	17	6
CAAACTACGATAGAGA-1	14987	6905	visium_breast_cancer_SEDR	visium_breast_cancer_SEDR	20	14	13	20	1.67623493913473	3	10	10	11	18	3
CAAACTATTGAGCTTC-1	13758	6666	visium_breast_cancer_SEDR	visium_breast_cancer_SEDR	20	19	5	15	1.52220223234363	6	3	12	11	17	6
CAAACTCGCGACGCCG-1	18658	14751	visium_breast_cancer_SEDR	visium_breast_cancer_SEDR	20	4	18	4	1.63772676243696	15	10	4	11	18	10
CAAAGATTATTGGGCC-1	7595	17344	visium_breast_cancer_SEDR	visium_breast_cancer_SEDR	20	8	1	13	1.67623493913473	5	20	18	20	6	16
CAAAGGTTAAATTCAG-1	19222	5250	visium_breast_cancer_SEDR	visium_breast_cancer_SEDR	20	14	13	3	1.71474311583251	6	12	10	5	16	3
CAAATCTCTCACAAGG-1	6781	14492	visium_breast_cancer_SEDR	visium_breast_cancer_SEDR	20	7	2	5	1.54617573838128	8	14	11	9	9	13
CAAATGCGGAGTGTTC-1	11442	4048	visium_breast_cancer_SEDR	visium_breast_cancer_SEDR	20	14	13	3	1.71474311583251	17	12	10	5	16	3
CAAATGTCCTTCCGTG-1	10740	14737	visium_breast_cancer_SEDR	visium_breast_cancer_SEDR	20	7	2	5	1.49747860743782	8	9	15	9	3	13
CAAATTGGATTATGCC-1	19351	9289	visium_breast_cancer_SEDR	visium_breast_cancer_SEDR	20	6	0	18	1.59921858573918	4	18	7	6	0	7
CAAATTGTCAGCAAGC-1	12665	7139	visium_breast_cancer_SEDR	visium_breast_cancer_SEDR	20	5	8	19	1.67623493913473	17	14	16	13	15	2
CAACACATCTCCTGCC-1	19893	11665	visium_breast_cancer_SEDR	visium_breast_cancer_SEDR	20	4	5	4	1.63772676243696	18	3	4	3	8	10
CAACAGTGCCAAACGG-1	13081	4051	visium_breast_cancer_SEDR	visium_breast_cancer_SEDR	20	14	13	3	1.71474311583251	6	12	10	12	17	3
CAACCAGTGGCCTACC-1	19198	18553	visium_breast_cancer_SEDR	visium_breast_cancer_SEDR	20	4	5	4	1.54617573838128	15	3	4	3	8	10
CAACCTACCGAGCAGT-1	17559	18550	visium_breast_cancer_SEDR	visium_breast_cancer_SEDR	20	12	11	1	1.51238697937227	7	15	20	19	5	9
CAACCTGAACCTGCCA-1	20305	10003	visium_breast_cancer_SEDR	visium_breast_cancer_SEDR	20	13	0	18	1.75325129253028	12	18	7	17	0	12
CAACGACCCGTTTACA-1	10341	8797	visium_breast_cancer_SEDR	visium_breast_cancer_SEDR	20	9	8	19	1.63772676243696	13	8	16	13	7	2
CAACGGTTCTTGATAC-1	8704	8319	visium_breast_cancer_SEDR	visium_breast_cancer_SEDR	20	5	8	19	1.71474311583251	19	8	16	13	13	2
CAACGTGGTGGAGTCT-1	18927	17127	visium_breast_cancer_SEDR	visium_breast_cancer_SEDR	20	18	3	20	1.50766756168351	3	16	2	11	1	17
CAACTATATCGAATGC-1	14303	7617	visium_breast_cancer_SEDR	visium_breast_cancer_SEDR	20	14	13	20	1.67623493913473	3	10	10	11	18	3
CAACTCCAACGTTTAG-1	15263	5005	visium_breast_cancer_SEDR	visium_breast_cancer_SEDR	20	14	13	3	1.75325129253028	15	12	10	5	16	3
CAACTCCGTAACTTGC-1	19765	7152	visium_breast_cancer_SEDR	visium_breast_cancer_SEDR	20	6	0	18	1.67623493913473	12	5	7	7	0	7
CAACTCCTTGATCCCG-1	9796	8321	visium_breast_cancer_SEDR	visium_breast_cancer_SEDR	20	5	8	19	1.71474311583251	17	8	16	13	13	2
CAACTGAGGGTATGAC-1	19902	6439	visium_breast_cancer_SEDR	visium_breast_cancer_SEDR	20	6	0	18	1.67623493913473	12	5	7	7	0	7
CAACTGCTCATCCGAT-1	11007	18063	visium_breast_cancer_SEDR	visium_breast_cancer_SEDR	20	10	9	16	1.67623493913473	2	4	9	12	11	5
CAACTTGTAGTGGGCA-1	9117	6182	visium_breast_cancer_SEDR	visium_breast_cancer_SEDR	20	3	12	19	1.75325129253028	19	8	8	14	13	20
CAAGAAACCCTAAACT-1	20040	5727	visium_breast_cancer_SEDR	visium_breast_cancer_SEDR	20	6	0	18	1.67623493913473	12	5	7	7	0	7
CAAGATATTATAACGT-1	15655	14746	visium_breast_cancer_SEDR	visium_breast_cancer_SEDR	20	17	14	13	1.63772676243696	11	17	17	18	19	15
CAAGCAACGTCGGAGT-1	8698	11645	visium_breast_cancer_SEDR	visium_breast_cancer_SEDR	20	7	2	11	1.72286436639795	8	9	15	9	9	14
CAAGCACCAAATGCCT-1	12527	8326	visium_breast_cancer_SEDR	visium_breast_cancer_SEDR	20	5	8	19	1.67623493913473	17	8	16	13	15	2
CAAGCGGCACATAATT-1	13330	16880	visium_breast_cancer_SEDR	visium_breast_cancer_SEDR	20	10	9	16	1.67623493913473	2	4	9	12	11	5
CAAGGATCGCATGTTC-1	12790	13553	visium_breast_cancer_SEDR	visium_breast_cancer_SEDR	20	7	2	5	1.67665455436062	8	9	15	9	3	14
CAAGGCCAGTGGTGCA-1	17148	19737	visium_breast_cancer_SEDR	visium_breast_cancer_SEDR	20	12	11	1	1.72286436639795	7	15	20	16	5	19
CAAGGTCCTATAGGCT-1	18527	12138	visium_breast_cancer_SEDR	visium_breast_cancer_SEDR	20	4	5	4	1.63772676243696	18	1	4	3	8	10
CAAGTAAGTGATAGAC-1	10730	20438	visium_breast_cancer_SEDR	visium_breast_cancer_SEDR	20	8	1	13	1.56071040904141	5	20	18	20	6	15
CAAGTGAACTTTGGTT-1	10894	5473	visium_breast_cancer_SEDR	visium_breast_cancer_SEDR	20	5	8	19	1.67623493913473	17	8	16	13	15	2
CAAGTGTGGTTGCAAA-1	16340	13559	visium_breast_cancer_SEDR	visium_breast_cancer_SEDR	20	18	3	10	1.56071040904141	3	16	2	4	1	17
CAATAAACCTTGGCCC-1	13615	10229	visium_breast_cancer_SEDR	visium_breast_cancer_SEDR	20	20	7	2	1.71474311583251	9	1	13	15	10	18
CAATACGAGAGTCTGA-1	19888	14516	visium_breast_cancer_SEDR	visium_breast_cancer_SEDR	20	18	3	20	1.56071040904141	3	10	2	11	1	17
CAATACGCTCTGAGGC-1	4872	13538	visium_breast_cancer_SEDR	visium_breast_cancer_SEDR	20	1	6	12	1.67665455436062	10	2	6	8	12	12
CAATATGTAGATTTAC-1	17857	5248	visium_breast_cancer_SEDR	visium_breast_cancer_SEDR	20	6	0	18	1.71474311583251	12	5	7	6	0	7
CAATATTGGACTAGTG-1	5978	5939	visium_breast_cancer_SEDR	visium_breast_cancer_SEDR	20	3	10	19	1.68435618970018	13	8	8	10	7	4
CAATCCCTATACCAGC-1	15533	6906	visium_breast_cancer_SEDR	visium_breast_cancer_SEDR	20	16	19	14	1.67623493913473	15	16	2	4	0	12
CAATCCTGCCGTGGAG-1	6794	7365	visium_breast_cancer_SEDR	visium_breast_cancer_SEDR	20	3	10	19	1.68435618970018	13	8	8	10	7	4
CAATGACCCTTAATTT-1	11274	21389	visium_breast_cancer_SEDR	visium_breast_cancer_SEDR	20	8	1	13	1.56071040904141	5	20	18	20	6	15
CAATGAGGTTCGACTA-1	19758	10952	visium_breast_cancer_SEDR	visium_breast_cancer_SEDR	20	16	3	20	1.58468391507905	12	16	2	1	1	17
CAATGCGAGAAGTATC-1	14695	16882	visium_breast_cancer_SEDR	visium_breast_cancer_SEDR	20	10	9	16	1.67623493913473	2	4	9	12	11	5
CAATGGAATCTACATA-1	15944	6194	visium_breast_cancer_SEDR	visium_breast_cancer_SEDR	20	13	0	7	1.58468391507905	4	13	14	1	0	12
CAATGGATCTCTACCA-1	15253	10707	visium_breast_cancer_SEDR	visium_breast_cancer_SEDR	20	16	15	14	1.5928051656445	10	7	5	6	0	12
CAATGGTCGGCCTGGG-1	11167	5473	visium_breast_cancer_SEDR	visium_breast_cancer_SEDR	20	5	8	19	1.67623493913473	17	8	16	13	15	2
CAATGTGCCAACCCTT-1	19208	12852	visium_breast_cancer_SEDR	visium_breast_cancer_SEDR	20	19	5	15	1.44518587894808	6	3	12	3	17	6
CAATTAAGGGTGATGA-1	12385	10939	visium_breast_cancer_SEDR	visium_breast_cancer_SEDR	20	20	7	2	1.71474311583251	9	1	13	15	10	18
CAATTTCGTATAAGGG-1	12109	12839	visium_breast_cancer_SEDR	visium_breast_cancer_SEDR	20	7	2	11	1.68435618970018	8	14	15	9	9	14
CAATTTGACCGGGAAG-1	5296	5700	visium_breast_cancer_SEDR	visium_breast_cancer_SEDR	20	9	10	19	1.68435618970018	13	8	16	10	15	4
CACAAACCGCAGAACT-1	19193	20929	visium_breast_cancer_SEDR	visium_breast_cancer_SEDR	20	12	11	1	1.72286436639795	7	15	20	16	5	19
CACAAGAAAGATATTA-1	18808	7387	visium_breast_cancer_SEDR	visium_breast_cancer_SEDR	20	13	0	18	1.71474311583251	4	18	14	17	0	7
CACAAGCTAAGAAAGG-1	5543	19953	visium_breast_cancer_SEDR	visium_breast_cancer_SEDR	20	8	1	13	1.67623493913473	5	20	18	20	6	16
CACAATGAGCTGCTAT-1	10332	14023	visium_breast_cancer_SEDR	visium_breast_cancer_SEDR	20	7	2	5	1.49747860743782	8	9	15	9	3	13
CACACACGCTAACGAG-1	17562	17125	visium_breast_cancer_SEDR	visium_breast_cancer_SEDR	20	11	17	10	1.50766756168351	3	11	2	2	4	1
CACACAGCTTGCGCTC-1	19204	15227	visium_breast_cancer_SEDR	visium_breast_cancer_SEDR	20	15	3	6	1.56071040904141	3	7	5	1	1	17
CACACAGGGATAGATT-1	7199	9979	visium_breast_cancer_SEDR	visium_breast_cancer_SEDR	20	16	6	14	1.60733983630463	10	7	6	11	14	12
CACACGCGCTGTCTTA-1	15660	11895	visium_breast_cancer_SEDR	visium_breast_cancer_SEDR	20	6	0	12	1.6458480130024	10	2	6	6	0	7
CACACGTTTCAATGGG-1	15672	5244	visium_breast_cancer_SEDR	visium_breast_cancer_SEDR	20	14	13	3	1.75325129253028	12	12	10	6	16	3
CACACTTGTATTGCGA-1	19356	6438	visium_breast_cancer_SEDR	visium_breast_cancer_SEDR	20	6	0	18	1.67623493913473	12	5	7	7	0	7
CACAGAGACGAGGACG-1	6227	19242	visium_breast_cancer_SEDR	visium_breast_cancer_SEDR	20	8	1	13	1.67623493913473	5	20	18	20	6	16
CACAGCACCCACGGCA-1	11565	11413	visium_breast_cancer_SEDR	visium_breast_cancer_SEDR	20	20	7	2	1.71474311583251	9	1	13	15	10	18
CACAGCTAGGGAGTGA-1	11707	8800	visium_breast_cancer_SEDR	visium_breast_cancer_SEDR	20	5	8	19	1.63772676243696	17	8	16	13	7	2
CACAGGGCCATATAGT-1	16742	17598	visium_breast_cancer_SEDR	visium_breast_cancer_SEDR	20	2	4	9	1.47387880267449	7	15	3	19	5	9
CACAGGGCCGTTGTCA-1	11688	18777	visium_breast_cancer_SEDR	visium_breast_cancer_SEDR	20	10	9	16	1.67623493913473	2	4	9	12	11	5
CACAGTCCCGCTTCGC-1	18788	18315	visium_breast_cancer_SEDR	visium_breast_cancer_SEDR	20	4	5	4	1.54617573838128	15	3	4	3	8	10
CACAGTTCGCTTCCCA-1	19064	16890	visium_breast_cancer_SEDR	visium_breast_cancer_SEDR	20	15	3	20	1.56071040904141	3	13	2	1	1	17
CACATCGTGCACGCGC-1	8686	18296	visium_breast_cancer_SEDR	visium_breast_cancer_SEDR	20	8	1	13	1.56071040904141	5	20	18	20	6	15
CACATCTCACCGACGA-1	13738	17593	visium_breast_cancer_SEDR	visium_breast_cancer_SEDR	20	10	9	16	1.67623493913473	2	4	9	12	11	5
CACATGATTCAGCAAC-1	12245	13077	visium_breast_cancer_SEDR	visium_breast_cancer_SEDR	20	7	2	5	1.67665455436062	8	9	15	9	3	14
CACATGTTTGGACATG-1	5977	6414	visium_breast_cancer_SEDR	visium_breast_cancer_SEDR	20	3	10	19	1.68435618970018	13	8	8	10	7	4
CACATTCTTTCGATGG-1	15803	8332	visium_breast_cancer_SEDR	visium_breast_cancer_SEDR	20	6	0	18	1.71474311583251	12	5	7	6	0	7
CACATTTCTTGTCAGA-1	18249	14513	visium_breast_cancer_SEDR	visium_breast_cancer_SEDR	20	4	5	4	1.54617573838128	15	3	4	3	8	10
CACCAGTCAGCATGCA-1	6501	18292	visium_breast_cancer_SEDR	visium_breast_cancer_SEDR	20	8	1	13	1.67623493913473	5	20	18	20	6	16
CACCATCGGAGGAGAC-1	11847	6662	visium_breast_cancer_SEDR	visium_breast_cancer_SEDR	20	5	8	19	1.67623493913473	17	8	16	13	15	2
CACCATGATCGCAAAG-1	19082	6913	visium_breast_cancer_SEDR	visium_breast_cancer_SEDR	20	6	0	18	1.67623493913473	12	5	7	7	0	7
CACCCAAATCTTATGT-1	17844	12374	visium_breast_cancer_SEDR	visium_breast_cancer_SEDR	20	4	5	4	1.63772676243696	18	3	4	3	8	10
CACCCACACGTCACCC-1	9387	8083	visium_breast_cancer_SEDR	visium_breast_cancer_SEDR	20	3	12	19	1.75325129253028	17	8	8	14	13	20
CACCCACGAGGCAATT-1	15256	8806	visium_breast_cancer_SEDR	visium_breast_cancer_SEDR	20	15	3	6	1.63772676243696	3	13	5	1	1	8
CACCCGCGTTTGACAC-1	19465	21404	visium_breast_cancer_SEDR	visium_breast_cancer_SEDR	20	2	4	9	1.72286436639795	16	11	3	19	5	9
CACCCTAACAAGATCT-1	14421	17357	visium_breast_cancer_SEDR	visium_breast_cancer_SEDR	20	10	9	16	1.67623493913473	2	4	9	12	11	5
CACCCTTGGTGAGACC-1	5687	15915	visium_breast_cancer_SEDR	visium_breast_cancer_SEDR	20	15	3	7	1.52220223234363	3	13	5	1	1	17
CACCCTTTCCTCGCTC-1	8981	5944	visium_breast_cancer_SEDR	visium_breast_cancer_SEDR	20	3	12	19	1.75325129253028	19	8	8	14	13	20
CACCGATACACCGAGC-1	14988	6430	visium_breast_cancer_SEDR	visium_breast_cancer_SEDR	20	14	13	3	1.75325129253028	15	3	10	11	18	3
CACCGATGATGGGTAC-1	19466	20929	visium_breast_cancer_SEDR	visium_breast_cancer_SEDR	20	12	11	1	1.72286436639795	7	15	20	16	5	19
CACCGCCAGAAGGTTT-1	11567	10462	visium_breast_cancer_SEDR	visium_breast_cancer_SEDR	20	20	7	2	1.71474311583251	9	1	13	15	10	18
CACCGCCGACCAGCGA-1	12667	6188	visium_breast_cancer_SEDR	visium_breast_cancer_SEDR	20	19	5	15	1.52220223234363	6	3	12	12	17	6
CACCGCGTCCACTCTA-1	17715	7861	visium_breast_cancer_SEDR	visium_breast_cancer_SEDR	20	13	0	18	1.71474311583251	4	18	14	17	0	7
CACCGGAGATATCTCC-1	16218	5720	visium_breast_cancer_SEDR	visium_breast_cancer_SEDR	20	6	0	18	1.71474311583251	12	12	7	6	0	7
CACCGGGCATCACAAG-1	16326	21161	visium_breast_cancer_SEDR	visium_breast_cancer_SEDR	20	2	4	17	1.72286436639795	16	11	3	19	4	9
CACCGGTAGAGACATT-1	5680	19716	visium_breast_cancer_SEDR	visium_breast_cancer_SEDR	20	8	1	13	1.67623493913473	5	20	18	20	6	16
CACCGTATCCCATCCG-1	17700	16412	visium_breast_cancer_SEDR	visium_breast_cancer_SEDR	20	18	3	10	1.71474311583251	3	7	2	2	1	1
CACCGTTGCGCGATAT-1	7463	15206	visium_breast_cancer_SEDR	visium_breast_cancer_SEDR	20	1	6	12	1.60733983630463	10	2	6	8	9	11
CACCTAATAGAGTCGT-1	6930	8078	visium_breast_cancer_SEDR	visium_breast_cancer_SEDR	20	9	10	19	1.59921858573918	13	8	16	14	7	4
CACCTAATCAGTTTAC-1	13345	8803	visium_breast_cancer_SEDR	visium_breast_cancer_SEDR	20	18	3	20	1.63772676243696	3	7	2	11	1	17
CACCTCGATGGTGGAC-1	13073	8327	visium_breast_cancer_SEDR	visium_breast_cancer_SEDR	20	14	18	10	1.52220223234363	3	16	13	11	15	3
CACCTTGCGAAACTCG-1	14981	9756	visium_breast_cancer_SEDR	visium_breast_cancer_SEDR	20	15	15	7	1.47728063555118	10	13	5	1	1	12
CACCTTGGCGCCTTTG-1	17567	14274	visium_breast_cancer_SEDR	visium_breast_cancer_SEDR	20	19	5	15	1.44518587894808	6	3	12	3	17	6
CACGAAAGTTAGTCCC-1	7469	11880	visium_breast_cancer_SEDR	visium_breast_cancer_SEDR	20	7	2	5	1.49313289102338	8	9	11	9	3	13
CACGACGTAATAGTAA-1	17993	5486	visium_breast_cancer_SEDR	visium_breast_cancer_SEDR	20	6	0	18	1.71474311583251	12	5	7	6	0	7
CACGATTGGTCGTTAA-1	10350	4046	visium_breast_cancer_SEDR	visium_breast_cancer_SEDR	20	14	13	3	1.75325129253028	17	12	10	5	15	3
CACGCACAGCGCAGCT-1	13343	9753	visium_breast_cancer_SEDR	visium_breast_cancer_SEDR	20	20	7	2	1.71474311583251	9	16	13	15	15	3
CACGCAGCGAGGCTTT-1	9381	11409	visium_breast_cancer_SEDR	visium_breast_cancer_SEDR	20	7	2	11	1.60733983630463	14	14	15	9	9	14
CACGCGGAACTGTTGC-1	16885	14035	visium_breast_cancer_SEDR	visium_breast_cancer_SEDR	20	19	5	15	1.44518587894808	6	3	12	3	17	6
CACGGACGTGGATGGC-1	20306	9528	visium_breast_cancer_SEDR	visium_breast_cancer_SEDR	20	6	0	18	1.59921858573918	4	18	7	6	0	7
CACGGCGCGCCAAAGG-1	17579	7623	visium_breast_cancer_SEDR	visium_breast_cancer_SEDR	20	13	0	18	1.71474311583251	4	18	14	17	0	7
CACGTCAATCAATGGA-1	19334	18791	visium_breast_cancer_SEDR	visium_breast_cancer_SEDR	20	4	18	10	1.52220223234363	3	10	4	2	18	10
CACGTCGGCAACCTCT-1	8554	15683	visium_breast_cancer_SEDR	visium_breast_cancer_SEDR	20	7	2	5	1.46915938498573	14	2	11	9	9	13
CACGTCTATGATGTGG-1	16491	5720	visium_breast_cancer_SEDR	visium_breast_cancer_SEDR	20	6	0	18	1.71474311583251	12	12	7	6	0	7
CACGTTCGTGCTCTAG-1	14566	12843	visium_breast_cancer_SEDR	visium_breast_cancer_SEDR	20	16	15	11	1.54617573838128	14	14	5	11	1	12
CACGTTTCGTACACAC-1	15924	17122	visium_breast_cancer_SEDR	visium_breast_cancer_SEDR	20	2	4	17	1.6086574211167	16	15	3	19	5	9
CACTAAAGTTGCCTAT-1	10471	12361	visium_breast_cancer_SEDR	visium_breast_cancer_SEDR	20	7	2	5	1.67665455436062	8	9	15	9	3	14
CACTACGGGAGCTGCC-1	18106	18076	visium_breast_cancer_SEDR	visium_breast_cancer_SEDR	20	11	17	10	1.52220223234363	15	10	2	2	18	1
CACTACTCAGTTCTGT-1	13761	5240	visium_breast_cancer_SEDR	visium_breast_cancer_SEDR	20	19	5	15	1.44518587894808	6	3	12	3	17	6
CACTCAAGAGCTATGG-1	11289	13312	visium_breast_cancer_SEDR	visium_breast_cancer_SEDR	20	7	2	5	1.67665455436062	8	9	15	9	3	14
CACTCAGCTCTTGAGG-1	13212	6665	visium_breast_cancer_SEDR	visium_breast_cancer_SEDR	20	19	5	15	1.52220223234363	6	3	12	12	17	6
CACTCCTATGTAAGAT-1	8414	17346	visium_breast_cancer_SEDR	visium_breast_cancer_SEDR	20	8	1	13	1.67623493913473	5	20	18	20	6	16
CACTCCTCTCGGTCGG-1	15395	7619	visium_breast_cancer_SEDR	visium_breast_cancer_SEDR	20	18	3	20	1.67623493913473	3	10	2	17	1	7
CACTCGAGCTGAACAA-1	13606	15455	visium_breast_cancer_SEDR	visium_breast_cancer_SEDR	20	18	17	10	1.56071040904141	1	16	2	2	1	1
CACTCTCAAGCATCGA-1	9910	20437	visium_breast_cancer_SEDR	visium_breast_cancer_SEDR	20	8	1	13	1.56071040904141	5	20	18	20	6	15
CACTCTTCTGCTAGCC-1	17287	18075	visium_breast_cancer_SEDR	visium_breast_cancer_SEDR	20	2	4	9	1.6086574211167	16	15	3	19	5	9
CACTGACGATTGTGGA-1	10458	19487	visium_breast_cancer_SEDR	visium_breast_cancer_SEDR	20	8	1	13	1.56071040904141	5	20	18	20	2	15
CACTGTCCAAGTGAGA-1	9386	8558	visium_breast_cancer_SEDR	visium_breast_cancer_SEDR	20	9	8	19	1.63772676243696	13	8	16	13	7	2
CACTTAATCAGACGGA-1	10062	12122	visium_breast_cancer_SEDR	visium_breast_cancer_SEDR	20	7	2	11	1.72286436639795	8	9	15	9	9	14
CACTTCGCCACAGGCT-1	7747	9030	visium_breast_cancer_SEDR	visium_breast_cancer_SEDR	20	5	8	19	1.71474311583251	17	8	16	11	15	2
CACTTCGTCTTATCTC-1	5429	7363	visium_breast_cancer_SEDR	visium_breast_cancer_SEDR	20	9	10	19	1.71474311583251	13	8	16	13	7	4
CAGAACTTAGCCCTCT-1	15105	16645	visium_breast_cancer_SEDR	visium_breast_cancer_SEDR	20	2	4	9	1.72286436639795	16	11	3	19	4	9
CAGAATAACACACGGA-1	18654	17127	visium_breast_cancer_SEDR	visium_breast_cancer_SEDR	20	18	18	20	1.67623493913473	15	3	2	11	18	17
CAGACCTGTAAGTGTT-1	17026	11423	visium_breast_cancer_SEDR	visium_breast_cancer_SEDR	20	16	19	20	1.59921858573918	12	16	2	4	0	17
CAGAGCATGAGCTTGC-1	13069	10228	visium_breast_cancer_SEDR	visium_breast_cancer_SEDR	20	20	7	2	1.71474311583251	9	1	13	15	10	18
CAGAGTGATTTAACGT-1	12940	6189	visium_breast_cancer_SEDR	visium_breast_cancer_SEDR	20	19	5	15	1.52220223234363	6	3	12	12	17	6
CAGATAATGGGCGGGT-1	17421	19738	visium_breast_cancer_SEDR	visium_breast_cancer_SEDR	20	12	11	1	1.72286436639795	7	15	20	16	5	19
CAGATACTAACATAGT-1	9793	10222	visium_breast_cancer_SEDR	visium_breast_cancer_SEDR	20	20	7	2	1.71474311583251	9	1	13	15	10	18
CAGATATGAAGATGAC-1	6089	19954	visium_breast_cancer_SEDR	visium_breast_cancer_SEDR	20	8	1	13	1.67623493913473	5	20	18	20	6	16
CAGATCATTTAAAGTC-1	18259	9287	visium_breast_cancer_SEDR	visium_breast_cancer_SEDR	20	6	0	18	1.59921858573918	4	18	7	6	0	7
CAGATCCTGGTTTGAA-1	5821	17103	visium_breast_cancer_SEDR	visium_breast_cancer_SEDR	20	17	14	10	1.79175946922805	11	17	1	18	19	1
CAGCAGCCCGTTCCTT-1	14161	10705	visium_breast_cancer_SEDR	visium_breast_cancer_SEDR	20	20	7	2	1.71474311583251	9	1	13	15	10	18
CAGCAGTCCAGACTAT-1	17155	15936	visium_breast_cancer_SEDR	visium_breast_cancer_SEDR	20	15	3	6	1.46915938498573	3	10	5	1	1	17
CAGCAGTCTGTGCTGC-1	13600	18780	visium_breast_cancer_SEDR	visium_breast_cancer_SEDR	20	10	9	16	1.67623493913473	2	4	9	12	11	5
CAGCCCTCACAGGCAG-1	12124	4762	visium_breast_cancer_SEDR	visium_breast_cancer_SEDR	20	14	13	3	1.71474311583251	6	12	10	5	16	3
CAGCCGGGCCCTCTAT-1	15124	6668	visium_breast_cancer_SEDR	visium_breast_cancer_SEDR	20	14	13	3	1.63772676243696	15	16	10	11	16	3
CAGCCTCCTGCAGAGG-1	14026	9517	visium_breast_cancer_SEDR	visium_breast_cancer_SEDR	20	16	7	2	1.71474311583251	9	16	13	15	12	12
CAGCCTCTCCTCAAGA-1	16487	7621	visium_breast_cancer_SEDR	visium_breast_cancer_SEDR	20	13	0	18	1.71474311583251	4	18	14	17	0	7
CAGCTCACTGAGACAT-1	11564	11888	visium_breast_cancer_SEDR	visium_breast_cancer_SEDR	20	20	7	2	1.71474311583251	9	1	13	15	10	18
CAGCTCGACAAGTTAA-1	15799	10708	visium_breast_cancer_SEDR	visium_breast_cancer_SEDR	20	6	0	18	1.6458480130024	10	2	6	6	0	7
CAGCTCGTGCTTGTGT-1	9252	7370	visium_breast_cancer_SEDR	visium_breast_cancer_SEDR	20	3	12	19	1.75325129253028	19	8	8	14	13	20
CAGCTGGCGTAACCGT-1	6507	15442	visium_breast_cancer_SEDR	visium_breast_cancer_SEDR	20	16	6	12	1.60733983630463	10	2	6	4	1	17
CAGCTTAGTAGGTAGC-1	7333	11642	visium_breast_cancer_SEDR	visium_breast_cancer_SEDR	20	7	2	5	1.49313289102338	8	9	11	9	3	13
CAGGAAGACTTTATAT-1	15123	7143	visium_breast_cancer_SEDR	visium_breast_cancer_SEDR	20	18	3	20	1.59921858573918	3	10	2	11	1	3
CAGGATATATCGTTGT-1	11696	14501	visium_breast_cancer_SEDR	visium_breast_cancer_SEDR	20	7	2	11	1.60733983630463	14	14	15	9	9	14
CAGGCAGTCTTACCAG-1	15100	19496	visium_breast_cancer_SEDR	visium_breast_cancer_SEDR	20	2	4	17	1.72286436639795	16	11	3	19	4	9
CAGGCCAGTACCACCT-1	5814	20904	visium_breast_cancer_SEDR	visium_breast_cancer_SEDR	20	8	1	13	1.67623493913473	5	20	18	20	2	16
CAGGCCGTTTGGGTGT-1	9377	13309	visium_breast_cancer_SEDR	visium_breast_cancer_SEDR	20	7	2	5	1.67665455436062	8	9	15	9	3	14
CAGGCGCACGGTGGTC-1	7322	17344	visium_breast_cancer_SEDR	visium_breast_cancer_SEDR	20	8	1	13	1.67623493913473	5	20	18	20	6	16
CAGGCGCCATGCTAGG-1	13469	15692	visium_breast_cancer_SEDR	visium_breast_cancer_SEDR	20	17	14	10	1.59921858573918	11	16	17	18	19	1
CAGTAACTATTTATTG-1	17305	8572	visium_breast_cancer_SEDR	visium_breast_cancer_SEDR	20	13	0	18	1.63772676243696	4	18	14	6	0	7
CAGTAATCCCTCCCAG-1	6928	9029	visium_breast_cancer_SEDR	visium_breast_cancer_SEDR	20	9	10	19	1.59921858573918	13	8	16	14	7	4
CAGTACATTCTCTAAA-1	17441	8810	visium_breast_cancer_SEDR	visium_breast_cancer_SEDR	20	13	0	18	1.71474311583251	12	18	14	17	0	7
CAGTACCAGTTTACGT-1	5960	15441	visium_breast_cancer_SEDR	visium_breast_cancer_SEDR	20	15	3	7	1.59921858573918	3	13	5	4	1	17
CAGTAGCCCACGCGGT-1	15937	9995	visium_breast_cancer_SEDR	visium_breast_cancer_SEDR	20	6	0	18	1.60733983630463	10	5	7	6	0	7
CAGTAGCGAGGTAGTA-1	7618	4991	visium_breast_cancer_SEDR	visium_breast_cancer_SEDR	20	9	10	19	1.59921858573918	13	8	16	14	7	4
CAGTCCAACGCCTTCT-1	19903	5964	visium_breast_cancer_SEDR	visium_breast_cancer_SEDR	20	6	0	18	1.67623493913473	12	5	7	7	0	7
CAGTCGAGGATGCAAT-1	17029	9997	visium_breast_cancer_SEDR	visium_breast_cancer_SEDR	20	6	0	18	1.71474311583251	12	5	7	6	0	7
CAGTCTCTCGGCTAAT-1	7344	5466	visium_breast_cancer_SEDR	visium_breast_cancer_SEDR	20	9	10	19	1.59921858573918	13	8	16	14	7	4
CAGTCTGTATACTGGG-1	12516	14027	visium_breast_cancer_SEDR	visium_breast_cancer_SEDR	20	7	2	11	1.72286436639795	8	9	15	9	9	14
CAGTGAATAAATGACT-1	14844	9993	visium_breast_cancer_SEDR	visium_breast_cancer_SEDR	20	16	15	14	1.63814637766285	10	7	5	4	1	12
CAGTGGTTGCACATGA-1	6520	7840	visium_breast_cancer_SEDR	visium_breast_cancer_SEDR	20	9	10	19	1.59921858573918	13	8	16	14	7	4
CAGTGTCCGCAGAATG-1	8569	7606	visium_breast_cancer_SEDR	visium_breast_cancer_SEDR	20	3	12	19	1.75325129253028	19	8	8	14	13	20
CAGTGTCGGCTGGCCC-1	16061	16409	visium_breast_cancer_SEDR	visium_breast_cancer_SEDR	20	2	4	9	1.6086574211167	16	15	3	19	5	9
CAGTGTTAATCTCTCA-1	5678	20666	visium_breast_cancer_SEDR	visium_breast_cancer_SEDR	20	8	1	13	1.67623493913473	5	20	18	20	6	16
CAGTTCAAATTGACAC-1	10474	10935	visium_breast_cancer_SEDR	visium_breast_cancer_SEDR	20	20	7	2	1.71474311583251	9	1	13	15	10	18
CAGTTCCGCGGGTCGA-1	7062	10217	visium_breast_cancer_SEDR	visium_breast_cancer_SEDR	20	1	6	8	1.68435618970018	10	7	6	11	14	11
CAGTTCGAGGACCCGA-1	10184	20437	visium_breast_cancer_SEDR	visium_breast_cancer_SEDR	20	8	1	13	1.56071040904141	5	20	18	20	6	15
CATAACGGACAGTCGT-1	16341	12609	visium_breast_cancer_SEDR	visium_breast_cancer_SEDR	20	16	3	20	1.59921858573918	1	2	2	4	1	17
CATAAGAAGCTTGGCT-1	13328	17830	visium_breast_cancer_SEDR	visium_breast_cancer_SEDR	20	10	9	16	1.67623493913473	2	4	9	12	11	5
CATAAGCTCTCCGTCT-1	5417	14014	visium_breast_cancer_SEDR	visium_breast_cancer_SEDR	20	1	6	12	1.67665455436062	10	2	6	8	12	12
CATAATGAGCGGGCGA-1	9801	5471	visium_breast_cancer_SEDR	visium_breast_cancer_SEDR	20	5	12	19	1.63772676243696	19	8	8	13	13	2
CATACAAAGCCGAACC-1	8297	7131	visium_breast_cancer_SEDR	visium_breast_cancer_SEDR	20	3	12	19	1.75325129253028	19	8	8	14	13	20
CATACACGGTTCCCAC-1	11006	18538	visium_breast_cancer_SEDR	visium_breast_cancer_SEDR	20	10	9	16	1.67623493913473	2	4	9	12	11	5
CATACCCGTACCCAGT-1	7740	12831	visium_breast_cancer_SEDR	visium_breast_cancer_SEDR	20	7	2	5	1.49313289102338	8	9	11	9	3	13
CATACGAACTAGCTGG-1	7728	19482	visium_breast_cancer_SEDR	visium_breast_cancer_SEDR	20	8	1	13	1.56071040904141	5	20	18	20	2	15
CATACGGCGTCTGGGC-1	12108	13314	visium_breast_cancer_SEDR	visium_breast_cancer_SEDR	20	7	2	5	1.67665455436062	8	9	15	9	3	14
CATACGGGTGCATGAT-1	5843	5226	visium_breast_cancer_SEDR	visium_breast_cancer_SEDR	20	3	10	19	1.68435618970018	13	8	8	10	7	4
CATACTATGTAATTGT-1	10061	12598	visium_breast_cancer_SEDR	visium_breast_cancer_SEDR	20	7	2	5	1.67665455436062	8	9	15	9	3	14
CATACTTAGGCAATAC-1	18935	12851	visium_breast_cancer_SEDR	visium_breast_cancer_SEDR	20	19	5	15	1.44518587894808	6	3	12	3	17	6
CATACTTCTTTCTCCG-1	10594	20200	visium_breast_cancer_SEDR	visium_breast_cancer_SEDR	20	8	1	13	1.56071040904141	5	20	18	20	6	15
CATAGAGGAGATACTA-1	15371	20447	visium_breast_cancer_SEDR	visium_breast_cancer_SEDR	20	2	4	17	1.72286436639795	16	11	3	19	4	9
CATAGCCGCCCGGGAT-1	6516	10216	visium_breast_cancer_SEDR	visium_breast_cancer_SEDR	20	1	6	12	1.72286436639795	10	2	6	8	14	11
CATAGTACATTGAGAG-1	14030	7616	visium_breast_cancer_SEDR	visium_breast_cancer_SEDR	20	14	13	20	1.71474311583251	3	14	10	11	18	3
CATAGTAGCATAGTAG-1	9659	8558	visium_breast_cancer_SEDR	visium_breast_cancer_SEDR	20	5	8	19	1.63772676243696	17	8	16	13	7	2
CATAGTCAAATACATA-1	16192	19498	visium_breast_cancer_SEDR	visium_breast_cancer_SEDR	20	12	11	1	1.72286436639795	7	15	20	16	5	19
CATAGTCCACAAGAAC-1	7737	14731	visium_breast_cancer_SEDR	visium_breast_cancer_SEDR	20	7	2	5	1.49313289102338	8	9	11	9	3	13
CATATACTACTGATAA-1	17441	8335	visium_breast_cancer_SEDR	visium_breast_cancer_SEDR	20	6	0	18	1.59921858573918	4	18	7	6	0	7
CATATAGGTACAGTCA-1	11014	14262	visium_breast_cancer_SEDR	visium_breast_cancer_SEDR	20	7	2	5	1.67665455436062	8	9	15	9	3	14
CATATGTCAGGCTACG-1	6780	15442	visium_breast_cancer_SEDR	visium_breast_cancer_SEDR	20	1	6	12	1.67665455436062	10	2	6	8	12	12
CATATTATTTGCCCTA-1	14305	6191	visium_breast_cancer_SEDR	visium_breast_cancer_SEDR	20	19	5	15	1.44518587894808	6	3	12	3	17	6
CATCAAACTGGCGCCC-1	19491	7626	visium_breast_cancer_SEDR	visium_breast_cancer_SEDR	20	13	0	18	1.75325129253028	4	6	14	17	0	7
CATCATCTACCCGGAC-1	12939	6664	visium_breast_cancer_SEDR	visium_breast_cancer_SEDR	20	14	8	3	1.54617573838128	17	14	10	13	15	3
CATCATTACCCTGAGG-1	16335	16410	visium_breast_cancer_SEDR	visium_breast_cancer_SEDR	20	2	4	9	1.6086574211167	16	15	3	19	4	9
CATCCAATATAGTTTG-1	5953	19717	visium_breast_cancer_SEDR	visium_breast_cancer_SEDR	20	8	1	13	1.67623493913473	5	20	18	20	6	16
CATCCCGAGATTCATA-1	19194	20454	visium_breast_cancer_SEDR	visium_breast_cancer_SEDR	20	12	11	1	1.72286436639795	7	15	20	16	5	19
CATCCGCAGGCCCGAA-1	5565	7601	visium_breast_cancer_SEDR	visium_breast_cancer_SEDR	20	9	10	19	1.59921858573918	13	8	16	14	7	4
CATCCTCTCAAAGATC-1	16061	16885	visium_breast_cancer_SEDR	visium_breast_cancer_SEDR	20	2	4	17	1.6086574211167	16	15	3	19	5	9
CATCGCCCGCGGCCAA-1	9525	7370	visium_breast_cancer_SEDR	visium_breast_cancer_SEDR	20	3	12	19	1.75325129253028	19	8	8	14	13	20
CATCGGACGGGTTAAT-1	11424	14025	visium_breast_cancer_SEDR	visium_breast_cancer_SEDR	20	7	2	5	1.67665455436062	8	9	15	9	3	14
CATCTACCCGAGAACG-1	18812	5487	visium_breast_cancer_SEDR	visium_breast_cancer_SEDR	20	6	0	18	1.67623493913473	12	5	7	17	0	7
CATCTATCCCGTGTCT-1	17168	8335	visium_breast_cancer_SEDR	visium_breast_cancer_SEDR	20	13	0	18	1.71474311583251	4	18	14	17	0	7
CATCTTACACCACCTC-1	17024	12848	visium_breast_cancer_SEDR	visium_breast_cancer_SEDR	20	4	5	4	1.48369405564586	6	3	4	3	8	10
CATGAACCGACATTTG-1	9390	6658	visium_breast_cancer_SEDR	visium_breast_cancer_SEDR	20	3	12	19	1.75325129253028	19	8	8	14	13	20
CATGAACCTCTTATCA-1	12942	5239	visium_breast_cancer_SEDR	visium_breast_cancer_SEDR	20	19	5	15	1.52220223234363	6	3	12	12	17	6
CATGACTTCGCTGAAT-1	17978	13562	visium_breast_cancer_SEDR	visium_breast_cancer_SEDR	20	19	5	15	1.44518587894808	6	3	12	3	17	6
CATGAGATGCACTCTC-1	14284	18069	visium_breast_cancer_SEDR	visium_breast_cancer_SEDR	20	10	9	16	1.67623493913473	2	4	9	12	11	5
CATGATCGCTTTGAGA-1	19332	19741	visium_breast_cancer_SEDR	visium_breast_cancer_SEDR	20	2	4	1	1.6086574211167	16	15	3	16	5	9
CATGATGCACAATTCT-1	12935	9040	visium_breast_cancer_SEDR	visium_breast_cancer_SEDR	20	14	7	3	1.67623493913473	17	14	13	15	15	3
CATGATGGAAGTTAGC-1	17566	14749	visium_breast_cancer_SEDR	visium_breast_cancer_SEDR	20	4	5	4	1.54617573838128	15	3	4	3	8	10
CATGCATGGAGACCCT-1	13078	5477	visium_breast_cancer_SEDR	visium_breast_cancer_SEDR	20	19	5	15	1.52220223234363	6	3	12	12	17	6
CATGCCAACTCGCAAA-1	6372	14254	visium_breast_cancer_SEDR	visium_breast_cancer_SEDR	20	1	16	8	1.59921858573918	14	2	6	9	9	11
CATGCGACCAGTTTAA-1	16892	10235	visium_breast_cancer_SEDR	visium_breast_cancer_SEDR	20	6	0	18	1.60733983630463	10	5	7	6	0	7
CATGCGTTAGACAGAA-1	12118	7613	visium_breast_cancer_SEDR	visium_breast_cancer_SEDR	20	5	8	19	1.67623493913473	17	8	16	13	15	2
CATGCGTTGAGAGGAG-1	9773	21149	visium_breast_cancer_SEDR	visium_breast_cancer_SEDR	20	8	1	13	1.56071040904141	5	20	19	20	2	15
CATGCTGGCTCCAATT-1	11710	6899	visium_breast_cancer_SEDR	visium_breast_cancer_SEDR	20	3	12	19	1.75325129253028	19	8	8	14	13	20
CATGGAAATGGGACCA-1	17720	5485	visium_breast_cancer_SEDR	visium_breast_cancer_SEDR	20	6	0	18	1.71474311583251	12	5	7	6	0	7
CATGGATTGTCTTCCG-1	17289	17124	visium_breast_cancer_SEDR	visium_breast_cancer_SEDR	20	2	4	17	1.72286436639795	16	11	3	19	4	9
CATGGCAGGAAGATCG-1	11298	8086	visium_breast_cancer_SEDR	visium_breast_cancer_SEDR	20	5	8	19	1.63772676243696	17	8	16	13	7	2
CATGGGTATGCCTTAT-1	14694	17357	visium_breast_cancer_SEDR	visium_breast_cancer_SEDR	20	10	9	16	1.67623493913473	2	4	9	2	11	5
CATGGGTCGGGTGTGG-1	15119	9044	visium_breast_cancer_SEDR	visium_breast_cancer_SEDR	20	15	3	7	1.63772676243696	3	13	5	1	1	8
CATGGTCTAGATACCG-1	12523	10227	visium_breast_cancer_SEDR	visium_breast_cancer_SEDR	20	20	7	2	1.71474311583251	9	1	13	15	10	18
CATGGTTTATTAATCA-1	17556	20451	visium_breast_cancer_SEDR	visium_breast_cancer_SEDR	20	12	11	1	1.72286436639795	7	15	20	16	5	19
CATGTAAGAGACATTT-1	15788	16884	visium_breast_cancer_SEDR	visium_breast_cancer_SEDR	20	2	4	9	1.6086574211167	16	15	3	19	5	9
CATGTAGGAGCGCCAA-1	18672	7625	visium_breast_cancer_SEDR	visium_breast_cancer_SEDR	20	13	0	18	1.75325129253028	4	6	14	17	0	7
CATGTCTCATTTATGG-1	15107	15695	visium_breast_cancer_SEDR	visium_breast_cancer_SEDR	20	18	3	10	1.71474311583251	3	7	2	2	1	1
CATTACATAGATTGTG-1	19485	10477	visium_breast_cancer_SEDR	visium_breast_cancer_SEDR	20	6	0	18	1.6458480130024	10	18	7	4	0	7
CATTACGCAGGAAGGG-1	17282	20925	visium_breast_cancer_SEDR	visium_breast_cancer_SEDR	20	12	11	1	1.72286436639795	7	15	20	16	5	19
CATTACGTCGGCCCGT-1	12390	8563	visium_breast_cancer_SEDR	visium_breast_cancer_SEDR	20	5	8	19	1.67623493913473	17	8	16	13	15	2
CATTATAACAGGGTCC-1	12397	4288	visium_breast_cancer_SEDR	visium_breast_cancer_SEDR	20	14	13	3	1.75325129253028	6	12	10	12	16	3
CATTATCCCATTAACG-1	7727	19957	visium_breast_cancer_SEDR	visium_breast_cancer_SEDR	20	8	1	13	1.63772676243696	5	20	19	20	6	15
CATTATGCTTGTTGTG-1	10612	10223	visium_breast_cancer_SEDR	visium_breast_cancer_SEDR	20	20	7	2	1.71474311583251	9	1	13	15	10	18
CATTCACTGACAGCTA-1	12669	5238	visium_breast_cancer_SEDR	visium_breast_cancer_SEDR	20	19	5	15	1.52220223234363	6	3	12	12	17	6
CATTCAGGTCAGTGCG-1	6389	5227	visium_breast_cancer_SEDR	visium_breast_cancer_SEDR	20	3	10	19	1.68435618970018	13	8	8	10	7	4
CATTCCCATTCCGTCG-1	19620	11665	visium_breast_cancer_SEDR	visium_breast_cancer_SEDR	20	4	5	4	1.63772676243696	18	3	4	3	8	10
CATTCCCTAAGTACAA-1	5976	6889	visium_breast_cancer_SEDR	visium_breast_cancer_SEDR	20	3	10	19	1.68435618970018	13	8	8	10	7	4
CATTGATGAACACGCC-1	19760	9527	visium_breast_cancer_SEDR	visium_breast_cancer_SEDR	20	6	0	18	1.75325129253028	12	18	7	6	0	7
CATTGCGGGTCAATTC-1	19213	10001	visium_breast_cancer_SEDR	visium_breast_cancer_SEDR	20	6	0	18	1.75325129253028	12	18	7	6	0	7
CATTGTGTGCTAGATC-1	5566	7126	visium_breast_cancer_SEDR	visium_breast_cancer_SEDR	20	9	10	19	1.71474311583251	13	8	16	13	15	4
CATTTAGCGGACCATG-1	15118	9994	visium_breast_cancer_SEDR	visium_breast_cancer_SEDR	20	15	15	7	1.58468391507905	4	13	5	1	1	12
CATTTATCGTTCAAGA-1	14034	5241	visium_breast_cancer_SEDR	visium_breast_cancer_SEDR	20	19	5	15	1.44518587894808	6	3	12	3	17	6
CATTTCTAGCAGACTA-1	7067	7841	visium_breast_cancer_SEDR	visium_breast_cancer_SEDR	20	3	10	19	1.59921858573918	13	8	8	14	7	4
CCAAACAGAACCCTCG-1	10067	9272	visium_breast_cancer_SEDR	visium_breast_cancer_SEDR	20	5	8	19	1.63772676243696	17	14	16	14	7	2
CCAAATAACAAGATTC-1	18929	16177	visium_breast_cancer_SEDR	visium_breast_cancer_SEDR	20	15	3	6	1.63772676243696	3	13	5	1	1	8
CCAAATCAAAGGGCAA-1	6496	21143	visium_breast_cancer_SEDR	visium_breast_cancer_SEDR	20	8	1	13	1.67623493913473	5	20	18	20	6	16
CCAACCTTATGTAACT-1	9092	19960	visium_breast_cancer_SEDR	visium_breast_cancer_SEDR	20	8	1	13	1.56071040904141	5	20	18	20	2	15
CCAACGATGCACTGAT-1	8562	11407	visium_breast_cancer_SEDR	visium_breast_cancer_SEDR	20	7	2	11	1.6458480130024	14	9	15	9	9	14
CCAACGCTTGCCAGGG-1	17172	6434	visium_breast_cancer_SEDR	visium_breast_cancer_SEDR	20	6	0	18	1.75325129253028	12	18	7	6	0	7
CCAAGACTTCTGCGAA-1	11980	8800	visium_breast_cancer_SEDR	visium_breast_cancer_SEDR	20	5	8	19	1.67623493913473	17	8	16	13	15	2
CCAAGCGTAACTCGTA-1	13203	11891	visium_breast_cancer_SEDR	visium_breast_cancer_SEDR	20	20	7	2	1.71474311583251	9	1	13	15	10	18
CCAAGGAACAGAGAGG-1	10071	7371	visium_breast_cancer_SEDR	visium_breast_cancer_SEDR	20	3	12	19	1.75325129253028	19	8	8	14	13	20
CCAAGGTTGCCCTTTC-1	18375	20452	visium_breast_cancer_SEDR	visium_breast_cancer_SEDR	20	12	11	1	1.72286436639795	7	15	20	16	5	19
CCAATAGTGCCGTCGA-1	9243	12121	visium_breast_cancer_SEDR	visium_breast_cancer_SEDR	20	7	2	5	1.49313289102338	8	9	11	9	3	13
CCAATCGGTAGATCGA-1	14986	7380	visium_breast_cancer_SEDR	visium_breast_cancer_SEDR	20	18	3	20	1.59921858573918	3	10	2	11	1	3
CCAATGTCACAGCAAG-1	10197	12835	visium_breast_cancer_SEDR	visium_breast_cancer_SEDR	20	7	2	5	1.67665455436062	8	9	15	9	3	14
CCAATTACGGGTCGAG-1	16212	8570	visium_breast_cancer_SEDR	visium_breast_cancer_SEDR	20	6	0	18	1.71474311583251	12	5	7	6	0	7
CCAATTGAATGTTAAT-1	9795	8796	visium_breast_cancer_SEDR	visium_breast_cancer_SEDR	20	5	8	19	1.63772676243696	17	8	16	13	7	2
CCACAATGTACGTCTT-1	15116	10944	visium_breast_cancer_SEDR	visium_breast_cancer_SEDR	20	16	15	14	1.53032348290908	10	7	5	1	1	12
CCACACTGAGATATTA-1	10197	13310	visium_breast_cancer_SEDR	visium_breast_cancer_SEDR	20	7	2	5	1.67665455436062	8	9	15	9	3	14
CCACAGCTGAAATCAT-1	7343	5941	visium_breast_cancer_SEDR	visium_breast_cancer_SEDR	20	3	10	19	1.68435618970018	13	8	8	10	7	4
CCACAGTACCCATCCT-1	16063	15459	visium_breast_cancer_SEDR	visium_breast_cancer_SEDR	20	18	3	20	1.56071040904141	3	10	2	11	1	17
CCACATACTGCACCCA-1	19611	16416	visium_breast_cancer_SEDR	visium_breast_cancer_SEDR	20	15	3	7	1.63772676243696	3	13	5	1	1	8
CCACCCAAGGAAAGTG-1	13747	12842	visium_breast_cancer_SEDR	visium_breast_cancer_SEDR	20	7	2	11	1.68435618970018	8	14	15	9	9	14
CCACGAATTTAACCTC-1	18387	13801	visium_breast_cancer_SEDR	visium_breast_cancer_SEDR	20	4	5	4	1.56071040904141	6	3	12	3	8	10
CCACGAGAAGAGAATC-1	13756	8091	visium_breast_cancer_SEDR	visium_breast_cancer_SEDR	20	18	3	20	1.56071040904141	3	10	2	11	1	17
CCACGGAGCCATAAGA-1	7190	15205	visium_breast_cancer_SEDR	visium_breast_cancer_SEDR	20	1	6	12	1.67665455436062	10	2	6	8	12	11
CCACGGTGCCCGGTAG-1	18117	12375	visium_breast_cancer_SEDR	visium_breast_cancer_SEDR	20	4	5	4	1.63772676243696	18	3	4	3	8	10
CCACTAAACTGAATCG-1	5980	4988	visium_breast_cancer_SEDR	visium_breast_cancer_SEDR	20	3	10	19	1.68435618970018	13	8	8	10	7	4
CCACTATCCGGGTCAC-1	19348	11189	visium_breast_cancer_SEDR	visium_breast_cancer_SEDR	20	18	3	20	1.50766756168351	3	16	4	11	1	17
CCACTCAGATCCGCAA-1	14414	21157	visium_breast_cancer_SEDR	visium_breast_cancer_SEDR	20	2	4	17	1.47387880267449	7	15	3	19	5	9
CCACTGGTGGCTGGTT-1	6374	13304	visium_breast_cancer_SEDR	visium_breast_cancer_SEDR	20	7	16	8	1.63772676243696	14	2	11	9	9	11
CCACTGTTTGGATTAA-1	17970	17838	visium_breast_cancer_SEDR	visium_breast_cancer_SEDR	20	18	17	10	1.56071040904141	15	10	2	2	1	1
CCAGAAACTGATGCGA-1	19467	20454	visium_breast_cancer_SEDR	visium_breast_cancer_SEDR	20	12	11	1	1.72286436639795	7	15	20	16	5	19
CCAGAGACAAAGCCGG-1	6381	9503	visium_breast_cancer_SEDR	visium_breast_cancer_SEDR	20	1	6	12	1.56883165960686	10	2	6	11	14	12
CCAGATAGTTGAGTGA-1	14980	10706	visium_breast_cancer_SEDR	visium_breast_cancer_SEDR	20	16	15	14	1.44009004366548	12	7	5	1	14	12
CCAGCCTGGACCAATA-1	12382	12839	visium_breast_cancer_SEDR	visium_breast_cancer_SEDR	20	7	2	5	1.67665455436062	8	9	15	9	3	14
CCAGCTACGCCTCATA-1	8298	6180	visium_breast_cancer_SEDR	visium_breast_cancer_SEDR	20	3	10	19	1.59921858573918	13	8	8	14	7	2
CCAGCTCGAACGCATT-1	12371	19016	visium_breast_cancer_SEDR	visium_breast_cancer_SEDR	20	10	9	16	1.67623493913473	2	4	9	12	11	5
CCAGCTGATGGTACTT-1	6375	12828	visium_breast_cancer_SEDR	visium_breast_cancer_SEDR	20	7	2	5	1.32456551357215	14	9	11	9	3	13
CCAGCTTCCGCCCGCA-1	5832	10927	visium_breast_cancer_SEDR	visium_breast_cancer_SEDR	20	1	6	12	1.67665455436062	10	2	6	8	12	11
CCAGGGACGTGGCCTC-1	10748	10461	visium_breast_cancer_SEDR	visium_breast_cancer_SEDR	20	20	7	2	1.71474311583251	9	1	13	15	10	18
CCAGTAGTCTGATCCA-1	15936	10470	visium_breast_cancer_SEDR	visium_breast_cancer_SEDR	20	6	0	18	1.71474311583251	12	2	6	6	0	7
CCAGTCCATTATTCGA-1	6523	6415	visium_breast_cancer_SEDR	visium_breast_cancer_SEDR	20	3	10	19	1.68435618970018	13	8	8	10	7	4
CCAGTCTAGACGGCGC-1	15254	9756	visium_breast_cancer_SEDR	visium_breast_cancer_SEDR	20	15	3	7	1.36307369026993	3	13	5	1	1	12
CCAGTCTTGTCATAGA-1	11553	18064	visium_breast_cancer_SEDR	visium_breast_cancer_SEDR	20	10	9	16	1.67623493913473	2	4	9	12	11	5
CCAGTGTACAGACCGA-1	5950	21142	visium_breast_cancer_SEDR	visium_breast_cancer_SEDR	20	8	1	13	1.67623493913473	5	20	18	20	2	16
CCAGTTCGGTAACTCA-1	15643	21397	visium_breast_cancer_SEDR	visium_breast_cancer_SEDR	20	2	4	17	1.72286436639795	16	11	3	19	4	9
CCATAAACAACCCGAC-1	13894	7378	visium_breast_cancer_SEDR	visium_breast_cancer_SEDR	20	14	13	3	1.75325129253028	6	14	10	11	15	3
CCATACCTTTACTTGT-1	17436	11186	visium_breast_cancer_SEDR	visium_breast_cancer_SEDR	20	15	3	20	1.63772676243696	3	5	7	4	1	17
CCATAGGTTGGCGTGG-1	11981	8325	visium_breast_cancer_SEDR	visium_breast_cancer_SEDR	20	5	8	19	1.63772676243696	17	8	16	13	7	2
CCATAGTCAGTAACCC-1	5838	7601	visium_breast_cancer_SEDR	visium_breast_cancer_SEDR	20	9	10	19	1.67623493913473	13	8	16	13	14	4
CCATATGGAAACTATA-1	17563	16650	visium_breast_cancer_SEDR	visium_breast_cancer_SEDR	20	2	4	9	1.72286436639795	16	7	3	19	4	9
CCATATTGGATCATGA-1	5021	6650	visium_breast_cancer_SEDR	visium_breast_cancer_SEDR	20	9	10	19	1.67623493913473	13	14	16	13	7	4
CCATCCATACCAAGTC-1	8706	7369	visium_breast_cancer_SEDR	visium_breast_cancer_SEDR	20	3	12	19	1.75325129253028	19	8	8	14	13	20
CCATCTCACCAGTGAA-1	16887	13085	visium_breast_cancer_SEDR	visium_breast_cancer_SEDR	20	4	5	4	1.48369405564586	6	3	4	3	8	10
CCATCTTGTTCACAAT-1	9118	5707	visium_breast_cancer_SEDR	visium_breast_cancer_SEDR	20	3	12	19	1.75325129253028	19	8	8	14	13	20
CCATGCCCTAGATTTC-1	16879	17361	visium_breast_cancer_SEDR	visium_breast_cancer_SEDR	20	2	4	17	1.6086574211167	16	15	3	19	5	9
CCATGCCTGTTTAGTA-1	10744	12361	visium_breast_cancer_SEDR	visium_breast_cancer_SEDR	20	7	2	5	1.67665455436062	8	9	15	9	3	14
CCATGCTCTGCAGGAA-1	9385	9033	visium_breast_cancer_SEDR	visium_breast_cancer_SEDR	20	5	8	19	1.63772676243696	17	8	16	13	7	2
CCATGGCCCTTGTACC-1	6513	11641	visium_breast_cancer_SEDR	visium_breast_cancer_SEDR	20	7	16	11	1.67623493913473	14	14	11	9	9	11
CCATGTTCATCTATAT-1	7317	20194	visium_breast_cancer_SEDR	visium_breast_cancer_SEDR	20	8	1	13	1.75325129253028	5	20	19	20	6	16
CCATTAGCGATAATCC-1	9244	11646	visium_breast_cancer_SEDR	visium_breast_cancer_SEDR	20	7	2	11	1.6458480130024	14	9	15	9	9	14
CCATTCCCTGCCCACA-1	8834	11883	visium_breast_cancer_SEDR	visium_breast_cancer_SEDR	20	7	2	11	1.72286436639795	8	9	15	9	9	14
CCATTGTTTCCTCCAT-1	20304	10953	visium_breast_cancer_SEDR	visium_breast_cancer_SEDR	20	18	3	20	1.67623493913473	3	16	2	3	1	17
CCATTTCTACCTATTA-1	13193	17117	visium_breast_cancer_SEDR	visium_breast_cancer_SEDR	20	10	9	16	1.67623493913473	2	4	9	12	11	5
CCCAAACATGCTGCTC-1	15523	12132	visium_breast_cancer_SEDR	visium_breast_cancer_SEDR	20	16	6	12	1.59963820096508	10	2	6	4	0	12
CCCAACATACGTCGCG-1	8284	14257	visium_breast_cancer_SEDR	visium_breast_cancer_SEDR	20	7	2	5	1.49313289102338	8	9	11	9	3	13
CCCAACCACACTAACA-1	12531	5951	visium_breast_cancer_SEDR	visium_breast_cancer_SEDR	20	19	5	15	1.52220223234363	6	3	12	12	17	6
CCCAAGACAGAGTATG-1	10348	4996	visium_breast_cancer_SEDR	visium_breast_cancer_SEDR	20	14	8	3	1.56071040904141	17	12	16	13	15	3
CCCAAGTCATTACACT-1	16601	20211	visium_breast_cancer_SEDR	visium_breast_cancer_SEDR	20	12	11	1	1.72286436639795	7	15	20	16	5	19
CCCAATGAGATTTGCA-1	8959	18297	visium_breast_cancer_SEDR	visium_breast_cancer_SEDR	20	8	1	13	1.56071040904141	5	20	18	20	6	15
CCCAATTTCACAACTT-1	8012	13307	visium_breast_cancer_SEDR	visium_breast_cancer_SEDR	20	7	2	5	1.49313289102338	8	9	11	9	3	13
CCCAGAGGAGGGCGTA-1	17850	9049	visium_breast_cancer_SEDR	visium_breast_cancer_SEDR	20	6	0	18	1.75325129253028	12	18	7	6	0	7
CCCAGGAAGAATTCGA-1	12502	21629	visium_breast_cancer_SEDR	visium_breast_cancer_SEDR	20	8	1	13	1.56071040904141	5	20	18	20	6	15
CCCAGGTCTGAAGGCT-1	18655	16652	visium_breast_cancer_SEDR	visium_breast_cancer_SEDR	20	15	3	7	1.63772676243696	3	13	5	1	1	8
CCCAGTAAACTTGGGA-1	5140	16389	visium_breast_cancer_SEDR	visium_breast_cancer_SEDR	20	15	3	7	1.79175946922805	20	19	5	1	1	8
CCCAGTTAAGGCGCCG-1	14701	14031	visium_breast_cancer_SEDR	visium_breast_cancer_SEDR	20	17	14	13	1.63772676243696	11	17	17	18	19	15
CCCATATAGGTCGATT-1	19469	19504	visium_breast_cancer_SEDR	visium_breast_cancer_SEDR	20	11	17	10	1.46915938498573	16	10	2	2	4	1
CCCGAAGTTTCGCGAA-1	5006	14726	visium_breast_cancer_SEDR	visium_breast_cancer_SEDR	20	1	6	12	1.67665455436062	10	2	6	8	12	12
CCCGACCATAGTCCGC-1	13618	8803	visium_breast_cancer_SEDR	visium_breast_cancer_SEDR	20	18	3	20	1.63772676243696	3	7	2	11	1	17
CCCGAGTTTCTCCGTA-1	18248	15463	visium_breast_cancer_SEDR	visium_breast_cancer_SEDR	20	10	9	16	1.71474311583251	6	4	9	12	11	5
CCCGCAGCGCGAACTA-1	12650	15691	visium_breast_cancer_SEDR	visium_breast_cancer_SEDR	20	16	6	10	1.59963820096508	10	16	2	4	12	1
CCCGCAGGGCCCAAAG-1	14304	6667	visium_breast_cancer_SEDR	visium_breast_cancer_SEDR	20	4	5	15	1.52220223234363	6	3	4	3	17	10
CCCGCCATGCTCCCGT-1	9113	8557	visium_breast_cancer_SEDR	visium_breast_cancer_SEDR	20	9	8	19	1.63772676243696	13	8	16	13	7	2
CCCGCGCAATGCACCC-1	6656	8553	visium_breast_cancer_SEDR	visium_breast_cancer_SEDR	20	9	10	19	1.59921858573918	13	8	16	14	7	4
CCCGGGTCGTTCAGGG-1	11277	19489	visium_breast_cancer_SEDR	visium_breast_cancer_SEDR	20	17	14	10	1.67623493913473	11	17	1	18	18	1
CCCGGTGGAAGAACCT-1	6380	9978	visium_breast_cancer_SEDR	visium_breast_cancer_SEDR	20	1	6	12	1.67665455436062	10	2	6	8	12	11
CCCGGTGTATCGGAAT-1	5822	16628	visium_breast_cancer_SEDR	visium_breast_cancer_SEDR	20	15	3	6	1.79175946922805	20	19	5	1	1	8
CCCGTAAGTCTAGGCC-1	7329	13543	visium_breast_cancer_SEDR	visium_breast_cancer_SEDR	20	7	2	5	1.49313289102338	8	9	11	9	3	13
CCCGTAGCTGGGAAGA-1	8824	17584	visium_breast_cancer_SEDR	visium_breast_cancer_SEDR	20	8	1	13	1.52220223234363	5	20	1	20	2	15
CCCGTCAGCGTCTGAC-1	10477	9510	visium_breast_cancer_SEDR	visium_breast_cancer_SEDR	20	5	8	19	1.63772676243696	17	14	16	13	9	2
CCCGTTTCGCAGATGT-1	17973	16413	visium_breast_cancer_SEDR	visium_breast_cancer_SEDR	20	18	3	10	1.67623493913473	3	7	2	1	1	1
CCCTACCCACACCCAG-1	15779	21635	visium_breast_cancer_SEDR	visium_breast_cancer_SEDR	20	2	4	17	1.72286436639795	16	11	3	19	4	9
CCCTACTTGAACAATG-1	15235	20684	visium_breast_cancer_SEDR	visium_breast_cancer_SEDR	20	2	4	17	1.72286436639795	16	11	3	19	4	9
CCCTAGTGTCAGGTGT-1	6250	6414	visium_breast_cancer_SEDR	visium_breast_cancer_SEDR	20	3	10	19	1.68435618970018	13	8	8	10	7	4
CCCTATGTAGAGCAGA-1	6774	18293	visium_breast_cancer_SEDR	visium_breast_cancer_SEDR	20	8	1	13	1.67623493913473	5	20	18	20	6	16
CCCTCATTCTGGAATT-1	9524	7846	visium_breast_cancer_SEDR	visium_breast_cancer_SEDR	20	3	12	19	1.75325129253028	19	8	8	14	13	20
CCCTCCTCGCTCGTAT-1	17974	15938	visium_breast_cancer_SEDR	visium_breast_cancer_SEDR	20	18	3	20	1.54617573838128	3	7	5	11	1	17
CCCTCGATAATACACA-1	7453	20432	visium_breast_cancer_SEDR	visium_breast_cancer_SEDR	20	8	1	13	1.75325129253028	5	20	19	20	6	16
CCCTCGGGAGCCTTGT-1	11441	4523	visium_breast_cancer_SEDR	visium_breast_cancer_SEDR	20	14	13	3	1.71474311583251	17	12	10	5	16	3
CCCTGAAATGAGTTGA-1	8835	11408	visium_breast_cancer_SEDR	visium_breast_cancer_SEDR	20	7	2	11	1.68435618970018	8	14	15	9	9	14
CCCTGACTAACAAATT-1	5146	13064	visium_breast_cancer_SEDR	visium_breast_cancer_SEDR	20	1	6	12	1.67665455436062	10	2	6	8	12	11
CCCTGATGTAACTCGT-1	5702	7363	visium_breast_cancer_SEDR	visium_breast_cancer_SEDR	20	9	10	19	1.67623493913473	13	8	16	13	14	4
CCCTGCCCAATCCGCT-1	6100	13778	visium_breast_cancer_SEDR	visium_breast_cancer_SEDR	20	1	6	12	1.67665455436062	10	2	6	8	12	11
CCCTGCGCTACGCATA-1	6786	12116	visium_breast_cancer_SEDR	visium_breast_cancer_SEDR	20	7	2	5	1.49313289102338	8	9	11	9	3	13
CCCTGGTATGGGCGGC-1	13351	5477	visium_breast_cancer_SEDR	visium_breast_cancer_SEDR	20	19	5	15	1.52220223234363	6	3	12	12	17	6
CCCTTTAATGGAGTTC-1	18378	19027	visium_breast_cancer_SEDR	visium_breast_cancer_SEDR	20	2	4	9	1.4546247143256	16	15	3	2	4	9
CCGAAAGTGGTGAGCA-1	7203	8079	visium_breast_cancer_SEDR	visium_breast_cancer_SEDR	20	9	10	19	1.59921858573918	13	8	16	14	7	4
CCGAACACTGGGCCTC-1	5962	14491	visium_breast_cancer_SEDR	visium_breast_cancer_SEDR	20	1	6	12	1.67665455436062	10	2	6	8	12	12
CCGAACCTTCCCGGCC-1	13196	15692	visium_breast_cancer_SEDR	visium_breast_cancer_SEDR	20	18	14	10	1.44518587894808	3	16	17	18	15	1
CCGAAGTATATTGTTC-1	6518	9265	visium_breast_cancer_SEDR	visium_breast_cancer_SEDR	20	9	10	19	1.56071040904141	13	8	16	11	14	12
CCGACAAACACATGAG-1	5428	7838	visium_breast_cancer_SEDR	visium_breast_cancer_SEDR	20	9	10	19	1.71474311583251	13	8	16	13	7	4
CCGACAAAGGGAGTGC-1	6377	11878	visium_breast_cancer_SEDR	visium_breast_cancer_SEDR	20	7	2	11	1.50766756168351	14	14	11	9	9	13
CCGACAATAGGCCGCC-1	18653	17602	visium_breast_cancer_SEDR	visium_breast_cancer_SEDR	20	4	5	4	1.54617573838128	15	3	4	3	8	10
CCGACGGGCATGAGGT-1	7050	16868	visium_breast_cancer_SEDR	visium_breast_cancer_SEDR	20	8	1	13	1.75325129253028	5	20	1	20	6	16
CCGACGTAAACACAAC-1	16761	7146	visium_breast_cancer_SEDR	visium_breast_cancer_SEDR	20	13	0	18	1.71474311583251	4	18	14	17	0	7
CCGACTCGCATAGTCT-1	13898	5003	visium_breast_cancer_SEDR	visium_breast_cancer_SEDR	20	19	5	15	1.44518587894808	6	3	12	3	17	6
CCGAGAAGTCGCATAA-1	18795	14989	visium_breast_cancer_SEDR	visium_breast_cancer_SEDR	20	10	9	16	1.67623493913473	2	4	9	12	11	5
CCGAGCTGTGCTTGTC-1	18807	8338	visium_breast_cancer_SEDR	visium_breast_cancer_SEDR	20	13	0	18	1.75325129253028	4	6	14	17	0	7
CCGAGGGATGTTAGGC-1	11986	5475	visium_breast_cancer_SEDR	visium_breast_cancer_SEDR	20	19	5	15	1.53164106772115	6	12	10	3	17	6
CCGATCTCAACCTTAT-1	17297	12848	visium_breast_cancer_SEDR	visium_breast_cancer_SEDR	20	19	5	15	1.56071040904141	6	3	12	3	17	10
CCGATCTTAAGAGGCT-1	20175	6440	visium_breast_cancer_SEDR	visium_breast_cancer_SEDR	20	6	0	18	1.67623493913473	12	5	7	7	0	7
CCGATTCGAGGGACCC-1	6238	13066	visium_breast_cancer_SEDR	visium_breast_cancer_SEDR	20	7	16	11	1.63772676243696	14	2	11	9	9	11
CCGCACAAAGACCAAC-1	13884	12605	visium_breast_cancer_SEDR	visium_breast_cancer_SEDR	20	7	2	11	1.68435618970018	8	14	15	9	9	14
CCGCACGTGACCTCGG-1	7061	10692	visium_breast_cancer_SEDR	visium_breast_cancer_SEDR	20	7	2	11	1.72286436639795	8	9	15	9	9	14
CCGCACTTGCAATGAC-1	18102	20452	visium_breast_cancer_SEDR	visium_breast_cancer_SEDR	20	12	11	1	1.72286436639795	7	15	20	16	5	19
CCGCATGTGGTACGAT-1	12510	17353	visium_breast_cancer_SEDR	visium_breast_cancer_SEDR	20	10	9	16	1.67623493913473	2	4	9	12	11	5
CCGCCACCACAATCCA-1	12533	5000	visium_breast_cancer_SEDR	visium_breast_cancer_SEDR	20	19	5	15	1.44518587894808	6	3	12	3	17	6
CCGCCGGAACTTCTCG-1	5139	16865	visium_breast_cancer_SEDR	visium_breast_cancer_SEDR	20	15	3	7	1.79175946922805	20	19	5	1	1	8
CCGCCGGTCAACACAC-1	11027	7136	visium_breast_cancer_SEDR	visium_breast_cancer_SEDR	20	3	12	19	1.75325129253028	19	8	8	14	13	20
CCGCCGTTGAGGATAA-1	19751	14753	visium_breast_cancer_SEDR	visium_breast_cancer_SEDR	20	18	3	20	1.67623493913473	3	7	2	4	1	17
CCGCCTGCGAATTGGT-1	16760	7621	visium_breast_cancer_SEDR	visium_breast_cancer_SEDR	20	13	0	18	1.71474311583251	4	18	14	17	0	7
CCGCGGGTACGAAGAA-1	7060	11642	visium_breast_cancer_SEDR	visium_breast_cancer_SEDR	20	7	2	5	1.49313289102338	8	9	11	9	3	13
CCGCGTAGGTAAGGGC-1	6514	11166	visium_breast_cancer_SEDR	visium_breast_cancer_SEDR	20	7	16	11	1.51578881224895	14	14	15	1	9	11
CCGCTATCAGCACCAG-1	12105	14739	visium_breast_cancer_SEDR	visium_breast_cancer_SEDR	20	16	6	12	1.59921858573918	14	16	6	4	12	12
CCGCTCCAGGGCGATC-1	12913	20917	visium_breast_cancer_SEDR	visium_breast_cancer_SEDR	20	2	4	17	1.56883165960686	16	11	3	2	4	9
CCGCTCTTCCGAACTA-1	17012	19024	visium_breast_cancer_SEDR	visium_breast_cancer_SEDR	20	12	11	1	1.72286436639795	7	15	20	16	5	19
CCGCTGGTGCCATTCA-1	13624	5478	visium_breast_cancer_SEDR	visium_breast_cancer_SEDR	20	19	5	15	1.44518587894808	6	3	12	3	17	6
CCGCTTACCTCACTCT-1	8282	15207	visium_breast_cancer_SEDR	visium_breast_cancer_SEDR	20	7	2	5	1.49313289102338	8	9	11	9	3	13
CCGCTTGCTGACATGG-1	18939	10476	visium_breast_cancer_SEDR	visium_breast_cancer_SEDR	20	6	0	18	1.71474311583251	12	18	2	4	0	7
CCGGAAGTGCAATATG-1	17826	21876	visium_breast_cancer_SEDR	visium_breast_cancer_SEDR	20	2	4	17	1.72286436639795	16	11	3	19	4	9
CCGGAATGGTTTCAGT-1	7882	9743	visium_breast_cancer_SEDR	visium_breast_cancer_SEDR	20	16	15	14	1.60733983630463	10	7	5	6	14	12
CCGGAGCGTACTTTCT-1	11144	17826	visium_breast_cancer_SEDR	visium_breast_cancer_SEDR	20	10	9	16	1.67623493913473	2	4	9	12	11	5
CCGGAGGTCTTATGGT-1	19626	8339	visium_breast_cancer_SEDR	visium_breast_cancer_SEDR	20	13	0	18	1.75325129253028	4	6	14	17	0	7
CCGGCACGACCGTTTC-1	18663	12376	visium_breast_cancer_SEDR	visium_breast_cancer_SEDR	20	4	5	4	1.63772676243696	18	3	4	3	8	10
CCGGCGCATATTGGAT-1	11163	7373	visium_breast_cancer_SEDR	visium_breast_cancer_SEDR	20	3	12	19	1.75325129253028	19	8	8	14	13	20
CCGGCGTGAGACTCTG-1	5005	15201	visium_breast_cancer_SEDR	visium_breast_cancer_SEDR	20	15	3	7	1.52220223234363	3	13	5	1	1	17
CCGGGACCCGCAGAGA-1	10616	7848	visium_breast_cancer_SEDR	visium_breast_cancer_SEDR	20	5	8	19	1.71474311583251	17	8	16	13	13	2
CCGGGCGGTCTCGTCA-1	13886	11654	visium_breast_cancer_SEDR	visium_breast_cancer_SEDR	20	20	7	2	1.67623493913473	9	1	13	15	9	12
CCGGGCTAAGAATTTC-1	6224	20667	visium_breast_cancer_SEDR	visium_breast_cancer_SEDR	20	8	1	13	1.67623493913473	5	20	18	20	6	16
CCGGGCTGCTCCATAC-1	15249	12607	visium_breast_cancer_SEDR	visium_breast_cancer_SEDR	20	16	15	14	1.67623493913473	1	2	17	4	1	12
CCGGGTTCGAGGTTAC-1	7876	13069	visium_breast_cancer_SEDR	visium_breast_cancer_SEDR	20	7	2	5	1.49313289102338	8	9	11	9	3	13
CCGGTAATGGCTAGTC-1	19071	13089	visium_breast_cancer_SEDR	visium_breast_cancer_SEDR	20	19	5	15	1.44518587894808	6	3	12	3	17	6
CCGTAAGTTGGTCCCA-1	14022	11892	visium_breast_cancer_SEDR	visium_breast_cancer_SEDR	20	7	2	11	1.68435618970018	8	14	15	9	9	14
CCGTACCCAAGCGCCA-1	8160	6893	visium_breast_cancer_SEDR	visium_breast_cancer_SEDR	20	3	12	19	1.75325129253028	19	8	8	14	13	20
CCGTAGGAAATCCCTG-1	16604	18311	visium_breast_cancer_SEDR	visium_breast_cancer_SEDR	20	2	4	1	1.47387880267449	7	15	3	19	5	9
CCGTAGGGTTGTTTAC-1	17696	18313	visium_breast_cancer_SEDR	visium_breast_cancer_SEDR	20	2	4	9	1.6086574211167	16	15	3	19	4	9
CCGTATCTCGTCGTAG-1	7187	16631	visium_breast_cancer_SEDR	visium_breast_cancer_SEDR	20	17	14	14	1.75325129253028	11	2	1	18	19	12
CCGTATTAGCGCAGTT-1	18671	8100	visium_breast_cancer_SEDR	visium_breast_cancer_SEDR	20	13	0	18	1.75325129253028	4	6	14	17	0	7
CCGTCAACCTCTGGCG-1	5406	20191	visium_breast_cancer_SEDR	visium_breast_cancer_SEDR	20	8	1	13	1.67623493913473	5	20	18	20	6	16
CCGTGAGGCATTCATG-1	19891	12616	visium_breast_cancer_SEDR	visium_breast_cancer_SEDR	20	19	5	15	1.44518587894808	6	3	12	3	17	6
CCGTGCCCATGACGGC-1	10072	6896	visium_breast_cancer_SEDR	visium_breast_cancer_SEDR	20	3	12	19	1.75325129253028	19	8	8	14	13	20
CCGTGGAACGATCCAA-1	17985	9761	visium_breast_cancer_SEDR	visium_breast_cancer_SEDR	20	6	0	18	1.71474311583251	12	5	7	6	0	7
CCGTGTTAAATTCCAT-1	8418	15445	visium_breast_cancer_SEDR	visium_breast_cancer_SEDR	20	7	2	5	1.49313289102338	8	9	11	9	3	13
CCGTTACGTTAGAACA-1	15529	8807	visium_breast_cancer_SEDR	visium_breast_cancer_SEDR	20	15	3	7	1.63772676243696	3	13	5	1	1	8
CCGTTCCGAATCTCGG-1	6510	13541	visium_breast_cancer_SEDR	visium_breast_cancer_SEDR	20	7	2	5	1.63772676243696	8	2	11	9	9	11
CCTAAACAGGGTCCGT-1	11169	4048	visium_breast_cancer_SEDR	visium_breast_cancer_SEDR	20	14	13	3	1.71474311583251	17	12	10	5	16	3
CCTAAAGGCTGACGCT-1	14713	7380	visium_breast_cancer_SEDR	visium_breast_cancer_SEDR	20	14	13	20	1.67623493913473	3	10	10	11	18	3
CCTAAATTAACGGTTC-1	12789	14028	visium_breast_cancer_SEDR	visium_breast_cancer_SEDR	20	7	2	5	1.5611300242673	8	9	15	9	9	13
CCTAAATTGTATCCTA-1	19065	16415	visium_breast_cancer_SEDR	visium_breast_cancer_SEDR	20	15	3	6	1.52220223234363	3	13	5	1	1	17
CCTAACCCAAACAAGT-1	15653	15696	visium_breast_cancer_SEDR	visium_breast_cancer_SEDR	20	18	3	10	1.71474311583251	3	7	2	2	1	1
CCTAACTAAGGCTCTA-1	16211	9046	visium_breast_cancer_SEDR	visium_breast_cancer_SEDR	20	6	0	18	1.71474311583251	12	5	7	6	0	7
CCTACAAGTCCGGAAT-1	17855	6198	visium_breast_cancer_SEDR	visium_breast_cancer_SEDR	20	6	0	18	1.71474311583251	12	5	7	6	0	7
CCTACATTCACAGACG-1	8007	16157	visium_breast_cancer_SEDR	visium_breast_cancer_SEDR	20	1	6	12	1.67623493913473	4	2	6	4	12	12
CCTACGGCTCAGTCGA-1	7886	7843	visium_breast_cancer_SEDR	visium_breast_cancer_SEDR	20	3	12	19	1.75325129253028	19	8	8	14	13	20
CCTACTGCTTACACTT-1	10202	10460	visium_breast_cancer_SEDR	visium_breast_cancer_SEDR	20	20	7	2	1.71474311583251	9	1	13	15	10	18
CCTAGGCGTAGCGATC-1	15522	12608	visium_breast_cancer_SEDR	visium_breast_cancer_SEDR	20	16	15	6	1.59921858573918	1	2	17	1	1	12
CCTAGGTAAAGGTAGC-1	5003	16152	visium_breast_cancer_SEDR	visium_breast_cancer_SEDR	20	15	3	7	1.63772676243696	3	14	10	11	1	8
CCTAGTTAGTCGCATG-1	13348	6902	visium_breast_cancer_SEDR	visium_breast_cancer_SEDR	20	14	13	3	1.59921858573918	6	3	10	11	11	3
CCTATAATGAGTGCCC-1	14558	17119	visium_breast_cancer_SEDR	visium_breast_cancer_SEDR	20	10	9	16	1.67623493913473	2	4	9	12	11	5
CCTATATCGTGTCACG-1	4863	18289	visium_breast_cancer_SEDR	visium_breast_cancer_SEDR	20	8	1	13	1.67623493913473	5	20	18	20	2	16
CCTATATTTGTCCTGG-1	10596	18775	visium_breast_cancer_SEDR	visium_breast_cancer_SEDR	20	17	14	13	1.71474311583251	11	17	1	20	2	15
CCTATCTATATCGGAA-1	14028	8566	visium_breast_cancer_SEDR	visium_breast_cancer_SEDR	20	18	3	20	1.63772676243696	3	7	2	11	1	17
CCTATGAAGTGGTGCC-1	18662	12851	visium_breast_cancer_SEDR	visium_breast_cancer_SEDR	20	19	5	15	1.44518587894808	6	3	12	3	17	6
CCTATGGCTCCTAGTG-1	6773	18768	visium_breast_cancer_SEDR	visium_breast_cancer_SEDR	20	8	1	13	1.67623493913473	5	20	18	20	6	16
CCTATGGGTTACCGTC-1	12931	10940	visium_breast_cancer_SEDR	visium_breast_cancer_SEDR	20	20	7	2	1.71474311583251	9	1	13	15	10	18
CCTATGGTCAAAGCTG-1	12778	20204	visium_breast_cancer_SEDR	visium_breast_cancer_SEDR	20	2	4	17	1.6086574211167	16	15	3	19	5	9
CCTATGTCCACTCCAC-1	16057	18785	visium_breast_cancer_SEDR	visium_breast_cancer_SEDR	20	2	4	17	1.6086574211167	16	15	3	19	4	9
CCTCACCAATCTTGAC-1	8295	8081	visium_breast_cancer_SEDR	visium_breast_cancer_SEDR	20	3	12	19	1.75325129253028	19	8	8	14	13	20
CCTCACCTGAGGGAGC-1	17437	10711	visium_breast_cancer_SEDR	visium_breast_cancer_SEDR	20	6	0	18	1.71474311583251	12	5	7	6	0	7
CCTCACCTTAGCATCG-1	16755	10472	visium_breast_cancer_SEDR	visium_breast_cancer_SEDR	20	6	0	18	1.71474311583251	12	5	7	6	0	7
CCTCATGCAGCTACGA-1	7615	6417	visium_breast_cancer_SEDR	visium_breast_cancer_SEDR	20	3	10	19	1.68435618970018	13	8	8	10	7	4
CCTCCCGACAATCCCT-1	12121	6187	visium_breast_cancer_SEDR	visium_breast_cancer_SEDR	20	19	5	15	1.44518587894808	6	3	12	3	17	6
CCTCCGACAATTCAAG-1	8015	11881	visium_breast_cancer_SEDR	visium_breast_cancer_SEDR	20	7	2	5	1.52220223234363	8	9	11	9	3	14
CCTCCTAGCTAGAGTC-1	5270	19953	visium_breast_cancer_SEDR	visium_breast_cancer_SEDR	20	8	1	13	1.67623493913473	5	20	18	20	6	16
CCTCCTGTTGTGTCGT-1	16603	18786	visium_breast_cancer_SEDR	visium_breast_cancer_SEDR	20	12	11	1	1.63814637766285	7	15	20	19	5	19
CCTCGAAGTGGACGGG-1	13211	7615	visium_breast_cancer_SEDR	visium_breast_cancer_SEDR	20	14	3	20	1.59921858573918	3	14	10	11	1	3
CCTCGACCCACTGCCT-1	13489	4765	visium_breast_cancer_SEDR	visium_breast_cancer_SEDR	20	19	5	15	1.52220223234363	6	3	12	12	17	6
CCTCGCCAGCAAATTA-1	13619	8328	visium_breast_cancer_SEDR	visium_breast_cancer_SEDR	20	18	3	20	1.56071040904141	3	10	2	11	1	17
CCTCGCGCGATATAGG-1	16485	9046	visium_breast_cancer_SEDR	visium_breast_cancer_SEDR	20	6	0	18	1.71474311583251	12	5	7	6	0	7
CCTCGCGCTGTGCGAT-1	11554	17589	visium_breast_cancer_SEDR	visium_breast_cancer_SEDR	20	10	9	16	1.67623493913473	2	4	9	12	11	5
CCTCGGACCGGGATAG-1	15111	13795	visium_breast_cancer_SEDR	visium_breast_cancer_SEDR	20	17	14	16	1.59921858573918	11	17	17	18	19	16
CCTCGGTTTCCTTGCC-1	8681	20672	visium_breast_cancer_SEDR	visium_breast_cancer_SEDR	20	8	1	13	1.56071040904141	5	17	19	20	2	15
CCTCGTTACGCCTGTT-1	18403	5249	visium_breast_cancer_SEDR	visium_breast_cancer_SEDR	20	6	0	18	1.71474311583251	12	5	7	6	0	7
CCTCTAATCTGCCAAG-1	13480	9516	visium_breast_cancer_SEDR	visium_breast_cancer_SEDR	20	16	7	2	1.71474311583251	12	16	13	15	12	12
CCTCTACAAGGATTGG-1	7181	19956	visium_breast_cancer_SEDR	visium_breast_cancer_SEDR	20	8	1	13	1.67623493913473	5	20	18	20	6	16
CCTCTATCGATTAGCA-1	7051	16393	visium_breast_cancer_SEDR	visium_breast_cancer_SEDR	20	16	6	12	1.7151627310584	10	2	1	4	12	12
CCTCTCTCCCATCTAG-1	8424	12119	visium_breast_cancer_SEDR	visium_breast_cancer_SEDR	20	7	2	5	1.56071040904141	8	9	11	9	9	14
CCTCTGGCCTAGACGG-1	13757	7616	visium_breast_cancer_SEDR	visium_breast_cancer_SEDR	20	14	13	20	1.67623493913473	3	14	10	11	15	3
CCTCTGTACTATTCTA-1	11829	16639	visium_breast_cancer_SEDR	visium_breast_cancer_SEDR	20	10	19	14	1.71474311583251	17	4	2	4	11	12
CCTGAATATTTACATA-1	13207	9515	visium_breast_cancer_SEDR	visium_breast_cancer_SEDR	20	20	7	2	1.71474311583251	9	16	13	15	15	3
CCTGACCACCGATGGT-1	11832	14739	visium_breast_cancer_SEDR	visium_breast_cancer_SEDR	20	7	16	11	1.60733983630463	14	14	15	9	9	11
CCTGACGCAACCTTTA-1	15400	4768	visium_breast_cancer_SEDR	visium_breast_cancer_SEDR	20	14	13	3	1.75325129253028	15	12	10	5	16	3
CCTGAGAATAAATGCA-1	7998	20908	visium_breast_cancer_SEDR	visium_breast_cancer_SEDR	20	8	1	13	1.56071040904141	5	17	19	20	2	15
CCTGCGATAGAACTGT-1	6251	5939	visium_breast_cancer_SEDR	visium_breast_cancer_SEDR	20	3	10	19	1.68435618970018	13	8	8	10	7	4
CCTGCTATTTGAGAAG-1	10339	10223	visium_breast_cancer_SEDR	visium_breast_cancer_SEDR	20	20	7	2	1.71474311583251	9	1	13	15	10	18
CCTGGAAACGTTCTGC-1	18934	13326	visium_breast_cancer_SEDR	visium_breast_cancer_SEDR	20	4	5	15	1.56071040904141	6	3	12	3	8	10
CCTGGCTAGACCCGCC-1	9382	10933	visium_breast_cancer_SEDR	visium_breast_cancer_SEDR	20	7	7	11	1.67623493913473	9	14	13	9	9	14
CCTGGTCGAATGTGGG-1	12918	18067	visium_breast_cancer_SEDR	visium_breast_cancer_SEDR	20	10	9	16	1.67623493913473	2	4	9	12	11	5
CCTGTAAGACATGATA-1	9105	12833	visium_breast_cancer_SEDR	visium_breast_cancer_SEDR	20	7	2	5	1.52220223234363	8	9	11	9	3	14
CCTGTACTCACGCCCA-1	6783	13542	visium_breast_cancer_SEDR	visium_breast_cancer_SEDR	20	7	2	5	1.49313289102338	8	9	11	9	3	13
CCTGTCACCCGGGCTC-1	12658	10939	visium_breast_cancer_SEDR	visium_breast_cancer_SEDR	20	20	7	2	1.71474311583251	9	1	13	15	10	18
CCTGTCCCTCACGTTA-1	19072	12614	visium_breast_cancer_SEDR	visium_breast_cancer_SEDR	20	19	5	15	1.44518587894808	6	3	12	3	17	6
CCTGTCGCCCGTAAAT-1	11973	12601	visium_breast_cancer_SEDR	visium_breast_cancer_SEDR	20	7	2	11	1.60733983630463	14	14	15	9	9	14
CCTGTCGTGTATGAAG-1	4586	20664	visium_breast_cancer_SEDR	visium_breast_cancer_SEDR	20	8	1	13	1.67623493913473	5	20	18	20	6	16
CCTGTTCAACCTCGGG-1	10456	20913	visium_breast_cancer_SEDR	visium_breast_cancer_SEDR	20	8	1	13	1.56071040904141	5	20	18	20	6	15
CCTGTTTGAAGACACG-1	16332	17835	visium_breast_cancer_SEDR	visium_breast_cancer_SEDR	20	2	4	9	1.47387880267449	7	15	3	19	5	9
CCTTAAGTACGCAATT-1	16734	21874	visium_breast_cancer_SEDR	visium_breast_cancer_SEDR	20	2	4	17	1.72286436639795	16	11	3	19	4	9
CCTTCAGTTAAAGTGA-1	9914	18536	visium_breast_cancer_SEDR	visium_breast_cancer_SEDR	20	8	1	13	1.56071040904141	5	20	18	20	6	15
CCTTCCGCAACGCTGC-1	5541	20904	visium_breast_cancer_SEDR	visium_breast_cancer_SEDR	20	8	1	13	1.67623493913473	5	20	18	20	2	16
CCTTCGTATAGAATCC-1	11822	20440	visium_breast_cancer_SEDR	visium_breast_cancer_SEDR	20	17	14	13	1.71474311583251	11	17	1	20	2	15
CCTTCTCAGCGTTCCT-1	5553	14252	visium_breast_cancer_SEDR	visium_breast_cancer_SEDR	20	1	6	12	1.67665455436062	10	2	6	8	12	12
CCTTCTTGATCCAGTG-1	13482	8565	visium_breast_cancer_SEDR	visium_breast_cancer_SEDR	20	18	3	20	1.63772676243696	3	7	2	11	1	17
CCTTGACCACTTTATT-1	18381	17126	visium_breast_cancer_SEDR	visium_breast_cancer_SEDR	20	4	5	4	1.58468391507905	15	3	4	9	8	10
CCTTGTGAACGTGGTT-1	10046	21149	visium_breast_cancer_SEDR	visium_breast_cancer_SEDR	20	8	1	13	1.56071040904141	5	20	19	20	2	15
CCTTTCAATGAAGAAA-1	16483	9996	visium_breast_cancer_SEDR	visium_breast_cancer_SEDR	20	6	0	18	1.71474311583251	12	5	7	6	0	7
CGAAACATAGATGGCA-1	14031	6666	visium_breast_cancer_SEDR	visium_breast_cancer_SEDR	20	19	5	15	1.44518587894808	6	3	12	3	17	6
CGAAACGCAATTCATG-1	8011	13782	visium_breast_cancer_SEDR	visium_breast_cancer_SEDR	20	7	2	5	1.49313289102338	8	9	11	9	3	13
CGAACAGTATGGGCGT-1	16608	15935	visium_breast_cancer_SEDR	visium_breast_cancer_SEDR	20	18	3	10	1.63772676243696	3	10	2	2	1	1
CGAACATAGTCAGAAA-1	19220	6200	visium_breast_cancer_SEDR	visium_breast_cancer_SEDR	20	6	0	18	1.67623493913473	12	5	7	7	0	7
CGAACCCGCATGCGTC-1	10192	15686	visium_breast_cancer_SEDR	visium_breast_cancer_SEDR	20	1	15	8	1.67623493913473	1	7	6	11	1	11
CGAACCTCTTTCCTAG-1	6223	21142	visium_breast_cancer_SEDR	visium_breast_cancer_SEDR	20	8	1	13	1.67623493913473	5	20	18	20	6	16
CGAACGCCCAGTGCCG-1	13074	7377	visium_breast_cancer_SEDR	visium_breast_cancer_SEDR	20	15	3	20	1.59921858573918	3	14	16	11	1	17
CGAACGGCCGGACAAC-1	5551	15202	visium_breast_cancer_SEDR	visium_breast_cancer_SEDR	20	15	3	7	1.63772676243696	3	13	5	1	1	8
CGAAGATCAGTTTCAT-1	13048	21630	visium_breast_cancer_SEDR	visium_breast_cancer_SEDR	20	8	1	13	1.52220223234363	5	17	18	20	2	15
CGAAGCTATAAATTCA-1	17851	8573	visium_breast_cancer_SEDR	visium_breast_cancer_SEDR	20	6	0	18	1.75325129253028	12	18	7	6	0	7
CGAAGGGTTTCAGATT-1	5407	19716	visium_breast_cancer_SEDR	visium_breast_cancer_SEDR	20	8	1	13	1.67623493913473	5	20	18	20	6	16
CGAAGTTGCTCTGTGT-1	8288	11882	visium_breast_cancer_SEDR	visium_breast_cancer_SEDR	20	7	2	5	1.52220223234363	8	9	11	9	3	14
CGAATCTGCTCGACGC-1	6500	18767	visium_breast_cancer_SEDR	visium_breast_cancer_SEDR	20	8	1	13	1.67623493913473	5	20	18	20	6	16
CGAATGAAGTCATTGC-1	6227	18767	visium_breast_cancer_SEDR	visium_breast_cancer_SEDR	20	8	1	13	1.67623493913473	5	20	18	20	6	16
CGAATGACGCATAATG-1	11278	19014	visium_breast_cancer_SEDR	visium_breast_cancer_SEDR	20	10	9	16	1.67623493913473	2	4	9	12	11	5
CGACAATTTGATCTAA-1	16475	14272	visium_breast_cancer_SEDR	visium_breast_cancer_SEDR	20	18	3	20	1.50766756168351	3	16	2	11	1	17
CGACACCGCTTAAGGA-1	19629	6439	visium_breast_cancer_SEDR	visium_breast_cancer_SEDR	20	6	0	18	1.67623493913473	12	5	7	7	0	7
CGACACGCTCCGACAG-1	16337	14985	visium_breast_cancer_SEDR	visium_breast_cancer_SEDR	20	18	3	20	1.63772676243696	3	7	2	11	1	17
CGACAGTTCGCGTTAT-1	9242	12596	visium_breast_cancer_SEDR	visium_breast_cancer_SEDR	20	7	2	5	1.67665455436062	8	9	15	9	3	14
CGACATGCGATCTTCT-1	12258	5950	visium_breast_cancer_SEDR	visium_breast_cancer_SEDR	20	19	5	15	1.44518587894808	6	3	12	3	17	6
CGACCCTTAACGCCGG-1	5141	15439	visium_breast_cancer_SEDR	visium_breast_cancer_SEDR	20	15	3	7	1.52220223234363	3	13	5	1	1	17
CGACGCATCCGTACCT-1	4867	15914	visium_breast_cancer_SEDR	visium_breast_cancer_SEDR	20	14	3	3	1.59921858573918	3	12	10	12	1	6
CGACTCAGGATGTTAT-1	15665	9520	visium_breast_cancer_SEDR	visium_breast_cancer_SEDR	20	6	0	18	1.63131334234228	10	5	5	6	0	7
CGACTCGGTACACGGT-1	20312	6678	visium_breast_cancer_SEDR	visium_breast_cancer_SEDR	20	6	0	18	1.67623493913473	12	5	7	7	0	7
CGACTTTGTATAGCCT-1	18391	11900	visium_breast_cancer_SEDR	visium_breast_cancer_SEDR	20	4	5	4	1.63772676243696	18	1	4	3	8	10
CGAGACCCTAGAGTGT-1	11833	14264	visium_breast_cancer_SEDR	visium_breast_cancer_SEDR	20	7	2	11	1.72286436639795	8	9	15	9	9	14
CGAGACTACTGCTGCT-1	16872	21162	visium_breast_cancer_SEDR	visium_breast_cancer_SEDR	20	2	4	17	1.72286436639795	16	11	3	19	5	9
CGAGAGATGTGAACCT-1	13478	10941	visium_breast_cancer_SEDR	visium_breast_cancer_SEDR	20	20	7	2	1.71474311583251	9	1	13	15	10	18
CGAGAGCTTTCACTAC-1	15510	19259	visium_breast_cancer_SEDR	visium_breast_cancer_SEDR	20	2	4	9	1.72286436639795	16	11	3	19	4	9
CGAGAGGGTAGCCGCG-1	17698	17363	visium_breast_cancer_SEDR	visium_breast_cancer_SEDR	20	4	5	4	1.52220223234363	3	3	4	2	8	10
CGAGATTTCGCTCGGG-1	19342	14040	visium_breast_cancer_SEDR	visium_breast_cancer_SEDR	20	18	3	20	1.56071040904141	3	10	2	11	1	17
CGAGCACTTCAAGTTT-1	6927	9504	visium_breast_cancer_SEDR	visium_breast_cancer_SEDR	20	16	15	14	1.60733983630463	10	7	16	11	14	12
CGAGCGTTGATCAGCC-1	9799	6896	visium_breast_cancer_SEDR	visium_breast_cancer_SEDR	20	3	12	19	1.75325129253028	19	8	8	14	13	20
CGAGCTGGGCTTTAGG-1	12664	8089	visium_breast_cancer_SEDR	visium_breast_cancer_SEDR	20	9	8	19	1.71474311583251	17	16	16	13	15	17
CGAGGAGCTTCCATAT-1	19487	9527	visium_breast_cancer_SEDR	visium_breast_cancer_SEDR	20	6	0	18	1.75325129253028	12	18	7	6	0	7
CGAGGATCGGGAACGA-1	19622	10715	visium_breast_cancer_SEDR	visium_breast_cancer_SEDR	20	16	3	20	1.67623493913473	12	18	2	4	1	17
CGAGGCCAGGCATTGG-1	6521	7365	visium_breast_cancer_SEDR	visium_breast_cancer_SEDR	20	3	10	19	1.68435618970018	13	8	8	10	7	4
CGAGGCTAAATATGGC-1	13204	10940	visium_breast_cancer_SEDR	visium_breast_cancer_SEDR	20	20	7	2	1.71474311583251	9	1	13	15	10	18
CGAGGGACTGCGGTCG-1	14156	13080	visium_breast_cancer_SEDR	visium_breast_cancer_SEDR	20	7	2	11	1.60733983630463	14	14	15	9	9	14
CGAGGGTATCCAGGTG-1	11687	19252	visium_breast_cancer_SEDR	visium_breast_cancer_SEDR	20	10	9	16	1.67623493913473	2	4	9	12	11	5
CGAGTACTAAAGAGGA-1	8283	14732	visium_breast_cancer_SEDR	visium_breast_cancer_SEDR	20	7	2	5	1.49313289102338	8	9	11	9	3	13
CGAGTGAAGGTACCAG-1	7459	17106	visium_breast_cancer_SEDR	visium_breast_cancer_SEDR	20	8	1	13	1.67623493913473	5	20	18	20	6	16
CGAGTGCTATAGTTCG-1	8707	6419	visium_breast_cancer_SEDR	visium_breast_cancer_SEDR	20	3	12	19	1.75325129253028	19	8	8	14	13	20
CGAGTTCTGTCCCACC-1	15117	10469	visium_breast_cancer_SEDR	visium_breast_cancer_SEDR	20	16	15	7	1.56071040904141	12	7	5	1	1	12
CGAGTTTATCGGACTG-1	16205	12846	visium_breast_cancer_SEDR	visium_breast_cancer_SEDR	20	16	3	10	1.51492021222997	10	16	2	1	1	12
CGATAATACTCAGGTT-1	19478	14278	visium_breast_cancer_SEDR	visium_breast_cancer_SEDR	20	18	3	20	1.56071040904141	3	10	2	11	1	17
CGATACCTCGCGGACA-1	10060	13548	visium_breast_cancer_SEDR	visium_breast_cancer_SEDR	20	7	2	5	1.67665455436062	8	9	15	9	3	14
CGATAGCGATACAGTG-1	4860	19715	visium_breast_cancer_SEDR	visium_breast_cancer_SEDR	20	8	1	13	1.67623493913473	5	20	18	20	6	16
CGATAGTCGTACTGCA-1	15509	19734	visium_breast_cancer_SEDR	visium_breast_cancer_SEDR	20	2	4	17	1.72286436639795	16	11	3	19	4	9
CGATATTAGCCGCAGG-1	8299	5705	visium_breast_cancer_SEDR	visium_breast_cancer_SEDR	20	9	10	19	1.59921858573918	13	8	16	14	7	4
CGATCATTAGAGGCAC-1	20175	6915	visium_breast_cancer_SEDR	visium_breast_cancer_SEDR	20	6	0	18	1.67623493913473	4	5	7	7	0	7
CGATCCACCATTGTTG-1	10865	21151	visium_breast_cancer_SEDR	visium_breast_cancer_SEDR	20	8	1	13	1.56071040904141	5	20	18	20	6	15
CGATCCGACCCAGTGC-1	10334	13073	visium_breast_cancer_SEDR	visium_breast_cancer_SEDR	20	7	2	5	1.67665455436062	8	9	15	9	3	14
CGATCCTCGCAACATA-1	8956	19722	visium_breast_cancer_SEDR	visium_breast_cancer_SEDR	20	8	1	13	1.56071040904141	5	20	18	20	6	15
CGATCGAGAAGCACCA-1	12229	21629	visium_breast_cancer_SEDR	visium_breast_cancer_SEDR	20	8	1	13	1.56071040904141	5	20	18	20	2	15
CGATCTGTTGGAGGAC-1	6780	14967	visium_breast_cancer_SEDR	visium_breast_cancer_SEDR	20	1	6	12	1.67665455436062	10	2	6	8	12	11
CGATGGACCCTACGCC-1	16621	9284	visium_breast_cancer_SEDR	visium_breast_cancer_SEDR	20	6	0	18	1.67623493913473	12	5	7	17	0	7
CGATGTTGTTATCTAC-1	5137	17815	visium_breast_cancer_SEDR	visium_breast_cancer_SEDR	20	8	1	13	1.63772676243696	5	17	1	20	2	16
CGATTAAATATCTCCT-1	11964	17352	visium_breast_cancer_SEDR	visium_breast_cancer_SEDR	20	10	9	16	1.67623493913473	2	4	9	12	11	5
CGATTCGCCTGGCTGC-1	13465	17592	visium_breast_cancer_SEDR	visium_breast_cancer_SEDR	20	10	9	16	1.67623493913473	2	4	9	12	11	5
CGCAAACACGAGTTAC-1	8564	10457	visium_breast_cancer_SEDR	visium_breast_cancer_SEDR	20	20	7	2	1.75325129253028	9	7	13	11	9	18
CGCAATTACTTTCGGT-1	8019	9506	visium_breast_cancer_SEDR	visium_breast_cancer_SEDR	20	16	15	14	1.3857296114955	10	7	5	1	14	12
CGCAATTAGGGTAATA-1	9519	10696	visium_breast_cancer_SEDR	visium_breast_cancer_SEDR	20	20	7	2	1.71474311583251	9	1	13	15	10	18
CGCAATTCTACAATAA-1	7335	10217	visium_breast_cancer_SEDR	visium_breast_cancer_SEDR	20	1	6	14	1.72286436639795	10	7	6	4	14	11
CGCACATGTCCACTAC-1	15385	13320	visium_breast_cancer_SEDR	visium_breast_cancer_SEDR	20	17	14	20	1.59921858573918	11	17	17	18	19	16
CGCACGTCTGTTTATG-1	7863	20195	visium_breast_cancer_SEDR	visium_breast_cancer_SEDR	20	8	1	13	1.63772676243696	5	20	19	20	6	15
CGCACGTGCGCTATCA-1	17023	13323	visium_breast_cancer_SEDR	visium_breast_cancer_SEDR	20	19	5	15	1.44518587894808	6	3	12	3	17	6
CGCAGAAACATTTGCG-1	11439	5949	visium_breast_cancer_SEDR	visium_breast_cancer_SEDR	20	5	8	19	1.67623493913473	17	8	16	13	15	2
CGCAGATCTTCACCCG-1	18940	10001	visium_breast_cancer_SEDR	visium_breast_cancer_SEDR	20	6	0	18	1.75325129253028	12	18	7	6	0	7
CGCAGGCGATCCAAAC-1	17427	16412	visium_breast_cancer_SEDR	visium_breast_cancer_SEDR	20	11	17	10	1.71474311583251	16	7	2	2	18	1
CGCAGTTCTATCTTTC-1	19055	22116	visium_breast_cancer_SEDR	visium_breast_cancer_SEDR	20	2	4	9	1.72286436639795	16	11	3	19	4	9
CGCATCATGGCTTCAG-1	15124	6193	visium_breast_cancer_SEDR	visium_breast_cancer_SEDR	20	14	13	4	1.71474311583251	15	3	10	11	8	3
CGCATCCATCAGCCAG-1	19348	10714	visium_breast_cancer_SEDR	visium_breast_cancer_SEDR	20	16	19	18	1.60733983630463	10	18	2	4	0	17
CGCATGCCGAATGCGT-1	15645	19972	visium_breast_cancer_SEDR	visium_breast_cancer_SEDR	20	2	4	9	1.5611300242673	7	11	3	19	4	9
CGCATGGTGCGATGCT-1	12517	13552	visium_breast_cancer_SEDR	visium_breast_cancer_SEDR	20	7	2	5	1.67665455436062	8	9	15	9	3	14
CGCATTAGCTAATAGG-1	11294	10462	visium_breast_cancer_SEDR	visium_breast_cancer_SEDR	20	20	7	2	1.71474311583251	9	1	13	15	10	18
CGCCAAGAAGCCGAGT-1	5828	13303	visium_breast_cancer_SEDR	visium_breast_cancer_SEDR	20	1	6	12	1.71474311583251	1	2	6	8	14	11
CGCCACCCGCATTAAC-1	5979	5464	visium_breast_cancer_SEDR	visium_breast_cancer_SEDR	20	3	10	19	1.68435618970018	13	8	8	10	7	4
CGCCATCCGATTATGA-1	14435	9755	visium_breast_cancer_SEDR	visium_breast_cancer_SEDR	20	16	3	14	1.49313289102338	3	7	5	4	1	12
CGCCCAGCACGCCTAG-1	10461	18062	visium_breast_cancer_SEDR	visium_breast_cancer_SEDR	20	17	14	10	1.79175946922805	11	17	1	18	2	1
CGCCCAGCGTTTCACG-1	15646	19497	visium_breast_cancer_SEDR	visium_breast_cancer_SEDR	20	12	11	1	1.63772676243696	7	11	20	16	5	19
CGCCCGCTTCCGTACA-1	14438	8330	visium_breast_cancer_SEDR	visium_breast_cancer_SEDR	20	18	3	20	1.56071040904141	3	10	2	11	1	17
CGCCCTAATTGTTCAA-1	4996	19952	visium_breast_cancer_SEDR	visium_breast_cancer_SEDR	20	8	1	13	1.67623493913473	5	20	18	20	6	16
CGCCCTTGAAGGCTGA-1	6244	9740	visium_breast_cancer_SEDR	visium_breast_cancer_SEDR	20	1	6	12	1.67665455436062	10	2	6	8	12	12
CGCCGCCCATGCCTGT-1	14838	13319	visium_breast_cancer_SEDR	visium_breast_cancer_SEDR	20	17	14	14	1.52220223234363	1	17	17	18	19	12
CGCCGCGTTCTGAACG-1	9636	21386	visium_breast_cancer_SEDR	visium_breast_cancer_SEDR	20	8	1	13	1.56071040904141	5	20	19	20	2	15
CGCCGTTCAGCATAGT-1	17697	17838	visium_breast_cancer_SEDR	visium_breast_cancer_SEDR	20	11	17	10	1.63772676243696	3	10	2	2	18	1
CGCCTCCCTCCTCTAT-1	13471	14267	visium_breast_cancer_SEDR	visium_breast_cancer_SEDR	20	1	6	12	1.6304447423233	10	2	6	4	12	12
CGCCTGGCCTACGTAA-1	7192	13780	visium_breast_cancer_SEDR	visium_breast_cancer_SEDR	20	7	2	5	1.49313289102338	8	9	11	9	3	13
CGCCTTTAGCATGCTC-1	19478	14753	visium_breast_cancer_SEDR	visium_breast_cancer_SEDR	20	18	3	20	1.67623493913473	3	7	2	4	1	17
CGCGAAGTGGCATACT-1	16602	19261	visium_breast_cancer_SEDR	visium_breast_cancer_SEDR	20	2	4	1	1.47387880267449	7	15	3	19	5	9
CGCGACCGCGACAGAT-1	14557	18070	visium_breast_cancer_SEDR	visium_breast_cancer_SEDR	20	10	9	16	1.67623493913473	2	4	9	12	11	5
CGCGAGAGGGACTTGT-1	18262	7862	visium_breast_cancer_SEDR	visium_breast_cancer_SEDR	20	13	0	18	1.71474311583251	4	18	14	17	0	7
CGCGAGTCTGCCGGGT-1	6232	16391	visium_breast_cancer_SEDR	visium_breast_cancer_SEDR	20	16	15	14	1.46915938498573	12	16	5	4	1	12
CGCGCAAATGTCCAGA-1	6776	17343	visium_breast_cancer_SEDR	visium_breast_cancer_SEDR	20	8	1	13	1.67623493913473	5	20	18	20	6	16
CGCGCAAGGAACTACA-1	7481	5229	visium_breast_cancer_SEDR	visium_breast_cancer_SEDR	20	9	10	19	1.59921858573918	13	8	16	14	7	4
CGCGCCCGACTTAATA-1	13754	9041	visium_breast_cancer_SEDR	visium_breast_cancer_SEDR	20	18	3	20	1.67623493913473	3	16	2	15	1	17
CGCGGCAGTATTACGG-1	5703	6888	visium_breast_cancer_SEDR	visium_breast_cancer_SEDR	20	9	10	19	1.67623493913473	13	8	16	13	14	4
CGCGGCTCAACTTGAA-1	16748	14273	visium_breast_cancer_SEDR	visium_breast_cancer_SEDR	20	4	5	4	1.48369405564586	6	3	4	3	8	10
CGCGGGAATTAGGCAG-1	14434	10705	visium_breast_cancer_SEDR	visium_breast_cancer_SEDR	20	20	7	2	1.71474311583251	9	1	13	15	10	18
CGCGGGAATTCCTTTC-1	14961	21158	visium_breast_cancer_SEDR	visium_breast_cancer_SEDR	20	2	4	17	1.5611300242673	7	11	3	19	5	9
CGCGGTAAGTCTAGCT-1	19621	11190	visium_breast_cancer_SEDR	visium_breast_cancer_SEDR	20	18	3	20	1.67623493913473	3	16	4	3	1	17
CGCGGTACGGTATACA-1	19607	18791	visium_breast_cancer_SEDR	visium_breast_cancer_SEDR	20	11	17	10	1.63772676243696	3	10	2	2	18	1
CGCGGTCACAAACCAA-1	17988	8336	visium_breast_cancer_SEDR	visium_breast_cancer_SEDR	20	6	0	18	1.59921858573918	4	18	7	6	0	7
CGCGTACATTCTGGAA-1	19904	5489	visium_breast_cancer_SEDR	visium_breast_cancer_SEDR	20	6	0	18	1.67623493913473	12	5	7	7	0	7
CGCGTCATATTAAACC-1	12261	4525	visium_breast_cancer_SEDR	visium_breast_cancer_SEDR	20	14	13	3	1.71474311583251	6	12	10	5	16	3
CGCGTTCATGAAATAC-1	10475	10460	visium_breast_cancer_SEDR	visium_breast_cancer_SEDR	20	20	7	2	1.71474311583251	9	1	13	15	10	18
CGCTACGGGACATTTA-1	10060	13073	visium_breast_cancer_SEDR	visium_breast_cancer_SEDR	20	7	2	5	1.67665455436062	8	9	15	9	3	14
CGCTAGAGACCGCTGC-1	17296	13323	visium_breast_cancer_SEDR	visium_breast_cancer_SEDR	20	19	5	15	1.44518587894808	6	3	12	3	17	6
CGCTATACCGCCCACT-1	8433	7368	visium_breast_cancer_SEDR	visium_breast_cancer_SEDR	20	3	12	19	1.75325129253028	19	8	8	14	13	20
CGCTATTCAATGTATG-1	7748	8555	visium_breast_cancer_SEDR	visium_breast_cancer_SEDR	20	9	8	20	1.50766756168351	3	14	16	11	14	17
CGCTATTCTTAGGCTC-1	11699	13076	visium_breast_cancer_SEDR	visium_breast_cancer_SEDR	20	7	2	11	1.60733983630463	14	14	15	9	9	14
CGCTCGACATAATGAT-1	9658	9034	visium_breast_cancer_SEDR	visium_breast_cancer_SEDR	20	9	8	19	1.63772676243696	13	8	16	13	7	2
CGCTCTCCGTAGATTA-1	8561	11882	visium_breast_cancer_SEDR	visium_breast_cancer_SEDR	20	7	2	11	1.72286436639795	8	9	15	9	9	14
CGCTGGTGACTACCCT-1	16882	15461	visium_breast_cancer_SEDR	visium_breast_cancer_SEDR	20	18	3	20	1.56071040904141	3	10	2	11	1	17
CGCTGTGACGCCGCAC-1	9930	9984	visium_breast_cancer_SEDR	visium_breast_cancer_SEDR	20	20	7	2	1.71474311583251	9	1	13	15	10	18
CGCTGTGTGGATGTTG-1	9369	18060	visium_breast_cancer_SEDR	visium_breast_cancer_SEDR	20	8	1	13	1.52220223234363	5	17	1	20	2	15
CGCTTAGTATTGATAC-1	10594	19725	visium_breast_cancer_SEDR	visium_breast_cancer_SEDR	20	8	1	13	1.56071040904141	5	20	18	20	2	15
CGCTTATTCCCGGTCG-1	7601	14018	visium_breast_cancer_SEDR	visium_breast_cancer_SEDR	20	7	2	5	1.49313289102338	8	9	11	9	3	13
CGCTTCCACTGAAATC-1	9250	8320	visium_breast_cancer_SEDR	visium_breast_cancer_SEDR	20	5	8	19	1.63772676243696	13	8	16	13	13	2
CGCTTCGGTCTAAGAC-1	17694	19738	visium_breast_cancer_SEDR	visium_breast_cancer_SEDR	20	12	11	1	1.72286436639795	7	15	20	16	5	19
CGCTTGGACGGATAGA-1	19470	19029	visium_breast_cancer_SEDR	visium_breast_cancer_SEDR	20	18	3	10	1.63772676243696	3	10	2	2	1	1
CGCTTTCATACCGGTG-1	10344	7372	visium_breast_cancer_SEDR	visium_breast_cancer_SEDR	20	3	12	19	1.75325129253028	19	8	8	14	13	2
CGCTTTCCGCCAAGGT-1	14004	21394	visium_breast_cancer_SEDR	visium_breast_cancer_SEDR	20	2	4	17	1.6086574211167	16	15	3	19	5	9
CGCTTTCTTGCATTCG-1	15115	11419	visium_breast_cancer_SEDR	visium_breast_cancer_SEDR	20	16	15	14	1.4387724588534	10	7	5	1	0	12
CGGAAATTTCACATCC-1	14717	5004	visium_breast_cancer_SEDR	visium_breast_cancer_SEDR	20	4	5	4	1.54617573838128	15	3	4	3	8	10
CGGAACGTAAACATAG-1	9647	15210	visium_breast_cancer_SEDR	visium_breast_cancer_SEDR	20	7	2	5	1.49313289102338	8	9	11	9	3	13
CGGACCTTTACGTCCC-1	13186	20918	visium_breast_cancer_SEDR	visium_breast_cancer_SEDR	20	2	4	9	1.72286436639795	16	11	3	19	4	9
CGGAGCAATTTAATCG-1	11692	16877	visium_breast_cancer_SEDR	visium_breast_cancer_SEDR	20	10	9	16	1.71474311583251	2	4	9	11	11	5
CGGAGCATGGCGATCC-1	12654	13315	visium_breast_cancer_SEDR	visium_breast_cancer_SEDR	20	7	2	5	1.67665455436062	8	9	15	9	3	14
CGGAGCTTATAACACC-1	15261	6431	visium_breast_cancer_SEDR	visium_breast_cancer_SEDR	20	14	13	3	1.63772676243696	15	16	10	11	16	3
CGGAGTTTGAGAGACA-1	8153	11169	visium_breast_cancer_SEDR	visium_breast_cancer_SEDR	20	1	16	8	1.67623493913473	14	7	6	9	9	11
CGGATAAGCGGACATG-1	5837	8551	visium_breast_cancer_SEDR	visium_breast_cancer_SEDR	20	9	10	19	1.59921858573918	13	8	16	14	7	4
CGGATCCTCAAGGACT-1	14420	18307	visium_breast_cancer_SEDR	visium_breast_cancer_SEDR	20	10	9	16	1.67623493913473	2	4	9	12	11	5
CGGATGAATGCTGTGA-1	6497	20668	visium_breast_cancer_SEDR	visium_breast_cancer_SEDR	20	8	1	13	1.75325129253028	5	20	19	20	6	16
CGGCAAACATCGTGCG-1	12512	16403	visium_breast_cancer_SEDR	visium_breast_cancer_SEDR	20	18	3	10	1.56071040904141	3	16	2	4	1	1
CGGCAATAAGATCGCC-1	18245	16889	visium_breast_cancer_SEDR	visium_breast_cancer_SEDR	20	4	18	20	1.75325129253028	3	13	4	11	18	10
CGGCACCGTTAGCGCC-1	15670	6669	visium_breast_cancer_SEDR	visium_breast_cancer_SEDR	20	13	0	18	1.67623493913473	12	16	2	17	0	7
CGGCACTCAAGAAAGT-1	7341	6891	visium_breast_cancer_SEDR	visium_breast_cancer_SEDR	20	3	10	19	1.68435618970018	13	8	8	10	7	4
CGGCAGGGTCGGGTTG-1	16343	11659	visium_breast_cancer_SEDR	visium_breast_cancer_SEDR	20	6	0	18	1.6458480130024	10	2	6	6	0	7
CGGCCACGCACAAAGT-1	11564	12363	visium_breast_cancer_SEDR	visium_breast_cancer_SEDR	20	7	2	11	1.60733983630463	14	14	15	9	9	14
CGGCCAGAGCGACCAT-1	10184	19962	visium_breast_cancer_SEDR	visium_breast_cancer_SEDR	20	8	1	13	1.56071040904141	5	20	18	20	6	15
CGGCCCAACCTGTAGT-1	18802	10713	visium_breast_cancer_SEDR	visium_breast_cancer_SEDR	20	18	3	20	1.67623493913473	3	18	2	4	1	17
CGGCCCAGGTATATCC-1	17840	14275	visium_breast_cancer_SEDR	visium_breast_cancer_SEDR	20	4	5	4	1.48369405564586	6	3	4	3	8	10
CGGCGCCATCAATCCC-1	16195	18073	visium_breast_cancer_SEDR	visium_breast_cancer_SEDR	20	2	4	9	1.6086574211167	16	15	3	19	5	9
CGGCTCTAAAGCTGCA-1	18522	14989	visium_breast_cancer_SEDR	visium_breast_cancer_SEDR	20	10	9	16	1.67623493913473	2	4	9	12	11	5
CGGCTCTTCGTCGAAC-1	15261	5956	visium_breast_cancer_SEDR	visium_breast_cancer_SEDR	20	14	13	4	1.63772676243696	15	3	10	3	16	3
CGGCTGCAAGATTAAG-1	12806	5001	visium_breast_cancer_SEDR	visium_breast_cancer_SEDR	20	19	5	15	1.52220223234363	6	3	12	12	17	6
CGGCTTTGTATGATAA-1	11166	5948	visium_breast_cancer_SEDR	visium_breast_cancer_SEDR	20	5	8	19	1.67623493913473	17	8	16	13	15	2
CGGGAACGCCCTGCAT-1	4722	20902	visium_breast_cancer_SEDR	visium_breast_cancer_SEDR	20	8	1	13	1.67623493913473	5	20	18	20	6	16
CGGGAAGTACCGTGGC-1	5132	20665	visium_breast_cancer_SEDR	visium_breast_cancer_SEDR	20	8	1	13	1.67623493913473	5	20	18	20	6	16
CGGGAATATAGTATAC-1	17838	15225	visium_breast_cancer_SEDR	visium_breast_cancer_SEDR	20	18	3	20	1.56071040904141	3	10	2	11	1	17
CGGGAATTTATGTAAA-1	12378	14740	visium_breast_cancer_SEDR	visium_breast_cancer_SEDR	20	16	6	14	1.59193656562552	10	16	6	4	12	12
CGGGAGCTTCAGTGTA-1	15926	15697	visium_breast_cancer_SEDR	visium_breast_cancer_SEDR	20	18	3	20	1.63772676243696	3	10	2	11	1	1
CGGGAGTATACCGCCG-1	5563	8551	visium_breast_cancer_SEDR	visium_breast_cancer_SEDR	20	9	10	19	1.59921858573918	13	8	16	14	7	4
CGGGATCAATGTAAGA-1	11569	9512	visium_breast_cancer_SEDR	visium_breast_cancer_SEDR	20	5	8	19	1.67623493913473	17	8	16	13	15	2
CGGGCAGCTAAACCGC-1	11155	11649	visium_breast_cancer_SEDR	visium_breast_cancer_SEDR	20	7	2	11	1.59193656562552	9	14	15	9	3	14
CGGGCCATAGCCGCAC-1	5975	7364	visium_breast_cancer_SEDR	visium_breast_cancer_SEDR	20	9	10	19	1.67623493913473	13	8	16	13	14	4
CGGGCCTTCTTTGTAA-1	11015	13787	visium_breast_cancer_SEDR	visium_breast_cancer_SEDR	20	7	2	5	1.67665455436062	8	9	15	9	3	14
CGGGCGATGGATCACG-1	13733	20444	visium_breast_cancer_SEDR	visium_breast_cancer_SEDR	20	2	4	9	1.47387880267449	7	15	3	19	5	9
CGGGTGTACCCATTTA-1	15251	11657	visium_breast_cancer_SEDR	visium_breast_cancer_SEDR	20	16	15	14	1.59921858573918	12	2	5	4	0	12
CGGGTTCGGCACGTAT-1	18129	5723	visium_breast_cancer_SEDR	visium_breast_cancer_SEDR	20	6	0	18	1.67623493913473	12	5	7	17	0	7
CGGGTTTGTTAGGGCT-1	19063	17365	visium_breast_cancer_SEDR	visium_breast_cancer_SEDR	20	18	3	20	1.58468391507905	15	16	2	11	1	12
CGGTAGAGGTGCAGGT-1	16075	9283	visium_breast_cancer_SEDR	visium_breast_cancer_SEDR	20	6	0	18	1.71474311583251	12	5	7	6	0	7
CGGTATAGGTATTAGC-1	17035	6672	visium_breast_cancer_SEDR	visium_breast_cancer_SEDR	20	6	0	18	1.59921858573918	4	18	7	6	0	7
CGGTATGGGCACTCTG-1	14004	21869	visium_breast_cancer_SEDR	visium_breast_cancer_SEDR	20	17	14	9	1.79175946922805	11	17	1	18	4	15
CGGTCAAGTGGGAACC-1	14434	10230	visium_breast_cancer_SEDR	visium_breast_cancer_SEDR	20	20	7	2	1.67623493913473	9	7	13	15	15	18
CGGTCCATGAGACTCC-1	19625	8814	visium_breast_cancer_SEDR	visium_breast_cancer_SEDR	20	13	0	18	1.79175946922805	12	18	14	6	0	7
CGGTCCGTCGCAAGCC-1	10459	19012	visium_breast_cancer_SEDR	visium_breast_cancer_SEDR	20	8	1	13	1.56071040904141	5	20	18	20	2	15
CGGTCTATCAACCCGT-1	14711	8330	visium_breast_cancer_SEDR	visium_breast_cancer_SEDR	20	18	3	20	1.63772676243696	3	13	2	11	1	17
CGGTGAAGACTAAAGT-1	6649	12354	visium_breast_cancer_SEDR	visium_breast_cancer_SEDR	20	7	2	5	1.49313289102338	8	9	11	9	3	13
CGGTGCAGATAGAACG-1	8420	14020	visium_breast_cancer_SEDR	visium_breast_cancer_SEDR	20	7	2	5	1.49313289102338	8	9	11	9	3	13
CGGTGCGCGTTGGTCC-1	8827	15684	visium_breast_cancer_SEDR	visium_breast_cancer_SEDR	20	1	6	12	1.6458480130024	10	2	11	9	9	11
CGGTGGGCTCCAGCCT-1	17033	7622	visium_breast_cancer_SEDR	visium_breast_cancer_SEDR	20	13	0	18	1.71474311583251	4	18	14	17	0	7
CGGTGTACTTGATCCC-1	7749	8080	visium_breast_cancer_SEDR	visium_breast_cancer_SEDR	20	9	8	19	1.67623493913473	13	8	16	11	15	2
CGGTTATCCAACAGTG-1	16890	11185	visium_breast_cancer_SEDR	visium_breast_cancer_SEDR	20	6	0	18	1.60733983630463	10	5	7	6	0	7
CGGTTCAAGTAGGTGT-1	16893	9759	visium_breast_cancer_SEDR	visium_breast_cancer_SEDR	20	6	0	18	1.71474311583251	12	5	7	6	0	7
CGGTTCCGGCTTCTTG-1	7479	6179	visium_breast_cancer_SEDR	visium_breast_cancer_SEDR	20	3	10	19	1.68435618970018	13	8	8	10	7	4
CGGTTGACCTGGCATA-1	6920	13305	visium_breast_cancer_SEDR	visium_breast_cancer_SEDR	20	7	2	5	1.49313289102338	8	9	11	9	3	13
CGGTTGAGTATCCTTC-1	7591	19720	visium_breast_cancer_SEDR	visium_breast_cancer_SEDR	20	8	1	13	1.67623493913473	5	20	18	20	6	16
CGGTTGGGCAGGGTCC-1	13731	21394	visium_breast_cancer_SEDR	visium_breast_cancer_SEDR	20	2	4	9	1.72286436639795	16	11	3	19	4	9
CGGTTGGGTTCAAGTT-1	17173	5959	visium_breast_cancer_SEDR	visium_breast_cancer_SEDR	20	6	0	18	1.71474311583251	12	5	7	6	0	7
CGGTTTATGAAGGAAC-1	17718	6435	visium_breast_cancer_SEDR	visium_breast_cancer_SEDR	20	6	0	18	1.75325129253028	12	18	7	6	0	7
CGTAAACGCTTGAGTG-1	6659	6653	visium_breast_cancer_SEDR	visium_breast_cancer_SEDR	20	3	10	19	1.68435618970018	13	8	8	10	7	4
CGTAAAGCAAGAAATC-1	7316	20669	visium_breast_cancer_SEDR	visium_breast_cancer_SEDR	20	8	1	13	1.75325129253028	5	20	19	20	6	16
CGTAACTTCGACACTT-1	10321	20200	visium_breast_cancer_SEDR	visium_breast_cancer_SEDR	20	8	1	13	1.56071040904141	5	20	18	20	6	15
CGTACCGAAAGTCTAG-1	5158	6412	visium_breast_cancer_SEDR	visium_breast_cancer_SEDR	20	9	10	19	1.71474311583251	13	8	16	13	15	4
CGTACCTGATAGGCCT-1	12798	9277	visium_breast_cancer_SEDR	visium_breast_cancer_SEDR	20	14	7	2	1.67623493913473	3	14	13	15	15	3
CGTAGAGAGTAATTAT-1	15372	19971	visium_breast_cancer_SEDR	visium_breast_cancer_SEDR	20	2	4	17	1.72286436639795	16	11	3	19	5	9
CGTAGCGAATTGTCAG-1	13211	7140	visium_breast_cancer_SEDR	visium_breast_cancer_SEDR	20	14	13	20	1.71474311583251	3	14	10	11	18	3
CGTAGCGCCGACGTTG-1	10757	5710	visium_breast_cancer_SEDR	visium_breast_cancer_SEDR	20	5	8	19	1.67623493913473	17	8	16	13	15	2
CGTATTAAGAGATCTA-1	10882	11649	visium_breast_cancer_SEDR	visium_breast_cancer_SEDR	20	7	2	11	1.68435618970018	8	14	15	9	9	14
CGTCACGTCCATTGGT-1	10466	15211	visium_breast_cancer_SEDR	visium_breast_cancer_SEDR	20	7	16	11	1.67623493913473	14	14	11	9	9	11
CGTCAGTGCGCACAAG-1	10209	6659	visium_breast_cancer_SEDR	visium_breast_cancer_SEDR	20	3	12	19	1.75325129253028	19	8	8	14	13	20
CGTCAGTTTATCGTCT-1	11714	4524	visium_breast_cancer_SEDR	visium_breast_cancer_SEDR	20	14	13	3	1.71474311583251	17	12	10	5	16	3
CGTCATACCATATCCA-1	6246	8790	visium_breast_cancer_SEDR	visium_breast_cancer_SEDR	20	9	10	19	1.59921858573918	13	8	16	14	7	4
CGTCCTCATCGCGTGC-1	18647	20928	visium_breast_cancer_SEDR	visium_breast_cancer_SEDR	20	12	11	1	1.72286436639795	7	15	20	16	5	19
CGTCGCATGTGAGCCA-1	14008	19494	visium_breast_cancer_SEDR	visium_breast_cancer_SEDR	20	2	4	9	1.72286436639795	16	11	3	19	5	9
CGTCGCGGCGGGATTT-1	5430	6888	visium_breast_cancer_SEDR	visium_breast_cancer_SEDR	20	9	8	11	1.62319209177683	14	14	16	1	15	4
CGTCGCTTGGTTATAC-1	6910	19006	visium_breast_cancer_SEDR	visium_breast_cancer_SEDR	20	8	1	13	1.67623493913473	5	20	18	20	6	16
CGTCGGATAGTGTTGA-1	16615	12134	visium_breast_cancer_SEDR	visium_breast_cancer_SEDR	20	16	3	20	1.63772676243696	12	2	2	4	1	17
CGTCGGGTCTAAGCGC-1	6504	16867	visium_breast_cancer_SEDR	visium_breast_cancer_SEDR	20	16	19	14	1.48369405564586	11	16	1	4	12	12
CGTCGTCCTTCGCGAA-1	13875	17356	visium_breast_cancer_SEDR	visium_breast_cancer_SEDR	20	10	9	16	1.67623493913473	2	4	9	12	11	5
CGTCTGGAAGGGCCCG-1	11981	7850	visium_breast_cancer_SEDR	visium_breast_cancer_SEDR	20	5	8	19	1.71474311583251	17	8	16	13	13	2
CGTGAAGTTAATTCAC-1	11152	13550	visium_breast_cancer_SEDR	visium_breast_cancer_SEDR	20	7	2	5	1.67665455436062	8	9	15	9	3	14
CGTGACATTGGGTCGT-1	14849	7618	visium_breast_cancer_SEDR	visium_breast_cancer_SEDR	20	18	3	20	1.59921858573918	3	10	2	11	1	3
CGTGACCAGTCCTCTG-1	11005	19013	visium_breast_cancer_SEDR	visium_breast_cancer_SEDR	20	10	9	16	1.67623493913473	2	4	9	12	11	5
CGTGCACACCACTGTA-1	15780	21160	visium_breast_cancer_SEDR	visium_breast_cancer_SEDR	20	2	4	17	1.72286436639795	16	11	3	19	4	9
CGTGCAGACTGGGACA-1	13609	13554	visium_breast_cancer_SEDR	visium_breast_cancer_SEDR	20	1	15	11	1.6458480130024	1	14	15	9	12	12
CGTGCATTGTCGACGC-1	7739	13306	visium_breast_cancer_SEDR	visium_breast_cancer_SEDR	20	7	2	5	1.49313289102338	8	9	11	9	3	13
CGTGCCCGACATTTGT-1	11578	4286	visium_breast_cancer_SEDR	visium_breast_cancer_SEDR	20	14	13	3	1.71474311583251	17	12	10	5	16	3
CGTGCTGGCCTAGTCG-1	6114	6176	visium_breast_cancer_SEDR	visium_breast_cancer_SEDR	20	3	10	19	1.68435618970018	13	8	8	10	7	4
CGTGCTTCTACCTAAA-1	7320	18769	visium_breast_cancer_SEDR	visium_breast_cancer_SEDR	20	8	1	13	1.67623493913473	5	20	18	20	6	16
CGTGGAAGCCTCGTAC-1	19886	15466	visium_breast_cancer_SEDR	visium_breast_cancer_SEDR	20	15	3	7	1.52220223234363	3	13	5	1	1	17
CGTGGCCGAATATCTA-1	17292	15224	visium_breast_cancer_SEDR	visium_breast_cancer_SEDR	20	4	18	20	1.63772676243696	3	3	4	11	18	17
CGTGGTACCCAAAGGC-1	9229	19723	visium_breast_cancer_SEDR	visium_breast_cancer_SEDR	20	8	1	13	1.56071040904141	5	20	18	20	2	15
CGTGTATGGGAGCTGA-1	18650	19502	visium_breast_cancer_SEDR	visium_breast_cancer_SEDR	20	11	4	9	1.56071040904141	16	10	3	2	4	1
CGTGTCCCATTCGCGA-1	8973	10695	visium_breast_cancer_SEDR	visium_breast_cancer_SEDR	20	20	7	2	1.71474311583251	9	1	13	15	10	18
CGTGTCTCGTTACGAC-1	8140	18295	visium_breast_cancer_SEDR	visium_breast_cancer_SEDR	20	8	1	13	1.56071040904141	5	20	18	20	6	15
CGTGTGTTAAACCCTG-1	19347	11664	visium_breast_cancer_SEDR	visium_breast_cancer_SEDR	20	4	5	4	1.63772676243696	18	1	4	3	8	10
CGTTAAACTAGTTAGG-1	18657	15702	visium_breast_cancer_SEDR	visium_breast_cancer_SEDR	20	15	3	6	1.63772676243696	3	13	5	1	1	8
CGTTAAATACGACCAG-1	19602	21642	visium_breast_cancer_SEDR	visium_breast_cancer_SEDR	20	2	4	17	1.72286436639795	16	11	3	19	5	9
CGTTAATGTCCCGACG-1	15376	18071	visium_breast_cancer_SEDR	visium_breast_cancer_SEDR	20	2	4	9	1.6086574211167	16	15	3	19	5	9
CGTTAGCTCACAACTG-1	15805	7382	visium_breast_cancer_SEDR	visium_breast_cancer_SEDR	20	6	0	18	1.75325129253028	12	18	7	6	0	7
CGTTCAAGGAAACGGA-1	9774	20674	visium_breast_cancer_SEDR	visium_breast_cancer_SEDR	20	8	1	13	1.56071040904141	5	20	19	20	2	15
CGTTCAGACCCGCGAA-1	11824	19490	visium_breast_cancer_SEDR	visium_breast_cancer_SEDR	20	10	9	16	1.67623493913473	2	4	9	12	11	5
CGTTCATGGTGCGCGT-1	6233	15441	visium_breast_cancer_SEDR	visium_breast_cancer_SEDR	20	15	3	6	1.67623493913473	3	13	5	4	1	8
CGTTCTTCGCACACCT-1	18397	8574	visium_breast_cancer_SEDR	visium_breast_cancer_SEDR	20	6	0	18	1.75325129253028	12	18	7	6	0	7
CGTTGAATACCGCGCT-1	14011	17593	visium_breast_cancer_SEDR	visium_breast_cancer_SEDR	20	10	9	16	1.67623493913473	2	4	9	12	11	5
CGTTGAGTAATTGCGT-1	17308	6672	visium_breast_cancer_SEDR	visium_breast_cancer_SEDR	20	6	0	18	1.59921858573918	4	18	7	6	0	7
CGTTGCCCGCGTGGGA-1	9639	19486	visium_breast_cancer_SEDR	visium_breast_cancer_SEDR	20	8	1	13	1.56071040904141	5	20	18	20	2	15
CGTTGTAAGATTGATT-1	18257	10237	visium_breast_cancer_SEDR	visium_breast_cancer_SEDR	20	6	0	18	1.71474311583251	12	5	7	6	0	7
CGTTGTCGGCAATTGA-1	12507	19254	visium_breast_cancer_SEDR	visium_breast_cancer_SEDR	20	10	9	16	1.67623493913473	2	4	9	12	11	5
CGTTGTTTCAATTCCC-1	8970	12120	visium_breast_cancer_SEDR	visium_breast_cancer_SEDR	20	7	2	5	1.49313289102338	8	9	11	9	3	13
CGTTTAAGCGGAGCAC-1	11573	7137	visium_breast_cancer_SEDR	visium_breast_cancer_SEDR	20	3	12	19	1.75325129253028	19	8	8	14	13	20
CGTTTACAAGGCAGCT-1	19488	9052	visium_breast_cancer_SEDR	visium_breast_cancer_SEDR	20	13	0	18	1.63772676243696	4	18	14	6	0	7
CGTTTCACTTCGGGCG-1	16076	8333	visium_breast_cancer_SEDR	visium_breast_cancer_SEDR	20	6	0	18	1.71474311583251	12	5	7	6	0	7
CGTTTCGCTCATTACA-1	10198	12360	visium_breast_cancer_SEDR	visium_breast_cancer_SEDR	20	7	2	11	1.72286436639795	8	9	15	9	9	14
CGTTTCGGTTATATGC-1	19328	21642	visium_breast_cancer_SEDR	visium_breast_cancer_SEDR	20	2	4	9	1.72286436639795	16	11	3	19	5	9
CTAAAGAATGCCTACT-1	8423	12595	visium_breast_cancer_SEDR	visium_breast_cancer_SEDR	20	7	2	5	1.54617573838128	8	9	11	9	9	13
CTAAAGGGAAATAGGA-1	11969	14502	visium_breast_cancer_SEDR	visium_breast_cancer_SEDR	20	7	2	11	1.6458480130024	14	9	15	9	9	14
CTAAAGTCCGAAGCTA-1	6526	4989	visium_breast_cancer_SEDR	visium_breast_cancer_SEDR	20	3	10	19	1.68435618970018	13	8	8	10	7	4
CTAAATCCGGTGTACA-1	8276	18533	visium_breast_cancer_SEDR	visium_breast_cancer_SEDR	20	8	1	13	1.56071040904141	5	20	18	20	6	15
CTAAATCCTATTCCGG-1	14981	10231	visium_breast_cancer_SEDR	visium_breast_cancer_SEDR	20	16	15	14	1.56071040904141	12	7	5	1	0	12
CTAACCGCGCGCCCGT-1	8286	12832	visium_breast_cancer_SEDR	visium_breast_cancer_SEDR	20	7	2	5	1.49313289102338	8	9	11	9	3	13
CTAACGAAACTTGCTG-1	16344	11184	visium_breast_cancer_SEDR	visium_breast_cancer_SEDR	20	6	0	12	1.6458480130024	10	2	6	6	0	7
CTAACTGATAATCGCC-1	17424	17837	visium_breast_cancer_SEDR	visium_breast_cancer_SEDR	20	11	17	10	1.63772676243696	3	10	2	2	18	1
CTAACTGGTCCGGTTC-1	8417	15920	visium_breast_cancer_SEDR	visium_breast_cancer_SEDR	20	1	6	12	1.71474311583251	14	2	6	4	12	11
CTAAGTACAGGGCTAC-1	17447	5485	visium_breast_cancer_SEDR	visium_breast_cancer_SEDR	20	6	0	18	1.71474311583251	12	12	7	6	0	7
CTAATTATGAAGCGTA-1	20038	6677	visium_breast_cancer_SEDR	visium_breast_cancer_SEDR	20	6	0	18	1.67623493913473	12	5	7	7	0	7
CTAATTCGCACGCGCT-1	8154	10694	visium_breast_cancer_SEDR	visium_breast_cancer_SEDR	20	7	2	11	1.68435618970018	14	7	15	9	9	14
CTAATTCTCAGATATT-1	17847	10474	visium_breast_cancer_SEDR	visium_breast_cancer_SEDR	20	6	0	18	1.71474311583251	12	5	7	6	0	7
CTAATTTCAACAACAC-1	7201	9029	visium_breast_cancer_SEDR	visium_breast_cancer_SEDR	20	9	8	19	1.67623493913473	17	8	16	13	7	4
CTACAAGAAATAACCC-1	8960	17822	visium_breast_cancer_SEDR	visium_breast_cancer_SEDR	20	8	1	13	1.56071040904141	5	20	18	20	2	15
CTACACTCGCAGATGG-1	17288	17599	visium_breast_cancer_SEDR	visium_breast_cancer_SEDR	20	11	17	17	1.58468391507905	16	11	2	2	4	1
CTACATATCGCGGGAC-1	5133	20190	visium_breast_cancer_SEDR	visium_breast_cancer_SEDR	20	8	1	13	1.67623493913473	5	20	18	20	6	16
CTACCCTAAGGTCATA-1	15934	11421	visium_breast_cancer_SEDR	visium_breast_cancer_SEDR	20	6	0	18	1.6458480130024	10	2	6	6	0	7
CTACGAACTAGGTCGA-1	13488	5240	visium_breast_cancer_SEDR	visium_breast_cancer_SEDR	20	19	5	15	1.44518587894808	6	3	12	3	17	6
CTACGACTAGCTATAA-1	6784	13067	visium_breast_cancer_SEDR	visium_breast_cancer_SEDR	20	7	2	5	1.49313289102338	8	9	11	9	3	13
CTACGATCCTATCCTA-1	6088	20430	visium_breast_cancer_SEDR	visium_breast_cancer_SEDR	20	8	1	13	1.67623493913473	5	20	18	20	6	16
CTACGCACGGAGTACC-1	11291	12362	visium_breast_cancer_SEDR	visium_breast_cancer_SEDR	20	7	2	11	1.60733983630463	14	14	15	9	9	14
CTACGCCATTTCCGAT-1	14441	6904	visium_breast_cancer_SEDR	visium_breast_cancer_SEDR	20	18	3	20	1.67623493913473	3	10	2	11	18	3
CTACGTGTTGCCACCA-1	6798	5465	visium_breast_cancer_SEDR	visium_breast_cancer_SEDR	20	3	10	19	1.59921858573918	13	8	8	14	7	4
CTACTATCATAGGTTT-1	6914	16630	visium_breast_cancer_SEDR	visium_breast_cancer_SEDR	20	16	6	14	1.59963820096508	10	16	1	4	12	12
CTACTATCTTTCAGAG-1	16208	10946	visium_breast_cancer_SEDR	visium_breast_cancer_SEDR	20	6	0	18	1.71474311583251	12	2	6	6	0	7
CTACTCAAGGTATAGT-1	9232	18297	visium_breast_cancer_SEDR	visium_breast_cancer_SEDR	20	8	1	13	1.56071040904141	5	20	18	20	6	15
CTACTCTAGGCCCGGC-1	6923	11404	visium_breast_cancer_SEDR	visium_breast_cancer_SEDR	20	7	2	5	1.49747860743782	8	9	15	9	3	13
CTACTGCCACCTGACC-1	12113	10463	visium_breast_cancer_SEDR	visium_breast_cancer_SEDR	20	20	7	2	1.71474311583251	9	1	13	15	10	18
CTAGACATATATGTAG-1	18265	5961	visium_breast_cancer_SEDR	visium_breast_cancer_SEDR	20	6	0	18	1.67623493913473	12	5	7	7	0	7
CTAGACTGCATTTCGT-1	16626	6433	visium_breast_cancer_SEDR	visium_breast_cancer_SEDR	20	6	0	18	1.75325129253028	12	18	7	6	0	7
CTAGATAAACTCCTCG-1	6934	5703	visium_breast_cancer_SEDR	visium_breast_cancer_SEDR	20	3	10	19	1.68435618970018	13	8	8	10	7	4
CTAGATGTGAGTGTAA-1	17571	11899	visium_breast_cancer_SEDR	visium_breast_cancer_SEDR	20	4	5	4	1.63772676243696	18	1	4	3	8	10
CTAGATTTACGACGGC-1	13608	14029	visium_breast_cancer_SEDR	visium_breast_cancer_SEDR	20	16	6	12	1.56071040904141	12	2	6	4	12	12
CTAGCATAGTATAATG-1	12520	12127	visium_breast_cancer_SEDR	visium_breast_cancer_SEDR	20	20	7	2	1.71474311583251	9	1	13	15	10	18
CTAGCCACAGGCGAGC-1	19472	18079	visium_breast_cancer_SEDR	visium_breast_cancer_SEDR	20	4	5	4	1.54617573838128	15	3	4	3	8	10
CTAGCCGATGTTATGA-1	17303	9523	visium_breast_cancer_SEDR	visium_breast_cancer_SEDR	20	6	0	18	1.71474311583251	12	5	7	6	0	7
CTAGGCGCCCTATCAG-1	15925	16172	visium_breast_cancer_SEDR	visium_breast_cancer_SEDR	20	2	4	9	1.72286436639795	16	11	3	19	4	9
CTAGGCGGCAGAGAAT-1	7891	4992	visium_breast_cancer_SEDR	visium_breast_cancer_SEDR	20	9	10	19	1.59921858573918	13	8	16	14	7	4
CTAGGGATAGGGACAA-1	9364	20911	visium_breast_cancer_SEDR	visium_breast_cancer_SEDR	20	8	1	13	1.63772676243696	5	20	19	20	6	15
CTAGGTCTGAAGGAAT-1	17707	12612	visium_breast_cancer_SEDR	visium_breast_cancer_SEDR	20	4	5	4	1.52220223234363	6	3	4	3	17	10
CTAGGTTCGGACGTGA-1	13055	17829	visium_breast_cancer_SEDR	visium_breast_cancer_SEDR	20	10	9	16	1.67623493913473	2	4	9	12	11	5
CTAGTAGAAAGGGATT-1	14555	19020	visium_breast_cancer_SEDR	visium_breast_cancer_SEDR	20	2	4	9	1.72286436639795	16	11	3	19	4	9
CTAGTATTCGGAATTA-1	14440	7379	visium_breast_cancer_SEDR	visium_breast_cancer_SEDR	20	14	13	20	1.67623493913473	3	10	10	11	18	3
CTAGTCACGTCTTAAG-1	12928	12840	visium_breast_cancer_SEDR	visium_breast_cancer_SEDR	20	7	2	5	1.67665455436062	8	9	15	9	3	14
CTAGTGAAGGACAGGA-1	8697	12120	visium_breast_cancer_SEDR	visium_breast_cancer_SEDR	20	7	2	5	1.49313289102338	8	9	11	9	3	13
CTAGTTACAACCCGGT-1	12648	16641	visium_breast_cancer_SEDR	visium_breast_cancer_SEDR	20	10	9	16	1.67623493913473	2	4	9	12	11	5
CTAGTTGGGCCCGGTA-1	12796	10227	visium_breast_cancer_SEDR	visium_breast_cancer_SEDR	20	20	7	2	1.71474311583251	9	1	13	15	10	18
CTATAAGAGCCAATCG-1	17165	10235	visium_breast_cancer_SEDR	visium_breast_cancer_SEDR	20	6	0	18	1.71474311583251	12	5	7	6	0	7
CTATAGGCGTTGATGT-1	8685	18771	visium_breast_cancer_SEDR	visium_breast_cancer_SEDR	20	8	1	13	1.56071040904141	5	20	18	20	6	15
CTATATCCAGCCTGGC-1	7726	20433	visium_breast_cancer_SEDR	visium_breast_cancer_SEDR	20	8	1	13	1.63772676243696	5	20	19	20	6	15
CTATCACAACGCTGGA-1	14141	21632	visium_breast_cancer_SEDR	visium_breast_cancer_SEDR	20	17	14	9	1.56883165960686	11	17	1	2	4	9
CTATCGACGAAATACA-1	16198	16647	visium_breast_cancer_SEDR	visium_breast_cancer_SEDR	20	2	4	17	1.6086574211167	16	15	3	19	5	9
CTATCGCGTAGAGAAC-1	19608	17841	visium_breast_cancer_SEDR	visium_breast_cancer_SEDR	20	4	5	4	1.54617573838128	15	16	4	3	8	10
CTATCGGGTCTCAACA-1	12929	12365	visium_breast_cancer_SEDR	visium_breast_cancer_SEDR	20	20	7	2	1.71474311583251	9	1	13	15	10	18
CTATGCCCGAATGCAA-1	11551	19014	visium_breast_cancer_SEDR	visium_breast_cancer_SEDR	20	10	9	16	1.67623493913473	2	4	9	12	11	5
CTATGGGAAGCGGAAT-1	17699	16888	visium_breast_cancer_SEDR	visium_breast_cancer_SEDR	20	18	3	10	1.71474311583251	3	7	2	2	1	1
CTATGTCACTAGCCCA-1	12521	11177	visium_breast_cancer_SEDR	visium_breast_cancer_SEDR	20	20	7	2	1.71474311583251	9	1	13	15	10	18
CTATGTCTATTGAAAC-1	11028	6661	visium_breast_cancer_SEDR	visium_breast_cancer_SEDR	20	5	8	19	1.63772676243696	17	8	8	13	13	2
CTATGTGAGTCACGGC-1	5825	14728	visium_breast_cancer_SEDR	visium_breast_cancer_SEDR	20	1	6	12	1.67665455436062	10	2	6	8	12	12
CTATTCATGTGTCCCA-1	11966	16402	visium_breast_cancer_SEDR	visium_breast_cancer_SEDR	20	16	6	14	1.63814637766285	10	16	2	4	12	12
CTATTGTGTTTGGTCA-1	17307	7147	visium_breast_cancer_SEDR	visium_breast_cancer_SEDR	20	13	0	18	1.63772676243696	4	18	14	6	0	7
CTATTTGCTTGGAGGA-1	12231	20678	visium_breast_cancer_SEDR	visium_breast_cancer_SEDR	20	17	14	13	1.71474311583251	11	17	1	20	2	15
CTATTTGGTTACGGAT-1	14703	12606	visium_breast_cancer_SEDR	visium_breast_cancer_SEDR	20	16	15	14	1.30059200753451	14	14	5	1	14	12
CTCAAACCACTGCCCG-1	8957	19247	visium_breast_cancer_SEDR	visium_breast_cancer_SEDR	20	8	1	13	1.56071040904141	5	20	18	20	6	15
CTCAACTAACCCGGAT-1	15101	19021	visium_breast_cancer_SEDR	visium_breast_cancer_SEDR	20	2	4	17	1.72286436639795	16	11	3	19	4	9
CTCAAGACATTAGCGC-1	17443	7385	visium_breast_cancer_SEDR	visium_breast_cancer_SEDR	20	13	0	18	1.71474311583251	4	18	14	17	0	7
CTCACACGCAAGCCTA-1	20172	8340	visium_breast_cancer_SEDR	visium_breast_cancer_SEDR	20	13	0	18	1.75325129253028	4	6	14	17	0	7
CTCACATTTACTAAAT-1	12781	18779	visium_breast_cancer_SEDR	visium_breast_cancer_SEDR	20	10	9	16	1.67623493913473	2	4	9	12	11	5
CTCACCGATCCAAACT-1	19630	5964	visium_breast_cancer_SEDR	visium_breast_cancer_SEDR	20	6	0	18	1.67623493913473	12	5	7	7	0	7
CTCACTGTGATACTTA-1	13736	19018	visium_breast_cancer_SEDR	visium_breast_cancer_SEDR	20	10	9	16	1.56071040904141	2	4	9	12	11	1
CTCACTTGGCTGGTAA-1	7056	13542	visium_breast_cancer_SEDR	visium_breast_cancer_SEDR	20	7	2	5	1.49313289102338	8	9	11	9	3	13
CTCAGAGCTAATGTCG-1	11547	21390	visium_breast_cancer_SEDR	visium_breast_cancer_SEDR	20	8	1	13	1.56071040904141	5	20	18	20	2	15
CTCAGGACTCACCTGT-1	7613	7842	visium_breast_cancer_SEDR	visium_breast_cancer_SEDR	20	3	10	19	1.59921858573918	13	8	8	14	7	4
CTCAGTCACGACAAAT-1	16620	9759	visium_breast_cancer_SEDR	visium_breast_cancer_SEDR	20	6	0	18	1.71474311583251	12	5	7	6	0	7
CTCATAAATGTGTATA-1	17963	21639	visium_breast_cancer_SEDR	visium_breast_cancer_SEDR	20	12	11	1	1.51238697937227	7	15	20	19	5	9
CTCATGGCTCACAATC-1	12119	7138	visium_breast_cancer_SEDR	visium_breast_cancer_SEDR	20	5	8	19	1.67623493913473	17	8	16	13	15	2
CTCATGGTAATTTGCG-1	7052	15918	visium_breast_cancer_SEDR	visium_breast_cancer_SEDR	20	1	6	12	1.6304447423233	10	2	6	4	12	12
CTCATTGCTCTAACAA-1	14147	18306	visium_breast_cancer_SEDR	visium_breast_cancer_SEDR	20	10	9	16	1.60733983630463	2	4	9	19	11	9
CTCATTTGATGGGCGG-1	11979	9275	visium_breast_cancer_SEDR	visium_breast_cancer_SEDR	20	5	8	19	1.67623493913473	17	8	16	13	15	2
CTCCCAATGAGTCGCG-1	19202	16178	visium_breast_cancer_SEDR	visium_breast_cancer_SEDR	20	15	3	6	1.63772676243696	3	13	5	1	1	8
CTCCCTCCTTTCGATC-1	6642	16155	visium_breast_cancer_SEDR	visium_breast_cancer_SEDR	20	16	6	14	1.59193656562552	10	16	6	4	12	12
CTCCGCCCACATGAGG-1	8830	14258	visium_breast_cancer_SEDR	visium_breast_cancer_SEDR	20	7	2	5	1.49313289102338	8	9	11	9	3	13
CTCCGGCCTAATATGC-1	11571	8562	visium_breast_cancer_SEDR	visium_breast_cancer_SEDR	20	5	8	19	1.63772676243696	17	8	16	13	7	2
CTCCGGCTTGTAGACA-1	6111	7602	visium_breast_cancer_SEDR	visium_breast_cancer_SEDR	20	9	10	19	1.56071040904141	13	8	16	11	14	4
CTCCTAAGTTATGTCT-1	7614	6892	visium_breast_cancer_SEDR	visium_breast_cancer_SEDR	20	3	12	19	1.79175946922805	19	8	8	14	7	20
CTCCTCCAGCTCACAC-1	10323	18774	visium_breast_cancer_SEDR	visium_breast_cancer_SEDR	20	8	1	13	1.56071040904141	5	20	18	20	2	15
CTCCTGTTCAAGGCAG-1	19473	17128	visium_breast_cancer_SEDR	visium_breast_cancer_SEDR	20	18	3	20	1.50766756168351	3	16	2	11	1	17
CTCCTTTACGCAAGTC-1	18395	9525	visium_breast_cancer_SEDR	visium_breast_cancer_SEDR	20	13	0	18	1.71474311583251	12	18	14	17	0	7
CTCGAATGGAACGTAT-1	17174	5484	visium_breast_cancer_SEDR	visium_breast_cancer_SEDR	20	6	0	18	1.71474311583251	12	12	7	6	0	7
CTCGAGATCCAAAGCA-1	5294	6650	visium_breast_cancer_SEDR	visium_breast_cancer_SEDR	20	9	8	19	1.67623493913473	13	14	16	13	15	4
CTCGAGGTCGAACAGT-1	11566	10937	visium_breast_cancer_SEDR	visium_breast_cancer_SEDR	20	20	7	2	1.71474311583251	9	1	13	15	10	18
CTCGATATTTGCGAGC-1	17030	9522	visium_breast_cancer_SEDR	visium_breast_cancer_SEDR	20	6	0	18	1.71474311583251	12	5	7	6	0	7
CTCGCACCTATATAGT-1	12797	9752	visium_breast_cancer_SEDR	visium_breast_cancer_SEDR	20	20	7	2	1.67623493913473	9	14	13	15	15	3
CTCGCATTGCATAGCC-1	5136	18290	visium_breast_cancer_SEDR	visium_breast_cancer_SEDR	20	8	1	13	1.67623493913473	5	20	18	20	2	16
CTCGCCGAATGTAGGG-1	12235	18303	visium_breast_cancer_SEDR	visium_breast_cancer_SEDR	20	10	9	16	1.67623493913473	2	4	9	12	11	5
CTCGCTAGGTAAGCGA-1	16599	21161	visium_breast_cancer_SEDR	visium_breast_cancer_SEDR	20	2	4	9	1.72286436639795	16	11	3	19	4	9
CTCGGGATAACACCTA-1	20030	11428	visium_breast_cancer_SEDR	visium_breast_cancer_SEDR	20	4	18	4	1.75325129253028	18	16	4	3	15	17
CTCGGGCATCGTCGGG-1	12807	4051	visium_breast_cancer_SEDR	visium_breast_cancer_SEDR	20	14	13	3	1.71474311583251	6	12	10	12	17	3
CTCGGGTTCTCTGGCC-1	7183	18531	visium_breast_cancer_SEDR	visium_breast_cancer_SEDR	20	8	1	13	1.67623493913473	5	20	18	20	6	16
CTCGGTACCACTGCTC-1	14564	13794	visium_breast_cancer_SEDR	visium_breast_cancer_SEDR	20	17	14	10	1.59921858573918	11	17	17	18	19	16
CTCGGTCCGTAGCCTG-1	10342	8322	visium_breast_cancer_SEDR	visium_breast_cancer_SEDR	20	5	9	16	1.59921858573918	2	8	16	13	11	5
CTCGGTTGTCGGCCCT-1	7049	17343	visium_breast_cancer_SEDR	visium_breast_cancer_SEDR	20	8	1	13	1.67623493913473	5	20	18	20	6	16
CTCGTCGAGGGCTCAT-1	5955	18291	visium_breast_cancer_SEDR	visium_breast_cancer_SEDR	20	8	1	13	1.67623493913473	5	20	18	20	6	16
CTCGTCTGTGCCTTCG-1	14688	20683	visium_breast_cancer_SEDR	visium_breast_cancer_SEDR	20	2	4	9	1.47387880267449	7	15	3	19	5	9
CTCGTTACGGCTACCA-1	8954	20672	visium_breast_cancer_SEDR	visium_breast_cancer_SEDR	20	8	1	13	1.56071040904141	5	17	19	20	2	15
CTCGTTTCTAATGTTT-1	17713	9286	visium_breast_cancer_SEDR	visium_breast_cancer_SEDR	20	6	0	18	1.75325129253028	12	18	7	6	0	7
CTCTAATGCATTGATC-1	18531	9762	visium_breast_cancer_SEDR	visium_breast_cancer_SEDR	20	13	0	18	1.71474311583251	12	18	14	17	0	7
CTCTACACTGGCGATT-1	5826	14253	visium_breast_cancer_SEDR	visium_breast_cancer_SEDR	20	1	6	12	1.67665455436062	10	2	6	8	12	11
CTCTACATCCTGCGTG-1	12503	21154	visium_breast_cancer_SEDR	visium_breast_cancer_SEDR	20	17	14	13	1.71474311583251	11	17	1	20	2	15
CTCTAGCCCTCGGAAA-1	15782	19735	visium_breast_cancer_SEDR	visium_breast_cancer_SEDR	20	12	11	1	1.72286436639795	7	15	20	16	5	19
CTCTATTTGGCTGCAG-1	12787	15453	visium_breast_cancer_SEDR	visium_breast_cancer_SEDR	20	16	19	14	1.56071040904141	12	16	2	4	12	12
CTCTCACAATCGATGA-1	13067	11653	visium_breast_cancer_SEDR	visium_breast_cancer_SEDR	20	7	2	11	1.52220223234363	14	1	11	9	9	14
CTCTCGATGTGCGCCT-1	11987	4999	visium_breast_cancer_SEDR	visium_breast_cancer_SEDR	20	14	13	3	1.71474311583251	6	12	10	5	16	3
CTCTCTAACTGCCTAG-1	6366	17579	visium_breast_cancer_SEDR	visium_breast_cancer_SEDR	20	8	1	13	1.67623493913473	5	20	18	20	2	16
CTCTGCAGGCATTCTT-1	6633	20906	visium_breast_cancer_SEDR	visium_breast_cancer_SEDR	20	8	1	13	1.75325129253028	5	20	19	20	6	16
CTCTGCGAAGCAAGCA-1	10345	6897	visium_breast_cancer_SEDR	visium_breast_cancer_SEDR	20	3	12	19	1.75325129253028	19	8	8	14	13	20
CTCTGGACGCCTGGTG-1	11974	11651	visium_breast_cancer_SEDR	visium_breast_cancer_SEDR	20	20	7	2	1.71474311583251	9	1	13	15	10	18
CTCTGTTTGAGGATTC-1	13348	7377	visium_breast_cancer_SEDR	visium_breast_cancer_SEDR	20	14	13	3	1.71474311583251	3	14	10	11	18	3
CTCTTCTATTGACTGG-1	17156	14986	visium_breast_cancer_SEDR	visium_breast_cancer_SEDR	20	4	5	4	1.48369405564586	6	3	4	3	8	10
CTCTTCTGGAAGTTAG-1	8958	18772	visium_breast_cancer_SEDR	visium_breast_cancer_SEDR	20	8	1	13	1.56071040904141	5	20	18	20	6	15
CTCTTGTCCCGCTTGG-1	11419	16876	visium_breast_cancer_SEDR	visium_breast_cancer_SEDR	20	10	9	16	1.71474311583251	2	4	2	11	11	12
CTGAAACGGCCCTCAG-1	19768	5251	visium_breast_cancer_SEDR	visium_breast_cancer_SEDR	20	6	0	18	1.71474311583251	12	5	5	1	0	7
CTGAAAGAGATCCGAC-1	12936	8564	visium_breast_cancer_SEDR	visium_breast_cancer_SEDR	20	14	8	19	1.56071040904141	3	14	16	13	15	3
CTGAATCCGAGACCTC-1	10739	15212	visium_breast_cancer_SEDR	visium_breast_cancer_SEDR	20	7	16	11	1.67623493913473	14	14	11	9	9	11
CTGAATTTATTGCCAG-1	17986	9286	visium_breast_cancer_SEDR	visium_breast_cancer_SEDR	20	13	0	18	1.67623493913473	4	18	7	17	0	7
CTGACATAGAAATAGA-1	19748	16179	visium_breast_cancer_SEDR	visium_breast_cancer_SEDR	20	15	3	7	1.71474311583251	1	13	5	1	1	8
CTGACTGCGCAGCTCG-1	17299	11423	visium_breast_cancer_SEDR	visium_breast_cancer_SEDR	20	18	3	10	1.56071040904141	3	16	2	4	1	17
CTGAGAAAGTTCGGCG-1	19476	15703	visium_breast_cancer_SEDR	visium_breast_cancer_SEDR	20	15	3	6	1.63772676243696	3	13	5	1	1	8
CTGAGCAAGTAACAAG-1	6930	7603	visium_breast_cancer_SEDR	visium_breast_cancer_SEDR	20	3	10	19	1.59921858573918	13	8	8	14	7	4
CTGCAAATGGGCTCCA-1	12261	4050	visium_breast_cancer_SEDR	visium_breast_cancer_SEDR	20	14	13	3	1.71474311583251	17	12	10	5	16	3
CTGCAAGCACGTTCCG-1	18652	18552	visium_breast_cancer_SEDR	visium_breast_cancer_SEDR	20	11	17	10	1.52220223234363	15	10	2	2	18	1
CTGCACAACTACATAT-1	13878	15930	visium_breast_cancer_SEDR	visium_breast_cancer_SEDR	20	18	3	10	1.67623493913473	3	16	2	2	1	1
CTGCACCTAGTCCACA-1	19485	10952	visium_breast_cancer_SEDR	visium_breast_cancer_SEDR	20	18	3	10	1.56071040904141	3	16	2	4	1	17
CTGCACCTGGAACCGC-1	10207	7609	visium_breast_cancer_SEDR	visium_breast_cancer_SEDR	20	3	12	19	1.75325129253028	19	8	8	14	13	2
CTGCACTCCAGTACAG-1	13057	16879	visium_breast_cancer_SEDR	visium_breast_cancer_SEDR	20	10	9	16	1.67623493913473	2	4	9	12	11	5
CTGCAGAGAATCAGAG-1	17286	18550	visium_breast_cancer_SEDR	visium_breast_cancer_SEDR	20	12	11	1	1.51238697937227	7	15	20	19	5	9
CTGCCAAGGTTGGAAG-1	14027	9042	visium_breast_cancer_SEDR	visium_breast_cancer_SEDR	20	18	3	20	1.50766756168351	3	16	2	11	1	17
CTGCCATGCATCACAT-1	11971	13551	visium_breast_cancer_SEDR	visium_breast_cancer_SEDR	20	7	2	5	1.67665455436062	8	9	15	9	3	14
CTGCCTAGCCACCAAG-1	14442	5954	visium_breast_cancer_SEDR	visium_breast_cancer_SEDR	20	19	5	15	1.44518587894808	6	3	12	3	17	6
CTGCCTCATATGCAAC-1	20029	11903	visium_breast_cancer_SEDR	visium_breast_cancer_SEDR	20	4	5	4	1.63772676243696	18	3	4	3	8	10
CTGCCTTTAATACCTT-1	7319	19244	visium_breast_cancer_SEDR	visium_breast_cancer_SEDR	20	8	1	13	1.67623493913473	5	20	18	20	6	16
CTGCCTTTCTAGTAAA-1	16193	19023	visium_breast_cancer_SEDR	visium_breast_cancer_SEDR	20	2	4	17	1.6086574211167	16	15	3	19	4	9
CTGCGACCTCGCCGAA-1	13459	20918	visium_breast_cancer_SEDR	visium_breast_cancer_SEDR	20	2	4	17	1.6086574211167	16	15	3	19	5	9
CTGCGATTTCGAGATT-1	11684	21152	visium_breast_cancer_SEDR	visium_breast_cancer_SEDR	20	8	1	13	1.56071040904141	5	20	18	20	2	15
CTGCGGGTGAAATGTT-1	6650	11404	visium_breast_cancer_SEDR	visium_breast_cancer_SEDR	20	7	2	11	1.72286436639795	8	9	15	9	9	14
CTGCGGTAGTCACGTG-1	16080	6432	visium_breast_cancer_SEDR	visium_breast_cancer_SEDR	20	13	0	18	1.75325129253028	12	18	14	17	0	12
CTGCGTTACGATATAA-1	15804	7857	visium_breast_cancer_SEDR	visium_breast_cancer_SEDR	20	6	0	18	1.71474311583251	12	5	7	6	0	7
CTGCTCTGACGGCAAA-1	12365	21866	visium_breast_cancer_SEDR	visium_breast_cancer_SEDR	20	8	1	13	1.56071040904141	5	20	18	20	2	15
CTGCTGAGGCCACGAA-1	8281	15683	visium_breast_cancer_SEDR	visium_breast_cancer_SEDR	20	7	2	11	1.46915938498573	14	2	11	9	9	13
CTGCTGTCTAACGAGC-1	19749	15704	visium_breast_cancer_SEDR	visium_breast_cancer_SEDR	20	15	3	7	1.63772676243696	3	13	5	1	1	8
CTGCTTGGCGATAGCT-1	13740	16643	visium_breast_cancer_SEDR	visium_breast_cancer_SEDR	20	10	9	16	1.67623493913473	2	4	9	12	11	5
CTGCTTTATGTCCGCG-1	18806	8813	visium_breast_cancer_SEDR	visium_breast_cancer_SEDR	20	13	0	18	1.63772676243696	4	18	14	6	0	7
CTGGAAATGGATGCTT-1	10747	10936	visium_breast_cancer_SEDR	visium_breast_cancer_SEDR	20	20	7	2	1.71474311583251	9	1	13	15	10	18
CTGGAAGACACGGTGG-1	15516	15933	visium_breast_cancer_SEDR	visium_breast_cancer_SEDR	20	18	3	10	1.71474311583251	3	7	2	2	1	1
CTGGACGCAGTCCGGC-1	5276	16152	visium_breast_cancer_SEDR	visium_breast_cancer_SEDR	20	15	3	6	1.79175946922805	20	19	5	1	1	8
CTGGCATCCGAATGAG-1	7053	15443	visium_breast_cancer_SEDR	visium_breast_cancer_SEDR	20	1	6	12	1.67665455436062	10	2	6	8	12	11
CTGGCGACATAAGTCC-1	14575	8092	visium_breast_cancer_SEDR	visium_breast_cancer_SEDR	20	18	3	20	1.56071040904141	3	10	2	11	1	17
CTGGCGATTTACATGT-1	18100	21402	visium_breast_cancer_SEDR	visium_breast_cancer_SEDR	20	12	11	1	1.72286436639795	7	15	20	16	5	19
CTGGCGCACAGGTCTG-1	15658	12845	visium_breast_cancer_SEDR	visium_breast_cancer_SEDR	20	17	14	13	1.63772676243696	11	17	17	18	19	15
CTGGCGGGAATAAGTA-1	6519	8790	visium_breast_cancer_SEDR	visium_breast_cancer_SEDR	20	9	10	19	1.59921858573918	13	8	16	14	7	4
CTGGCTCCTGCGGGAT-1	7207	5703	visium_breast_cancer_SEDR	visium_breast_cancer_SEDR	20	3	10	19	1.59921858573918	13	8	8	14	7	4
CTGGCTGATTCATCCT-1	16611	14510	visium_breast_cancer_SEDR	visium_breast_cancer_SEDR	20	4	5	4	1.71474311583251	3	3	4	3	18	10
CTGGCTGCTAACGTAA-1	6935	5228	visium_breast_cancer_SEDR	visium_breast_cancer_SEDR	20	3	10	19	1.59921858573918	13	8	8	14	7	4
CTGGGATACGCTACCC-1	19481	12852	visium_breast_cancer_SEDR	visium_breast_cancer_SEDR	20	19	5	15	1.44518587894808	6	3	12	3	17	6
CTGGGATCGCCCAGAT-1	12124	4287	visium_breast_cancer_SEDR	visium_breast_cancer_SEDR	20	14	13	3	1.71474311583251	17	12	10	5	16	3
CTGGGCCTGCTATATC-1	7600	14494	visium_breast_cancer_SEDR	visium_breast_cancer_SEDR	20	7	2	5	1.49313289102338	8	9	11	9	3	13
CTGGGCTACTGGAGAG-1	18235	22115	visium_breast_cancer_SEDR	visium_breast_cancer_SEDR	20	2	4	9	1.56883165960686	16	11	3	2	4	9
CTGGGCTATCCTTTGG-1	18266	5486	visium_breast_cancer_SEDR	visium_breast_cancer_SEDR	20	6	0	18	1.71474311583251	12	5	7	6	0	7
CTGGGTTGAGTTAAAG-1	5003	16627	visium_breast_cancer_SEDR	visium_breast_cancer_SEDR	20	15	3	6	1.79175946922805	20	19	5	1	1	8
CTGGTAAAGACTTACA-1	17009	20925	visium_breast_cancer_SEDR	visium_breast_cancer_SEDR	20	12	11	1	1.72286436639795	7	15	20	16	5	19
CTGGTAAAGTGTGGGC-1	19062	18315	visium_breast_cancer_SEDR	visium_breast_cancer_SEDR	20	4	5	4	1.54617573838128	15	3	4	3	8	10
CTGGTAACACATAGAA-1	15520	14033	visium_breast_cancer_SEDR	visium_breast_cancer_SEDR	20	17	14	13	1.63772676243696	11	17	17	18	19	15
CTGGTAACGAGCTCTT-1	16754	10947	visium_breast_cancer_SEDR	visium_breast_cancer_SEDR	20	6	0	18	1.60733983630463	10	5	7	6	0	7
CTGGTCATTCCAATCC-1	5562	9501	visium_breast_cancer_SEDR	visium_breast_cancer_SEDR	20	1	6	12	1.67665455436062	10	2	6	8	12	11
CTGGTCCTAACTTGGC-1	12395	5713	visium_breast_cancer_SEDR	visium_breast_cancer_SEDR	20	19	5	15	1.44518587894808	6	3	12	3	17	6
CTGGTGAATGGGCCTA-1	6090	19479	visium_breast_cancer_SEDR	visium_breast_cancer_SEDR	20	8	1	13	1.67623493913473	5	20	18	20	6	16
CTGGTTCAACGCATCA-1	8708	5944	visium_breast_cancer_SEDR	visium_breast_cancer_SEDR	20	3	12	19	1.75325129253028	19	8	8	14	13	20
CTGGTTTCGAGCAAGA-1	15518	14983	visium_breast_cancer_SEDR	visium_breast_cancer_SEDR	20	17	14	10	1.63772676243696	11	17	17	18	19	1
CTGTACTTCTTAGCAT-1	10470	13311	visium_breast_cancer_SEDR	visium_breast_cancer_SEDR	20	7	2	11	1.72286436639795	8	9	15	9	9	14
CTGTAGTGAGGATCGA-1	9364	20436	visium_breast_cancer_SEDR	visium_breast_cancer_SEDR	20	8	1	13	1.56071040904141	5	20	19	20	2	15
CTGTATGGTGTAGAAA-1	7884	8793	visium_breast_cancer_SEDR	visium_breast_cancer_SEDR	20	16	8	14	1.37760836093005	3	14	16	11	14	12
CTGTCAAATGGCTCGG-1	14845	9518	visium_breast_cancer_SEDR	visium_breast_cancer_SEDR	20	15	3	6	1.63772676243696	3	13	5	1	1	8
CTGTCACGCCAGGCGC-1	16899	6434	visium_breast_cancer_SEDR	visium_breast_cancer_SEDR	20	6	0	18	1.75325129253028	12	18	7	6	0	7
CTGTGCAGGGTAGGTC-1	13062	14028	visium_breast_cancer_SEDR	visium_breast_cancer_SEDR	20	7	2	5	1.5611300242673	8	9	15	9	9	13
CTGTGGTCGGGAGATA-1	15651	17121	visium_breast_cancer_SEDR	visium_breast_cancer_SEDR	20	2	4	9	1.6086574211167	16	15	3	19	5	9
CTGTTACCCAATCTAG-1	11421	15451	visium_breast_cancer_SEDR	visium_breast_cancer_SEDR	20	7	16	11	1.60733983630463	14	14	15	9	9	11
CTGTTCACTGCCTGTG-1	11160	9274	visium_breast_cancer_SEDR	visium_breast_cancer_SEDR	20	5	8	19	1.63772676243696	17	8	16	13	7	2
CTGTTCATCTCACGGG-1	8156	9268	visium_breast_cancer_SEDR	visium_breast_cancer_SEDR	20	16	15	14	1.35363485489241	3	7	5	11	14	12
CTGTTGTTCAGTCGTA-1	6362	19955	visium_breast_cancer_SEDR	visium_breast_cancer_SEDR	20	8	1	13	1.75325129253028	5	20	19	20	6	16
CTTAACTTACAGTATA-1	18784	20690	visium_breast_cancer_SEDR	visium_breast_cancer_SEDR	20	12	11	1	1.72286436639795	7	15	20	16	5	19
CTTAACTTCGAAGTAC-1	12120	6663	visium_breast_cancer_SEDR	visium_breast_cancer_SEDR	20	5	8	19	1.67623493913473	17	8	16	13	15	2
CTTACACGGTATTCCA-1	9654	11409	visium_breast_cancer_SEDR	visium_breast_cancer_SEDR	20	7	2	11	1.6458480130024	14	9	15	9	9	14
CTTACACTGGGAAATA-1	10070	7847	visium_breast_cancer_SEDR	visium_breast_cancer_SEDR	20	3	12	19	1.75325129253028	19	8	8	14	13	2
CTTACATAGATTTCTT-1	14687	21633	visium_breast_cancer_SEDR	visium_breast_cancer_SEDR	20	11	17	9	1.63772676243696	16	11	1	18	4	1
CTTAGATGTTTCATCC-1	13321	21631	visium_breast_cancer_SEDR	visium_breast_cancer_SEDR	20	8	1	13	1.56071040904141	5	20	18	20	6	15
CTTAGCCTTCCACATG-1	14163	9279	visium_breast_cancer_SEDR	visium_breast_cancer_SEDR	20	16	3	10	1.52220223234363	3	16	13	15	1	12
CTTAGGTATAGACCAG-1	5544	19003	visium_breast_cancer_SEDR	visium_breast_cancer_SEDR	20	8	1	13	1.67623493913473	5	20	18	20	6	16
CTTAGTAGGCCTACAG-1	17435	11661	visium_breast_cancer_SEDR	visium_breast_cancer_SEDR	20	18	3	20	1.50766756168351	3	16	2	11	1	17
CTTAGTGTAGTAGCAT-1	14829	18545	visium_breast_cancer_SEDR	visium_breast_cancer_SEDR	20	10	9	16	1.56071040904141	2	4	9	12	11	1
CTTAGTTGAGGAATCG-1	8000	19958	visium_breast_cancer_SEDR	visium_breast_cancer_SEDR	20	8	1	13	1.56071040904141	5	20	18	20	6	15
CTTATGCGCTCAGGGC-1	5007	14251	visium_breast_cancer_SEDR	visium_breast_cancer_SEDR	20	1	6	12	1.67665455436062	10	2	6	8	12	12
CTTATGTTGACTACCA-1	7204	7129	visium_breast_cancer_SEDR	visium_breast_cancer_SEDR	20	3	10	19	1.68435618970018	13	8	8	10	7	4
CTTCAACTCCACTTGG-1	14011	18069	visium_breast_cancer_SEDR	visium_breast_cancer_SEDR	20	10	9	16	1.67623493913473	2	4	9	12	11	5
CTTCACGCCCTGGTAC-1	6360	20905	visium_breast_cancer_SEDR	visium_breast_cancer_SEDR	20	8	1	13	1.67623493913473	5	20	18	20	6	16
CTTCAGTGGTCGCCTA-1	5958	16866	visium_breast_cancer_SEDR	visium_breast_cancer_SEDR	20	15	3	7	1.63772676243696	3	16	5	1	1	8
CTTCAGTTGGACAACG-1	15916	21398	visium_breast_cancer_SEDR	visium_breast_cancer_SEDR	20	2	4	9	1.72286436639795	16	11	3	19	4	9
CTTCATAGCTCAAGAA-1	8567	8556	visium_breast_cancer_SEDR	visium_breast_cancer_SEDR	20	9	8	19	1.63772676243696	13	8	16	13	7	2
CTTCATTGTCAGTGGA-1	11700	12601	visium_breast_cancer_SEDR	visium_breast_cancer_SEDR	20	7	2	11	1.60733983630463	14	14	15	9	9	14
CTTCGATTGCGCAAGC-1	15508	20209	visium_breast_cancer_SEDR	visium_breast_cancer_SEDR	20	2	4	17	1.5611300242673	7	11	3	19	5	9
CTTCGGCCAATTGTTT-1	18520	15939	visium_breast_cancer_SEDR	visium_breast_cancer_SEDR	20	15	3	6	1.63772676243696	3	13	5	1	1	8
CTTCGTAGATAGGTGA-1	9650	13309	visium_breast_cancer_SEDR	visium_breast_cancer_SEDR	20	7	2	5	1.67665455436062	8	9	15	9	3	14
CTTCTATGTTGAAGTA-1	7327	14968	visium_breast_cancer_SEDR	visium_breast_cancer_SEDR	20	1	16	8	1.59921858573918	14	2	6	9	9	11
CTTCTGGGCGTACCTA-1	8137	19721	visium_breast_cancer_SEDR	visium_breast_cancer_SEDR	20	8	1	13	1.56071040904141	5	20	18	20	2	15
CTTCTTACGTCGTATA-1	11709	7374	visium_breast_cancer_SEDR	visium_breast_cancer_SEDR	20	3	12	19	1.63772676243696	19	8	8	13	13	20
CTTGACCCGAAAGATA-1	11302	6186	visium_breast_cancer_SEDR	visium_breast_cancer_SEDR	20	5	8	19	1.67623493913473	17	8	16	13	15	2
CTTGAGGTTATCCCGA-1	6795	6890	visium_breast_cancer_SEDR	visium_breast_cancer_SEDR	20	3	10	19	1.68435618970018	13	8	8	10	7	4
CTTGAGTTAGGGTAAT-1	16204	13321	visium_breast_cancer_SEDR	visium_breast_cancer_SEDR	20	18	3	10	1.56071040904141	3	16	2	4	1	1
CTTGATGACCATCCAG-1	16873	20687	visium_breast_cancer_SEDR	visium_breast_cancer_SEDR	20	12	11	1	1.72286436639795	7	15	20	16	5	19
CTTGCAACCGCCTCCT-1	6918	14255	visium_breast_cancer_SEDR	visium_breast_cancer_SEDR	20	7	2	11	1.71474311583251	8	14	11	9	9	11
CTTGCCCACCCACGCA-1	17146	20687	visium_breast_cancer_SEDR	visium_breast_cancer_SEDR	20	12	11	1	1.72286436639795	7	15	20	16	5	19
CTTGCCCAGGCTCTAC-1	11013	14737	visium_breast_cancer_SEDR	visium_breast_cancer_SEDR	20	7	2	5	1.67665455436062	8	9	15	9	3	14
CTTGGCCAAGCTGGGA-1	11279	18539	visium_breast_cancer_SEDR	visium_breast_cancer_SEDR	20	10	9	16	1.67623493913473	2	4	9	12	11	5
CTTGTACTTGTTGACT-1	10477	9035	visium_breast_cancer_SEDR	visium_breast_cancer_SEDR	20	5	8	19	1.63772676243696	17	8	16	13	7	2
CTTGTCAACATTCGAG-1	12513	15928	visium_breast_cancer_SEDR	visium_breast_cancer_SEDR	20	16	6	10	1.59963820096508	10	16	2	4	12	1
CTTGTGAGTCTTTGAC-1	8161	6418	visium_breast_cancer_SEDR	visium_breast_cancer_SEDR	20	3	12	19	1.79175946922805	19	8	8	14	7	20
CTTGTGCTCACCGATT-1	16348	9283	visium_breast_cancer_SEDR	visium_breast_cancer_SEDR	20	6	0	18	1.71474311583251	12	5	7	6	0	7
CTTGTTGCTGAGTCAA-1	14429	13081	visium_breast_cancer_SEDR	visium_breast_cancer_SEDR	20	16	15	20	1.58468391507905	1	10	5	11	1	12
CTTGTTTATGTAGCCA-1	7339	8317	visium_breast_cancer_SEDR	visium_breast_cancer_SEDR	20	9	10	19	1.71474311583251	13	8	16	13	7	4
CTTTAACTTTCAAAGG-1	12661	9514	visium_breast_cancer_SEDR	visium_breast_cancer_SEDR	20	20	7	2	1.67623493913473	9	14	13	15	15	3
CTTTAATATTGGTCGA-1	13468	16167	visium_breast_cancer_SEDR	visium_breast_cancer_SEDR	20	18	3	10	1.71474311583251	3	7	2	2	1	1
CTTTACCGAATAGTAG-1	14970	15932	visium_breast_cancer_SEDR	visium_breast_cancer_SEDR	20	18	3	10	1.71474311583251	3	7	2	2	1	1
CTTTAGTGCTATTATT-1	12242	14502	visium_breast_cancer_SEDR	visium_breast_cancer_SEDR	20	1	6	12	1.67623493913473	14	16	6	4	12	11
CTTTCTGTGCGGGCTT-1	12511	16878	visium_breast_cancer_SEDR	visium_breast_cancer_SEDR	20	10	9	16	1.67623493913473	2	4	9	12	11	5
CTTTGCATCGCTCTTG-1	16331	18310	visium_breast_cancer_SEDR	visium_breast_cancer_SEDR	20	2	4	17	1.52262184756953	16	15	3	19	5	19
CTTTGGCAGACAGAGT-1	18949	5250	visium_breast_cancer_SEDR	visium_breast_cancer_SEDR	20	14	13	3	1.71474311583251	6	12	10	5	16	3
CTTTGGCGCTTTATAC-1	5967	11640	visium_breast_cancer_SEDR	visium_breast_cancer_SEDR	20	1	6	12	1.67665455436062	10	2	6	8	12	11
CTTTGGCTTTAGTAAA-1	8971	11645	visium_breast_cancer_SEDR	visium_breast_cancer_SEDR	20	7	2	11	1.72286436639795	8	9	15	9	9	14
CTTTGGGATTGTTGCA-1	9504	18773	visium_breast_cancer_SEDR	visium_breast_cancer_SEDR	20	8	1	13	1.56071040904141	5	20	18	20	6	15
GAAACAGATGACCACC-1	16067	13559	visium_breast_cancer_SEDR	visium_breast_cancer_SEDR	20	17	14	10	1.63772676243696	11	17	17	18	1	1
GAAACAGCCATGCAGT-1	11846	7137	visium_breast_cancer_SEDR	visium_breast_cancer_SEDR	20	3	12	19	1.56071040904141	13	8	8	13	13	20
GAAACATAGGAAACAG-1	6228	18292	visium_breast_cancer_SEDR	visium_breast_cancer_SEDR	20	8	1	13	1.67623493913473	5	20	18	20	6	16
GAAACCATGGTGCGCT-1	18393	10475	visium_breast_cancer_SEDR	visium_breast_cancer_SEDR	20	6	0	18	1.63772676243696	12	5	7	4	0	7
GAAACCGAATTACCTT-1	10467	14736	visium_breast_cancer_SEDR	visium_breast_cancer_SEDR	20	7	2	5	1.49313289102338	8	9	11	9	3	13
GAAACCTATACAAATG-1	10597	18300	visium_breast_cancer_SEDR	visium_breast_cancer_SEDR	20	17	14	10	1.79175946922805	11	17	1	18	1	1
GAAACTCGTGCGATGC-1	6788	10691	visium_breast_cancer_SEDR	visium_breast_cancer_SEDR	20	1	6	12	1.63772676243696	14	2	6	8	9	11
GAAACTCTAATGAAGG-1	13484	7140	visium_breast_cancer_SEDR	visium_breast_cancer_SEDR	20	14	13	20	1.67623493913473	3	14	10	11	15	3
GAAAGAACAGCGTTAT-1	17570	12849	visium_breast_cancer_SEDR	visium_breast_cancer_SEDR	20	19	5	15	1.44518587894808	6	3	12	3	17	6
GAAAGCAGTGCACTTT-1	10872	17350	visium_breast_cancer_SEDR	visium_breast_cancer_SEDR	20	16	15	14	1.67623493913473	1	7	1	11	1	12
GAAAGCCCTTTGGACC-1	6376	12353	visium_breast_cancer_SEDR	visium_breast_cancer_SEDR	20	7	2	5	1.49313289102338	8	9	11	9	3	13
GAAAGTGACTAACTGC-1	7745	9980	visium_breast_cancer_SEDR	visium_breast_cancer_SEDR	20	16	15	14	1.5611300242673	10	7	5	4	14	12
GAAATACCTGCTGGCT-1	15125	5718	visium_breast_cancer_SEDR	visium_breast_cancer_SEDR	20	4	5	4	1.71474311583251	15	3	10	3	8	3
GAAATACTAAACGTTT-1	6520	8315	visium_breast_cancer_SEDR	visium_breast_cancer_SEDR	20	9	10	19	1.59921858573918	13	8	16	14	7	4
GAAATATCACCATCAG-1	6650	11879	visium_breast_cancer_SEDR	visium_breast_cancer_SEDR	20	7	2	5	1.49313289102338	8	9	11	9	3	13
GAAATATGCTTGAATG-1	18535	7862	visium_breast_cancer_SEDR	visium_breast_cancer_SEDR	20	13	0	18	1.75325129253028	4	6	14	17	0	7
GAAATCGCGCGCAACT-1	12800	8327	visium_breast_cancer_SEDR	visium_breast_cancer_SEDR	20	5	8	19	1.59921858573918	17	16	16	13	15	3
GAAATGGCGGTGTTAG-1	10610	11173	visium_breast_cancer_SEDR	visium_breast_cancer_SEDR	20	20	7	2	1.71474311583251	9	1	13	15	10	18
GAAATGGGATGTAAAC-1	5839	7126	visium_breast_cancer_SEDR	visium_breast_cancer_SEDR	20	9	10	19	1.67623493913473	13	8	16	13	14	4
GAAATTAGCACGGATA-1	16622	8334	visium_breast_cancer_SEDR	visium_breast_cancer_SEDR	20	13	0	18	1.71474311583251	4	18	14	17	0	7
GAAATTCACATCGCTG-1	10208	7134	visium_breast_cancer_SEDR	visium_breast_cancer_SEDR	20	3	12	19	1.75325129253028	19	8	8	14	13	20
GAAATTGTCTCTATAA-1	10741	14262	visium_breast_cancer_SEDR	visium_breast_cancer_SEDR	20	7	2	5	1.67665455436062	8	9	15	9	3	14
GAACAACTGGGATGAA-1	15099	19971	visium_breast_cancer_SEDR	visium_breast_cancer_SEDR	20	2	4	9	1.72286436639795	16	11	3	19	4	9
GAACACACATCAACCA-1	10340	9272	visium_breast_cancer_SEDR	visium_breast_cancer_SEDR	20	5	8	19	1.63772676243696	17	14	16	13	7	2
GAACAGATTACTAAAT-1	13192	17592	visium_breast_cancer_SEDR	visium_breast_cancer_SEDR	20	10	9	16	1.67623493913473	2	4	9	12	11	5
GAACATTAGTATGTTA-1	20174	7390	visium_breast_cancer_SEDR	visium_breast_cancer_SEDR	20	6	0	18	1.67623493913473	12	5	7	7	0	7
GAACCATCTGGGAGAC-1	10894	4997	visium_breast_cancer_SEDR	visium_breast_cancer_SEDR	20	14	8	3	1.75325129253028	17	12	16	5	15	3
GAACCCTCTGTGTTCT-1	12645	18066	visium_breast_cancer_SEDR	visium_breast_cancer_SEDR	20	10	9	16	1.67623493913473	2	4	9	12	11	5
GAACCTTTAACGATCC-1	14282	19019	visium_breast_cancer_SEDR	visium_breast_cancer_SEDR	20	10	9	16	1.60733983630463	2	4	9	12	4	9
GAACGACCGAATGATA-1	12117	8563	visium_breast_cancer_SEDR	visium_breast_cancer_SEDR	20	5	8	19	1.63772676243696	17	8	16	13	7	2
GAACGATAAGTTAAAG-1	20305	10478	visium_breast_cancer_SEDR	visium_breast_cancer_SEDR	20	15	3	20	1.59921858573918	3	18	2	1	1	17
GAACGCGGGTCACACG-1	19067	15465	visium_breast_cancer_SEDR	visium_breast_cancer_SEDR	20	15	3	7	1.63772676243696	3	13	5	1	1	8
GAACGGTGTAAAGCAG-1	18540	5011	visium_breast_cancer_SEDR	visium_breast_cancer_SEDR	20	14	13	3	1.71474311583251	6	12	10	5	16	3
GAACGTCTCATGGTCG-1	15388	11420	visium_breast_cancer_SEDR	visium_breast_cancer_SEDR	20	16	15	7	1.56071040904141	1	2	5	1	0	12
GAACTGTGGAGAGACA-1	12505	20204	visium_breast_cancer_SEDR	visium_breast_cancer_SEDR	20	2	4	9	1.6086574211167	16	15	3	19	5	9
GAACTTAGCGCCCGGT-1	17311	5247	visium_breast_cancer_SEDR	visium_breast_cancer_SEDR	20	6	0	18	1.75325129253028	12	12	7	6	16	7
GAAGAAACGATATTGT-1	7457	18057	visium_breast_cancer_SEDR	visium_breast_cancer_SEDR	20	8	1	13	1.67623493913473	5	20	18	20	6	16
GAAGAACGGTGCAGGT-1	8979	7369	visium_breast_cancer_SEDR	visium_breast_cancer_SEDR	20	3	12	19	1.75325129253028	19	8	8	14	13	20
GAAGACTTCAATGCCG-1	12397	4763	visium_breast_cancer_SEDR	visium_breast_cancer_SEDR	20	14	13	3	1.67623493913473	6	12	10	5	8	3
GAAGCCACTGATTATG-1	12916	19492	visium_breast_cancer_SEDR	visium_breast_cancer_SEDR	20	10	9	16	1.79175946922805	16	4	9	12	4	5
GAAGCCTGCACATTCC-1	11825	18540	visium_breast_cancer_SEDR	visium_breast_cancer_SEDR	20	10	9	16	1.67623493913473	2	4	9	12	11	5
GAAGCGTGAGGAATTT-1	11701	12125	visium_breast_cancer_SEDR	visium_breast_cancer_SEDR	20	20	7	2	1.67623493913473	9	1	13	9	10	18
GAAGCTCGGACCCGTC-1	6367	17104	visium_breast_cancer_SEDR	visium_breast_cancer_SEDR	20	17	14	6	1.79175946922805	11	17	1	18	1	12
GAAGCTTGCTGACCGC-1	8290	10931	visium_breast_cancer_SEDR	visium_breast_cancer_SEDR	20	7	16	8	1.6458480130024	14	7	15	9	9	11
GAAGGAGTCGAGTGCG-1	11687	19727	visium_breast_cancer_SEDR	visium_breast_cancer_SEDR	20	17	9	16	1.53164106772115	2	17	9	18	9	1
GAAGGCTACCATTGTT-1	19759	10002	visium_breast_cancer_SEDR	visium_breast_cancer_SEDR	20	6	0	18	1.75325129253028	12	18	7	6	0	7
GAAGGGCATAACCATG-1	5023	5699	visium_breast_cancer_SEDR	visium_breast_cancer_SEDR	20	9	10	19	1.68435618970018	13	8	16	10	15	4
GAAGGGTCATTAAGAC-1	14551	21395	visium_breast_cancer_SEDR	visium_breast_cancer_SEDR	20	2	4	9	1.6086574211167	16	15	3	19	5	9
GAAGTCTCCCTAGCGA-1	15931	12846	visium_breast_cancer_SEDR	visium_breast_cancer_SEDR	20	17	14	17	1.59921858573918	11	17	17	18	19	16
GAAGTGATTTATCGTG-1	9924	13310	visium_breast_cancer_SEDR	visium_breast_cancer_SEDR	20	7	2	5	1.67665455436062	8	9	15	9	3	14
GAAGTGCTGGATAGCT-1	11845	7612	visium_breast_cancer_SEDR	visium_breast_cancer_SEDR	20	5	8	19	1.71474311583251	17	8	16	13	13	2
GAAGTTTCCACTCAAT-1	9788	12597	visium_breast_cancer_SEDR	visium_breast_cancer_SEDR	20	7	2	5	1.67665455436062	8	9	15	9	3	14
GAATAGACGCGACCCA-1	16066	14034	visium_breast_cancer_SEDR	visium_breast_cancer_SEDR	20	17	14	10	1.56071040904141	1	17	17	18	19	1
GAATAGCATTTAGGGT-1	19614	14991	visium_breast_cancer_SEDR	visium_breast_cancer_SEDR	20	15	3	20	1.59921858573918	3	7	5	4	1	17
GAATAGCCCTGCGGTC-1	18534	8337	visium_breast_cancer_SEDR	visium_breast_cancer_SEDR	20	13	0	18	1.71474311583251	4	18	14	17	0	7
GAATAGTGCTCGATTA-1	8413	18296	visium_breast_cancer_SEDR	visium_breast_cancer_SEDR	20	8	1	13	1.56071040904141	5	20	18	20	6	15
GAATATTCGGAGTCCC-1	14850	7143	visium_breast_cancer_SEDR	visium_breast_cancer_SEDR	20	14	13	20	1.67623493913473	3	10	10	11	18	3
GAATCGACATGGTCAC-1	9247	10221	visium_breast_cancer_SEDR	visium_breast_cancer_SEDR	20	20	7	2	1.71474311583251	9	1	13	15	10	18
GAATCGCCGGACACGG-1	9117	6657	visium_breast_cancer_SEDR	visium_breast_cancer_SEDR	20	3	12	19	1.75325129253028	19	8	8	14	13	20
GAATCTGAACATTCTC-1	12243	14027	visium_breast_cancer_SEDR	visium_breast_cancer_SEDR	20	7	2	5	1.49747860743782	8	9	15	9	3	13
GAATGAAGGTCTTCAG-1	19490	8101	visium_breast_cancer_SEDR	visium_breast_cancer_SEDR	20	13	0	18	1.75325129253028	4	6	14	17	0	7
GAATGCCGAAATGACC-1	5836	9027	visium_breast_cancer_SEDR	visium_breast_cancer_SEDR	20	9	10	19	1.59921858573918	13	8	16	14	7	4
GAATGCGAATCGGTTC-1	12917	19017	visium_breast_cancer_SEDR	visium_breast_cancer_SEDR	20	10	9	16	1.67623493913473	2	4	9	12	11	5
GAATGTATGGCAGGTC-1	15941	7620	visium_breast_cancer_SEDR	visium_breast_cancer_SEDR	20	6	0	18	1.71474311583251	12	5	7	6	0	7
GAATGTTGGGTAATCT-1	12934	9515	visium_breast_cancer_SEDR	visium_breast_cancer_SEDR	20	20	7	2	1.67623493913473	9	14	13	15	15	3
GAATTATAGTGAAAGG-1	12793	12127	visium_breast_cancer_SEDR	visium_breast_cancer_SEDR	20	20	7	2	1.71474311583251	9	1	13	15	10	18
GAATTCACCCGGGTGT-1	11012	15212	visium_breast_cancer_SEDR	visium_breast_cancer_SEDR	20	7	2	11	1.68435618970018	8	14	15	9	9	14
GAATTTCTCGCTGCAG-1	7607	10693	visium_breast_cancer_SEDR	visium_breast_cancer_SEDR	20	7	2	11	1.72286436639795	8	9	15	9	9	14
GACAAACATATGCAGG-1	17157	14511	visium_breast_cancer_SEDR	visium_breast_cancer_SEDR	20	4	5	4	1.48369405564586	6	3	4	3	8	10
GACAACGACCATTGAA-1	14025	9992	visium_breast_cancer_SEDR	visium_breast_cancer_SEDR	20	20	7	2	1.71474311583251	9	1	13	15	10	18
GACAACGCAGCTTACG-1	10887	8798	visium_breast_cancer_SEDR	visium_breast_cancer_SEDR	20	9	10	19	1.71474311583251	13	8	16	13	7	4
GACAAGAGATGAGATT-1	19336	17366	visium_breast_cancer_SEDR	visium_breast_cancer_SEDR	20	18	3	10	1.54617573838128	3	16	2	11	1	1
GACACAAGGGAAGAAA-1	13341	11178	visium_breast_cancer_SEDR	visium_breast_cancer_SEDR	20	20	7	2	1.71474311583251	9	1	13	15	10	18
GACACAGCCGGGACTG-1	17145	21162	visium_breast_cancer_SEDR	visium_breast_cancer_SEDR	20	12	11	1	1.57014924441893	7	15	3	16	5	9
GACACGAGTTAGAGGA-1	6929	8553	visium_breast_cancer_SEDR	visium_breast_cancer_SEDR	20	9	10	19	1.59921858573918	13	8	16	14	7	4
GACACTGAGTTCAGTG-1	9785	14498	visium_breast_cancer_SEDR	visium_breast_cancer_SEDR	20	7	2	5	1.49313289102338	8	9	11	9	3	13
GACACTGGAACCCGAT-1	18519	16414	visium_breast_cancer_SEDR	visium_breast_cancer_SEDR	20	15	3	7	1.63772676243696	3	13	5	1	1	8
GACACTTCCAATTACC-1	16600	20686	visium_breast_cancer_SEDR	visium_breast_cancer_SEDR	20	12	11	1	1.72286436639795	7	15	20	16	5	19
GACAGGCACACACTAT-1	6511	13066	visium_breast_cancer_SEDR	visium_breast_cancer_SEDR	20	7	2	5	1.49313289102338	8	9	11	9	3	13
GACAGGTAATCCGTGT-1	19328	22117	visium_breast_cancer_SEDR	visium_breast_cancer_SEDR	20	2	4	9	1.72286436639795	16	11	3	19	4	9
GACATCCGTCGAACTG-1	13189	19492	visium_breast_cancer_SEDR	visium_breast_cancer_SEDR	20	2	4	17	1.6086574211167	16	15	3	19	4	9
GACATTTCGCCCAGCC-1	5677	21141	visium_breast_cancer_SEDR	visium_breast_cancer_SEDR	20	8	1	13	1.67623493913473	5	20	18	20	2	16
GACCAAACGTTGACTG-1	18243	17839	visium_breast_cancer_SEDR	visium_breast_cancer_SEDR	20	4	5	4	1.54617573838128	15	3	4	3	8	10
GACCACACTTCCCTTT-1	14415	20682	visium_breast_cancer_SEDR	visium_breast_cancer_SEDR	20	12	11	1	1.48411367087175	7	15	3	19	5	19
GACCAGAGCCCTGTAG-1	9927	11410	visium_breast_cancer_SEDR	visium_breast_cancer_SEDR	20	7	2	11	1.72286436639795	8	9	15	9	9	14
GACCAGGTCATTCATA-1	12943	4764	visium_breast_cancer_SEDR	visium_breast_cancer_SEDR	20	19	13	15	1.58468391507905	6	12	10	12	17	6
GACCCAATTATGATAC-1	6231	16867	visium_breast_cancer_SEDR	visium_breast_cancer_SEDR	20	16	19	10	1.59921858573918	11	16	1	4	1	12
GACCCGTCGCCGGCTA-1	11575	6186	visium_breast_cancer_SEDR	visium_breast_cancer_SEDR	20	5	8	19	1.67623493913473	17	8	16	13	15	2
GACCGACGTGAAAGCA-1	18798	13089	visium_breast_cancer_SEDR	visium_breast_cancer_SEDR	20	19	5	15	1.44518587894808	6	3	12	3	17	6
GACCGACTGAAGCGTC-1	6513	12116	visium_breast_cancer_SEDR	visium_breast_cancer_SEDR	20	7	2	5	1.49313289102338	8	9	11	9	3	13
GACCGATTAAATATGT-1	5679	20191	visium_breast_cancer_SEDR	visium_breast_cancer_SEDR	20	8	1	13	1.67623493913473	5	20	18	20	6	16
GACCGCGTCTGACGTG-1	18793	15939	visium_breast_cancer_SEDR	visium_breast_cancer_SEDR	20	15	3	6	1.63772676243696	3	13	5	1	1	8
GACCGTCAGGTCGTGA-1	14577	7142	visium_breast_cancer_SEDR	visium_breast_cancer_SEDR	20	14	13	20	1.67623493913473	3	10	10	11	18	3
GACCGTGCTGACGGTG-1	10606	13549	visium_breast_cancer_SEDR	visium_breast_cancer_SEDR	20	7	2	11	1.72286436639795	8	9	15	9	9	14
GACCTTCCACGTCTAC-1	13598	19731	visium_breast_cancer_SEDR	visium_breast_cancer_SEDR	20	12	11	1	1.51238697937227	7	15	20	19	5	9
GACGACGATCCGCGTT-1	13058	16404	visium_breast_cancer_SEDR	visium_breast_cancer_SEDR	20	18	3	10	1.67623493913473	3	7	2	11	1	1
GACGAGGCTAATAAAC-1	17152	17362	visium_breast_cancer_SEDR	visium_breast_cancer_SEDR	20	2	4	9	1.72286436639795	16	11	3	19	4	9
GACGATATCACTGGGT-1	8134	21146	visium_breast_cancer_SEDR	visium_breast_cancer_SEDR	20	8	1	13	1.56071040904141	5	17	19	20	2	15
GACGCCTGTTGCAGGG-1	7751	6655	visium_breast_cancer_SEDR	visium_breast_cancer_SEDR	20	3	12	19	1.75325129253028	19	8	8	14	13	20
GACGCTTGCTTCTAAA-1	8422	13070	visium_breast_cancer_SEDR	visium_breast_cancer_SEDR	20	7	2	5	1.49313289102338	8	9	11	9	3	13
GACGGACCGCGTTCCT-1	11441	4998	visium_breast_cancer_SEDR	visium_breast_cancer_SEDR	20	14	13	3	1.71474311583251	17	12	10	5	16	3
GACGGGCATCGAATTT-1	18099	21877	visium_breast_cancer_SEDR	visium_breast_cancer_SEDR	20	2	4	17	1.72286436639795	16	11	3	19	4	9
GACGGGTTGGCCCGTA-1	10460	18537	visium_breast_cancer_SEDR	visium_breast_cancer_SEDR	20	17	14	13	1.71474311583251	11	17	1	20	2	15
GACGGTCAATAGAAGC-1	17163	11185	visium_breast_cancer_SEDR	visium_breast_cancer_SEDR	20	6	0	18	1.67623493913473	3	5	7	4	0	7
GACGTGAGACTCCATG-1	7616	5942	visium_breast_cancer_SEDR	visium_breast_cancer_SEDR	20	3	10	19	1.68435618970018	13	8	8	10	7	4
GACGTGTAGGGATTAT-1	7880	10693	visium_breast_cancer_SEDR	visium_breast_cancer_SEDR	20	1	16	12	1.56883165960686	8	7	15	7	12	11
GACGTTCGTAAATACA-1	19350	9764	visium_breast_cancer_SEDR	visium_breast_cancer_SEDR	20	6	0	18	1.75325129253028	12	18	7	6	0	7
GACTAACACAGCACCT-1	15808	5957	visium_breast_cancer_SEDR	visium_breast_cancer_SEDR	20	15	3	6	1.59921858573918	3	13	2	1	1	3
GACTAAGATCATGCAC-1	10750	9511	visium_breast_cancer_SEDR	visium_breast_cancer_SEDR	20	5	8	19	1.67623493913473	17	8	16	13	15	2
GACTAAGTAGGCTCAC-1	9383	10458	visium_breast_cancer_SEDR	visium_breast_cancer_SEDR	20	20	7	2	1.71474311583251	9	1	13	15	10	18
GACTACAAAGCGGTGG-1	6370	15679	visium_breast_cancer_SEDR	visium_breast_cancer_SEDR	20	15	3	6	1.72286436639795	10	13	5	4	1	8
GACTACAATTGCTCGT-1	14715	5955	visium_breast_cancer_SEDR	visium_breast_cancer_SEDR	20	4	5	4	1.54617573838128	15	3	4	3	8	10
GACTAGGCCGTTAGGT-1	14144	19732	visium_breast_cancer_SEDR	visium_breast_cancer_SEDR	20	12	11	1	1.51238697937227	7	15	20	19	5	9
GACTCACCCACGTGAG-1	17979	13087	visium_breast_cancer_SEDR	visium_breast_cancer_SEDR	20	19	5	15	1.44518587894808	6	3	12	3	17	6
GACTCCCAGAATAAGG-1	18666	10475	visium_breast_cancer_SEDR	visium_breast_cancer_SEDR	20	6	0	18	1.71474311583251	12	18	2	4	0	7
GACTCCTTCCAATTGA-1	4865	17339	visium_breast_cancer_SEDR	visium_breast_cancer_SEDR	20	17	14	6	1.79175946922805	11	17	1	18	1	15
GACTCGCGGGAATGAC-1	16618	10709	visium_breast_cancer_SEDR	visium_breast_cancer_SEDR	20	6	0	18	1.71474311583251	12	5	7	6	0	7
GACTCGGTCGGCGGAT-1	18128	6198	visium_breast_cancer_SEDR	visium_breast_cancer_SEDR	20	6	0	18	1.71474311583251	12	5	7	6	0	7
GACTCTAGAGTTCCAA-1	11137	21627	visium_breast_cancer_SEDR	visium_breast_cancer_SEDR	20	8	1	13	1.56071040904141	5	20	18	20	2	15
GACTGATTGGTCACAA-1	17309	6197	visium_breast_cancer_SEDR	visium_breast_cancer_SEDR	20	6	0	18	1.71474311583251	12	5	7	6	0	7
GACTGCAAATCGAGCT-1	13738	18068	visium_breast_cancer_SEDR	visium_breast_cancer_SEDR	20	10	9	16	1.67623493913473	2	4	9	12	11	5
GACTGCGGCACGTGTA-1	5560	10451	visium_breast_cancer_SEDR	visium_breast_cancer_SEDR	20	1	6	12	1.67665455436062	10	2	6	8	12	11
GACTGCTGGTGAGAAA-1	8819	19959	visium_breast_cancer_SEDR	visium_breast_cancer_SEDR	20	8	1	13	1.56071040904141	5	20	18	20	6	15
GACTGGGCGCCGCAAC-1	16355	5483	visium_breast_cancer_SEDR	visium_breast_cancer_SEDR	20	6	0	18	1.75325129253028	12	12	10	6	0	7
GACTTCAACGCATCAA-1	16325	21636	visium_breast_cancer_SEDR	visium_breast_cancer_SEDR	20	2	4	9	1.72286436639795	16	11	3	19	4	9
GAGAACGGTTCTGACT-1	17557	19975	visium_breast_cancer_SEDR	visium_breast_cancer_SEDR	20	12	11	1	1.72286436639795	7	15	20	16	5	19
GAGACCCTGCAACGCC-1	18673	6675	visium_breast_cancer_SEDR	visium_breast_cancer_SEDR	20	13	0	18	1.67623493913473	4	18	7	17	0	7
GAGACTGATGGGTAGA-1	11157	10699	visium_breast_cancer_SEDR	visium_breast_cancer_SEDR	20	20	7	2	1.71474311583251	9	1	13	15	10	18
GAGAGGCCTATGTGTA-1	19605	19742	visium_breast_cancer_SEDR	visium_breast_cancer_SEDR	20	2	4	9	1.6086574211167	16	15	3	16	5	9
GAGAGGGCGCGAGGTT-1	8968	13071	visium_breast_cancer_SEDR	visium_breast_cancer_SEDR	20	7	2	5	1.49313289102338	8	9	11	9	3	13
GAGAGGTGCATTCTGG-1	7327	14493	visium_breast_cancer_SEDR	visium_breast_cancer_SEDR	20	7	2	5	1.50766756168351	14	9	11	9	9	13
GAGAGTCTCGGGAGAG-1	8954	21147	visium_breast_cancer_SEDR	visium_breast_cancer_SEDR	20	8	1	13	1.56071040904141	5	20	19	20	2	15
GAGATCTGCTTGGCAT-1	9516	12121	visium_breast_cancer_SEDR	visium_breast_cancer_SEDR	20	7	2	5	1.67665455436062	8	9	15	9	3	14
GAGATCTGTCACTCCG-1	13614	11179	visium_breast_cancer_SEDR	visium_breast_cancer_SEDR	20	20	7	2	1.71474311583251	9	1	13	15	10	18
GAGATGACAATCCTTA-1	20032	10478	visium_breast_cancer_SEDR	visium_breast_cancer_SEDR	20	15	3	6	1.67623493913473	3	18	14	1	1	8
GAGATGGCTTTAATCA-1	13869	20681	visium_breast_cancer_SEDR	visium_breast_cancer_SEDR	20	12	11	1	1.63814637766285	7	15	20	19	5	19
GAGATGGGAGTCGACA-1	13331	16404	visium_breast_cancer_SEDR	visium_breast_cancer_SEDR	20	18	3	20	1.67623493913473	3	7	2	11	1	1
GAGCACCTGTGTCCAG-1	14421	17832	visium_breast_cancer_SEDR	visium_breast_cancer_SEDR	20	10	9	16	1.67623493913473	2	4	9	12	11	5
GAGCATCAACAACTTG-1	7592	19245	visium_breast_cancer_SEDR	visium_breast_cancer_SEDR	20	8	1	13	1.67623493913473	5	20	18	20	6	16
GAGCATCATCCCTGGG-1	8980	6894	visium_breast_cancer_SEDR	visium_breast_cancer_SEDR	20	3	12	19	1.75325129253028	19	8	8	14	13	20
GAGCCACGGTAGTAGG-1	9937	6183	visium_breast_cancer_SEDR	visium_breast_cancer_SEDR	20	3	12	19	1.75325129253028	19	8	8	14	13	20
GAGCCAGCTACCTGTG-1	15651	16646	visium_breast_cancer_SEDR	visium_breast_cancer_SEDR	20	2	4	9	1.6086574211167	16	15	3	19	5	9
GAGCCGAGCGTTTATT-1	18126	7149	visium_breast_cancer_SEDR	visium_breast_cancer_SEDR	20	13	0	18	1.71474311583251	4	18	14	17	0	7
GAGCGAGGGAGTACCG-1	11436	7374	visium_breast_cancer_SEDR	visium_breast_cancer_SEDR	20	3	12	19	1.75325129253028	19	8	8	14	13	20
GAGCGCAAATACTCCG-1	18110	16176	visium_breast_cancer_SEDR	visium_breast_cancer_SEDR	20	15	3	7	1.54617573838128	3	13	5	11	1	17
GAGCGCGCACGAGTAG-1	16199	15697	visium_breast_cancer_SEDR	visium_breast_cancer_SEDR	20	18	3	20	1.63772676243696	3	10	2	11	1	1
GAGCGCTGTTAGGTAA-1	6637	18530	visium_breast_cancer_SEDR	visium_breast_cancer_SEDR	20	8	1	13	1.67623493913473	5	20	18	20	6	16
GAGCGGAATGCGGTGT-1	10047	20199	visium_breast_cancer_SEDR	visium_breast_cancer_SEDR	20	8	1	13	1.56071040904141	5	20	18	20	6	15
GAGCTAAGGGCATATC-1	14843	10943	visium_breast_cancer_SEDR	visium_breast_cancer_SEDR	20	16	15	14	1.26208383083673	3	7	5	1	14	12
GAGCTCAACATGAGCG-1	12912	21392	visium_breast_cancer_SEDR	visium_breast_cancer_SEDR	20	17	14	10	1.75325129253028	11	17	1	2	2	1
GAGCTCTCGGACCTAA-1	8023	7605	visium_breast_cancer_SEDR	visium_breast_cancer_SEDR	20	3	12	19	1.75325129253028	19	8	8	14	13	20
GAGCTGTCGTCTCGGA-1	18260	8812	visium_breast_cancer_SEDR	visium_breast_cancer_SEDR	20	6	0	18	1.75325129253028	12	18	7	6	0	7
GAGGAATATCTCTTTG-1	9637	20911	visium_breast_cancer_SEDR	visium_breast_cancer_SEDR	20	8	1	13	1.56071040904141	5	20	19	20	2	15
GAGGAATGGAGAGGTT-1	7744	10455	visium_breast_cancer_SEDR	visium_breast_cancer_SEDR	20	1	16	8	1.51578881224895	14	7	15	11	14	11
GAGGATAAACAGTGCT-1	19070	13564	visium_breast_cancer_SEDR	visium_breast_cancer_SEDR	20	4	5	4	1.48369405564586	6	3	4	3	8	10
GAGGCATTTGCAGCAG-1	19900	7865	visium_breast_cancer_SEDR	visium_breast_cancer_SEDR	20	13	0	18	1.75325129253028	4	6	14	17	0	7
GAGGCCCGACTCCGCA-1	6640	17105	visium_breast_cancer_SEDR	visium_breast_cancer_SEDR	20	17	14	13	1.71474311583251	11	17	1	20	2	15
GAGGCCTGTTGATACA-1	18105	19026	visium_breast_cancer_SEDR	visium_breast_cancer_SEDR	20	12	11	1	1.6086574211167	7	15	20	16	5	9
GAGGCTATCAAAGTCG-1	7195	12355	visium_breast_cancer_SEDR	visium_breast_cancer_SEDR	20	7	2	5	1.49313289102338	8	9	11	9	3	13
GAGGGAGTCAGATCGC-1	9093	19485	visium_breast_cancer_SEDR	visium_breast_cancer_SEDR	20	8	1	13	1.56071040904141	5	20	18	20	6	15
GAGGGCATCGCGTATC-1	8024	6655	visium_breast_cancer_SEDR	visium_breast_cancer_SEDR	20	3	12	19	1.75325129253028	19	8	8	14	13	20
GAGGGCCATAATATTA-1	20171	8815	visium_breast_cancer_SEDR	visium_breast_cancer_SEDR	20	6	0	18	1.63772676243696	4	18	7	7	0	7
GAGGGCGCAGCTCTGC-1	15663	10470	visium_breast_cancer_SEDR	visium_breast_cancer_SEDR	20	6	0	18	1.71474311583251	12	2	6	6	0	7
GAGGGTAGTAACAAAG-1	7729	19007	visium_breast_cancer_SEDR	visium_breast_cancer_SEDR	20	8	1	13	1.67623493913473	5	20	18	20	2	16
GAGGTACATCCATCTT-1	12802	6901	visium_breast_cancer_SEDR	visium_breast_cancer_SEDR	20	5	8	19	1.67623493913473	17	14	16	13	15	2
GAGGTACGCGTGTCCC-1	12642	19966	visium_breast_cancer_SEDR	visium_breast_cancer_SEDR	20	2	4	9	1.6086574211167	16	15	3	19	4	9
GAGGTCCCAAAGATCT-1	7066	8316	visium_breast_cancer_SEDR	visium_breast_cancer_SEDR	20	9	10	19	1.59921858573918	13	8	16	14	7	4
GAGTAAACCGGAAAGT-1	19475	16178	visium_breast_cancer_SEDR	visium_breast_cancer_SEDR	20	15	3	6	1.71474311583251	1	13	5	1	1	8
GAGTAAGGCCACGGGA-1	5414	15440	visium_breast_cancer_SEDR	visium_breast_cancer_SEDR	20	15	3	7	1.52220223234363	3	13	5	1	1	17
GAGTACGGGTATACAA-1	9388	7608	visium_breast_cancer_SEDR	visium_breast_cancer_SEDR	20	3	12	19	1.75325129253028	19	8	8	14	13	20
GAGTAGATACTAGTTG-1	12234	18778	visium_breast_cancer_SEDR	visium_breast_cancer_SEDR	20	10	9	16	1.67623493913473	2	4	9	12	11	5
GAGTATGCGCGTGCAT-1	13190	19017	visium_breast_cancer_SEDR	visium_breast_cancer_SEDR	20	10	9	16	1.67623493913473	2	4	9	12	11	5
GAGTCCGCTTACCGGA-1	11422	14976	visium_breast_cancer_SEDR	visium_breast_cancer_SEDR	20	7	2	11	1.60733983630463	14	14	15	9	9	14
GAGTGTCAACCAGAAA-1	14828	19020	visium_breast_cancer_SEDR	visium_breast_cancer_SEDR	20	2	4	9	1.72286436639795	16	11	3	19	4	9
GAGTGTGCGGTACCCA-1	15519	14508	visium_breast_cancer_SEDR	visium_breast_cancer_SEDR	20	17	14	13	1.63772676243696	11	17	17	18	19	15
GAGTTGATGGCAATTT-1	6096	16154	visium_breast_cancer_SEDR	visium_breast_cancer_SEDR	20	16	3	14	1.37760836093005	3	16	5	4	1	12
GAGTTGTCACCAGTCT-1	4586	20189	visium_breast_cancer_SEDR	visium_breast_cancer_SEDR	20	8	1	13	1.67623493913473	5	20	18	20	6	16
GATAAATCGGTGGATG-1	9115	7607	visium_breast_cancer_SEDR	visium_breast_cancer_SEDR	20	3	12	19	1.75325129253028	19	8	8	14	13	20
GATAACTCGCACTGTG-1	15658	13320	visium_breast_cancer_SEDR	visium_breast_cancer_SEDR	20	17	14	12	1.59921858573918	11	17	17	18	19	16
GATAAGGCAGATGCAA-1	7342	6416	visium_breast_cancer_SEDR	visium_breast_cancer_SEDR	20	3	10	19	1.68435618970018	13	8	8	10	7	4
GATACGATGGGAGTCA-1	9648	14735	visium_breast_cancer_SEDR	visium_breast_cancer_SEDR	20	7	2	5	1.49313289102338	8	9	11	9	3	13
GATAGAACCCGCTAGG-1	11139	20676	visium_breast_cancer_SEDR	visium_breast_cancer_SEDR	20	8	1	13	1.56071040904141	5	20	18	20	2	15
GATAGATAGTACAGTC-1	16735	21399	visium_breast_cancer_SEDR	visium_breast_cancer_SEDR	20	2	4	17	1.72286436639795	16	11	3	19	4	9
GATAGGTAACGTTGAC-1	11694	15451	visium_breast_cancer_SEDR	visium_breast_cancer_SEDR	20	1	6	12	1.58468391507905	1	16	6	4	12	11
GATAGTGCGAGTAAGT-1	9501	20198	visium_breast_cancer_SEDR	visium_breast_cancer_SEDR	20	8	1	13	1.56071040904141	5	20	18	20	2	15
GATATCTCATGCAATA-1	11437	6899	visium_breast_cancer_SEDR	visium_breast_cancer_SEDR	20	3	12	19	1.75325129253028	19	8	8	14	13	20
GATATGAGACACTAAC-1	14565	13318	visium_breast_cancer_SEDR	visium_breast_cancer_SEDR	20	16	15	20	1.58468391507905	1	10	2	11	12	12
GATATGCGGTAGCCAA-1	15939	8570	visium_breast_cancer_SEDR	visium_breast_cancer_SEDR	20	6	0	18	1.71474311583251	12	5	7	6	0	7
GATATGGATTACGCGG-1	5969	10690	visium_breast_cancer_SEDR	visium_breast_cancer_SEDR	20	1	6	12	1.67665455436062	10	2	6	8	12	11
GATATTGAGATTGGCG-1	17161	12135	visium_breast_cancer_SEDR	visium_breast_cancer_SEDR	20	18	18	10	1.52220223234363	3	16	4	4	18	17
GATATTTCCTACATGG-1	15667	8094	visium_breast_cancer_SEDR	visium_breast_cancer_SEDR	20	6	0	18	1.71474311583251	12	5	7	6	0	7
GATCAACATAAAGGGA-1	8412	18771	visium_breast_cancer_SEDR	visium_breast_cancer_SEDR	20	8	1	13	1.56071040904141	5	20	18	20	6	15
GATCATTCCAAACATT-1	11156	11174	visium_breast_cancer_SEDR	visium_breast_cancer_SEDR	20	20	7	2	1.71474311583251	9	1	13	15	10	18
GATCCCTTTATACTGC-1	11703	10700	visium_breast_cancer_SEDR	visium_breast_cancer_SEDR	20	20	7	2	1.71474311583251	9	1	13	15	10	18
GATCCGGGAATTAACA-1	13473	13316	visium_breast_cancer_SEDR	visium_breast_cancer_SEDR	20	7	2	11	1.68435618970018	8	14	15	9	9	14
GATCCTAAATCGGGAC-1	16482	10471	visium_breast_cancer_SEDR	visium_breast_cancer_SEDR	20	6	0	18	1.71474311583251	12	5	7	6	0	7
GATCCTCGACACTGGC-1	7871	15919	visium_breast_cancer_SEDR	visium_breast_cancer_SEDR	20	1	6	12	1.67665455436062	10	2	6	8	12	12
GATCCTCTTGCGCTTA-1	14852	5717	visium_breast_cancer_SEDR	visium_breast_cancer_SEDR	20	4	5	4	1.71474311583251	15	3	10	3	8	10
GATCGACACTATCTGA-1	9929	10459	visium_breast_cancer_SEDR	visium_breast_cancer_SEDR	20	20	7	2	1.71474311583251	9	1	13	15	10	18
GATCGCGGGCTCTCCA-1	10607	12599	visium_breast_cancer_SEDR	visium_breast_cancer_SEDR	20	7	2	5	1.49747860743782	8	9	15	9	3	13
GATCGCTACCCGATTT-1	16881	15936	visium_breast_cancer_SEDR	visium_breast_cancer_SEDR	20	18	3	10	1.63772676243696	3	10	2	2	1	1
GATCGCTATATCTCAG-1	6910	18531	visium_breast_cancer_SEDR	visium_breast_cancer_SEDR	20	8	1	13	1.67623493913473	5	20	18	20	6	16
GATCGCTGTGGTGCGT-1	5951	20667	visium_breast_cancer_SEDR	visium_breast_cancer_SEDR	20	8	1	13	1.67623493913473	5	20	18	20	6	16
GATCGGATAGAACCAT-1	5281	13777	visium_breast_cancer_SEDR	visium_breast_cancer_SEDR	20	1	6	12	1.67665455436062	10	2	6	8	12	11
GATCGGCGATAAGTCG-1	5426	8788	visium_breast_cancer_SEDR	visium_breast_cancer_SEDR	20	9	10	19	1.59921858573918	13	2	16	11	15	4
GATCGGTGGCCATAAC-1	12795	10702	visium_breast_cancer_SEDR	visium_breast_cancer_SEDR	20	20	7	2	1.71474311583251	9	1	13	15	10	18
GATCGTGACTGATATC-1	13337	13079	visium_breast_cancer_SEDR	visium_breast_cancer_SEDR	20	7	2	11	1.72286436639795	8	9	15	9	9	14
GATCTCGACGCTGTGG-1	19612	15941	visium_breast_cancer_SEDR	visium_breast_cancer_SEDR	20	15	3	7	1.63772676243696	3	13	5	1	1	8
GATCTGCTATCTAAGG-1	11142	18776	visium_breast_cancer_SEDR	visium_breast_cancer_SEDR	20	10	9	16	1.67623493913473	2	4	9	12	11	5
GATCTTGGAGGGCATA-1	13061	14504	visium_breast_cancer_SEDR	visium_breast_cancer_SEDR	20	16	6	12	1.59193656562552	10	16	6	4	12	12
GATCTTTGCAGGGTAT-1	8696	12595	visium_breast_cancer_SEDR	visium_breast_cancer_SEDR	20	7	2	5	1.49313289102338	8	9	11	9	3	13
GATCTTTGCTCAAAGA-1	19902	6914	visium_breast_cancer_SEDR	visium_breast_cancer_SEDR	20	6	0	18	1.67623493913473	12	5	7	7	0	7
GATGACAAGTAGGGCA-1	8004	17582	visium_breast_cancer_SEDR	visium_breast_cancer_SEDR	20	8	1	13	1.67623493913473	5	20	18	20	6	16
GATGACGATGATCGCG-1	18943	8575	visium_breast_cancer_SEDR	visium_breast_cancer_SEDR	20	13	0	18	1.75325129253028	4	6	14	17	0	7
GATGAGGAACCTTCGG-1	14553	19970	visium_breast_cancer_SEDR	visium_breast_cancer_SEDR	20	2	4	9	1.72286436639795	16	11	3	19	5	9
GATGCCAGCAGAAGGC-1	5835	9502	visium_breast_cancer_SEDR	visium_breast_cancer_SEDR	20	1	6	12	1.67665455436062	10	2	6	8	12	11
GATGCCTTCTGCGGCA-1	5410	17815	visium_breast_cancer_SEDR	visium_breast_cancer_SEDR	20	8	1	13	1.67623493913473	5	20	18	20	2	16
GATGCGTCCTGCATTC-1	11290	12837	visium_breast_cancer_SEDR	visium_breast_cancer_SEDR	20	7	2	11	1.72286436639795	8	9	15	9	9	14
GATGCTACAAGCGCCT-1	10479	8085	visium_breast_cancer_SEDR	visium_breast_cancer_SEDR	20	5	8	19	1.67623493913473	17	8	16	13	11	2
GATGCTACCTTCGATG-1	11412	20677	visium_breast_cancer_SEDR	visium_breast_cancer_SEDR	20	8	1	13	1.56071040904141	5	20	18	20	2	15
GATGCTGTATTTCATC-1	13744	14267	visium_breast_cancer_SEDR	visium_breast_cancer_SEDR	20	17	14	12	1.48369405564586	11	2	17	18	12	12
GATGGCGCACACATTA-1	7475	8554	visium_breast_cancer_SEDR	visium_breast_cancer_SEDR	20	9	8	19	1.67623493913473	3	14	16	11	7	2
GATGGTGAAATAACCC-1	19631	5489	visium_breast_cancer_SEDR	visium_breast_cancer_SEDR	20	6	0	18	1.71474311583251	12	5	7	6	0	7
GATGGTGCCCTAGGCA-1	14168	6429	visium_breast_cancer_SEDR	visium_breast_cancer_SEDR	20	19	5	15	1.44518587894808	6	3	12	3	17	6
GATGTAACGAACCACC-1	6369	16154	visium_breast_cancer_SEDR	visium_breast_cancer_SEDR	20	16	6	14	1.5611300242673	10	16	5	4	12	12
GATGTCCGGATCACAT-1	8572	5706	visium_breast_cancer_SEDR	visium_breast_cancer_SEDR	20	3	12	19	1.79175946922805	19	8	8	14	7	20
GATGTCGGTCAACTGC-1	13486	6190	visium_breast_cancer_SEDR	visium_breast_cancer_SEDR	20	19	5	15	1.52220223234363	6	3	12	12	17	6
GATGTGTTGTCACAAG-1	14170	5479	visium_breast_cancer_SEDR	visium_breast_cancer_SEDR	20	19	5	15	1.44518587894808	6	3	12	3	17	6
GATGTTCAATCCACGA-1	9377	13784	visium_breast_cancer_SEDR	visium_breast_cancer_SEDR	20	7	2	5	1.67665455436062	8	9	15	9	3	14
GATGTTTGTGCGAGAT-1	7611	8792	visium_breast_cancer_SEDR	visium_breast_cancer_SEDR	20	9	8	19	1.63772676243696	3	14	16	11	15	2
GATTAACCGAAAGCCC-1	16197	17122	visium_breast_cancer_SEDR	visium_breast_cancer_SEDR	20	2	4	1	1.47387880267449	7	15	3	19	5	9
GATTAATCCTGGCTCA-1	7345	4991	visium_breast_cancer_SEDR	visium_breast_cancer_SEDR	20	9	10	19	1.59921858573918	13	8	16	14	7	4
GATTACTGAATTTGGG-1	8830	13783	visium_breast_cancer_SEDR	visium_breast_cancer_SEDR	20	7	2	5	1.49313289102338	8	9	11	9	3	13
GATTCCCTTGTCGCAG-1	12660	9989	visium_breast_cancer_SEDR	visium_breast_cancer_SEDR	20	20	7	2	1.71474311583251	9	1	13	15	10	18
GATTCCGCGTTTCCGT-1	13893	7854	visium_breast_cancer_SEDR	visium_breast_cancer_SEDR	20	14	13	20	1.67623493913473	3	10	10	11	18	3
GATTCCTATACGGCGC-1	6653	9978	visium_breast_cancer_SEDR	visium_breast_cancer_SEDR	20	1	6	12	1.6458480130024	10	2	6	8	14	12
GATTCGACGGTTCACG-1	13199	13791	visium_breast_cancer_SEDR	visium_breast_cancer_SEDR	20	7	2	11	1.6458480130024	14	9	15	9	9	14
GATTCTGTTAATGAGT-1	11956	21628	visium_breast_cancer_SEDR	visium_breast_cancer_SEDR	20	8	1	13	1.56071040904141	5	20	18	20	2	15
GATTGACACTCTGCTC-1	12123	5237	visium_breast_cancer_SEDR	visium_breast_cancer_SEDR	20	14	13	3	1.67623493913473	6	12	10	5	17	3
GATTGCTCCAGTTGCA-1	7183	19006	visium_breast_cancer_SEDR	visium_breast_cancer_SEDR	20	8	1	13	1.67623493913473	5	20	18	20	6	16
GATTGGGAAAGGTTGT-1	14417	19732	visium_breast_cancer_SEDR	visium_breast_cancer_SEDR	20	2	4	9	1.72286436639795	16	11	3	19	5	9
GCAAACCCTACATTAT-1	14698	15457	visium_breast_cancer_SEDR	visium_breast_cancer_SEDR	20	17	14	10	1.59921858573918	1	7	17	18	1	1
GCAAACCTTGGCCATA-1	12646	17591	visium_breast_cancer_SEDR	visium_breast_cancer_SEDR	20	10	9	16	1.67623493913473	2	4	9	12	11	5
GCAAACGTCGCCAGGT-1	19477	15228	visium_breast_cancer_SEDR	visium_breast_cancer_SEDR	20	15	3	6	1.56071040904141	3	7	5	1	1	17
GCAAAGGGCGTTAGCC-1	6226	19717	visium_breast_cancer_SEDR	visium_breast_cancer_SEDR	20	8	1	13	1.67623493913473	5	20	18	20	6	16
GCAAATATTACGCTTT-1	9106	12358	visium_breast_cancer_SEDR	visium_breast_cancer_SEDR	20	7	2	5	1.49313289102338	8	9	11	9	3	13
GCAACACACTAGAACT-1	5688	14965	visium_breast_cancer_SEDR	visium_breast_cancer_SEDR	20	15	3	7	1.63772676243696	3	13	5	1	1	8
GCAACAGCAGTATGCG-1	17975	14988	visium_breast_cancer_SEDR	visium_breast_cancer_SEDR	20	4	18	20	1.67623493913473	3	10	4	11	18	10
GCAACCACCAGACCGG-1	16078	7382	visium_breast_cancer_SEDR	visium_breast_cancer_SEDR	20	13	0	18	1.71474311583251	4	18	14	17	0	7
GCAACCACGGCCGCGT-1	7464	14256	visium_breast_cancer_SEDR	visium_breast_cancer_SEDR	20	7	2	5	1.49313289102338	8	9	11	9	3	13
GCAACGGCTAGTTATG-1	18932	14277	visium_breast_cancer_SEDR	visium_breast_cancer_SEDR	20	4	5	4	1.54617573838128	15	3	4	3	8	10
GCAAGAATTCCTTGGC-1	8420	14495	visium_breast_cancer_SEDR	visium_breast_cancer_SEDR	20	7	2	5	1.49313289102338	8	9	11	9	3	13
GCAAGATGTGTTCGCG-1	17854	6673	visium_breast_cancer_SEDR	visium_breast_cancer_SEDR	20	6	0	18	1.75325129253028	12	18	7	6	0	7
GCAAGTGCACAGAGAA-1	9247	9745	visium_breast_cancer_SEDR	visium_breast_cancer_SEDR	20	20	7	2	1.63772676243696	9	1	13	15	15	18
GCAAGTGTAAAGCATG-1	9638	19961	visium_breast_cancer_SEDR	visium_breast_cancer_SEDR	20	8	1	13	1.56071040904141	5	20	18	20	2	15
GCAATTAGTCGCACCG-1	20303	11429	visium_breast_cancer_SEDR	visium_breast_cancer_SEDR	20	4	18	4	1.75325129253028	18	16	4	3	15	17
GCACAAACCCTAGATG-1	6363	19480	visium_breast_cancer_SEDR	visium_breast_cancer_SEDR	20	8	1	13	1.67623493913473	5	20	18	20	6	16
GCACAAACGAGGCGTG-1	19068	14990	visium_breast_cancer_SEDR	visium_breast_cancer_SEDR	20	15	3	7	1.56071040904141	3	7	5	1	1	17
GCACAACCTCGGGCGT-1	4864	17814	visium_breast_cancer_SEDR	visium_breast_cancer_SEDR	20	8	1	13	1.59921858573918	5	17	18	20	2	16
GCACAAGTGTCGGAAG-1	12257	6425	visium_breast_cancer_SEDR	visium_breast_cancer_SEDR	20	5	8	19	1.67623493913473	17	8	16	13	15	2
GCACACACTGGTAGCC-1	16333	17360	visium_breast_cancer_SEDR	visium_breast_cancer_SEDR	20	2	4	1	1.47387880267449	7	15	3	19	5	9
GCACACAGCTATTACC-1	13049	21155	visium_breast_cancer_SEDR	visium_breast_cancer_SEDR	20	11	17	10	1.59921858573918	11	11	1	2	4	1
GCACAGCACGGGCCGA-1	9227	21148	visium_breast_cancer_SEDR	visium_breast_cancer_SEDR	20	8	1	13	1.63772676243696	5	20	19	20	6	15
GCACCTAGGCGAGTCC-1	17554	21401	visium_breast_cancer_SEDR	visium_breast_cancer_SEDR	20	2	4	9	1.6086574211167	16	15	3	16	5	9
GCACGCCGATTCCCGC-1	13868	21156	visium_breast_cancer_SEDR	visium_breast_cancer_SEDR	20	2	4	1	1.47387880267449	7	15	3	19	5	9
GCACGTGGTTTACTTA-1	17968	19264	visium_breast_cancer_SEDR	visium_breast_cancer_SEDR	20	12	11	1	1.72286436639795	7	15	20	16	5	19
GCACTAGTCGCGCTAT-1	9389	7133	visium_breast_cancer_SEDR	visium_breast_cancer_SEDR	20	3	12	19	1.75325129253028	19	8	8	14	13	20
GCACTGCCTACCTTTA-1	12779	19729	visium_breast_cancer_SEDR	visium_breast_cancer_SEDR	20	2	4	9	1.6086574211167	16	15	3	19	4	9
GCACTGTGCAAATGTA-1	8025	6180	visium_breast_cancer_SEDR	visium_breast_cancer_SEDR	20	3	10	19	1.59921858573918	13	8	8	14	7	4
GCAGAAACGTAATCCA-1	20176	5965	visium_breast_cancer_SEDR	visium_breast_cancer_SEDR	20	6	0	18	1.71474311583251	12	5	7	6	0	7
GCAGACCCAGCACGTA-1	17569	13324	visium_breast_cancer_SEDR	visium_breast_cancer_SEDR	20	19	5	15	1.44518587894808	6	3	12	3	17	6
GCAGATCCATAAGACT-1	15106	16170	visium_breast_cancer_SEDR	visium_breast_cancer_SEDR	20	2	4	17	1.72286436639795	16	11	3	19	4	9
GCAGATTAGGGATATC-1	11836	12838	visium_breast_cancer_SEDR	visium_breast_cancer_SEDR	20	7	2	11	1.60733983630463	14	14	15	9	9	14
GCAGCACACAGCCCAG-1	9241	13071	visium_breast_cancer_SEDR	visium_breast_cancer_SEDR	20	7	2	5	1.52220223234363	8	9	11	9	3	14
GCAGCCTATATCACAT-1	18936	12376	visium_breast_cancer_SEDR	visium_breast_cancer_SEDR	20	4	5	4	1.67623493913473	18	3	4	3	17	10
GCAGCGGTGGGCATTA-1	7753	5704	visium_breast_cancer_SEDR	visium_breast_cancer_SEDR	20	9	10	19	1.59921858573918	13	8	16	14	7	4
GCAGCTATGGACAGGT-1	18945	7150	visium_breast_cancer_SEDR	visium_breast_cancer_SEDR	20	6	0	18	1.75325129253028	12	18	7	6	0	7
GCAGCTGTCAACGCAT-1	15371	20922	visium_breast_cancer_SEDR	visium_breast_cancer_SEDR	20	2	4	17	1.72286436639795	16	11	3	19	4	9
GCAGGAACTTAGATCT-1	5549	16628	visium_breast_cancer_SEDR	visium_breast_cancer_SEDR	20	15	3	7	1.79175946922805	20	19	5	1	1	8
GCAGGACTATAGAATA-1	8560	12357	visium_breast_cancer_SEDR	visium_breast_cancer_SEDR	20	7	2	5	1.49313289102338	8	9	11	9	3	13
GCAGGTAGAGTATGGT-1	16349	8333	visium_breast_cancer_SEDR	visium_breast_cancer_SEDR	20	6	0	18	1.71474311583251	12	5	7	6	0	7
GCAGTGTGGCTATAGG-1	14830	18070	visium_breast_cancer_SEDR	visium_breast_cancer_SEDR	20	10	9	16	1.67623493913473	2	4	9	12	11	5
GCAGTTCGATCCGAGC-1	19609	17366	visium_breast_cancer_SEDR	visium_breast_cancer_SEDR	20	18	3	10	1.54617573838128	3	16	2	11	1	1
GCATACGAGGTCTTTA-1	5419	13064	visium_breast_cancer_SEDR	visium_breast_cancer_SEDR	20	1	6	12	1.67665455436062	10	2	6	8	12	11
GCATAGAGCACTCAGG-1	11563	12838	visium_breast_cancer_SEDR	visium_breast_cancer_SEDR	20	7	2	11	1.60733983630463	14	14	15	9	9	14
GCATCCCTAACTTTGA-1	9251	7845	visium_breast_cancer_SEDR	visium_breast_cancer_SEDR	20	3	12	19	1.75325129253028	19	8	8	14	13	20
GCATCGGCCGTGTAGG-1	17565	15700	visium_breast_cancer_SEDR	visium_breast_cancer_SEDR	20	15	3	7	1.71474311583251	3	7	7	7	1	7
GCATGAGGGACGCGGC-1	15798	11183	visium_breast_cancer_SEDR	visium_breast_cancer_SEDR	20	6	0	18	1.6458480130024	10	2	6	6	0	7
GCATGCTAATAACGAT-1	16465	19973	visium_breast_cancer_SEDR	visium_breast_cancer_SEDR	20	12	11	1	1.72286436639795	7	15	20	16	5	19
GCATTCAAGGCAACGC-1	18256	10712	visium_breast_cancer_SEDR	visium_breast_cancer_SEDR	20	6	0	18	1.71474311583251	12	5	7	6	0	7
GCATTCGAAATGAACA-1	5423	10689	visium_breast_cancer_SEDR	visium_breast_cancer_SEDR	20	1	6	12	1.67665455436062	10	2	6	8	12	11
GCATTGTAATTCATAT-1	6373	13779	visium_breast_cancer_SEDR	visium_breast_cancer_SEDR	20	1	6	12	1.67665455436062	10	2	6	8	12	11
GCATTTCCAAGGCTCC-1	18664	11901	visium_breast_cancer_SEDR	visium_breast_cancer_SEDR	20	4	5	4	1.63772676243696	18	1	4	3	8	10
GCCAACCATTTCCGGA-1	17984	10237	visium_breast_cancer_SEDR	visium_breast_cancer_SEDR	20	6	0	18	1.71474311583251	12	5	7	6	0	7
GCCAAGAATACTTCTG-1	4869	14964	visium_breast_cancer_SEDR	visium_breast_cancer_SEDR	20	15	3	7	1.44518587894808	3	13	5	8	1	17
GCCAATAGGGCATCTC-1	17575	9998	visium_breast_cancer_SEDR	visium_breast_cancer_SEDR	20	6	0	18	1.71474311583251	12	5	7	6	0	7
GCCACAATTTAAGGAC-1	8829	14733	visium_breast_cancer_SEDR	visium_breast_cancer_SEDR	20	7	2	5	1.49313289102338	8	9	11	9	3	13
GCCACTCAGAGCGCGA-1	16468	18073	visium_breast_cancer_SEDR	visium_breast_cancer_SEDR	20	2	4	17	1.6086574211167	16	15	3	19	4	9
GCCACTCCTTACGGTA-1	19746	17129	visium_breast_cancer_SEDR	visium_breast_cancer_SEDR	20	18	3	20	1.50766756168351	3	16	2	11	1	17
GCCAGGAAAGAACACT-1	8271	20909	visium_breast_cancer_SEDR	visium_breast_cancer_SEDR	20	8	1	13	1.56071040904141	5	17	19	20	2	15
GCCAGGAGTAACCGAT-1	15665	9045	visium_breast_cancer_SEDR	visium_breast_cancer_SEDR	20	16	15	6	1.50766756168351	3	13	5	6	0	12
GCCAGGCGTTCGCATG-1	15671	6194	visium_breast_cancer_SEDR	visium_breast_cancer_SEDR	20	14	13	3	1.59921858573918	15	16	10	11	0	3
GCCATATTGCACACAG-1	15801	9282	visium_breast_cancer_SEDR	visium_breast_cancer_SEDR	20	6	0	18	1.71474311583251	3	5	5	6	0	7
GCCATCGATGCTGCAT-1	18528	11663	visium_breast_cancer_SEDR	visium_breast_cancer_SEDR	20	4	5	4	1.63772676243696	18	1	4	3	8	10
GCCATTAGCCTCAAAC-1	5275	17102	visium_breast_cancer_SEDR	visium_breast_cancer_SEDR	20	15	3	6	1.79175946922805	20	19	5	1	1	8
GCCCACCAAGGCTGTC-1	8707	6894	visium_breast_cancer_SEDR	visium_breast_cancer_SEDR	20	3	12	19	1.75325129253028	19	8	8	14	13	20
GCCCAGATGCTGGAGA-1	20027	12853	visium_breast_cancer_SEDR	visium_breast_cancer_SEDR	20	4	5	15	1.52220223234363	6	3	4	3	17	10
GCCCAGTTGGTATGCC-1	8702	9269	visium_breast_cancer_SEDR	visium_breast_cancer_SEDR	20	16	3	14	1.49313289102338	3	7	5	11	14	17
GCCCGACTTCTTCCCG-1	6916	15680	visium_breast_cancer_SEDR	visium_breast_cancer_SEDR	20	1	6	12	1.6304447423233	10	2	6	4	12	12
GCCCGAGAGTCTAAAT-1	4862	18764	visium_breast_cancer_SEDR	visium_breast_cancer_SEDR	20	8	1	13	1.67623493913473	5	20	18	20	6	16
GCCCGATCTGTGGTCG-1	12102	16640	visium_breast_cancer_SEDR	visium_breast_cancer_SEDR	20	10	9	16	1.71474311583251	2	4	9	11	11	5
GCCCGCGCGTAAACGG-1	9100	15684	visium_breast_cancer_SEDR	visium_breast_cancer_SEDR	20	7	16	8	1.63772676243696	14	2	11	9	9	11
GCCCGCGCGTTTGACA-1	8976	8795	visium_breast_cancer_SEDR	visium_breast_cancer_SEDR	20	5	8	19	1.63772676243696	17	8	16	13	7	2
GCCCGTAATACCTTCT-1	14298	10467	visium_breast_cancer_SEDR	visium_breast_cancer_SEDR	20	20	7	2	1.71474311583251	9	1	13	15	10	18
GCCCTAGCCGTCGCGA-1	5685	16866	visium_breast_cancer_SEDR	visium_breast_cancer_SEDR	20	15	3	6	1.67623493913473	3	19	5	1	1	8
GCCCTGAGGATGGGCT-1	13597	20206	visium_breast_cancer_SEDR	visium_breast_cancer_SEDR	20	12	11	1	1.63814637766285	7	15	20	19	5	19
GCCGAAATTCCTACGT-1	9652	12359	visium_breast_cancer_SEDR	visium_breast_cancer_SEDR	20	7	2	5	1.67665455436062	8	9	15	9	3	14
GCCGACCCACGACTGC-1	7593	18769	visium_breast_cancer_SEDR	visium_breast_cancer_SEDR	20	8	1	13	1.67623493913473	5	20	18	20	6	16
GCCGATTGGCCAAGCT-1	11834	13789	visium_breast_cancer_SEDR	visium_breast_cancer_SEDR	20	7	2	5	1.67665455436062	8	9	15	9	3	14
GCCGCTTGTGAGAAAC-1	8969	12596	visium_breast_cancer_SEDR	visium_breast_cancer_SEDR	20	7	2	5	1.49313289102338	8	9	11	9	3	13
GCCGGAAACACATCTT-1	10758	4760	visium_breast_cancer_SEDR	visium_breast_cancer_SEDR	20	14	13	3	1.71474311583251	17	12	10	5	16	3
GCCGGGTTAGGGTCGC-1	11561	13788	visium_breast_cancer_SEDR	visium_breast_cancer_SEDR	20	7	2	5	1.67665455436062	8	9	15	9	3	14
GCCGGTCGTATCTCTC-1	10866	20676	visium_breast_cancer_SEDR	visium_breast_cancer_SEDR	20	8	1	13	1.56071040904141	5	20	18	20	6	15
GCCGTCGGTTTCGGGC-1	9090	20910	visium_breast_cancer_SEDR	visium_breast_cancer_SEDR	20	8	1	13	1.63772676243696	5	20	19	20	6	15
GCCGTGGAAGAAATGT-1	19207	13327	visium_breast_cancer_SEDR	visium_breast_cancer_SEDR	20	4	5	4	1.48369405564586	6	3	4	3	8	10
GCCTACGTTCTGTGCA-1	14689	20208	visium_breast_cancer_SEDR	visium_breast_cancer_SEDR	20	2	4	9	1.72286436639795	16	11	3	19	5	9
GCCTAGCGATCTGACC-1	9249	8795	visium_breast_cancer_SEDR	visium_breast_cancer_SEDR	20	5	8	19	1.63772676243696	17	8	16	13	7	2
GCCTATAGTGTCAGGG-1	15935	10945	visium_breast_cancer_SEDR	visium_breast_cancer_SEDR	20	6	0	18	1.71474311583251	12	2	6	6	0	7
GCCTATGCTGGGCCTT-1	19080	8338	visium_breast_cancer_SEDR	visium_breast_cancer_SEDR	20	13	0	18	1.75325129253028	4	6	14	17	0	7
GCCTATTCCGATATAG-1	7609	9742	visium_breast_cancer_SEDR	visium_breast_cancer_SEDR	20	16	15	14	1.67623493913473	17	7	5	6	14	12
GCCTATTTGCTACACA-1	10347	5947	visium_breast_cancer_SEDR	visium_breast_cancer_SEDR	20	5	8	19	1.63772676243696	17	8	8	13	13	2
GCCTCATCTGGAAATA-1	16476	13797	visium_breast_cancer_SEDR	visium_breast_cancer_SEDR	20	18	19	10	1.47728063555118	10	16	2	4	18	17
GCCTCCGACAATTCAC-1	16877	18311	visium_breast_cancer_SEDR	visium_breast_cancer_SEDR	20	2	4	17	1.47387880267449	7	15	3	19	5	9
GCCTCTATACATAGCA-1	13739	17118	visium_breast_cancer_SEDR	visium_breast_cancer_SEDR	20	10	9	16	1.67623493913473	2	4	9	12	11	5
GCCTGCTACACTGAGA-1	17992	5961	visium_breast_cancer_SEDR	visium_breast_cancer_SEDR	20	6	0	18	1.71474311583251	12	5	7	6	0	7
GCCTGTCCCGGTGCAT-1	12093	21391	visium_breast_cancer_SEDR	visium_breast_cancer_SEDR	20	8	1	13	1.71474311583251	11	17	18	20	2	15
GCCTTCAGCCCTACCG-1	10343	7847	visium_breast_cancer_SEDR	visium_breast_cancer_SEDR	20	5	8	19	1.67623493913473	17	8	16	13	11	2
GCCTTGTATATGCAGT-1	5564	8076	visium_breast_cancer_SEDR	visium_breast_cancer_SEDR	20	9	10	19	1.71474311583251	13	8	16	13	7	4
GCCTTTGTCAGTGGAC-1	4861	19240	visium_breast_cancer_SEDR	visium_breast_cancer_SEDR	20	8	1	13	1.67623493913473	5	20	18	20	6	16
GCGAAACGATCGGGAG-1	17153	16887	visium_breast_cancer_SEDR	visium_breast_cancer_SEDR	20	2	4	17	1.6086574211167	16	15	3	19	5	9
GCGAAGAATCTGACGG-1	14963	19733	visium_breast_cancer_SEDR	visium_breast_cancer_SEDR	20	2	4	17	1.72286436639795	16	11	3	19	4	9
GCGAAGCCATACCCGT-1	11838	11413	visium_breast_cancer_SEDR	visium_breast_cancer_SEDR	20	20	7	2	1.71474311583251	9	1	13	15	10	18
GCGAATGGACTAGCGA-1	13458	21868	visium_breast_cancer_SEDR	visium_breast_cancer_SEDR	20	8	1	13	1.56071040904141	5	20	18	20	6	15
GCGACATGTAAACATC-1	18116	12850	visium_breast_cancer_SEDR	visium_breast_cancer_SEDR	20	19	5	15	1.44518587894808	6	3	12	3	17	6
GCGACCCAACCATCTG-1	8004	18058	visium_breast_cancer_SEDR	visium_breast_cancer_SEDR	20	8	1	13	1.67623493913473	5	20	18	20	6	16
GCGACGATAGTTGTAC-1	10875	15450	visium_breast_cancer_SEDR	visium_breast_cancer_SEDR	20	7	16	11	1.6458480130024	1	14	15	9	9	11
GCGACGGTAGTCTCCT-1	13185	21393	visium_breast_cancer_SEDR	visium_breast_cancer_SEDR	20	17	14	10	1.75325129253028	11	17	1	2	2	1
GCGAGAAACGGGAGTT-1	5293	7125	visium_breast_cancer_SEDR	visium_breast_cancer_SEDR	20	9	10	19	1.71474311583251	13	8	16	13	7	4
GCGAGAGGCCATGTAA-1	18942	9051	visium_breast_cancer_SEDR	visium_breast_cancer_SEDR	20	6	0	18	1.59921858573918	4	18	7	6	0	7
GCGAGAGTTGCGTCCA-1	18118	11900	visium_breast_cancer_SEDR	visium_breast_cancer_SEDR	20	4	5	4	1.63772676243696	18	1	4	3	8	10
GCGAGCGCATGCTCCC-1	18389	12850	visium_breast_cancer_SEDR	visium_breast_cancer_SEDR	20	19	5	15	1.44518587894808	6	3	12	3	17	6
GCGAGGCCCGAGCAGA-1	9924	12835	visium_breast_cancer_SEDR	visium_breast_cancer_SEDR	20	7	2	5	1.67665455436062	8	9	15	9	3	14
GCGAGTTCTGCAAAGA-1	12110	12364	visium_breast_cancer_SEDR	visium_breast_cancer_SEDR	20	20	7	2	1.71474311583251	9	1	13	15	10	18
GCGATTCTGGAAGCAG-1	13622	6428	visium_breast_cancer_SEDR	visium_breast_cancer_SEDR	20	19	5	15	1.52220223234363	6	3	12	12	17	6
GCGATTGTTAACGTTA-1	14020	12842	visium_breast_cancer_SEDR	visium_breast_cancer_SEDR	20	7	2	11	1.68435618970018	8	14	15	9	9	14
GCGCAAATATATTCAA-1	7321	17819	visium_breast_cancer_SEDR	visium_breast_cancer_SEDR	20	8	1	13	1.67623493913473	5	20	18	20	6	16
GCGCAAGAGCGCGCTG-1	17159	13561	visium_breast_cancer_SEDR	visium_breast_cancer_SEDR	20	19	5	15	1.44518587894808	6	3	12	3	17	6
GCGCATCCAGTCAGCA-1	16481	10946	visium_breast_cancer_SEDR	visium_breast_cancer_SEDR	20	6	0	18	1.71474311583251	12	5	7	6	0	7
GCGCCGTTCCACGATA-1	12380	13790	visium_breast_cancer_SEDR	visium_breast_cancer_SEDR	20	7	2	5	1.67665455436062	8	9	15	9	3	14
GCGCCTCCCACTCCGA-1	18521	15464	visium_breast_cancer_SEDR	visium_breast_cancer_SEDR	20	10	9	16	1.67623493913473	2	4	9	12	11	5
GCGCGGTCTAGTAACT-1	11686	20202	visium_breast_cancer_SEDR	visium_breast_cancer_SEDR	20	17	14	13	1.71474311583251	11	17	1	20	2	15
GCGCGTCATTGGTACA-1	14831	17595	visium_breast_cancer_SEDR	visium_breast_cancer_SEDR	20	10	9	16	1.67623493913473	2	4	9	2	11	5
GCGCTAATTGAATAGA-1	13066	12128	visium_breast_cancer_SEDR	visium_breast_cancer_SEDR	20	20	7	2	1.71474311583251	9	1	13	15	10	18
GCGCTATGCCGAGGCA-1	9922	14260	visium_breast_cancer_SEDR	visium_breast_cancer_SEDR	20	7	2	5	1.49313289102338	8	9	11	9	3	13
GCGCTGATCCAGACTC-1	15394	8094	visium_breast_cancer_SEDR	visium_breast_cancer_SEDR	20	18	3	20	1.63772676243696	3	10	2	11	0	7
GCGCTGCTTTGCATTT-1	16345	10709	visium_breast_cancer_SEDR	visium_breast_cancer_SEDR	20	6	0	18	1.71474311583251	12	5	7	6	0	7
GCGCTTAAATAATTGG-1	15650	17596	visium_breast_cancer_SEDR	visium_breast_cancer_SEDR	20	2	4	9	1.47387880267449	7	15	3	19	5	9
GCGGAGAAACTTCGCA-1	8005	17107	visium_breast_cancer_SEDR	visium_breast_cancer_SEDR	20	8	1	13	1.67623493913473	5	20	18	20	6	16
GCGGATTACTTGTTCT-1	18509	21640	visium_breast_cancer_SEDR	visium_breast_cancer_SEDR	20	12	11	1	1.72286436639795	7	15	20	16	5	19
GCGGCAAAGTATTGCC-1	7184	18056	visium_breast_cancer_SEDR	visium_breast_cancer_SEDR	20	8	1	13	1.67623493913473	5	20	18	20	6	16
GCGGCTCTGACGTACC-1	8695	13070	visium_breast_cancer_SEDR	visium_breast_cancer_SEDR	20	7	2	5	1.49313289102338	8	9	11	9	3	13
GCGGCTTTAGCAAGTT-1	14142	20682	visium_breast_cancer_SEDR	visium_breast_cancer_SEDR	20	12	11	1	1.63814637766285	7	15	20	19	5	19
GCGGGAACCAGGCCCT-1	10069	8322	visium_breast_cancer_SEDR	visium_breast_cancer_SEDR	20	5	8	19	1.59921858573918	2	8	16	13	11	2
GCGGGCAGACGGGTGA-1	12911	21867	visium_breast_cancer_SEDR	visium_breast_cancer_SEDR	20	8	1	13	1.52220223234363	5	17	18	20	2	15
GCGGGCATTACGATGC-1	19757	11428	visium_breast_cancer_SEDR	visium_breast_cancer_SEDR	20	4	18	4	1.75325129253028	18	16	4	3	15	17
GCGGTAACCCAAATGA-1	6661	5702	visium_breast_cancer_SEDR	visium_breast_cancer_SEDR	20	3	10	19	1.68435618970018	13	8	8	10	7	4
GCGGTCCCGGTGAAGG-1	19763	8102	visium_breast_cancer_SEDR	visium_breast_cancer_SEDR	20	13	0	18	1.75325129253028	4	6	14	17	0	7
GCGGTCCCTAGACGCA-1	9662	7133	visium_breast_cancer_SEDR	visium_breast_cancer_SEDR	20	3	12	19	1.75325129253028	19	8	8	14	13	20
GCGGTCTTGCTTTCAC-1	14688	21158	visium_breast_cancer_SEDR	visium_breast_cancer_SEDR	20	2	4	17	1.47387880267449	7	15	3	19	5	9
GCGGTGAACTGCGCTC-1	16348	8808	visium_breast_cancer_SEDR	visium_breast_cancer_SEDR	20	6	0	18	1.71474311583251	12	5	7	6	0	7
GCGGTTCCCTATCATG-1	10193	15211	visium_breast_cancer_SEDR	visium_breast_cancer_SEDR	20	7	2	5	1.32456551357215	14	9	11	9	3	13
GCGTAAATGGCCATAA-1	17435	12136	visium_breast_cancer_SEDR	visium_breast_cancer_SEDR	20	4	5	4	1.63772676243696	18	1	4	3	8	10
GCGTCCCTAAGACATA-1	9230	19248	visium_breast_cancer_SEDR	visium_breast_cancer_SEDR	20	8	1	13	1.56071040904141	5	20	18	20	6	15
GCGTCGAAATGTCGGT-1	12391	8088	visium_breast_cancer_SEDR	visium_breast_cancer_SEDR	20	5	8	19	1.67623493913473	17	8	16	13	15	2
GCGTCGCCAGGGTGAT-1	11965	16877	visium_breast_cancer_SEDR	visium_breast_cancer_SEDR	20	10	9	16	1.67623493913473	2	4	9	12	11	5
GCGTCGTAACATGGTC-1	13868	21632	visium_breast_cancer_SEDR	visium_breast_cancer_SEDR	20	17	14	10	1.79175946922805	11	17	1	2	19	1
GCGTCTCTGCATTGGG-1	9104	13308	visium_breast_cancer_SEDR	visium_breast_cancer_SEDR	20	7	2	5	1.52220223234363	8	9	11	9	3	14
GCGTGGTACTGGGTTA-1	16478	12372	visium_breast_cancer_SEDR	visium_breast_cancer_SEDR	20	16	3	20	1.59921858573918	1	2	2	4	1	17
GCGTGTATGTCGTATT-1	11851	4762	visium_breast_cancer_SEDR	visium_breast_cancer_SEDR	20	14	13	3	1.71474311583251	17	12	10	5	16	3
GCGTTCGGAGACCGGG-1	17578	8573	visium_breast_cancer_SEDR	visium_breast_cancer_SEDR	20	6	0	18	1.75325129253028	12	18	7	6	0	7
GCTAAACCTGAGGTGA-1	6654	9503	visium_breast_cancer_SEDR	visium_breast_cancer_SEDR	20	16	15	14	1.51578881224895	10	7	5	11	14	12
GCTAACTGAAGTCTGA-1	15513	17834	visium_breast_cancer_SEDR	visium_breast_cancer_SEDR	20	2	4	17	1.6086574211167	16	15	3	19	5	9
GCTAAGCCCAGTATGC-1	18236	21640	visium_breast_cancer_SEDR	visium_breast_cancer_SEDR	20	12	11	1	1.72286436639795	7	15	20	16	5	19
GCTAAGTAAAGGCGAT-1	5287	10451	visium_breast_cancer_SEDR	visium_breast_cancer_SEDR	20	1	6	12	1.67665455436062	10	2	6	8	12	11
GCTAAGTAGTTTCTCT-1	14431	12130	visium_breast_cancer_SEDR	visium_breast_cancer_SEDR	20	20	7	2	1.67623493913473	8	14	13	9	10	18
GCTAATACCGAATGCC-1	9931	9034	visium_breast_cancer_SEDR	visium_breast_cancer_SEDR	20	9	8	19	1.63772676243696	13	8	16	13	7	2
GCTACAATCGAGGATA-1	17695	18788	visium_breast_cancer_SEDR	visium_breast_cancer_SEDR	20	12	11	1	1.63814637766285	7	15	20	19	5	19
GCTACAGTACGGACCG-1	5418	13539	visium_breast_cancer_SEDR	visium_breast_cancer_SEDR	20	1	6	12	1.67665455436062	10	2	6	8	12	11
GCTACGACTTATTGGG-1	12925	14266	visium_breast_cancer_SEDR	visium_breast_cancer_SEDR	20	1	6	12	1.63814637766285	10	16	6	4	12	11
GCTACTATAGTAGAGT-1	16335	15935	visium_breast_cancer_SEDR	visium_breast_cancer_SEDR	20	11	17	10	1.67623493913473	16	10	2	2	1	1
GCTAGACCGTCTACTG-1	17704	14037	visium_breast_cancer_SEDR	visium_breast_cancer_SEDR	20	19	5	15	1.44518587894808	6	3	12	3	17	6
GCTAGAGTAGAGATGT-1	16606	17361	visium_breast_cancer_SEDR	visium_breast_cancer_SEDR	20	2	4	17	1.47387880267449	7	15	3	19	5	9
GCTAGCAGGGAGTGGG-1	17306	7622	visium_breast_cancer_SEDR	visium_breast_cancer_SEDR	20	13	0	18	1.71474311583251	4	18	14	17	0	7
GCTAGCGATAGGTCTT-1	6772	19718	visium_breast_cancer_SEDR	visium_breast_cancer_SEDR	20	8	1	13	1.67623493913473	5	20	18	20	6	16
GCTAGGCACCACGGAG-1	14968	16883	visium_breast_cancer_SEDR	visium_breast_cancer_SEDR	20	2	4	17	1.72286436639795	16	11	3	19	4	9
GCTAGTAGAGCTTGTA-1	12381	13314	visium_breast_cancer_SEDR	visium_breast_cancer_SEDR	20	7	2	5	1.67665455436062	8	9	15	9	3	14
GCTAGTTTCATTGAGG-1	8568	8081	visium_breast_cancer_SEDR	visium_breast_cancer_SEDR	20	3	12	19	1.75325129253028	19	8	8	14	13	20
GCTATAAGGGCCAGGA-1	18372	21877	visium_breast_cancer_SEDR	visium_breast_cancer_SEDR	20	2	4	17	1.72286436639795	16	11	3	19	4	9
GCTATACGTCTCGGAC-1	15515	16408	visium_breast_cancer_SEDR	visium_breast_cancer_SEDR	20	2	4	17	1.56883165960686	16	11	3	2	4	9
GCTATCATACTCATGG-1	14149	16881	visium_breast_cancer_SEDR	visium_breast_cancer_SEDR	20	10	9	16	1.67623493913473	2	4	9	12	11	5
GCTATCGCGGCGCAAC-1	6792	8791	visium_breast_cancer_SEDR	visium_breast_cancer_SEDR	20	9	10	19	1.59921858573918	13	8	16	14	7	4
GCTCAATGTAATACCG-1	11415	18776	visium_breast_cancer_SEDR	visium_breast_cancer_SEDR	20	10	9	16	1.67623493913473	2	4	9	12	11	5
GCTCATTACTGCATGT-1	16215	7145	visium_breast_cancer_SEDR	visium_breast_cancer_SEDR	20	13	0	18	1.71474311583251	4	18	14	17	0	7
GCTCCATGCAAAGCAA-1	11003	20439	visium_breast_cancer_SEDR	visium_breast_cancer_SEDR	20	8	1	13	1.56071040904141	5	20	18	20	2	15
GCTCCCAGTCGGTCCA-1	18386	14276	visium_breast_cancer_SEDR	visium_breast_cancer_SEDR	20	4	5	4	1.48369405564586	6	3	4	3	8	10
GCTCCGCTCGCTTCAG-1	18796	14039	visium_breast_cancer_SEDR	visium_breast_cancer_SEDR	20	4	5	4	1.48369405564586	6	3	4	3	8	10
GCTCCTGACATACTGG-1	7868	17345	visium_breast_cancer_SEDR	visium_breast_cancer_SEDR	20	8	1	13	1.67623493913473	5	20	18	20	6	16
GCTCGCTCATGTCCAA-1	17022	13798	visium_breast_cancer_SEDR	visium_breast_cancer_SEDR	20	19	5	15	1.44518587894808	6	3	12	3	17	6
GCTCGGAATTTAAAGC-1	14982	9281	visium_breast_cancer_SEDR	visium_breast_cancer_SEDR	20	15	3	7	1.63772676243696	3	13	5	1	1	8
GCTCTAAACCCTGACG-1	11432	9749	visium_breast_cancer_SEDR	visium_breast_cancer_SEDR	20	5	8	19	1.67623493913473	17	8	16	13	15	2
GCTCTATGTTACGTGC-1	8974	10220	visium_breast_cancer_SEDR	visium_breast_cancer_SEDR	20	20	7	2	1.71474311583251	9	1	13	15	10	18
GCTCTCGGGTACCGAA-1	11431	10225	visium_breast_cancer_SEDR	visium_breast_cancer_SEDR	20	20	7	2	1.71474311583251	9	1	13	15	10	18
GCTCTTTCCGCTAGTG-1	10868	19251	visium_breast_cancer_SEDR	visium_breast_cancer_SEDR	20	17	14	10	1.67623493913473	11	17	1	18	18	1
GCTGAACTCTCCAGGG-1	19889	13566	visium_breast_cancer_SEDR	visium_breast_cancer_SEDR	20	18	3	20	1.56071040904141	3	10	2	11	1	17
GCTGAATCTTCCAATC-1	6638	18055	visium_breast_cancer_SEDR	visium_breast_cancer_SEDR	20	8	1	13	1.67623493913473	5	20	18	20	6	16
GCTGAGGCGTGAGTAT-1	12244	13552	visium_breast_cancer_SEDR	visium_breast_cancer_SEDR	20	7	2	5	1.67665455436062	8	9	15	9	3	14
GCTGCACGGTTTCTTA-1	13472	13792	visium_breast_cancer_SEDR	visium_breast_cancer_SEDR	20	16	6	12	1.56071040904141	12	2	6	4	12	12
GCTGCTAAGTAGTCGA-1	11145	17351	visium_breast_cancer_SEDR	visium_breast_cancer_SEDR	20	16	15	20	1.48369405564586	1	7	2	11	12	12
GCTGCTACTGCGTAGC-1	13741	16168	visium_breast_cancer_SEDR	visium_breast_cancer_SEDR	20	18	3	10	1.71474311583251	3	7	2	2	1	1
GCTGCTCTCCGGACAC-1	12111	11414	visium_breast_cancer_SEDR	visium_breast_cancer_SEDR	20	20	7	2	1.71474311583251	9	1	13	15	10	18
GCTGGACCCAAAGTGG-1	17989	7386	visium_breast_cancer_SEDR	visium_breast_cancer_SEDR	20	13	0	18	1.71474311583251	4	18	14	17	0	8
GCTGGCATATTCACCT-1	7743	11406	visium_breast_cancer_SEDR	visium_breast_cancer_SEDR	20	7	2	5	1.52220223234363	8	9	11	9	3	14
GCTGGCGGCGCATGCT-1	12238	16878	visium_breast_cancer_SEDR	visium_breast_cancer_SEDR	20	10	9	16	1.67623493913473	2	4	9	12	11	5
GCTGGTGACTCGTAGT-1	19492	6676	visium_breast_cancer_SEDR	visium_breast_cancer_SEDR	20	6	0	18	1.67623493913473	12	5	7	7	0	7
GCTGGTTTAGGCCATA-1	5409	18290	visium_breast_cancer_SEDR	visium_breast_cancer_SEDR	20	8	1	13	1.67623493913473	5	20	18	20	2	16
GCTGTATTACTGGCCC-1	8692	14971	visium_breast_cancer_SEDR	visium_breast_cancer_SEDR	20	7	2	5	1.49313289102338	8	9	11	9	3	13
GCTGTTGCTACCGAAC-1	16477	13322	visium_breast_cancer_SEDR	visium_breast_cancer_SEDR	20	18	3	10	1.56071040904141	3	16	2	4	1	17
GCTTAATGTAACTAAC-1	14974	14032	visium_breast_cancer_SEDR	visium_breast_cancer_SEDR	20	17	14	3	1.59921858573918	11	17	17	18	19	16
GCTTACGTAGTTAGTA-1	18799	12614	visium_breast_cancer_SEDR	visium_breast_cancer_SEDR	20	19	5	15	1.44518587894808	6	3	12	3	17	6
GCTTATGAAGCAGGAA-1	15659	12370	visium_breast_cancer_SEDR	visium_breast_cancer_SEDR	20	1	6	12	1.6304447423233	10	2	6	4	12	12
GCTTCAGTGGGATTAC-1	18948	5725	visium_breast_cancer_SEDR	visium_breast_cancer_SEDR	20	6	0	18	1.67623493913473	12	5	7	7	0	7
GCTTCCAGCTTAGATT-1	5705	5938	visium_breast_cancer_SEDR	visium_breast_cancer_SEDR	20	3	10	19	1.68435618970018	13	8	8	10	7	4
GCTTCCATGTAACCGC-1	17417	21638	visium_breast_cancer_SEDR	visium_breast_cancer_SEDR	20	2	4	17	1.72286436639795	16	11	3	19	4	9
GCTTCCCGTAAGCTCC-1	16461	21874	visium_breast_cancer_SEDR	visium_breast_cancer_SEDR	20	17	14	13	1.75325129253028	11	17	1	20	4	15
GCTTCCGTCCCTAGAC-1	14024	10942	visium_breast_cancer_SEDR	visium_breast_cancer_SEDR	20	20	7	2	1.71474311583251	9	1	13	15	10	18
GCTTCGACGTTCAATC-1	5542	20429	visium_breast_cancer_SEDR	visium_breast_cancer_SEDR	20	8	1	13	1.67623493913473	5	20	18	20	6	16
GCTTGAGTGACCTCTG-1	18919	21403	visium_breast_cancer_SEDR	visium_breast_cancer_SEDR	20	12	11	1	1.72286436639795	7	15	20	16	5	19
GCTTGATGATAATCAG-1	8429	9269	visium_breast_cancer_SEDR	visium_breast_cancer_SEDR	20	16	15	14	1.35363485489241	3	7	5	11	14	12
GCTTGCAGCACAATTG-1	19489	8576	visium_breast_cancer_SEDR	visium_breast_cancer_SEDR	20	13	0	18	1.75325129253028	4	6	14	17	0	7
GCTTGGATCGATTAGG-1	16753	11422	visium_breast_cancer_SEDR	visium_breast_cancer_SEDR	20	6	0	18	1.68435618970018	10	5	6	6	0	7
GCTTTACACAACTGGG-1	19330	20691	visium_breast_cancer_SEDR	visium_breast_cancer_SEDR	20	12	11	1	1.72286436639795	7	15	20	16	5	19
GCTTTCAGAGGAGGTG-1	16479	11897	visium_breast_cancer_SEDR	visium_breast_cancer_SEDR	20	6	0	18	1.63772676243696	12	2	6	4	0	7
GCTTTCTATCTCAACT-1	19495	5251	visium_breast_cancer_SEDR	visium_breast_cancer_SEDR	20	6	0	18	1.71474311583251	12	5	7	6	16	7
GGAAACCTTGTTGAAT-1	17987	8811	visium_breast_cancer_SEDR	visium_breast_cancer_SEDR	20	6	0	18	1.75325129253028	12	18	7	6	0	7
GGAAACTAAATGGGCC-1	17423	18312	visium_breast_cancer_SEDR	visium_breast_cancer_SEDR	20	2	4	9	1.6086574211167	16	15	3	19	5	9
GGAAAGGGAATTGAGC-1	13458	21393	visium_breast_cancer_SEDR	visium_breast_cancer_SEDR	20	11	17	9	1.48369405564586	16	11	1	2	4	1
GGAAAGTGCCCATGCC-1	15802	8807	visium_breast_cancer_SEDR	visium_breast_cancer_SEDR	20	6	0	18	1.75325129253028	12	13	7	6	0	7
GGAACCGTGTAAATTG-1	9919	15686	visium_breast_cancer_SEDR	visium_breast_cancer_SEDR	20	1	15	8	1.67623493913473	1	7	6	11	1	11
GGAACCTTGACTCTGC-1	6365	18055	visium_breast_cancer_SEDR	visium_breast_cancer_SEDR	20	8	1	13	1.67623493913473	5	20	18	20	6	16
GGAACGGCCTGCAGCC-1	5561	9976	visium_breast_cancer_SEDR	visium_breast_cancer_SEDR	20	1	6	12	1.67665455436062	10	2	6	8	12	11
GGAACTTTGGCGATTA-1	18515	18314	visium_breast_cancer_SEDR	visium_breast_cancer_SEDR	20	11	17	10	1.52220223234363	15	10	2	2	18	1
GGAAGCTCGCTTACAG-1	14851	6668	visium_breast_cancer_SEDR	visium_breast_cancer_SEDR	20	14	13	20	1.71474311583251	15	10	10	11	18	3
GGAAGGACACCGTATA-1	14824	21396	visium_breast_cancer_SEDR	visium_breast_cancer_SEDR	20	2	4	9	1.72286436639795	16	11	3	19	4	9
GGAATAACCTCAAGAA-1	11713	5474	visium_breast_cancer_SEDR	visium_breast_cancer_SEDR	20	14	13	3	1.67623493913473	6	12	10	5	17	3
GGAATGCGCTAGCGTG-1	14705	11656	visium_breast_cancer_SEDR	visium_breast_cancer_SEDR	20	16	7	2	1.68435618970018	10	14	13	15	9	12
GGACAACCATGAAGCC-1	17419	20688	visium_breast_cancer_SEDR	visium_breast_cancer_SEDR	20	12	11	1	1.72286436639795	7	15	20	16	5	19
GGACACAAGTTTACAC-1	18658	15226	visium_breast_cancer_SEDR	visium_breast_cancer_SEDR	20	10	9	16	1.67623493913473	2	4	9	12	11	5
GGACACCTCGGTGTTG-1	12092	21866	visium_breast_cancer_SEDR	visium_breast_cancer_SEDR	20	8	1	13	1.56071040904141	5	20	18	20	2	15
GGACCAACAGGATAAC-1	12649	16166	visium_breast_cancer_SEDR	visium_breast_cancer_SEDR	20	18	19	10	1.48369405564586	2	16	2	4	15	1
GGACCTACGGTAACGT-1	18398	8099	visium_breast_cancer_SEDR	visium_breast_cancer_SEDR	20	13	0	18	1.71474311583251	4	18	14	17	0	7
GGACCTCTAGGCCGCC-1	7594	17819	visium_breast_cancer_SEDR	visium_breast_cancer_SEDR	20	8	1	13	1.67623493913473	5	20	18	20	6	16
GGACGGCTTGCGCAAC-1	17310	5722	visium_breast_cancer_SEDR	visium_breast_cancer_SEDR	20	6	0	18	1.71474311583251	12	12	7	6	0	7
GGACGGGCGACCAACC-1	19468	19979	visium_breast_cancer_SEDR	visium_breast_cancer_SEDR	20	12	11	1	1.6086574211167	7	15	20	16	5	9
GGACGTCCATAGTTGG-1	19355	7388	visium_breast_cancer_SEDR	visium_breast_cancer_SEDR	20	6	0	18	1.67623493913473	12	5	7	7	0	7
GGACTCGACAGCGCAT-1	9774	20199	visium_breast_cancer_SEDR	visium_breast_cancer_SEDR	20	8	1	13	1.56071040904141	5	20	18	20	6	15
GGACTCGTGAGTGGTC-1	8684	19247	visium_breast_cancer_SEDR	visium_breast_cancer_SEDR	20	8	1	13	1.56071040904141	5	20	18	20	6	15
GGACTCTTTGACTAAG-1	14824	20921	visium_breast_cancer_SEDR	visium_breast_cancer_SEDR	20	2	4	9	1.6086574211167	16	15	3	19	5	9
GGAGAAGTCATTGGCA-1	9111	9508	visium_breast_cancer_SEDR	visium_breast_cancer_SEDR	20	16	15	14	1.51578881224895	10	7	5	11	14	12
GGAGACCAATGTGCTT-1	19624	9289	visium_breast_cancer_SEDR	visium_breast_cancer_SEDR	20	6	0	18	1.59921858573918	4	18	7	6	0	7
GGAGACGACACCTTTG-1	12652	14265	visium_breast_cancer_SEDR	visium_breast_cancer_SEDR	20	1	16	8	1.67623493913473	14	16	6	4	9	11
GGAGCAACATTTCAAG-1	17561	17600	visium_breast_cancer_SEDR	visium_breast_cancer_SEDR	20	11	17	10	1.63772676243696	3	10	2	2	18	1
GGAGCACCAAGAACTA-1	14708	10231	visium_breast_cancer_SEDR	visium_breast_cancer_SEDR	20	16	15	14	1.48369405564586	12	7	5	4	12	12
GGAGCGAGGCCTACTT-1	12915	19967	visium_breast_cancer_SEDR	visium_breast_cancer_SEDR	20	2	4	9	1.6086574211167	16	15	3	19	5	9
GGAGGATTGAAAGGAG-1	13487	5715	visium_breast_cancer_SEDR	visium_breast_cancer_SEDR	20	19	5	15	1.52220223234363	6	3	12	12	17	6
GGAGGCCGAAGTCGTC-1	19343	13565	visium_breast_cancer_SEDR	visium_breast_cancer_SEDR	20	4	5	4	1.54617573838128	15	3	4	3	8	10
GGAGGGCTTGGTTGGC-1	14159	11655	visium_breast_cancer_SEDR	visium_breast_cancer_SEDR	20	20	7	2	1.52220223234363	14	14	13	15	9	18
GGAGGGTCAAGTAAGA-1	19061	18790	visium_breast_cancer_SEDR	visium_breast_cancer_SEDR	20	4	18	4	1.35363485489241	15	10	4	2	8	10
GGAGTGCCGCCCTGGA-1	10751	8560	visium_breast_cancer_SEDR	visium_breast_cancer_SEDR	20	3	8	19	1.68435618970018	17	8	16	10	13	20
GGAGTTGATTCTGTGT-1	18785	20215	visium_breast_cancer_SEDR	visium_breast_cancer_SEDR	20	12	11	1	1.72286436639795	7	15	20	16	5	19
GGATACTCATGAATTG-1	9664	6183	visium_breast_cancer_SEDR	visium_breast_cancer_SEDR	20	3	12	19	1.75325129253028	19	8	8	14	13	20
GGATCAAAGGACGAGG-1	10620	5472	visium_breast_cancer_SEDR	visium_breast_cancer_SEDR	20	5	8	19	1.67623493913473	17	8	16	13	15	2
GGATCATCCCGTACGC-1	17305	8097	visium_breast_cancer_SEDR	visium_breast_cancer_SEDR	20	13	0	18	1.71474311583251	4	18	14	17	0	7
GGATCCCTACCAGCTA-1	5159	5937	visium_breast_cancer_SEDR	visium_breast_cancer_SEDR	20	9	10	19	1.68435618970018	13	8	16	10	15	4
GGATCCGGAATATACT-1	14704	12131	visium_breast_cancer_SEDR	visium_breast_cancer_SEDR	20	7	2	11	1.60733983630463	14	14	15	9	9	14
GGATCTTACTGCCCTT-1	8274	19483	visium_breast_cancer_SEDR	visium_breast_cancer_SEDR	20	8	1	13	1.56071040904141	5	20	18	20	2	15
GGATCTTGACTCAACC-1	5823	16153	visium_breast_cancer_SEDR	visium_breast_cancer_SEDR	20	15	3	6	1.63772676243696	3	13	5	1	1	8
GGATGAAGATCGCTGA-1	16339	14034	visium_breast_cancer_SEDR	visium_breast_cancer_SEDR	20	18	3	10	1.50766756168351	1	16	2	4	1	17
GGATGACGCGAGTTTA-1	9651	12834	visium_breast_cancer_SEDR	visium_breast_cancer_SEDR	20	7	2	5	1.67665455436062	8	9	15	9	3	14
GGATGCTGGCGTTCCT-1	6101	13303	visium_breast_cancer_SEDR	visium_breast_cancer_SEDR	20	1	6	12	1.67665455436062	10	2	6	11	12	11
GGATGGCTTGAAGTAT-1	16874	20212	visium_breast_cancer_SEDR	visium_breast_cancer_SEDR	20	12	11	1	1.72286436639795	7	15	20	16	5	19
GGATGTCCTTACCGCA-1	15932	12371	visium_breast_cancer_SEDR	visium_breast_cancer_SEDR	20	1	6	12	1.63772676243696	1	2	6	4	12	12
GGATTAAGCTAAGGTC-1	15398	5718	visium_breast_cancer_SEDR	visium_breast_cancer_SEDR	20	14	13	4	1.63772676243696	15	3	10	3	16	3
GGATTAATCATGGACC-1	13732	20919	visium_breast_cancer_SEDR	visium_breast_cancer_SEDR	20	2	4	17	1.47387880267449	7	15	3	19	5	9
GGATTCAGTACGGTGG-1	8021	8555	visium_breast_cancer_SEDR	visium_breast_cancer_SEDR	20	9	8	19	1.52220223234363	3	14	16	11	14	2
GGATTCCGCTATACCC-1	14574	8567	visium_breast_cancer_SEDR	visium_breast_cancer_SEDR	20	18	3	20	1.63772676243696	3	13	2	11	1	17
GGATTGCTGTGACTCC-1	14966	18308	visium_breast_cancer_SEDR	visium_breast_cancer_SEDR	20	10	9	16	1.67623493913473	2	4	9	12	11	5
GGATTTCACTTCTATA-1	14842	11419	visium_breast_cancer_SEDR	visium_breast_cancer_SEDR	20	16	15	14	1.3857296114955	10	7	5	1	14	12
GGCAAAGGCGCCAATA-1	8142	16870	visium_breast_cancer_SEDR	visium_breast_cancer_SEDR	20	8	1	13	1.67623493913473	5	20	1	20	2	16
GGCAAATTACTTTACT-1	10742	13787	visium_breast_cancer_SEDR	visium_breast_cancer_SEDR	20	7	2	5	1.67665455436062	8	9	15	9	3	14
GGCAAGCCAGGGATAG-1	20036	8102	visium_breast_cancer_SEDR	visium_breast_cancer_SEDR	20	13	0	18	1.75325129253028	4	6	14	17	0	7
GGCAAGCCCATAGTGG-1	11823	19965	visium_breast_cancer_SEDR	visium_breast_cancer_SEDR	20	17	14	10	1.79175946922805	11	17	1	18	1	1
GGCAAGGCGAAATAGC-1	12924	14741	visium_breast_cancer_SEDR	visium_breast_cancer_SEDR	20	16	19	10	1.50766756168351	1	16	2	4	12	12
GGCAATAGTCAATGAG-1	13068	11178	visium_breast_cancer_SEDR	visium_breast_cancer_SEDR	20	20	7	2	1.71474311583251	9	1	13	15	10	18
GGCACGCTGCTACAGT-1	18783	21165	visium_breast_cancer_SEDR	visium_breast_cancer_SEDR	20	12	11	1	1.72286436639795	7	15	20	16	5	19
GGCACTCCACTGGGCA-1	9789	12122	visium_breast_cancer_SEDR	visium_breast_cancer_SEDR	20	7	2	11	1.72286436639795	8	9	15	9	9	14
GGCACTGCGGTGGTTT-1	18511	20690	visium_breast_cancer_SEDR	visium_breast_cancer_SEDR	20	12	11	1	1.72286436639795	7	15	20	16	5	19
GGCAGCAAACCTATGC-1	17564	16175	visium_breast_cancer_SEDR	visium_breast_cancer_SEDR	20	18	3	10	1.67623493913473	3	7	2	2	1	17
GGCAGCGGTAATCCTA-1	17170	7384	visium_breast_cancer_SEDR	visium_breast_cancer_SEDR	20	13	0	18	1.79175946922805	12	18	14	6	0	7
GGCATACAGGTAGCGG-1	7878	12118	visium_breast_cancer_SEDR	visium_breast_cancer_SEDR	20	7	2	5	1.49313289102338	8	9	11	9	3	13
GGCATATCGGTTCTGC-1	14848	8093	visium_breast_cancer_SEDR	visium_breast_cancer_SEDR	20	18	3	20	1.59921858573918	3	10	2	11	1	3
GGCATCAACGAGCACG-1	10484	5234	visium_breast_cancer_SEDR	visium_breast_cancer_SEDR	20	5	8	19	1.67623493913473	17	8	16	13	15	2
GGCATTGAACATCTCA-1	11410	21627	visium_breast_cancer_SEDR	visium_breast_cancer_SEDR	20	8	1	13	1.56071040904141	5	20	18	20	2	15
GGCCAATTGTATAGAC-1	16871	21637	visium_breast_cancer_SEDR	visium_breast_cancer_SEDR	20	2	4	17	1.72286436639795	16	11	3	19	4	9
GGCCCAATCTAGAGGG-1	19494	5726	visium_breast_cancer_SEDR	visium_breast_cancer_SEDR	20	6	0	18	1.67623493913473	12	5	7	7	0	7
GGCCCAGCTGGTTTGC-1	13596	20681	visium_breast_cancer_SEDR	visium_breast_cancer_SEDR	20	2	4	1	1.47387880267449	7	15	3	19	5	9
GGCCCAGTTATCAGCA-1	19355	6913	visium_breast_cancer_SEDR	visium_breast_cancer_SEDR	20	6	0	18	1.67623493913473	12	5	7	7	0	7
GGCCCGGAGCATGTCT-1	19755	12378	visium_breast_cancer_SEDR	visium_breast_cancer_SEDR	20	19	5	15	1.44518587894808	6	3	12	3	17	6
GGCCCGTATACCATGC-1	19758	10477	visium_breast_cancer_SEDR	visium_breast_cancer_SEDR	20	15	0	18	1.67623493913473	12	18	14	1	1	17
GGCCCTCACCCACTTA-1	6648	12829	visium_breast_cancer_SEDR	visium_breast_cancer_SEDR	20	7	2	5	1.49313289102338	8	9	11	9	3	13
GGCCGAGACTCTGGTG-1	7866	18770	visium_breast_cancer_SEDR	visium_breast_cancer_SEDR	20	8	1	13	1.67623493913473	5	20	18	20	6	16
GGCCGCAGGAACCGCA-1	19331	20216	visium_breast_cancer_SEDR	visium_breast_cancer_SEDR	20	12	11	1	1.72286436639795	7	15	20	16	5	19
GGCCGGCGTCTGCTAT-1	14281	19494	visium_breast_cancer_SEDR	visium_breast_cancer_SEDR	20	2	4	9	1.72286436639795	16	11	3	19	4	9
GGCCGTTTGGGTTTCA-1	9642	18061	visium_breast_cancer_SEDR	visium_breast_cancer_SEDR	20	8	1	13	1.52220223234363	5	17	1	20	2	15
GGCCTGCTCTGATGTT-1	12230	21153	visium_breast_cancer_SEDR	visium_breast_cancer_SEDR	20	8	1	13	1.52220223234363	5	17	18	20	2	15
GGCCTGCTTCTCCCGA-1	18925	18078	visium_breast_cancer_SEDR	visium_breast_cancer_SEDR	20	4	5	4	1.54617573838128	15	3	4	3	8	10
GGCGAAATCTAACTTG-1	15383	14270	visium_breast_cancer_SEDR	visium_breast_cancer_SEDR	20	17	14	13	1.63772676243696	11	17	17	18	19	15
GGCGCAGGACATCTTC-1	7194	12830	visium_breast_cancer_SEDR	visium_breast_cancer_SEDR	20	7	2	5	1.49313289102338	8	9	11	9	3	13
GGCGCATGAATTGATG-1	10878	14024	visium_breast_cancer_SEDR	visium_breast_cancer_SEDR	20	7	2	5	1.67665455436062	8	9	15	9	3	14
GGCGCGGAGATCTTTC-1	15240	17833	visium_breast_cancer_SEDR	visium_breast_cancer_SEDR	20	2	4	17	1.6086574211167	16	15	3	19	5	9
GGCGCGTTCGAGTTTA-1	11558	15213	visium_breast_cancer_SEDR	visium_breast_cancer_SEDR	20	7	16	11	1.60733983630463	14	14	15	9	9	11
GGCGCTCCTCATCAAT-1	6110	8077	visium_breast_cancer_SEDR	visium_breast_cancer_SEDR	20	9	10	19	1.56071040904141	13	8	16	11	14	4
GGCGCTTCATTCCCTG-1	13188	19967	visium_breast_cancer_SEDR	visium_breast_cancer_SEDR	20	2	4	9	1.6086574211167	16	15	3	19	5	9
GGCGGAGTAATATTAG-1	9790	11647	visium_breast_cancer_SEDR	visium_breast_cancer_SEDR	20	7	2	11	1.72286436639795	8	9	15	9	9	14
GGCGGTAGGATCATTG-1	12931	11415	visium_breast_cancer_SEDR	visium_breast_cancer_SEDR	20	20	7	2	1.67623493913473	9	1	13	15	9	18
GGCGTACCCTATATAA-1	10622	4522	visium_breast_cancer_SEDR	visium_breast_cancer_SEDR	20	14	13	3	1.71474311583251	17	12	10	5	16	3
GGCGTAGGGAAAGCTG-1	14691	19258	visium_breast_cancer_SEDR	visium_breast_cancer_SEDR	20	2	4	17	1.72286436639795	16	11	3	19	4	9
GGCGTCCTATCCGCTG-1	8016	11406	visium_breast_cancer_SEDR	visium_breast_cancer_SEDR	20	7	2	5	1.52220223234363	8	9	11	9	3	14
GGCTAAAGGGCGGGTC-1	17031	8572	visium_breast_cancer_SEDR	visium_breast_cancer_SEDR	20	13	0	18	1.71474311583251	4	18	14	17	0	7
GGCTAATGATTGAAAT-1	18946	6675	visium_breast_cancer_SEDR	visium_breast_cancer_SEDR	20	6	0	18	1.67623493913473	12	5	7	7	0	7
GGCTACTATACACTCC-1	9503	19248	visium_breast_cancer_SEDR	visium_breast_cancer_SEDR	20	8	1	13	1.56071040904141	5	20	18	20	2	15
GGCTATTAAGTTGTAT-1	9107	11883	visium_breast_cancer_SEDR	visium_breast_cancer_SEDR	20	7	2	11	1.72286436639795	8	9	15	9	9	14
GGCTCCTCCACCTGTT-1	8277	18058	visium_breast_cancer_SEDR	visium_breast_cancer_SEDR	20	8	1	13	1.56071040904141	5	20	18	20	6	15
GGCTCGCGTTGAGGTA-1	16207	11421	visium_breast_cancer_SEDR	visium_breast_cancer_SEDR	20	6	0	12	1.6458480130024	10	2	6	6	0	7
GGCTCGTGCCACCAGC-1	8703	8794	visium_breast_cancer_SEDR	visium_breast_cancer_SEDR	20	5	8	19	1.67623493913473	17	8	16	13	15	2
GGCTCTGCTCCAACGC-1	13342	10228	visium_breast_cancer_SEDR	visium_breast_cancer_SEDR	20	20	7	2	1.71474311583251	9	1	13	15	10	18
GGCTGAAATAGCAAAG-1	14288	15694	visium_breast_cancer_SEDR	visium_breast_cancer_SEDR	20	18	3	10	1.71474311583251	3	7	2	2	1	1
GGCTGAGCATCGTAAG-1	17036	6196	visium_breast_cancer_SEDR	visium_breast_cancer_SEDR	20	6	0	18	1.75325129253028	12	18	7	6	0	7
GGCTGGCTAGCTTAAA-1	7478	6654	visium_breast_cancer_SEDR	visium_breast_cancer_SEDR	20	3	10	19	1.68435618970018	13	8	8	10	7	4
GGCTTTCAATAAGGGT-1	11962	18302	visium_breast_cancer_SEDR	visium_breast_cancer_SEDR	20	10	9	16	1.67623493913473	2	4	9	12	11	5
GGGAAAGAATGCCAAC-1	18238	20689	visium_breast_cancer_SEDR	visium_breast_cancer_SEDR	20	12	11	1	1.72286436639795	7	15	20	16	5	19
GGGAACGGGAGGTTAG-1	8558	13308	visium_breast_cancer_SEDR	visium_breast_cancer_SEDR	20	7	2	5	1.49313289102338	8	9	11	9	3	13
GGGAACGGTTTCAGAT-1	7865	19245	visium_breast_cancer_SEDR	visium_breast_cancer_SEDR	20	8	1	13	1.56071040904141	5	20	18	20	2	15
GGGAAGACGGTCTGTC-1	13872	19256	visium_breast_cancer_SEDR	visium_breast_cancer_SEDR	20	2	4	9	1.72286436639795	16	11	3	19	4	9
GGGAAGGGCTTTCTCA-1	15374	19021	visium_breast_cancer_SEDR	visium_breast_cancer_SEDR	20	2	4	17	1.72286436639795	16	11	3	19	4	9
GGGAATGAGCCCTCAC-1	18124	8574	visium_breast_cancer_SEDR	visium_breast_cancer_SEDR	20	6	0	18	1.75325129253028	12	18	7	6	0	7
GGGACAGAGTTACTCC-1	6093	17579	visium_breast_cancer_SEDR	visium_breast_cancer_SEDR	20	8	1	13	1.59921858573918	5	17	18	20	6	16
GGGACCCGTATATCTT-1	10735	17587	visium_breast_cancer_SEDR	visium_breast_cancer_SEDR	20	16	3	20	1.59921858573918	1	7	2	11	1	12
GGGACTGCATAGATAG-1	11701	11650	visium_breast_cancer_SEDR	visium_breast_cancer_SEDR	20	20	7	2	1.71474311583251	9	1	13	15	10	18
GGGAGAACTCACAGTA-1	12247	11651	visium_breast_cancer_SEDR	visium_breast_cancer_SEDR	20	20	7	2	1.71474311583251	9	1	13	15	10	18
GGGAGCGACCGTAGTG-1	15235	20209	visium_breast_cancer_SEDR	visium_breast_cancer_SEDR	20	2	4	9	1.72286436639795	16	11	3	19	4	9
GGGAGGATGCCCGAAA-1	10471	12836	visium_breast_cancer_SEDR	visium_breast_cancer_SEDR	20	7	2	5	1.67665455436062	8	9	15	9	3	14
GGGAGTAATGGCTGGC-1	9254	6420	visium_breast_cancer_SEDR	visium_breast_cancer_SEDR	20	3	12	19	1.75325129253028	19	8	8	14	13	20
GGGAGTTAATGAGGCG-1	13749	11892	visium_breast_cancer_SEDR	visium_breast_cancer_SEDR	20	20	7	2	1.71474311583251	9	1	13	15	10	18
GGGATCCCAATACAAA-1	19899	8340	visium_breast_cancer_SEDR	visium_breast_cancer_SEDR	20	13	0	18	1.75325129253028	4	6	14	17	0	7
GGGATGGTCGTAACCG-1	9374	15209	visium_breast_cancer_SEDR	visium_breast_cancer_SEDR	20	7	2	5	1.49313289102338	8	9	11	9	3	13
GGGATTTACCGCACCT-1	15793	14033	visium_breast_cancer_SEDR	visium_breast_cancer_SEDR	20	17	14	10	1.56071040904141	1	17	17	18	19	1
GGGCAACCGCACGTGC-1	6094	17104	visium_breast_cancer_SEDR	visium_breast_cancer_SEDR	20	17	14	10	1.79175946922805	11	17	1	18	19	1
GGGCACGTAGTACTGT-1	10047	20674	visium_breast_cancer_SEDR	visium_breast_cancer_SEDR	20	8	1	13	1.56071040904141	5	20	18	20	6	15
GGGCAGAGCAATCGTT-1	11690	17827	visium_breast_cancer_SEDR	visium_breast_cancer_SEDR	20	10	9	16	1.67623493913473	2	4	9	12	11	5
GGGCAGTCAACGCCAA-1	14279	20445	visium_breast_cancer_SEDR	visium_breast_cancer_SEDR	20	12	11	1	1.48411367087175	7	15	3	19	5	19
GGGCATGCATGTCGAG-1	11001	21389	visium_breast_cancer_SEDR	visium_breast_cancer_SEDR	20	8	1	13	1.56071040904141	5	20	18	20	6	15
GGGCCATTCGTGCTGG-1	4450	20427	visium_breast_cancer_SEDR	visium_breast_cancer_SEDR	20	8	1	13	1.67623493913473	5	20	18	20	6	16
GGGCCCGTCTTAAACA-1	10605	14024	visium_breast_cancer_SEDR	visium_breast_cancer_SEDR	20	7	2	5	1.67665455436062	8	9	15	9	3	14
GGGCCCTACGAAAGGG-1	5692	13065	visium_breast_cancer_SEDR	visium_breast_cancer_SEDR	20	1	6	12	1.67623493913473	1	2	6	8	12	11
GGGCCGGCCGAAGTAC-1	14976	12607	visium_breast_cancer_SEDR	visium_breast_cancer_SEDR	20	16	15	6	1.52220223234363	1	14	5	1	1	12
GGGCCTATTTAAGTAT-1	19492	7151	visium_breast_cancer_SEDR	visium_breast_cancer_SEDR	20	6	0	18	1.67623493913473	12	5	7	7	0	7
GGGCGATATGTGTGAA-1	11430	10700	visium_breast_cancer_SEDR	visium_breast_cancer_SEDR	20	20	7	2	1.71474311583251	9	1	13	15	10	18
GGGCGCAGCGTTACTC-1	19892	12140	visium_breast_cancer_SEDR	visium_breast_cancer_SEDR	20	19	5	15	1.44518587894808	6	3	12	3	17	6
GGGCGGGTTCCCTACG-1	8557	14258	visium_breast_cancer_SEDR	visium_breast_cancer_SEDR	20	7	2	5	1.49313289102338	8	9	11	9	3	13
GGGCGGTCCTATTGTC-1	7340	7366	visium_breast_cancer_SEDR	visium_breast_cancer_SEDR	20	3	10	19	1.68435618970018	13	8	8	10	7	4
GGGCGTACATTTATAT-1	10886	9748	visium_breast_cancer_SEDR	visium_breast_cancer_SEDR	20	5	8	19	1.67623493913473	17	8	16	13	15	2
GGGCGTCACCACGTAA-1	10329	15449	visium_breast_cancer_SEDR	visium_breast_cancer_SEDR	20	7	16	11	1.67623493913473	1	14	11	9	9	11
GGGCGTCCACTGGCTC-1	14985	7856	visium_breast_cancer_SEDR	visium_breast_cancer_SEDR	20	18	3	20	1.59921858573918	3	10	2	11	1	3
GGGCGTGGTTTCCCAG-1	14556	18545	visium_breast_cancer_SEDR	visium_breast_cancer_SEDR	20	10	9	16	1.67623493913473	2	4	9	12	11	5
GGGCGTTTACATTCAT-1	7045	19719	visium_breast_cancer_SEDR	visium_breast_cancer_SEDR	20	8	1	13	1.67623493913473	5	20	18	20	6	16
GGGCTCATCGAACCCA-1	15664	9995	visium_breast_cancer_SEDR	visium_breast_cancer_SEDR	20	6	0	18	1.63131334234228	10	5	5	6	0	7
GGGCTGCCTAGGGCGA-1	12930	11890	visium_breast_cancer_SEDR	visium_breast_cancer_SEDR	20	20	7	2	1.71474311583251	8	1	13	15	9	18
GGGCTGGTTAGTCGCG-1	10473	11411	visium_breast_cancer_SEDR	visium_breast_cancer_SEDR	20	20	16	8	1.63772676243696	14	1	13	11	9	17
GGGTAATGCTGTGTTT-1	6387	6177	visium_breast_cancer_SEDR	visium_breast_cancer_SEDR	20	3	10	19	1.68435618970018	13	8	8	10	7	4
GGGTACCCACGGTCCT-1	7067	7366	visium_breast_cancer_SEDR	visium_breast_cancer_SEDR	20	3	10	19	1.68435618970018	13	8	8	10	7	4
GGGTACTTCATGAACT-1	8832	12833	visium_breast_cancer_SEDR	visium_breast_cancer_SEDR	20	7	2	5	1.49313289102338	8	9	11	9	3	13
GGGTATGTATGCACTT-1	7334	10692	visium_breast_cancer_SEDR	visium_breast_cancer_SEDR	20	7	2	11	1.72286436639795	8	9	15	9	9	14
GGGTATTCTAGCAAAC-1	5548	17103	visium_breast_cancer_SEDR	visium_breast_cancer_SEDR	20	17	3	6	1.75325129253028	3	17	1	2	1	8
GGGTCACCGTGACGGT-1	9925	12360	visium_breast_cancer_SEDR	visium_breast_cancer_SEDR	20	7	2	11	1.72286436639795	8	9	15	9	9	14
GGGTCAGGAGCTAGAT-1	11004	19488	visium_breast_cancer_SEDR	visium_breast_cancer_SEDR	20	17	14	8	1.71474311583251	11	17	1	18	9	1
GGGTCATGCGTACCAT-1	5426	9263	visium_breast_cancer_SEDR	visium_breast_cancer_SEDR	20	1	6	12	1.67665455436062	10	2	6	8	12	11
GGGTCCTTGGAAGAAG-1	4995	20903	visium_breast_cancer_SEDR	visium_breast_cancer_SEDR	20	8	1	13	1.67623493913473	5	20	18	20	6	16
GGGTCGTGGCAAGTGT-1	18121	9999	visium_breast_cancer_SEDR	visium_breast_cancer_SEDR	20	6	0	18	1.71474311583251	12	5	7	6	0	7
GGGTCTATCGCTTTCC-1	18924	19028	visium_breast_cancer_SEDR	visium_breast_cancer_SEDR	20	11	17	10	1.52220223234363	4	10	2	2	15	1
GGGTGACACCTTAACT-1	11149	14975	visium_breast_cancer_SEDR	visium_breast_cancer_SEDR	20	7	2	11	1.68435618970018	8	14	15	9	9	14
GGGTGCATATGAAAGC-1	18802	11188	visium_breast_cancer_SEDR	visium_breast_cancer_SEDR	20	18	3	20	1.56071040904141	3	10	2	11	1	17
GGGTGGTCCAGCCTGT-1	12941	5714	visium_breast_cancer_SEDR	visium_breast_cancer_SEDR	20	19	5	15	1.52220223234363	6	3	12	12	17	6
GGGTGTTTCAGCTATG-1	12801	7852	visium_breast_cancer_SEDR	visium_breast_cancer_SEDR	20	14	8	19	1.56071040904141	3	16	16	13	15	3
GGGTTCAGACGAACAA-1	6110	8552	visium_breast_cancer_SEDR	visium_breast_cancer_SEDR	20	9	10	19	1.59921858573918	13	8	16	14	7	4
GGGTTTAGGATAGGAT-1	18113	14275	visium_breast_cancer_SEDR	visium_breast_cancer_SEDR	20	4	5	4	1.48369405564586	6	3	4	3	8	10
GGTAAACTCTGCGCTG-1	19059	19741	visium_breast_cancer_SEDR	visium_breast_cancer_SEDR	20	12	11	1	1.57014924441893	7	15	3	16	5	9
GGTAAATGTGCGTTAC-1	14578	6667	visium_breast_cancer_SEDR	visium_breast_cancer_SEDR	20	18	3	20	1.67623493913473	3	10	2	11	18	3
GGTAACCGGGAGGATA-1	7185	17581	visium_breast_cancer_SEDR	visium_breast_cancer_SEDR	20	8	1	13	1.67623493913473	5	20	18	20	6	16
GGTAACTATGTATCTG-1	9526	6895	visium_breast_cancer_SEDR	visium_breast_cancer_SEDR	20	3	12	19	1.75325129253028	19	8	8	14	13	20
GGTACAAACATGCTAT-1	10879	13549	visium_breast_cancer_SEDR	visium_breast_cancer_SEDR	20	7	2	5	1.67665455436062	8	9	15	9	3	14
GGTACACCAGATTTAT-1	19622	10240	visium_breast_cancer_SEDR	visium_breast_cancer_SEDR	20	6	0	18	1.59921858573918	4	18	7	6	0	7
GGTACATCTGGGACGA-1	5965	13065	visium_breast_cancer_SEDR	visium_breast_cancer_SEDR	20	1	6	12	1.67623493913473	1	2	6	11	14	11
GGTACCATTAAGACGG-1	17846	10949	visium_breast_cancer_SEDR	visium_breast_cancer_SEDR	20	6	0	18	1.71474311583251	3	5	7	6	0	7
GGTACGTTGCGGCCGG-1	18786	19740	visium_breast_cancer_SEDR	visium_breast_cancer_SEDR	20	12	11	1	1.6086574211167	7	15	20	16	5	9
GGTAGAAGACCGCCTG-1	13194	16642	visium_breast_cancer_SEDR	visium_breast_cancer_SEDR	20	10	9	16	1.71474311583251	2	4	9	11	11	5
GGTAGGCCAATATCAC-1	10864	21626	visium_breast_cancer_SEDR	visium_breast_cancer_SEDR	20	8	1	13	1.56071040904141	5	20	18	20	2	15
GGTAGTGCTCGCACCA-1	13339	12128	visium_breast_cancer_SEDR	visium_breast_cancer_SEDR	20	20	7	2	1.71474311583251	9	1	13	15	10	18
GGTATAGTGACACATA-1	19073	12139	visium_breast_cancer_SEDR	visium_breast_cancer_SEDR	20	4	5	4	1.63772676243696	18	1	4	3	8	10
GGTATTGCCGAGTTTA-1	10745	11886	visium_breast_cancer_SEDR	visium_breast_cancer_SEDR	20	7	2	11	1.68435618970018	8	14	15	9	9	14
GGTCAAGACTACTTCG-1	17836	16650	visium_breast_cancer_SEDR	visium_breast_cancer_SEDR	20	18	3	10	1.71474311583251	3	7	2	2	1	1
GGTCACGTTAGATTCA-1	8709	5469	visium_breast_cancer_SEDR	visium_breast_cancer_SEDR	20	5	8	19	1.59921858573918	17	8	8	13	15	2
GGTCAGTGGGTCCCAC-1	11967	15452	visium_breast_cancer_SEDR	visium_breast_cancer_SEDR	20	16	6	14	1.59193656562552	10	16	6	4	12	12
GGTCATTGTAGTCATA-1	19901	7389	visium_breast_cancer_SEDR	visium_breast_cancer_SEDR	20	6	0	18	1.67623493913473	12	5	7	7	0	7
GGTCGGATAAACGGCG-1	16757	9522	visium_breast_cancer_SEDR	visium_breast_cancer_SEDR	20	6	0	18	1.71474311583251	12	5	7	6	0	7
GGTCGGCCAGGAGCTT-1	14978	11656	visium_breast_cancer_SEDR	visium_breast_cancer_SEDR	20	16	15	14	1.53032348290908	10	7	5	1	1	12
GGTCGGTAATTAGACA-1	8434	6893	visium_breast_cancer_SEDR	visium_breast_cancer_SEDR	20	3	12	19	1.75325129253028	19	8	8	14	13	20
GGTCGTAAGCTCGCAC-1	6097	15679	visium_breast_cancer_SEDR	visium_breast_cancer_SEDR	20	15	3	6	1.59921858573918	3	13	5	4	1	17
GGTCTCCGTCCAGGTT-1	17285	19025	visium_breast_cancer_SEDR	visium_breast_cancer_SEDR	20	12	11	1	1.72286436639795	7	15	20	16	5	19
GGTCTCTGAATGGACT-1	8143	16395	visium_breast_cancer_SEDR	visium_breast_cancer_SEDR	20	16	6	12	1.59921858573918	11	2	1	4	12	12
GGTCTGAGAATCTGGA-1	14433	11180	visium_breast_cancer_SEDR	visium_breast_cancer_SEDR	20	20	7	2	1.67623493913473	9	1	13	15	9	18
GGTCTTGAGCGCTCTT-1	12370	19491	visium_breast_cancer_SEDR	visium_breast_cancer_SEDR	20	10	9	16	1.67623493913473	2	4	9	12	11	5
GGTGAAACCGGGAATG-1	10074	5471	visium_breast_cancer_SEDR	visium_breast_cancer_SEDR	20	5	12	19	1.63772676243696	19	8	8	13	13	2
GGTGAACGGGCTAGCC-1	7889	5942	visium_breast_cancer_SEDR	visium_breast_cancer_SEDR	20	3	10	19	1.59921858573918	13	8	8	14	7	4
GGTGAAGTACAGGGAT-1	8555	15208	visium_breast_cancer_SEDR	visium_breast_cancer_SEDR	20	7	2	5	1.49313289102338	8	9	11	9	3	13
GGTGAGATGCAGATAA-1	8432	7844	visium_breast_cancer_SEDR	visium_breast_cancer_SEDR	20	3	12	19	1.75325129253028	19	8	8	14	13	20
GGTGATAAGGAGCAGT-1	14293	12843	visium_breast_cancer_SEDR	visium_breast_cancer_SEDR	20	7	16	11	1.6458480130024	14	14	15	11	9	14
GGTGATTTCATCTTGT-1	8844	6181	visium_breast_cancer_SEDR	visium_breast_cancer_SEDR	20	3	12	19	1.75325129253028	19	8	8	14	13	20
GGTGCAGAGCCTATCG-1	17717	6910	visium_breast_cancer_SEDR	visium_breast_cancer_SEDR	20	13	0	18	1.71474311583251	4	18	14	17	0	7
GGTGCATAAATGATTA-1	9911	19961	visium_breast_cancer_SEDR	visium_breast_cancer_SEDR	20	8	1	13	1.56071040904141	5	20	18	20	2	15
GGTGCGGATAAGTGGC-1	9797	7846	visium_breast_cancer_SEDR	visium_breast_cancer_SEDR	20	3	12	19	1.75325129253028	19	8	8	14	13	20
GGTGCTGATCACAAAG-1	6379	10453	visium_breast_cancer_SEDR	visium_breast_cancer_SEDR	20	1	6	12	1.72286436639795	10	2	6	8	14	11
GGTGCTGGTACACATT-1	9786	14022	visium_breast_cancer_SEDR	visium_breast_cancer_SEDR	20	7	2	5	1.52220223234363	8	9	11	9	3	14
GGTGGACCACGTGTTA-1	17856	5723	visium_breast_cancer_SEDR	visium_breast_cancer_SEDR	20	6	0	18	1.71474311583251	12	5	7	6	0	7
GGTGGACTGCTCTGGC-1	15104	17120	visium_breast_cancer_SEDR	visium_breast_cancer_SEDR	20	2	4	17	1.72286436639795	16	11	3	19	4	9
GGTGTAAATCGATTGT-1	12368	20441	visium_breast_cancer_SEDR	visium_breast_cancer_SEDR	20	2	4	9	1.6086574211167	16	15	3	19	4	9
GGTGTAGGTAAGTAAA-1	10320	20675	visium_breast_cancer_SEDR	visium_breast_cancer_SEDR	20	8	1	13	1.56071040904141	5	20	18	20	6	15
GGTGTTCTGTTTCTAC-1	15809	5006	visium_breast_cancer_SEDR	visium_breast_cancer_SEDR	20	14	13	3	1.75325129253028	12	12	10	5	16	3
GGTTACCACCCTCGGG-1	8010	14732	visium_breast_cancer_SEDR	visium_breast_cancer_SEDR	20	7	2	5	1.49313289102338	8	9	11	9	3	13
GGTTACCCGACACTTT-1	20302	11904	visium_breast_cancer_SEDR	visium_breast_cancer_SEDR	20	4	5	4	1.48369405564586	6	3	4	3	8	10
GGTTAGCTATATGTCT-1	15381	15220	visium_breast_cancer_SEDR	visium_breast_cancer_SEDR	20	17	14	14	1.48369405564586	11	7	17	18	19	1
GGTTAGGCTTGGAGAA-1	8427	10694	visium_breast_cancer_SEDR	visium_breast_cancer_SEDR	20	1	16	8	1.68435618970018	14	7	15	11	9	11
GGTTAGTTACGGCGCC-1	6652	10453	visium_breast_cancer_SEDR	visium_breast_cancer_SEDR	20	1	6	12	1.72286436639795	10	2	6	8	14	11
GGTTCCCTAGTGTCTC-1	20313	5727	visium_breast_cancer_SEDR	visium_breast_cancer_SEDR	20	6	0	18	1.71474311583251	12	5	7	6	0	7
GGTTCGATGCTGAGTT-1	18813	5012	visium_breast_cancer_SEDR	visium_breast_cancer_SEDR	20	14	13	3	1.67623493913473	6	12	10	3	17	3
GGTTCGCATTTGCCGT-1	17553	21876	visium_breast_cancer_SEDR	visium_breast_cancer_SEDR	20	2	4	17	1.72286436639795	16	11	3	19	4	9
GGTTCTACTCGTCTGA-1	17842	13324	visium_breast_cancer_SEDR	visium_breast_cancer_SEDR	20	19	5	15	1.44518587894808	6	3	12	3	17	6
GGTTGTATCGTGAAAT-1	10486	4284	visium_breast_cancer_SEDR	visium_breast_cancer_SEDR	20	14	13	3	1.75325129253028	17	12	10	5	15	3
GGTTTAATTACCATCG-1	8821	19009	visium_breast_cancer_SEDR	visium_breast_cancer_SEDR	20	8	1	13	1.56071040904141	5	20	18	20	6	15
GGTTTAATTGAGCAGG-1	19349	10239	visium_breast_cancer_SEDR	visium_breast_cancer_SEDR	20	6	0	18	1.75325129253028	12	18	7	6	0	7
GGTTTACAATCTCAAT-1	13479	9991	visium_breast_cancer_SEDR	visium_breast_cancer_SEDR	20	20	7	2	1.71474311583251	9	1	13	15	10	18
GGTTTAGCCTTTCTTG-1	17429	14987	visium_breast_cancer_SEDR	visium_breast_cancer_SEDR	20	4	5	4	1.54617573838128	15	3	4	3	8	10
GGTTTCAATCGGTCAG-1	15933	11896	visium_breast_cancer_SEDR	visium_breast_cancer_SEDR	20	6	6	12	1.6458480130024	10	2	6	4	0	7
GGTTTGACAAGAAGCT-1	18809	6912	visium_breast_cancer_SEDR	visium_breast_cancer_SEDR	20	6	0	18	1.59921858573918	4	18	7	6	0	7
GGTTTGAGTGCTGGAA-1	9253	6895	visium_breast_cancer_SEDR	visium_breast_cancer_SEDR	20	3	12	19	1.75325129253028	19	8	8	14	13	20
GGTTTGCGAACACGTA-1	20310	7628	visium_breast_cancer_SEDR	visium_breast_cancer_SEDR	20	6	0	18	1.67623493913473	12	5	7	7	0	7
GGTTTGTGACCTGAGG-1	17832	18551	visium_breast_cancer_SEDR	visium_breast_cancer_SEDR	20	12	11	1	1.51238697937227	7	15	20	19	5	9
GTAACAACTGACCTTG-1	19765	6677	visium_breast_cancer_SEDR	visium_breast_cancer_SEDR	20	6	0	18	1.67623493913473	12	5	7	7	0	7
GTAACATCTAAGATAA-1	18517	17364	visium_breast_cancer_SEDR	visium_breast_cancer_SEDR	20	4	5	4	1.58468391507905	15	3	4	9	8	10
GTAACTGCCCAAGGAG-1	9775	19724	visium_breast_cancer_SEDR	visium_breast_cancer_SEDR	20	8	1	13	1.56071040904141	5	20	18	20	2	15
GTAACTTGCGGCAGTC-1	8980	6419	visium_breast_cancer_SEDR	visium_breast_cancer_SEDR	20	3	12	19	1.75325129253028	19	8	8	14	13	20
GTAAGCGGGCAGTCAG-1	12115	9513	visium_breast_cancer_SEDR	visium_breast_cancer_SEDR	20	5	8	19	1.67623493913473	17	14	16	13	15	2
GTAAGGATTTGTCGGA-1	12803	6426	visium_breast_cancer_SEDR	visium_breast_cancer_SEDR	20	14	13	3	1.54617573838128	6	14	10	13	15	3
GTAAGTAACAGTCTGG-1	14701	13556	visium_breast_cancer_SEDR	visium_breast_cancer_SEDR	20	17	14	14	1.59921858573918	11	17	17	18	19	12
GTAAGTAGGGTATACC-1	8427	10219	visium_breast_cancer_SEDR	visium_breast_cancer_SEDR	20	16	15	14	1.59921858573918	9	7	13	11	14	12
GTAAGTCCACACTCTA-1	19752	14278	visium_breast_cancer_SEDR	visium_breast_cancer_SEDR	20	18	3	20	1.56071040904141	3	10	2	11	1	17
GTAATAAAGGGCTCCC-1	17572	11424	visium_breast_cancer_SEDR	visium_breast_cancer_SEDR	20	18	3	20	1.63772676243696	3	5	2	11	1	17
GTACACTTACCTGAAG-1	12246	12602	visium_breast_cancer_SEDR	visium_breast_cancer_SEDR	20	7	2	5	1.67665455436062	8	9	15	9	3	14
GTACAGAGGCAAGGGT-1	14839	12844	visium_breast_cancer_SEDR	visium_breast_cancer_SEDR	20	16	15	14	1.6617002684746	1	14	5	11	12	12
GTACGACGGCGCTGCG-1	7068	6891	visium_breast_cancer_SEDR	visium_breast_cancer_SEDR	20	3	10	19	1.68435618970018	13	8	8	10	7	4
GTACGAGATTGCGACA-1	11297	9037	visium_breast_cancer_SEDR	visium_breast_cancer_SEDR	20	5	8	19	1.63772676243696	17	8	16	13	7	2
GTACGTCACGTATTAA-1	18127	6674	visium_breast_cancer_SEDR	visium_breast_cancer_SEDR	20	6	0	18	1.59921858573918	4	18	7	6	0	7
GTACGTTTGCCCGTCA-1	12788	14503	visium_breast_cancer_SEDR	visium_breast_cancer_SEDR	20	16	6	14	1.59193656562552	10	16	6	4	12	12
GTACTAAGATTTGGAG-1	11021	10461	visium_breast_cancer_SEDR	visium_breast_cancer_SEDR	20	20	7	2	1.71474311583251	9	1	13	15	10	18
GTACTCCCTTATCGCT-1	7331	12593	visium_breast_cancer_SEDR	visium_breast_cancer_SEDR	20	7	2	5	1.49313289102338	8	9	11	9	3	13
GTACTCCTGGGTATGC-1	17438	10236	visium_breast_cancer_SEDR	visium_breast_cancer_SEDR	20	6	0	18	1.71474311583251	12	5	7	6	0	7
GTACTGAGGTCGTAAC-1	9936	6659	visium_breast_cancer_SEDR	visium_breast_cancer_SEDR	20	3	12	19	1.75325129253028	19	8	8	14	13	20
GTACTGCATGAAGCGT-1	8844	6657	visium_breast_cancer_SEDR	visium_breast_cancer_SEDR	20	3	12	19	1.75325129253028	19	8	8	14	13	20
GTACTGGAGTTAGACC-1	14568	11893	visium_breast_cancer_SEDR	visium_breast_cancer_SEDR	20	7	2	11	1.60733983630463	14	14	15	9	9	14
GTACTTGGGCACTTCT-1	8022	8080	visium_breast_cancer_SEDR	visium_breast_cancer_SEDR	20	3	12	19	1.79175946922805	19	8	8	14	7	20
GTAGAAACGGGTGGAG-1	5698	9739	visium_breast_cancer_SEDR	visium_breast_cancer_SEDR	20	1	6	12	1.67665455436062	10	2	6	8	12	11
GTAGACAACCGATGAA-1	11030	5710	visium_breast_cancer_SEDR	visium_breast_cancer_SEDR	20	5	8	19	1.67623493913473	17	8	16	13	15	2
GTAGACACGCCTGACT-1	12644	19016	visium_breast_cancer_SEDR	visium_breast_cancer_SEDR	20	10	9	16	1.67623493913473	2	4	9	12	11	5
GTAGACGTCGTTACAT-1	8843	7132	visium_breast_cancer_SEDR	visium_breast_cancer_SEDR	20	3	12	19	1.75325129253028	19	8	8	14	13	20
GTAGAGGGAGACAAGT-1	7734	16157	visium_breast_cancer_SEDR	visium_breast_cancer_SEDR	20	1	6	12	1.67623493913473	4	2	6	4	12	12
GTAGCCAAACATGGGA-1	13059	15929	visium_breast_cancer_SEDR	visium_breast_cancer_SEDR	20	18	3	10	1.54617573838128	3	16	2	11	1	1
GTAGCGCTGTTGTAGT-1	10347	5472	visium_breast_cancer_SEDR	visium_breast_cancer_SEDR	20	5	8	19	1.59921858573918	19	8	8	13	15	2
GTAGCGGCTATACACT-1	12927	13315	visium_breast_cancer_SEDR	visium_breast_cancer_SEDR	20	7	2	5	1.67665455436062	8	9	15	9	3	14
GTAGCTAGTAAGCGCG-1	14445	4529	visium_breast_cancer_SEDR	visium_breast_cancer_SEDR	20	19	5	4	1.67623493913473	15	3	10	3	8	6
GTAGCTCCGGGAGGCT-1	8547	19484	visium_breast_cancer_SEDR	visium_breast_cancer_SEDR	20	8	1	13	1.56071040904141	5	20	18	20	6	15
GTAGCTTCCTCTTGTT-1	15661	11420	visium_breast_cancer_SEDR	visium_breast_cancer_SEDR	20	6	0	12	1.60733983630463	10	2	6	17	0	7
GTAGGTGATCCGTGTA-1	14302	8092	visium_breast_cancer_SEDR	visium_breast_cancer_SEDR	20	18	3	20	1.56071040904141	3	10	2	11	1	17
GTAGTCGCGGGAATCA-1	14561	15694	visium_breast_cancer_SEDR	visium_breast_cancer_SEDR	20	18	3	10	1.71474311583251	3	7	2	2	1	1
GTAGTCTACGATATTG-1	14009	19019	visium_breast_cancer_SEDR	visium_breast_cancer_SEDR	20	10	9	9	1.72286436639795	16	4	9	12	4	9
GTAGTGAGCAACCTCA-1	18921	20453	visium_breast_cancer_SEDR	visium_breast_cancer_SEDR	20	12	11	1	1.72286436639795	7	15	20	16	5	19
GTAGTTCGAAGGCGAA-1	8820	19484	visium_breast_cancer_SEDR	visium_breast_cancer_SEDR	20	8	1	13	1.56071040904141	5	20	18	20	6	15
GTATAATCTCCCGGAT-1	5156	7362	visium_breast_cancer_SEDR	visium_breast_cancer_SEDR	20	9	10	19	1.71474311583251	13	8	16	13	7	4
GTATAGGACTCAGTAG-1	11434	8799	visium_breast_cancer_SEDR	visium_breast_cancer_SEDR	20	5	8	19	1.63772676243696	17	8	16	13	7	2
GTATAGTGGCCCATGT-1	16082	5007	visium_breast_cancer_SEDR	visium_breast_cancer_SEDR	20	14	13	3	1.75325129253028	12	12	10	5	16	3
GTATATGTTACGGCGG-1	6252	5464	visium_breast_cancer_SEDR	visium_breast_cancer_SEDR	20	3	10	19	1.68435618970018	13	8	8	10	7	4
GTATCAAACGTTAGCT-1	16743	17123	visium_breast_cancer_SEDR	visium_breast_cancer_SEDR	20	2	4	1	1.47387880267449	7	15	3	19	5	9
GTATCAAGGTACTTCC-1	13322	21155	visium_breast_cancer_SEDR	visium_breast_cancer_SEDR	20	2	4	9	1.56883165960686	16	11	3	2	4	9
GTATCAGCTTGGGTTC-1	8157	8793	visium_breast_cancer_SEDR	visium_breast_cancer_SEDR	20	16	15	14	1.63772676243696	13	7	5	1	14	8
GTATCCTTTGGTAACC-1	16056	19260	visium_breast_cancer_SEDR	visium_breast_cancer_SEDR	20	2	4	9	1.6086574211167	16	15	3	19	4	9
GTATCGGGACGAGCTG-1	5570	5225	visium_breast_cancer_SEDR	visium_breast_cancer_SEDR	20	3	10	19	1.68435618970018	13	8	8	10	7	4
GTATCTCAGTCTTGAC-1	6502	17817	visium_breast_cancer_SEDR	visium_breast_cancer_SEDR	20	8	1	13	1.67623493913473	5	20	18	20	6	16
GTATCTCCCTAACTGT-1	11715	4049	visium_breast_cancer_SEDR	visium_breast_cancer_SEDR	20	14	13	3	1.71474311583251	17	12	10	5	16	3
GTATCTCGGGCGCTTT-1	6087	20905	visium_breast_cancer_SEDR	visium_breast_cancer_SEDR	20	8	1	13	1.67623493913473	5	20	18	20	6	16
GTATCTTGTTGCTCAC-1	10896	4047	visium_breast_cancer_SEDR	visium_breast_cancer_SEDR	20	14	13	3	1.71474311583251	17	12	10	5	16	3
GTATCTTTCATAACCA-1	12514	14978	visium_breast_cancer_SEDR	visium_breast_cancer_SEDR	20	16	6	12	1.59193656562552	10	16	6	4	12	12
GTATGAAATTTCACTC-1	6505	16392	visium_breast_cancer_SEDR	visium_breast_cancer_SEDR	20	16	19	14	1.52220223234363	12	16	5	4	12	12
GTATGACGTGGGAAAC-1	7480	5704	visium_breast_cancer_SEDR	visium_breast_cancer_SEDR	20	9	10	19	1.59921858573918	13	8	16	14	7	4
GTATGTGGGTCTAGTT-1	16068	13084	visium_breast_cancer_SEDR	visium_breast_cancer_SEDR	20	16	14	20	1.63772676243696	11	17	2	1	1	12
GTATTAAGGCGTCTAA-1	7065	8791	visium_breast_cancer_SEDR	visium_breast_cancer_SEDR	20	9	10	19	1.59921858573918	13	8	16	14	7	4
GTATTAGGGTTCGCGT-1	18402	5724	visium_breast_cancer_SEDR	visium_breast_cancer_SEDR	20	6	0	18	1.71474311583251	12	5	7	6	0	7
GTATTCTGAGAAACGA-1	8691	15446	visium_breast_cancer_SEDR	visium_breast_cancer_SEDR	20	7	2	5	1.49313289102338	8	9	11	9	3	13
GTATTCTTACCGTGCT-1	6388	5702	visium_breast_cancer_SEDR	visium_breast_cancer_SEDR	20	3	10	19	1.68435618970018	13	8	8	10	7	4
GTATTTAATGGCATAA-1	19884	16416	visium_breast_cancer_SEDR	visium_breast_cancer_SEDR	20	15	3	6	1.59921858573918	3	13	5	4	1	17
GTCAAAGAAGTGGTGT-1	5957	17341	visium_breast_cancer_SEDR	visium_breast_cancer_SEDR	20	8	1	13	1.59921858573918	5	17	18	20	2	16
GTCAAAGTTTACATAG-1	7477	7129	visium_breast_cancer_SEDR	visium_breast_cancer_SEDR	20	3	10	19	1.6458480130024	13	8	8	10	7	20
GTCAACCAGGCCTATA-1	17558	19500	visium_breast_cancer_SEDR	visium_breast_cancer_SEDR	20	12	11	1	1.72286436639795	7	15	20	16	5	19
GTCAAGCGGACTCGGG-1	14019	13317	visium_breast_cancer_SEDR	visium_breast_cancer_SEDR	20	7	2	11	1.68435618970018	1	14	15	9	9	14
GTCAATGCTATAATTT-1	19897	9290	visium_breast_cancer_SEDR	visium_breast_cancer_SEDR	20	6	0	18	1.75325129253028	12	18	7	6	0	7
GTCAATTGTACTGAAG-1	9665	5233	visium_breast_cancer_SEDR	visium_breast_cancer_SEDR	20	5	8	19	1.59921858573918	17	8	8	13	15	2
GTCACAAAGTTTCCAA-1	11848	6187	visium_breast_cancer_SEDR	visium_breast_cancer_SEDR	20	5	8	19	1.67623493913473	17	8	16	13	15	2
GTCACTCTCCAAATCT-1	7746	9505	visium_breast_cancer_SEDR	visium_breast_cancer_SEDR	20	9	10	19	1.67623493913473	13	8	16	13	14	4
GTCAGAATAGTCTATG-1	7880	11168	visium_breast_cancer_SEDR	visium_breast_cancer_SEDR	20	7	2	5	1.35363485489241	14	9	11	9	3	14
GTCAGTTGTGCTCGTT-1	13213	6189	visium_breast_cancer_SEDR	visium_breast_cancer_SEDR	20	19	5	15	1.52220223234363	6	3	12	12	17	6
GTCAGTTTGGTAGTCG-1	5286	10926	visium_breast_cancer_SEDR	visium_breast_cancer_SEDR	20	1	6	12	1.67665455436062	10	2	6	8	12	11
GTCATCTCCTACAGCT-1	5157	6887	visium_breast_cancer_SEDR	visium_breast_cancer_SEDR	20	9	10	19	1.67623493913473	13	14	16	13	7	4
GTCATGCACCTCCGTT-1	11839	10938	visium_breast_cancer_SEDR	visium_breast_cancer_SEDR	20	20	7	2	1.71474311583251	9	1	13	15	10	18
GTCATGCGCGAGGGCT-1	16875	19262	visium_breast_cancer_SEDR	visium_breast_cancer_SEDR	20	12	11	1	1.72286436639795	7	15	20	16	5	19
GTCATGGACATGACTA-1	11977	10226	visium_breast_cancer_SEDR	visium_breast_cancer_SEDR	20	20	7	2	1.71474311583251	9	1	13	15	10	18
GTCATTAGAGCGAACG-1	12655	12840	visium_breast_cancer_SEDR	visium_breast_cancer_SEDR	20	7	2	5	1.49747860743782	8	9	15	9	3	13
GTCCAATATTTAGCCT-1	10731	19488	visium_breast_cancer_SEDR	visium_breast_cancer_SEDR	20	8	1	13	1.71474311583251	11	20	18	20	2	15
GTCCAGGCACGTGTGC-1	9500	20673	visium_breast_cancer_SEDR	visium_breast_cancer_SEDR	20	8	1	13	1.56071040904141	5	20	19	20	2	15
GTCCATTACTGCTACG-1	17977	14037	visium_breast_cancer_SEDR	visium_breast_cancer_SEDR	20	19	5	15	1.44518587894808	6	3	12	3	17	6
GTCCCAACGTAAAGTA-1	13476	11891	visium_breast_cancer_SEDR	visium_breast_cancer_SEDR	20	20	7	2	1.71474311583251	9	1	13	15	10	18
GTCCCGCGACGTTATG-1	14694	17832	visium_breast_cancer_SEDR	visium_breast_cancer_SEDR	20	10	9	16	1.67623493913473	2	4	9	12	11	5
GTCCGGACCTGAAATT-1	15515	16884	visium_breast_cancer_SEDR	visium_breast_cancer_SEDR	20	2	4	17	1.6086574211167	16	15	3	19	5	9
GTCCGGCTGAATTGCG-1	10611	10698	visium_breast_cancer_SEDR	visium_breast_cancer_SEDR	20	20	7	2	1.71474311583251	9	1	13	15	10	18
GTCCGGGTTCACATTA-1	13187	20443	visium_breast_cancer_SEDR	visium_breast_cancer_SEDR	20	2	4	9	1.6086574211167	16	15	3	19	5	9
GTCCTACAGGCGGCTC-1	5700	8314	visium_breast_cancer_SEDR	visium_breast_cancer_SEDR	20	9	10	19	1.59921858573918	13	8	16	14	7	4
GTCCTACGAATAGTCT-1	15925	16647	visium_breast_cancer_SEDR	visium_breast_cancer_SEDR	20	2	4	9	1.6086574211167	16	15	3	19	5	9
GTCCTTCTAGTGGGTT-1	14714	6430	visium_breast_cancer_SEDR	visium_breast_cancer_SEDR	20	14	13	3	1.75325129253028	15	3	10	11	18	3
GTCCTTTAATGACTTC-1	17719	5960	visium_breast_cancer_SEDR	visium_breast_cancer_SEDR	20	6	0	18	1.71474311583251	12	5	7	6	0	7
GTCGAATTTGGGCGCT-1	5815	20429	visium_breast_cancer_SEDR	visium_breast_cancer_SEDR	20	8	1	13	1.67623493913473	5	20	18	20	6	16
GTCGCGTAACCCGTTG-1	13746	13317	visium_breast_cancer_SEDR	visium_breast_cancer_SEDR	20	16	15	11	1.2000217633272	1	14	15	1	14	12
GTCGGAAGGATACCAG-1	19218	7151	visium_breast_cancer_SEDR	visium_breast_cancer_SEDR	20	6	0	18	1.67623493913473	12	5	7	7	0	7
GTCGGATATCTCAGAC-1	8425	11644	visium_breast_cancer_SEDR	visium_breast_cancer_SEDR	20	7	2	11	1.72286436639795	8	9	15	9	9	14
GTCGGATGTAGCGCGC-1	14029	8091	visium_breast_cancer_SEDR	visium_breast_cancer_SEDR	20	18	3	20	1.56071040904141	3	10	2	11	1	17
GTCGGGAAGCAGAAAC-1	12372	18066	visium_breast_cancer_SEDR	visium_breast_cancer_SEDR	20	10	9	16	1.67623493913473	2	4	9	12	11	5
GTCGGGTGAAGTACCG-1	19329	21166	visium_breast_cancer_SEDR	visium_breast_cancer_SEDR	20	12	11	1	1.51238697937227	7	15	20	19	5	9
GTCGTACCATCTCGGG-1	11968	14977	visium_breast_cancer_SEDR	visium_breast_cancer_SEDR	20	16	6	14	1.59193656562552	10	16	6	4	12	12
GTCGTATTGGCGTACA-1	16485	8571	visium_breast_cancer_SEDR	visium_breast_cancer_SEDR	20	6	0	18	1.67623493913473	12	5	7	7	0	7
GTCGTCAATTATAAGG-1	9663	6658	visium_breast_cancer_SEDR	visium_breast_cancer_SEDR	20	3	12	19	1.75325129253028	19	8	8	14	13	20
GTCGTCTGGTTGGCTA-1	20167	11191	visium_breast_cancer_SEDR	visium_breast_cancer_SEDR	20	4	18	4	1.75325129253028	18	16	4	3	1	17
GTCGTGTCTGGTCATC-1	18529	10713	visium_breast_cancer_SEDR	visium_breast_cancer_SEDR	20	6	0	18	1.59921858573918	12	5	14	7	0	7
GTCTAGTGAGCCGCTT-1	16055	19735	visium_breast_cancer_SEDR	visium_breast_cancer_SEDR	20	12	11	1	1.72286436639795	7	15	20	16	5	19
GTCTATCTGAGTTTCT-1	9240	13546	visium_breast_cancer_SEDR	visium_breast_cancer_SEDR	20	7	2	5	1.52220223234363	8	9	11	9	3	14
GTCTATTGCATGCTCG-1	17831	19501	visium_breast_cancer_SEDR	visium_breast_cancer_SEDR	20	12	11	1	1.72286436639795	7	15	20	16	5	19
GTCTATTGGTTCCGGT-1	15789	15934	visium_breast_cancer_SEDR	visium_breast_cancer_SEDR	20	18	3	10	1.63772676243696	3	10	2	2	1	1
GTCTCAAGGCCCGGCT-1	12508	18303	visium_breast_cancer_SEDR	visium_breast_cancer_SEDR	20	10	9	16	1.67623493913473	2	4	9	12	11	5
GTCTCCCGAGTCCCGT-1	18510	21165	visium_breast_cancer_SEDR	visium_breast_cancer_SEDR	20	12	11	1	1.72286436639795	7	15	20	16	5	19
GTCTCCGCCTCAATAC-1	11821	20915	visium_breast_cancer_SEDR	visium_breast_cancer_SEDR	20	8	1	13	1.52220223234363	5	17	18	20	2	15
GTCTCCTGCCAGTATG-1	5273	18053	visium_breast_cancer_SEDR	visium_breast_cancer_SEDR	20	8	1	13	1.67623493913473	5	20	18	20	2	16
GTCTCGACTAAGTTTG-1	18667	10000	visium_breast_cancer_SEDR	visium_breast_cancer_SEDR	20	6	0	18	1.75325129253028	12	18	7	6	0	7
GTCTCGATCTGCTTTC-1	14437	8805	visium_breast_cancer_SEDR	visium_breast_cancer_SEDR	20	15	3	7	1.52220223234363	3	13	5	1	1	17
GTCTCGCCAACACGCC-1	13354	4052	visium_breast_cancer_SEDR	visium_breast_cancer_SEDR	20	14	13	3	1.71474311583251	6	12	10	12	17	3
GTCTGCCGACTCGACG-1	15370	21397	visium_breast_cancer_SEDR	visium_breast_cancer_SEDR	20	2	4	9	1.72286436639795	16	11	3	19	4	9
GTCTGGGCGGTCGAGA-1	9511	14972	visium_breast_cancer_SEDR	visium_breast_cancer_SEDR	20	7	2	5	1.49313289102338	8	9	11	9	3	13
GTCTTACCACGCCAAG-1	19055	21641	visium_breast_cancer_SEDR	visium_breast_cancer_SEDR	20	2	4	9	1.47387880267449	7	15	3	19	5	9
GTCTTAGTACAGCCGG-1	14168	6904	visium_breast_cancer_SEDR	visium_breast_cancer_SEDR	20	14	13	20	1.71474311583251	3	10	10	11	11	3
GTCTTGAGGAGCAGTG-1	19344	13090	visium_breast_cancer_SEDR	visium_breast_cancer_SEDR	20	19	5	15	1.44518587894808	6	3	12	3	17	6
GTCTTGTAGCTATTCA-1	18795	14514	visium_breast_cancer_SEDR	visium_breast_cancer_SEDR	20	4	18	4	1.63772676243696	15	10	4	11	18	10
GTGAAACGGCGCCACC-1	15528	9757	visium_breast_cancer_SEDR	visium_breast_cancer_SEDR	20	15	3	6	1.36307369026993	3	13	5	1	1	12
GTGAAACGTGCTCCAC-1	8570	6656	visium_breast_cancer_SEDR	visium_breast_cancer_SEDR	20	3	12	19	1.75325129253028	19	8	8	14	13	20
GTGAACTCCCATTCGA-1	17709	11186	visium_breast_cancer_SEDR	visium_breast_cancer_SEDR	20	18	3	20	1.63772676243696	3	5	2	11	1	17
GTGAAGATTTCAAGTG-1	17577	9048	visium_breast_cancer_SEDR	visium_breast_cancer_SEDR	20	13	0	18	1.71474311583251	4	18	14	17	0	7
GTGAAGCCGTATAGTC-1	18123	9049	visium_breast_cancer_SEDR	visium_breast_cancer_SEDR	20	6	0	18	1.75325129253028	12	18	7	6	0	7
GTGACAGCTTCCCACT-1	13599	19256	visium_breast_cancer_SEDR	visium_breast_cancer_SEDR	20	2	4	9	1.72286436639795	16	4	3	19	4	9
GTGACCGCACACTACG-1	15931	13321	visium_breast_cancer_SEDR	visium_breast_cancer_SEDR	20	17	14	10	1.63772676243696	11	17	17	18	19	1
GTGACGAGGGTGACCC-1	19074	11664	visium_breast_cancer_SEDR	visium_breast_cancer_SEDR	20	4	5	4	1.63772676243696	18	1	4	3	8	10
GTGACGCAGGTTTCAT-1	13735	19493	visium_breast_cancer_SEDR	visium_breast_cancer_SEDR	20	2	4	17	1.6086574211167	16	15	3	19	4	9
GTGACTTCAGTAGTGC-1	10330	14974	visium_breast_cancer_SEDR	visium_breast_cancer_SEDR	20	7	2	5	1.49313289102338	8	9	11	9	3	13
GTGAGATAACCTTATA-1	9091	20435	visium_breast_cancer_SEDR	visium_breast_cancer_SEDR	20	8	1	13	1.56071040904141	5	20	19	20	2	15
GTGAGCGTGCTGCACT-1	6923	11879	visium_breast_cancer_SEDR	visium_breast_cancer_SEDR	20	7	2	5	1.49313289102338	8	9	11	9	3	13
GTGAGGACACTTAAGG-1	14018	13793	visium_breast_cancer_SEDR	visium_breast_cancer_SEDR	20	16	6	14	1.67623493913473	1	2	17	4	12	12
GTGAGGAGCGGTTGAG-1	15396	7144	visium_breast_cancer_SEDR	visium_breast_cancer_SEDR	20	16	19	18	1.59921858573918	12	16	2	4	0	3
GTGAGTCGACTAATAG-1	18920	20928	visium_breast_cancer_SEDR	visium_breast_cancer_SEDR	20	12	11	1	1.72286436639795	7	15	20	16	5	19
GTGATCAAGCGTGCAC-1	7182	19481	visium_breast_cancer_SEDR	visium_breast_cancer_SEDR	20	8	1	13	1.67623493913473	5	20	18	20	6	16
GTGATCACTAACGCCT-1	16746	15223	visium_breast_cancer_SEDR	visium_breast_cancer_SEDR	20	18	3	20	1.63772676243696	3	7	2	11	1	17
GTGATCATAGATCTGC-1	11286	14738	visium_breast_cancer_SEDR	visium_breast_cancer_SEDR	20	7	2	11	1.68435618970018	8	14	15	9	9	14
GTGATCCTTGTCATGA-1	14965	18783	visium_breast_cancer_SEDR	visium_breast_cancer_SEDR	20	2	4	17	1.72286436639795	16	11	3	19	4	9
GTGATGCACAACATCT-1	16625	6908	visium_breast_cancer_SEDR	visium_breast_cancer_SEDR	20	13	0	18	1.71474311583251	4	18	14	17	0	7
GTGATTCGCCGCTCAA-1	8964	15446	visium_breast_cancer_SEDR	visium_breast_cancer_SEDR	20	7	2	5	1.49313289102338	8	9	11	9	3	13
GTGCAACAAATGTGGC-1	11982	7375	visium_breast_cancer_SEDR	visium_breast_cancer_SEDR	20	5	8	19	1.71474311583251	17	8	16	13	13	2
GTGCACCAGCTTCAAC-1	10867	19726	visium_breast_cancer_SEDR	visium_breast_cancer_SEDR	20	8	1	13	1.56071040904141	5	20	18	20	2	15
GTGCACGAAAGTGACT-1	13210	8090	visium_breast_cancer_SEDR	visium_breast_cancer_SEDR	20	14	13	20	1.56071040904141	3	16	10	11	15	3
GTGCCATCACACGGTG-1	8147	14019	visium_breast_cancer_SEDR	visium_breast_cancer_SEDR	20	7	2	5	1.49313289102338	8	9	11	9	3	13
GTGCCGCTTCAAAGGT-1	9512	14497	visium_breast_cancer_SEDR	visium_breast_cancer_SEDR	20	7	2	5	1.54617573838128	8	9	11	9	9	13
GTGCCTCAGTGTACGG-1	16216	6670	visium_breast_cancer_SEDR	visium_breast_cancer_SEDR	20	13	0	18	1.71474311583251	4	18	14	17	0	7
GTGCCTGAGACCAAAC-1	15645	20447	visium_breast_cancer_SEDR	visium_breast_cancer_SEDR	20	2	4	17	1.72286436639795	16	11	3	19	4	9
GTGCGAAATCGAACAC-1	9375	14734	visium_breast_cancer_SEDR	visium_breast_cancer_SEDR	20	7	2	5	1.49313289102338	8	9	11	9	3	13
GTGCGACAGGGAGTGT-1	17161	12611	visium_breast_cancer_SEDR	visium_breast_cancer_SEDR	20	4	5	4	1.48369405564586	6	3	4	3	8	10
GTGCGCAGCTTGCTCC-1	8027	5230	visium_breast_cancer_SEDR	visium_breast_cancer_SEDR	20	9	10	19	1.71474311583251	13	8	16	13	7	4
GTGCGGGACCATCGGC-1	8982	5469	visium_breast_cancer_SEDR	visium_breast_cancer_SEDR	20	5	8	19	1.59921858573918	19	8	8	13	15	2
GTGCGGGTCTCCAAAT-1	11161	8799	visium_breast_cancer_SEDR	visium_breast_cancer_SEDR	20	9	8	19	1.63772676243696	13	8	16	13	7	2
GTGCGTGTATATGAGC-1	14838	13794	visium_breast_cancer_SEDR	visium_breast_cancer_SEDR	20	17	14	17	1.59921858573918	11	17	17	18	19	16
GTGCTCAAGTACTGTC-1	10608	12123	visium_breast_cancer_SEDR	visium_breast_cancer_SEDR	20	7	2	5	1.67665455436062	8	9	15	9	3	14
GTGCTTACATCAGCGC-1	19341	14990	visium_breast_cancer_SEDR	visium_breast_cancer_SEDR	20	15	3	7	1.56071040904141	3	7	5	1	1	17
GTGGAACCTACATGCG-1	14576	7617	visium_breast_cancer_SEDR	visium_breast_cancer_SEDR	20	14	13	20	1.67623493913473	3	10	10	11	18	3
GTGGACCAACCCGATT-1	7463	14731	visium_breast_cancer_SEDR	visium_breast_cancer_SEDR	20	7	2	8	1.59921858573918	14	9	6	9	9	11
GTGGACGCATTTGTCC-1	12237	17353	visium_breast_cancer_SEDR	visium_breast_cancer_SEDR	20	10	9	16	1.67623493913473	2	4	9	12	11	5
GTGGACGTGCTGAGAC-1	8841	8082	visium_breast_cancer_SEDR	visium_breast_cancer_SEDR	20	3	12	19	1.75325129253028	19	8	8	14	13	20
GTGGAGCGTTTACCGA-1	5683	17816	visium_breast_cancer_SEDR	visium_breast_cancer_SEDR	20	8	1	13	1.67623493913473	5	20	18	20	6	16
GTGGCAAACAGCGGCA-1	6233	15916	visium_breast_cancer_SEDR	visium_breast_cancer_SEDR	20	16	3	14	1.37760836093005	3	16	5	4	1	12
GTGGCCGGTTTCTCGG-1	4860	20190	visium_breast_cancer_SEDR	visium_breast_cancer_SEDR	20	8	1	13	1.67623493913473	5	20	18	20	6	16
GTGGCGGGCCGTAGCT-1	12944	4289	visium_breast_cancer_SEDR	visium_breast_cancer_SEDR	20	14	13	3	1.71474311583251	6	12	10	12	17	3
GTGGCGGTCCCAGCGT-1	6237	13541	visium_breast_cancer_SEDR	visium_breast_cancer_SEDR	20	1	6	12	1.67665455436062	10	2	6	8	12	11
GTGGCTGTTTCTGTTC-1	16054	20685	visium_breast_cancer_SEDR	visium_breast_cancer_SEDR	20	2	4	17	1.72286436639795	16	11	3	19	4	9
GTGGGAACAAACCGGG-1	9910	20912	visium_breast_cancer_SEDR	visium_breast_cancer_SEDR	20	8	1	13	1.56071040904141	5	20	19	20	2	15
GTGGGAAGACTGAATC-1	5552	14727	visium_breast_cancer_SEDR	visium_breast_cancer_SEDR	20	1	6	12	1.56883165960686	10	2	6	8	1	17
GTGGGCTTAGACACAC-1	8836	10932	visium_breast_cancer_SEDR	visium_breast_cancer_SEDR	20	7	16	8	1.6458480130024	14	14	15	11	9	11
GTGGTCAGCGAAGTAT-1	16081	5957	visium_breast_cancer_SEDR	visium_breast_cancer_SEDR	20	13	0	7	1.54617573838128	12	13	14	1	0	12
GTGGTTACTTCTTTCG-1	17845	11424	visium_breast_cancer_SEDR	visium_breast_cancer_SEDR	20	18	3	20	1.56071040904141	3	10	2	11	1	17
GTGGTTTCCGCCTTTC-1	7874	14019	visium_breast_cancer_SEDR	visium_breast_cancer_SEDR	20	7	2	5	1.49313289102338	8	9	11	9	3	13
GTGTACCTTGGCTACG-1	14161	10230	visium_breast_cancer_SEDR	visium_breast_cancer_SEDR	20	20	7	2	1.71474311583251	9	1	13	15	10	18
GTGTATATCAGCGGGC-1	13874	17831	visium_breast_cancer_SEDR	visium_breast_cancer_SEDR	20	10	9	16	1.67623493913473	2	4	9	12	11	5
GTGTATGACTTTAAAG-1	9119	5232	visium_breast_cancer_SEDR	visium_breast_cancer_SEDR	20	5	8	19	1.59921858573918	19	8	8	13	15	2
GTGTCAGTGTACGTGG-1	9228	20198	visium_breast_cancer_SEDR	visium_breast_cancer_SEDR	20	8	1	13	1.56071040904141	5	20	18	20	2	15
GTGTCGTATAGCGTTC-1	13876	16881	visium_breast_cancer_SEDR	visium_breast_cancer_SEDR	20	10	9	16	1.67623493913473	2	4	9	12	11	5
GTGTCGTATTCACCTT-1	19493	6201	visium_breast_cancer_SEDR	visium_breast_cancer_SEDR	20	6	0	18	1.67623493913473	12	5	7	7	0	7
GTGTGAATAACTTAGG-1	14841	11894	visium_breast_cancer_SEDR	visium_breast_cancer_SEDR	20	16	15	7	1.59921858573918	12	2	5	1	12	12
GTGTTACTATGCGTCC-1	13745	13792	visium_breast_cancer_SEDR	visium_breast_cancer_SEDR	20	1	6	12	1.52262184756953	10	2	6	1	12	12
GTTAAAGTAGGACTGG-1	14834	15695	visium_breast_cancer_SEDR	visium_breast_cancer_SEDR	20	18	3	10	1.71474311583251	3	7	2	2	1	1
GTTAACATCACTTAAA-1	13466	17117	visium_breast_cancer_SEDR	visium_breast_cancer_SEDR	20	10	9	16	1.67623493913473	2	4	9	12	11	5
GTTAACTATGTTGTCA-1	18659	14276	visium_breast_cancer_SEDR	visium_breast_cancer_SEDR	20	4	5	4	1.48369405564586	6	3	4	3	8	10
GTTAAGGGTGCGATGT-1	13191	18542	visium_breast_cancer_SEDR	visium_breast_cancer_SEDR	20	10	9	16	1.67623493913473	2	4	9	12	11	5
GTTAAGTTAGAGTGGG-1	19345	12615	visium_breast_cancer_SEDR	visium_breast_cancer_SEDR	20	19	5	15	1.44518587894808	6	3	12	3	17	6
GTTACAATTGGTGACG-1	8013	12831	visium_breast_cancer_SEDR	visium_breast_cancer_SEDR	20	7	2	5	1.49313289102338	8	9	11	9	3	13
GTTACCTACAACTTGC-1	12651	15215	visium_breast_cancer_SEDR	visium_breast_cancer_SEDR	20	16	6	14	1.63814637766285	10	16	2	4	12	12
GTTACTTTGGGCCTAG-1	10468	14261	visium_breast_cancer_SEDR	visium_breast_cancer_SEDR	20	7	2	5	1.67665455436062	8	9	15	9	3	14
GTTAGAGTGTGCCGCT-1	13760	5715	visium_breast_cancer_SEDR	visium_breast_cancer_SEDR	20	19	5	15	1.44518587894808	6	3	12	3	17	6
GTTAGCCCATGACATC-1	13734	19968	visium_breast_cancer_SEDR	visium_breast_cancer_SEDR	20	12	11	1	1.63814637766285	7	15	20	19	5	19
GTTAGCCGTAAATCAA-1	18528	11188	visium_breast_cancer_SEDR	visium_breast_cancer_SEDR	20	18	3	20	1.56071040904141	3	10	2	11	1	17
GTTAGGCTACCCGTTT-1	5412	16865	visium_breast_cancer_SEDR	visium_breast_cancer_SEDR	20	15	3	7	1.79175946922805	20	19	5	1	1	8
GTTATAATACGGTGAA-1	18109	16651	visium_breast_cancer_SEDR	visium_breast_cancer_SEDR	20	15	3	7	1.67623493913473	3	7	5	1	1	8
GTTATATCAGGAGCCA-1	19214	9526	visium_breast_cancer_SEDR	visium_breast_cancer_SEDR	20	6	0	18	1.59921858573918	4	18	7	6	0	7
GTTATATTATCTCCCT-1	11148	15450	visium_breast_cancer_SEDR	visium_breast_cancer_SEDR	20	7	16	11	1.60733983630463	14	14	15	9	9	11
GTTATCAAGCTATCGA-1	17555	20926	visium_breast_cancer_SEDR	visium_breast_cancer_SEDR	20	12	11	1	1.72286436639795	7	15	20	16	5	19
GTTATCACCTTCTGAA-1	11440	5474	visium_breast_cancer_SEDR	visium_breast_cancer_SEDR	20	14	8	3	1.56071040904141	17	12	16	13	15	3
GTTATTAAATACGACC-1	15127	4768	visium_breast_cancer_SEDR	visium_breast_cancer_SEDR	20	14	13	3	1.63772676243696	15	3	10	3	16	3
GTTATTAACGTGGGAG-1	5972	9264	visium_breast_cancer_SEDR	visium_breast_cancer_SEDR	20	1	6	14	1.60733983630463	10	8	6	11	14	12
GTTCAATCTATGTCAA-1	14990	5005	visium_breast_cancer_SEDR	visium_breast_cancer_SEDR	20	14	13	3	1.63772676243696	15	3	10	3	16	3
GTTCACAGGAGTCTAG-1	8152	11644	visium_breast_cancer_SEDR	visium_breast_cancer_SEDR	20	7	2	5	1.52220223234363	8	9	11	9	3	14
GTTCAGTCGCCAAATG-1	11685	20677	visium_breast_cancer_SEDR	visium_breast_cancer_SEDR	20	8	1	13	1.52220223234363	5	17	18	20	2	15
GTTCATCGTTTGGCTG-1	17845	11899	visium_breast_cancer_SEDR	visium_breast_cancer_SEDR	20	4	5	4	1.63772676243696	18	1	4	3	8	10
GTTCCAAGACAGCGAC-1	7072	4990	visium_breast_cancer_SEDR	visium_breast_cancer_SEDR	20	3	10	19	1.59921858573918	13	8	8	14	7	4
GTTCCAGTCTGACCAT-1	10752	8085	visium_breast_cancer_SEDR	visium_breast_cancer_SEDR	20	5	8	19	1.71474311583251	17	8	16	13	13	2
GTTCCCGTAAACATAT-1	19745	18079	visium_breast_cancer_SEDR	visium_breast_cancer_SEDR	20	4	5	4	1.63772676243696	3	16	4	3	8	10
GTTCCGTCCGCCTGCA-1	9227	20673	visium_breast_cancer_SEDR	visium_breast_cancer_SEDR	20	8	1	13	1.56071040904141	5	20	19	20	2	15
GTTCGACAATTGTATA-1	7180	20432	visium_breast_cancer_SEDR	visium_breast_cancer_SEDR	20	8	1	13	1.75325129253028	5	20	19	20	6	16
GTTCGCCATAAGTGCC-1	10744	12836	visium_breast_cancer_SEDR	visium_breast_cancer_SEDR	20	7	2	5	1.67665455436062	8	9	15	9	3	14
GTTCGCTGAGACGTCT-1	18382	16651	visium_breast_cancer_SEDR	visium_breast_cancer_SEDR	20	15	3	7	1.63772676243696	3	13	5	1	1	8
GTTCGGAGCACTCAAC-1	19060	19266	visium_breast_cancer_SEDR	visium_breast_cancer_SEDR	20	11	17	10	1.46915938498573	16	10	2	2	4	1
GTTCGGATCGGGAACA-1	18522	14513	visium_breast_cancer_SEDR	visium_breast_cancer_SEDR	20	4	5	4	1.54617573838128	15	3	4	3	8	10
GTTCGGGCGTACCATT-1	18255	11662	visium_breast_cancer_SEDR	visium_breast_cancer_SEDR	20	4	5	4	1.63772676243696	18	1	4	3	8	10
GTTCGTCTAAAGAACT-1	15652	16171	visium_breast_cancer_SEDR	visium_breast_cancer_SEDR	20	11	17	9	1.58468391507905	16	11	2	2	4	1
GTTCGTCTGGGTCCCT-1	19761	9052	visium_breast_cancer_SEDR	visium_breast_cancer_SEDR	20	6	0	18	1.59921858573918	4	18	7	6	0	7
GTTCTTCCCTCGATGT-1	10480	7610	visium_breast_cancer_SEDR	visium_breast_cancer_SEDR	20	5	8	19	1.63772676243696	17	8	8	13	13	2
GTTCTTGTAACTCAAT-1	11819	21865	visium_breast_cancer_SEDR	visium_breast_cancer_SEDR	20	8	1	13	1.56071040904141	5	20	18	20	2	15
GTTGAACCGGTTCCAT-1	8967	14021	visium_breast_cancer_SEDR	visium_breast_cancer_SEDR	20	7	2	5	1.49313289102338	8	9	11	9	3	13
GTTGAGTCCCGCCGGT-1	14150	16406	visium_breast_cancer_SEDR	visium_breast_cancer_SEDR	20	18	3	10	1.75325129253028	3	7	2	2	18	1
GTTGCACGGAGTTTCG-1	10067	9747	visium_breast_cancer_SEDR	visium_breast_cancer_SEDR	20	9	8	14	1.59921858573918	9	14	16	11	15	12
GTTGCGCTAACATTAC-1	19752	13803	visium_breast_cancer_SEDR	visium_breast_cancer_SEDR	20	18	3	20	1.56071040904141	3	10	2	11	1	17
GTTGCGGACGGTCAGG-1	19747	16654	visium_breast_cancer_SEDR	visium_breast_cancer_SEDR	20	18	3	20	1.63772676243696	3	13	2	11	1	17
GTTGGACCGCATCAGG-1	19352	8814	visium_breast_cancer_SEDR	visium_breast_cancer_SEDR	20	13	0	18	1.63772676243696	4	18	14	6	0	7
GTTGGATTCAGTGGCT-1	16623	7859	visium_breast_cancer_SEDR	visium_breast_cancer_SEDR	20	13	0	18	1.71474311583251	4	18	14	17	0	7
GTTGGATTGAGAACAC-1	15524	11657	visium_breast_cancer_SEDR	visium_breast_cancer_SEDR	20	6	6	12	1.6458480130024	10	2	6	4	0	7
GTTGGATTTGCGTTGG-1	10334	12598	visium_breast_cancer_SEDR	visium_breast_cancer_SEDR	20	7	2	5	1.67665455436062	8	9	15	9	3	14
GTTGGTCATGCTATCC-1	12101	17115	visium_breast_cancer_SEDR	visium_breast_cancer_SEDR	20	10	9	16	1.67623493913473	2	4	9	12	11	5
GTTGTAGATTTATGAG-1	12094	20916	visium_breast_cancer_SEDR	visium_breast_cancer_SEDR	20	8	1	13	1.52220223234363	5	17	1	20	2	15
GTTGTCGTGTTAGTTG-1	9934	7609	visium_breast_cancer_SEDR	visium_breast_cancer_SEDR	20	3	12	19	1.75325129253028	19	8	8	14	13	20
GTTGTTACATTGCGCT-1	19628	6914	visium_breast_cancer_SEDR	visium_breast_cancer_SEDR	20	6	0	18	1.67623493913473	12	5	7	7	0	7
GTTTACGTTCCATCTG-1	12241	15452	visium_breast_cancer_SEDR	visium_breast_cancer_SEDR	20	16	6	12	1.48369405564586	12	16	6	4	12	12
GTTTCAAACGAGTTGT-1	18378	18552	visium_breast_cancer_SEDR	visium_breast_cancer_SEDR	20	11	17	10	1.46915938498573	16	10	2	2	4	1
GTTTCATATCGTCGCT-1	7193	13305	visium_breast_cancer_SEDR	visium_breast_cancer_SEDR	20	7	2	5	1.49313289102338	8	9	11	9	3	13
GTTTCCTGGAGGGTGA-1	10203	9985	visium_breast_cancer_SEDR	visium_breast_cancer_SEDR	20	20	7	2	1.71474311583251	9	1	13	15	10	18
GTTTCTAGAGGCGCGG-1	16191	20448	visium_breast_cancer_SEDR	visium_breast_cancer_SEDR	20	12	11	1	1.57014924441893	7	15	3	16	5	9
GTTTCTGCAGTCTCCC-1	13336	13554	visium_breast_cancer_SEDR	visium_breast_cancer_SEDR	20	7	2	5	1.67665455436062	8	9	15	9	3	14
GTTTGACCAAATCCTA-1	11429	11175	visium_breast_cancer_SEDR	visium_breast_cancer_SEDR	20	20	7	2	1.71474311583251	9	1	13	15	10	18
GTTTGGCCCAAGTTAT-1	14428	14031	visium_breast_cancer_SEDR	visium_breast_cancer_SEDR	20	17	14	13	1.63772676243696	11	17	17	18	19	15
GTTTGGCCGCTCAGCG-1	7887	6892	visium_breast_cancer_SEDR	visium_breast_cancer_SEDR	20	3	12	19	1.75325129253028	19	8	8	14	13	20
GTTTGGCGTCAGGCAC-1	19359	5013	visium_breast_cancer_SEDR	visium_breast_cancer_SEDR	20	14	13	3	1.58468391507905	6	12	10	3	16	10
GTTTGGGCTTGTGAGC-1	12376	16165	visium_breast_cancer_SEDR	visium_breast_cancer_SEDR	20	16	19	14	1.67623493913473	2	16	2	4	12	12
GTTTGGGTTTCGCCCG-1	15920	19022	visium_breast_cancer_SEDR	visium_breast_cancer_SEDR	20	2	4	9	1.72286436639795	16	11	3	19	4	9
GTTTGGTGATCGGTGC-1	8683	19722	visium_breast_cancer_SEDR	visium_breast_cancer_SEDR	20	8	1	13	1.56071040904141	5	20	18	20	6	15
TAAACGTCGTCAATGA-1	5154	8313	visium_breast_cancer_SEDR	visium_breast_cancer_SEDR	20	9	10	19	1.59921858573918	13	8	16	14	7	4
TAAAGACAACCCTTTA-1	19616	13565	visium_breast_cancer_SEDR	visium_breast_cancer_SEDR	20	18	3	20	1.56071040904141	3	10	2	11	1	17
TAAAGAGCCCGAAACC-1	9800	6421	visium_breast_cancer_SEDR	visium_breast_cancer_SEDR	20	3	12	19	1.75325129253028	19	8	8	14	13	20
TAAAGCGGTATTTCCA-1	10186	19012	visium_breast_cancer_SEDR	visium_breast_cancer_SEDR	20	8	1	13	1.56071040904141	5	20	18	20	2	15
TAAAGCGTTAGGAGAA-1	15526	10707	visium_breast_cancer_SEDR	visium_breast_cancer_SEDR	20	6	0	18	1.63131334234228	10	2	5	6	0	7
TAAAGCTGCAATAGGG-1	16759	8096	visium_breast_cancer_SEDR	visium_breast_cancer_SEDR	20	13	0	18	1.71474311583251	4	18	14	17	0	7
TAAAGTGCACGTCTCG-1	10319	21150	visium_breast_cancer_SEDR	visium_breast_cancer_SEDR	20	8	1	13	1.56071040904141	5	20	19	20	2	15
TAAATCTTTACACCTC-1	19896	9765	visium_breast_cancer_SEDR	visium_breast_cancer_SEDR	20	6	0	18	1.75325129253028	12	18	7	6	0	7
TAAATGAATCCGTTTC-1	7473	9505	visium_breast_cancer_SEDR	visium_breast_cancer_SEDR	20	9	8	19	1.67623493913473	17	8	16	13	7	4
TAAATGCCGTCTCATG-1	17581	6673	visium_breast_cancer_SEDR	visium_breast_cancer_SEDR	20	6	0	18	1.59921858573918	4	18	7	6	0	7
TAAATTGTGGGTAAAG-1	13594	21631	visium_breast_cancer_SEDR	visium_breast_cancer_SEDR	20	8	1	13	1.56071040904141	5	20	18	20	6	15
TAAATTTAGTAACACC-1	8817	20910	visium_breast_cancer_SEDR	visium_breast_cancer_SEDR	20	8	1	13	1.56071040904141	5	17	19	20	2	15
TAACAAAGGGAGAAGC-1	8293	9031	visium_breast_cancer_SEDR	visium_breast_cancer_SEDR	20	16	3	7	1.44518587894808	3	7	5	11	1	12
TAACAATATTTGTTGC-1	5696	10689	visium_breast_cancer_SEDR	visium_breast_cancer_SEDR	20	1	6	12	1.67665455436062	10	2	6	8	12	11
TAACAGCGTTTGTGCT-1	8548	19009	visium_breast_cancer_SEDR	visium_breast_cancer_SEDR	20	8	1	13	1.56071040904141	5	20	18	20	6	15
TAACAGGTTCCCTTAG-1	11683	21628	visium_breast_cancer_SEDR	visium_breast_cancer_SEDR	20	8	1	13	1.56071040904141	5	20	18	20	2	15
TAACATACAATGTGGG-1	13064	13078	visium_breast_cancer_SEDR	visium_breast_cancer_SEDR	20	7	2	5	1.67665455436062	8	9	15	9	3	14
TAACATACACGCGATC-1	6913	17105	visium_breast_cancer_SEDR	visium_breast_cancer_SEDR	20	8	1	13	1.67623493913473	5	20	18	20	6	16
TAACCGCCCGCAGTGC-1	10210	6184	visium_breast_cancer_SEDR	visium_breast_cancer_SEDR	20	5	12	19	1.63772676243696	19	8	8	13	13	2
TAACCTACCGTCCGAG-1	17298	11898	visium_breast_cancer_SEDR	visium_breast_cancer_SEDR	20	18	3	10	1.56071040904141	3	16	4	4	1	17
TAACCTAGGGAGTCCA-1	17969	18313	visium_breast_cancer_SEDR	visium_breast_cancer_SEDR	20	11	4	17	1.52262184756953	16	10	3	2	4	9
TAACGCTTTGAGAGCG-1	7471	10455	visium_breast_cancer_SEDR	visium_breast_cancer_SEDR	20	1	16	8	1.67623493913473	14	7	6	9	9	11
TAACTATCGAAGGTCC-1	8155	9743	visium_breast_cancer_SEDR	visium_breast_cancer_SEDR	20	16	15	14	1.72286436639795	10	7	5	6	14	7
TAACTATTACGCCAAA-1	18119	10949	visium_breast_cancer_SEDR	visium_breast_cancer_SEDR	20	18	0	20	1.67623493913473	3	10	2	4	0	7
TAACTCATCCGCGCGG-1	10195	14261	visium_breast_cancer_SEDR	visium_breast_cancer_SEDR	20	7	2	5	1.49313289102338	8	9	11	9	3	13
TAACTCCATGGAGGCT-1	7202	8554	visium_breast_cancer_SEDR	visium_breast_cancer_SEDR	20	9	10	19	1.71474311583251	13	8	16	13	7	4
TAACTGAAATACGCCT-1	4449	20902	visium_breast_cancer_SEDR	visium_breast_cancer_SEDR	20	8	1	13	1.67623493913473	5	20	18	20	6	16
TAAGAGGGACAGGGAC-1	6090	19004	visium_breast_cancer_SEDR	visium_breast_cancer_SEDR	20	8	1	13	1.67623493913473	5	20	18	20	2	16
TAAGCAGGCGACACGC-1	6103	12353	visium_breast_cancer_SEDR	visium_breast_cancer_SEDR	20	1	6	12	1.63772676243696	14	2	6	8	9	11
TAAGCCCTTACGACCA-1	19082	7388	visium_breast_cancer_SEDR	visium_breast_cancer_SEDR	20	13	0	18	1.75325129253028	12	6	14	17	0	7
TAAGCGCGAATCAAAT-1	6909	19481	visium_breast_cancer_SEDR	visium_breast_cancer_SEDR	20	8	1	13	1.67623493913473	5	20	18	20	6	16
TAAGGAACTTGTGGGA-1	8978	7845	visium_breast_cancer_SEDR	visium_breast_cancer_SEDR	20	3	12	19	1.75325129253028	19	8	8	14	13	20
TAAGGCAACATAAGAT-1	13206	9990	visium_breast_cancer_SEDR	visium_breast_cancer_SEDR	20	20	7	2	1.71474311583251	9	1	13	15	10	18
TAAGGCCCGTCACCCT-1	13054	18779	visium_breast_cancer_SEDR	visium_breast_cancer_SEDR	20	10	9	16	1.67623493913473	2	4	9	12	11	5
TAAGGCTGAATCCCTC-1	16747	14748	visium_breast_cancer_SEDR	visium_breast_cancer_SEDR	20	4	5	4	1.63772676243696	3	3	4	3	8	10
TAAGGGCCTGTCCGAT-1	16469	17598	visium_breast_cancer_SEDR	visium_breast_cancer_SEDR	20	2	4	9	1.47387880267449	7	15	3	19	5	9
TAAGGGCTGGGAGAGG-1	5967	12115	visium_breast_cancer_SEDR	visium_breast_cancer_SEDR	20	1	6	12	1.67665455436062	10	2	6	8	12	11
TAAGTAAATGTGCCGC-1	16765	5246	visium_breast_cancer_SEDR	visium_breast_cancer_SEDR	20	6	0	18	1.71474311583251	12	12	7	6	0	7
TAAGTAACATCTTGAC-1	8965	14971	visium_breast_cancer_SEDR	visium_breast_cancer_SEDR	20	7	2	5	1.49313289102338	8	9	11	9	3	13
TAAGTCGCCGAGTATC-1	7869	16870	visium_breast_cancer_SEDR	visium_breast_cancer_SEDR	20	8	1	13	1.67623493913473	5	20	18	20	6	16
TAAGTTGCGACGTAGG-1	16471	16648	visium_breast_cancer_SEDR	visium_breast_cancer_SEDR	20	2	4	17	1.47387880267449	7	15	3	19	5	9
TAATAAACAAGGAGAT-1	15940	8095	visium_breast_cancer_SEDR	visium_breast_cancer_SEDR	20	6	0	18	1.71474311583251	12	5	7	6	0	7
TAATACACAGTAGTAT-1	12253	8801	visium_breast_cancer_SEDR	visium_breast_cancer_SEDR	20	5	8	19	1.67623493913473	17	8	16	13	15	2
TAATACTAGAACAGAC-1	14006	20444	visium_breast_cancer_SEDR	visium_breast_cancer_SEDR	20	12	11	1	1.63814637766285	7	15	20	19	5	19
TAATAGAACAGAGTTA-1	8690	15921	visium_breast_cancer_SEDR	visium_breast_cancer_SEDR	20	1	6	12	1.67665455436062	10	2	6	4	12	11
TAATAGGTCACCAGAA-1	6364	18530	visium_breast_cancer_SEDR	visium_breast_cancer_SEDR	20	8	1	13	1.67623493913473	5	20	18	20	6	16
TAATAGTGACGACCAG-1	14844	10468	visium_breast_cancer_SEDR	visium_breast_cancer_SEDR	20	16	15	14	1.53032348290908	10	7	5	1	1	12
TAATATTGAAATTCGC-1	9933	8084	visium_breast_cancer_SEDR	visium_breast_cancer_SEDR	20	5	8	19	1.71474311583251	17	8	16	13	13	2
TAATCGATCCGTACGT-1	16210	9996	visium_breast_cancer_SEDR	visium_breast_cancer_SEDR	20	6	0	18	1.60733983630463	10	5	7	6	0	7
TAATGAAAGACCCTTG-1	5834	9977	visium_breast_cancer_SEDR	visium_breast_cancer_SEDR	20	1	6	12	1.67665455436062	10	2	6	8	12	11
TAATTACGTCAGTAGA-1	17422	18787	visium_breast_cancer_SEDR	visium_breast_cancer_SEDR	20	12	11	1	1.63814637766285	7	15	20	19	5	19
TAATTAGATGGATATG-1	7888	6417	visium_breast_cancer_SEDR	visium_breast_cancer_SEDR	20	3	10	19	1.59921858573918	13	8	8	14	7	20
TAATTAGGACATCCGT-1	18250	14038	visium_breast_cancer_SEDR	visium_breast_cancer_SEDR	20	4	5	15	1.56071040904141	6	3	12	3	8	10
TAATTGCGCTGATTAC-1	4176	20901	visium_breast_cancer_SEDR	visium_breast_cancer_SEDR	20	8	1	13	1.67623493913473	5	20	18	20	2	16
TAATTGGAATCGGGAA-1	17851	8098	visium_breast_cancer_SEDR	visium_breast_cancer_SEDR	20	6	0	18	1.75325129253028	12	18	7	6	0	7
TACAACAGCGCATACA-1	18645	21878	visium_breast_cancer_SEDR	visium_breast_cancer_SEDR	20	2	4	9	1.72286436639795	16	11	3	19	5	9
TACAACGCACAACTCA-1	10196	13786	visium_breast_cancer_SEDR	visium_breast_cancer_SEDR	20	7	2	5	1.67665455436062	8	9	15	9	3	14
TACAAGCTGTTCACTG-1	10759	4285	visium_breast_cancer_SEDR	visium_breast_cancer_SEDR	20	14	13	3	1.71474311583251	17	12	10	5	16	3
TACAAGGGCTTCTTTA-1	16328	20211	visium_breast_cancer_SEDR	visium_breast_cancer_SEDR	20	12	11	1	1.72286436639795	7	15	20	16	5	19
TACAAGTCTCGTGCAT-1	7197	11405	visium_breast_cancer_SEDR	visium_breast_cancer_SEDR	20	7	2	5	1.49313289102338	8	9	11	9	3	13
TACACAGCCGTGGTGC-1	13595	21156	visium_breast_cancer_SEDR	visium_breast_cancer_SEDR	20	2	4	9	1.72286436639795	16	11	3	19	5	9
TACACCGTCGTTAGTC-1	19486	10002	visium_breast_cancer_SEDR	visium_breast_cancer_SEDR	20	6	0	18	1.75325129253028	12	18	7	6	0	7
TACACCTCTTCGAATC-1	15917	20923	visium_breast_cancer_SEDR	visium_breast_cancer_SEDR	20	2	4	9	1.72286436639795	16	11	3	19	4	9
TACAGAAACGGTGGGC-1	15103	18071	visium_breast_cancer_SEDR	visium_breast_cancer_SEDR	20	2	4	9	1.72286436639795	16	4	3	19	4	9
TACATAGGCATACACC-1	11698	13551	visium_breast_cancer_SEDR	visium_breast_cancer_SEDR	20	7	2	5	1.67665455436062	8	9	15	9	3	14
TACATCCCTATCCCTG-1	5416	14490	visium_breast_cancer_SEDR	visium_breast_cancer_SEDR	20	1	6	12	1.67665455436062	10	2	6	8	12	12
TACATTTCTAACGTGC-1	11016	13312	visium_breast_cancer_SEDR	visium_breast_cancer_SEDR	20	7	2	5	1.67665455436062	8	9	15	9	3	14
TACCAAATAGCCCAGA-1	11826	18065	visium_breast_cancer_SEDR	visium_breast_cancer_SEDR	20	10	9	16	1.67623493913473	2	4	9	12	11	5
TACCAATAAAGTACCA-1	14831	17120	visium_breast_cancer_SEDR	visium_breast_cancer_SEDR	20	10	9	16	1.67623493913473	2	4	9	2	11	5
TACCAGAAGTAGGTTC-1	10465	15687	visium_breast_cancer_SEDR	visium_breast_cancer_SEDR	20	1	16	8	1.6617002684746	1	14	6	11	9	11
TACCAGCTAGGTTTAA-1	12393	6663	visium_breast_cancer_SEDR	visium_breast_cancer_SEDR	20	5	8	19	1.67623493913473	17	14	16	13	15	2
TACCAGGAATCCCGTC-1	8409	20196	visium_breast_cancer_SEDR	visium_breast_cancer_SEDR	20	8	1	13	1.52220223234363	5	17	18	20	2	15
TACCGAATAATTGTAA-1	16191	19973	visium_breast_cancer_SEDR	visium_breast_cancer_SEDR	20	12	11	1	1.72286436639795	7	15	20	16	5	19
TACCGCGGACTTGCAG-1	16752	11897	visium_breast_cancer_SEDR	visium_breast_cancer_SEDR	20	18	3	10	1.63772676243696	3	16	2	4	12	17
TACCGGCTCACTGCCC-1	12377	15215	visium_breast_cancer_SEDR	visium_breast_cancer_SEDR	20	16	6	14	1.59193656562552	10	16	6	4	12	12
TACCGGTCGTTTCCAT-1	8147	14495	visium_breast_cancer_SEDR	visium_breast_cancer_SEDR	20	7	2	5	1.49313289102338	8	9	11	9	3	13
TACCGTAGGTTAACTA-1	11280	18064	visium_breast_cancer_SEDR	visium_breast_cancer_SEDR	20	10	9	16	1.67623493913473	2	4	9	12	11	5
TACCGTGCCTCGGACC-1	12922	16166	visium_breast_cancer_SEDR	visium_breast_cancer_SEDR	20	18	3	20	1.67623493913473	3	7	2	11	1	1
TACCTACTCCCAGTAT-1	11963	17827	visium_breast_cancer_SEDR	visium_breast_cancer_SEDR	20	10	9	16	1.67623493913473	2	4	9	12	11	5
TACCTCACGCTTGTAC-1	11162	7849	visium_breast_cancer_SEDR	visium_breast_cancer_SEDR	20	5	8	19	1.63772676243696	17	8	16	13	7	2
TACCTCAGTTGTCTGT-1	10324	18299	visium_breast_cancer_SEDR	visium_breast_cancer_SEDR	20	17	14	13	1.79175946922805	11	17	1	18	2	15
TACCTCCACACCAATG-1	7455	19482	visium_breast_cancer_SEDR	visium_breast_cancer_SEDR	20	8	1	13	1.67623493913473	5	20	18	20	6	16
TACCTGCTGCACTGTG-1	6515	10691	visium_breast_cancer_SEDR	visium_breast_cancer_SEDR	20	1	6	12	1.71474311583251	14	2	6	8	14	11
TACCTTAAGATTTCCC-1	7462	15681	visium_breast_cancer_SEDR	visium_breast_cancer_SEDR	20	1	6	12	1.67665455436062	10	2	6	8	12	11
TACGAACACGACTTCA-1	10746	11411	visium_breast_cancer_SEDR	visium_breast_cancer_SEDR	20	20	7	2	1.56071040904141	14	1	13	15	9	18
TACGACGCTTGCTGCG-1	10876	14975	visium_breast_cancer_SEDR	visium_breast_cancer_SEDR	20	7	2	5	1.49747860743782	8	9	15	9	3	13
TACGACTGCCTCTTAG-1	12515	14503	visium_breast_cancer_SEDR	visium_breast_cancer_SEDR	20	1	6	12	1.63814637766285	10	16	6	4	12	11
TACGAGAACTTCACGT-1	8833	12358	visium_breast_cancer_SEDR	visium_breast_cancer_SEDR	20	7	2	5	1.49313289102338	8	9	11	9	3	13
TACGATGTTGATCATC-1	8287	12357	visium_breast_cancer_SEDR	visium_breast_cancer_SEDR	20	7	2	5	1.56071040904141	8	9	11	9	9	14
TACGCAGTTCTTTCCT-1	10469	13786	visium_breast_cancer_SEDR	visium_breast_cancer_SEDR	20	7	2	11	1.72286436639795	8	9	15	9	9	14
TACGCCATATTCTAAT-1	11425	13550	visium_breast_cancer_SEDR	visium_breast_cancer_SEDR	20	7	2	5	1.67665455436062	8	9	15	9	3	14
TACGCCGAGGGTACCC-1	8141	17345	visium_breast_cancer_SEDR	visium_breast_cancer_SEDR	20	8	1	13	1.67623493913473	5	20	18	20	6	16
TACGCCTCCATTCCGA-1	11555	17114	visium_breast_cancer_SEDR	visium_breast_cancer_SEDR	20	10	9	16	1.67623493913473	2	4	9	12	11	5
TACGCTATAGAAACCT-1	17708	12136	visium_breast_cancer_SEDR	visium_breast_cancer_SEDR	20	4	5	4	1.63772676243696	18	1	4	3	8	10
TACGCTCCTAGAACTG-1	9909	21387	visium_breast_cancer_SEDR	visium_breast_cancer_SEDR	20	8	1	13	1.56071040904141	5	20	19	20	2	15
TACGCTCGGTATTGGA-1	18925	18553	visium_breast_cancer_SEDR	visium_breast_cancer_SEDR	20	4	5	4	1.54617573838128	15	3	4	3	8	10
TACGCTGCACGGTCGT-1	19465	21879	visium_breast_cancer_SEDR	visium_breast_cancer_SEDR	20	2	4	9	1.72286436639795	16	11	3	19	4	9
TACGCTGCTGTGTTAA-1	6771	20193	visium_breast_cancer_SEDR	visium_breast_cancer_SEDR	20	8	1	13	1.75325129253028	5	20	19	20	6	16
TACGGAAGCCAAACCA-1	13460	20443	visium_breast_cancer_SEDR	visium_breast_cancer_SEDR	20	2	4	9	1.47387880267449	7	15	3	19	5	9
TACGGCATGGACGCTA-1	19197	19028	visium_breast_cancer_SEDR	visium_breast_cancer_SEDR	20	11	17	10	1.63772676243696	3	10	2	2	18	1
TACGGGATGCTAGCAG-1	14846	9043	visium_breast_cancer_SEDR	visium_breast_cancer_SEDR	20	15	3	6	1.63772676243696	3	13	5	1	1	8
TACGGGTAATAACATA-1	15507	21159	visium_breast_cancer_SEDR	visium_breast_cancer_SEDR	20	2	4	17	1.72286436639795	16	11	3	19	4	9
TACGTAAAGCGGAGTG-1	17558	19025	visium_breast_cancer_SEDR	visium_breast_cancer_SEDR	20	12	11	1	1.72286436639795	7	15	20	16	5	19
TACGTACTAGTGCTGA-1	9231	18772	visium_breast_cancer_SEDR	visium_breast_cancer_SEDR	20	8	1	13	1.56071040904141	5	20	18	20	6	15
TACGTGCACTATGCTG-1	8020	9031	visium_breast_cancer_SEDR	visium_breast_cancer_SEDR	20	16	15	14	1.35363485489241	3	7	5	11	14	12
TACGTGGGCCCAGGGC-1	14552	20445	visium_breast_cancer_SEDR	visium_breast_cancer_SEDR	20	2	4	17	1.47387880267449	7	15	3	19	5	9
TACGTTTACCGGCAAT-1	7875	13544	visium_breast_cancer_SEDR	visium_breast_cancer_SEDR	20	7	2	5	1.49313289102338	8	9	11	9	3	13
TACTACGTGCAATGCG-1	15098	20921	visium_breast_cancer_SEDR	visium_breast_cancer_SEDR	20	2	4	9	1.72286436639795	16	11	3	19	5	9
TACTCCTCTAGTTGAC-1	8411	19246	visium_breast_cancer_SEDR	visium_breast_cancer_SEDR	20	8	1	13	1.56071040904141	5	20	18	20	6	15
TACTCGTTTGAATCAA-1	15234	21159	visium_breast_cancer_SEDR	visium_breast_cancer_SEDR	20	2	4	17	1.72286436639795	16	11	3	19	5	9
TACTCTCCGAACAAAT-1	14573	9043	visium_breast_cancer_SEDR	visium_breast_cancer_SEDR	20	15	3	6	1.63772676243696	3	13	5	1	1	8
TACTCTTACTTTACTG-1	18652	18077	visium_breast_cancer_SEDR	visium_breast_cancer_SEDR	20	4	5	4	1.54617573838128	15	3	4	3	8	10
TACTGCAATCAATTAC-1	17440	9285	visium_breast_cancer_SEDR	visium_breast_cancer_SEDR	20	13	0	18	1.71474311583251	4	18	14	17	0	7
TACTGGACAGCTCGGC-1	6922	12354	visium_breast_cancer_SEDR	visium_breast_cancer_SEDR	20	7	2	5	1.49313289102338	8	9	11	9	3	13
TACTGTTTCTCTGGTA-1	19750	15228	visium_breast_cancer_SEDR	visium_breast_cancer_SEDR	20	15	3	7	1.56071040904141	3	7	5	1	1	17
TACTTAAACATGTACA-1	18240	19739	visium_breast_cancer_SEDR	visium_breast_cancer_SEDR	20	12	11	1	1.72286436639795	7	15	20	16	5	19
TACTTTACTGAGCCGG-1	16617	11184	visium_breast_cancer_SEDR	visium_breast_cancer_SEDR	20	6	0	18	1.68435618970018	10	5	6	6	0	7
TACTTTCCGCACGCCA-1	6097	15203	visium_breast_cancer_SEDR	visium_breast_cancer_SEDR	20	15	3	20	1.67623493913473	3	13	6	4	1	17
TAGAAACCACTAAGTA-1	14307	5241	visium_breast_cancer_SEDR	visium_breast_cancer_SEDR	20	19	5	15	1.44518587894808	6	3	12	3	17	6
TAGAAAGGTGGCGCTA-1	14569	11418	visium_breast_cancer_SEDR	visium_breast_cancer_SEDR	20	16	3	6	1.4546247143256	14	14	5	1	14	8
TAGAATAGCCGATGAA-1	17149	18787	visium_breast_cancer_SEDR	visium_breast_cancer_SEDR	20	12	11	1	1.72286436639795	7	15	20	16	5	19
TAGAATTAAGGGCAAC-1	13895	6428	visium_breast_cancer_SEDR	visium_breast_cancer_SEDR	20	19	5	15	1.44518587894808	6	3	12	3	17	6
TAGACGAAACGCCAAT-1	13463	19018	visium_breast_cancer_SEDR	visium_breast_cancer_SEDR	20	10	9	16	1.67623493913473	2	4	9	12	11	5
TAGACGCCCGTACCGG-1	15797	11658	visium_breast_cancer_SEDR	visium_breast_cancer_SEDR	20	6	0	12	1.6458480130024	10	2	6	6	0	7
TAGACTACCTAGCGTT-1	17706	13087	visium_breast_cancer_SEDR	visium_breast_cancer_SEDR	20	19	5	15	1.44518587894808	6	3	12	3	17	6
TAGACTCAGTTGGCCT-1	5405	20666	visium_breast_cancer_SEDR	visium_breast_cancer_SEDR	20	8	1	13	1.67623493913473	5	20	18	20	2	16
TAGAGATCATGCAACT-1	7054	14493	visium_breast_cancer_SEDR	visium_breast_cancer_SEDR	20	7	2	11	1.50766756168351	14	14	11	9	9	13
TAGAGCTACGAAGAAC-1	10754	7135	visium_breast_cancer_SEDR	visium_breast_cancer_SEDR	20	3	12	19	1.75325129253028	19	8	8	14	13	20
TAGAGGGAGTTTATCT-1	12366	21391	visium_breast_cancer_SEDR	visium_breast_cancer_SEDR	20	8	1	13	1.71474311583251	11	17	18	20	2	15
TAGAGGTTCTACTTGT-1	16607	16886	visium_breast_cancer_SEDR	visium_breast_cancer_SEDR	20	2	4	9	1.47387880267449	7	15	3	19	5	9
TAGAGTCTAAGCGAAC-1	11020	10936	visium_breast_cancer_SEDR	visium_breast_cancer_SEDR	20	20	7	2	1.71474311583251	9	1	13	15	10	18
TAGAGTGTTCCGGGTA-1	17280	21875	visium_breast_cancer_SEDR	visium_breast_cancer_SEDR	20	2	4	17	1.72286436639795	16	11	3	19	4	9
TAGATATGGACTGGAA-1	10738	15687	visium_breast_cancer_SEDR	visium_breast_cancer_SEDR	20	1	16	8	1.6617002684746	1	14	6	11	9	11
TAGATCCGAAGTCGCA-1	13349	6427	visium_breast_cancer_SEDR	visium_breast_cancer_SEDR	20	19	5	15	1.52220223234363	6	3	12	12	17	6
TAGATGGTTCCTTACT-1	16741	18074	visium_breast_cancer_SEDR	visium_breast_cancer_SEDR	20	2	4	17	1.47387880267449	7	15	3	19	4	9
TAGATTCAAAGTGCGG-1	8818	20435	visium_breast_cancer_SEDR	visium_breast_cancer_SEDR	20	8	1	13	1.56071040904141	5	17	19	20	2	15
TAGATTCCTGGTTATT-1	6240	11640	visium_breast_cancer_SEDR	visium_breast_cancer_SEDR	20	7	16	11	1.67623493913473	14	14	11	9	9	11
TAGATTCTCTAGCAAA-1	19738	21405	visium_breast_cancer_SEDR	visium_breast_cancer_SEDR	20	2	4	9	1.72286436639795	16	11	3	19	4	9
TAGCAACCTGTCACAA-1	7064	9266	visium_breast_cancer_SEDR	visium_breast_cancer_SEDR	20	9	10	19	1.59921858573918	13	8	16	14	7	4
TAGCAGATACTTAGGG-1	16189	21398	visium_breast_cancer_SEDR	visium_breast_cancer_SEDR	20	2	4	9	1.72286436639795	16	11	3	19	4	9
TAGCAGTATGACTAAA-1	16875	19737	visium_breast_cancer_SEDR	visium_breast_cancer_SEDR	20	12	11	1	1.72286436639795	7	15	20	16	5	19
TAGCCATTTCAAAGTC-1	15656	14271	visium_breast_cancer_SEDR	visium_breast_cancer_SEDR	20	17	14	13	1.63772676243696	11	17	17	18	19	15
TAGCCGGCGGTCAGCG-1	15114	11894	visium_breast_cancer_SEDR	visium_breast_cancer_SEDR	20	16	15	14	1.59921858573918	12	2	5	4	1	12
TAGCGTCCCTCGATTG-1	18385	14751	visium_breast_cancer_SEDR	visium_breast_cancer_SEDR	20	4	18	4	1.63772676243696	15	10	4	11	18	10
TAGCGTCCGGTGTGGT-1	14013	16643	visium_breast_cancer_SEDR	visium_breast_cancer_SEDR	20	10	9	16	1.67623493913473	2	4	9	12	11	5
TAGCGTTGGGTCTTAC-1	12791	13078	visium_breast_cancer_SEDR	visium_breast_cancer_SEDR	20	7	2	5	1.67665455436062	8	9	15	9	3	14
TAGCTAAGTCCGGGAG-1	11293	10937	visium_breast_cancer_SEDR	visium_breast_cancer_SEDR	20	20	7	2	1.71474311583251	9	1	13	15	10	18
TAGCTAGTGATGATGG-1	10051	18299	visium_breast_cancer_SEDR	visium_breast_cancer_SEDR	20	8	1	13	1.56071040904141	5	20	18	20	2	15
TAGCTCAGATCCTAGT-1	19357	5963	visium_breast_cancer_SEDR	visium_breast_cancer_SEDR	20	6	0	18	1.67623493913473	12	5	7	7	0	7
TAGCTGATGTGAAGCG-1	4871	14013	visium_breast_cancer_SEDR	visium_breast_cancer_SEDR	20	1	6	12	1.67665455436062	10	2	6	8	12	12
TAGGAACAGCCTCCAG-1	15399	5243	visium_breast_cancer_SEDR	visium_breast_cancer_SEDR	20	14	13	3	1.75325129253028	12	12	10	5	16	3
TAGGAGGCTCGAGAAC-1	19192	21404	visium_breast_cancer_SEDR	visium_breast_cancer_SEDR	20	2	4	9	1.6086574211167	16	15	3	19	5	9
TAGGCATGTTACGCCA-1	15118	9519	visium_breast_cancer_SEDR	visium_breast_cancer_SEDR	20	15	3	7	1.63772676243696	3	13	5	1	1	8
TAGGCCTATATAGTCT-1	18513	19740	visium_breast_cancer_SEDR	visium_breast_cancer_SEDR	20	12	11	1	1.72286436639795	7	15	20	16	5	19
TAGGCGATGAGGTCTC-1	5002	17102	visium_breast_cancer_SEDR	visium_breast_cancer_SEDR	20	15	3	7	1.79175946922805	20	19	5	1	1	8
TAGGCGGCTGCAAAGA-1	5270	19478	visium_breast_cancer_SEDR	visium_breast_cancer_SEDR	20	8	1	13	1.67623493913473	5	20	18	20	6	16
TAGGCTAAAGTGGCAC-1	17011	19499	visium_breast_cancer_SEDR	visium_breast_cancer_SEDR	20	12	11	1	1.72286436639795	7	15	20	16	5	19
TAGGGAGCTTGGGATG-1	16615	12610	visium_breast_cancer_SEDR	visium_breast_cancer_SEDR	20	18	3	10	1.56071040904141	3	16	2	4	1	17
TAGGGTGTTTCAAGAG-1	10887	9273	visium_breast_cancer_SEDR	visium_breast_cancer_SEDR	20	9	8	19	1.63772676243696	13	8	16	13	7	2
TAGGTCCAAGTAAGGA-1	6651	10928	visium_breast_cancer_SEDR	visium_breast_cancer_SEDR	20	7	16	11	1.60733983630463	14	14	15	9	9	11
TAGGTCGCCGGAACTG-1	17162	11660	visium_breast_cancer_SEDR	visium_breast_cancer_SEDR	20	18	3	20	1.56071040904141	3	16	2	4	1	17
TAGGTGACGATAACCT-1	14283	18544	visium_breast_cancer_SEDR	visium_breast_cancer_SEDR	20	10	9	16	1.67623493913473	2	4	9	12	11	5
TAGGTGAGCCCTACTC-1	8017	10931	visium_breast_cancer_SEDR	visium_breast_cancer_SEDR	20	7	16	8	1.6458480130024	14	7	15	9	9	11
TAGGTGCTCGCCTAGC-1	15248	13557	visium_breast_cancer_SEDR	visium_breast_cancer_SEDR	20	17	14	13	1.59921858573918	5	17	17	18	19	16
TAGGTGTTCCACAGAT-1	11689	18302	visium_breast_cancer_SEDR	visium_breast_cancer_SEDR	20	10	9	16	1.67623493913473	2	4	9	12	11	5
TAGGTTCGAGTTCGTC-1	12656	12365	visium_breast_cancer_SEDR	visium_breast_cancer_SEDR	20	20	7	2	1.56071040904141	9	1	13	15	3	18
TAGGTTCTGCTGAGAA-1	11957	21153	visium_breast_cancer_SEDR	visium_breast_cancer_SEDR	20	8	1	13	1.52220223234363	5	17	18	20	2	15
TAGTACCACAACTTTC-1	5271	19003	visium_breast_cancer_SEDR	visium_breast_cancer_SEDR	20	8	1	13	1.67623493913473	5	20	18	20	6	16
TAGTACCTTAGTGGTC-1	6382	9028	visium_breast_cancer_SEDR	visium_breast_cancer_SEDR	20	9	10	19	1.59921858573918	13	8	16	14	7	4
TAGTAGCTTATACCAG-1	9368	18535	visium_breast_cancer_SEDR	visium_breast_cancer_SEDR	20	8	1	13	1.56071040904141	5	20	18	20	6	15
TAGTCCCGGAGACCAC-1	10048	19724	visium_breast_cancer_SEDR	visium_breast_cancer_SEDR	20	8	1	13	1.56071040904141	5	20	18	20	2	15
TAGTCCGCAGAGAATG-1	10743	13311	visium_breast_cancer_SEDR	visium_breast_cancer_SEDR	20	7	2	11	1.72286436639795	8	9	15	9	9	14
TAGTCCGTATGCATAA-1	5292	7600	visium_breast_cancer_SEDR	visium_breast_cancer_SEDR	20	9	10	19	1.71474311583251	13	8	16	13	7	4
TAGTCCTGCACTAAGC-1	6907	20431	visium_breast_cancer_SEDR	visium_breast_cancer_SEDR	20	8	1	13	1.75325129253028	5	20	19	20	6	16
TAGTCGATCACGGGTT-1	16609	15460	visium_breast_cancer_SEDR	visium_breast_cancer_SEDR	20	18	3	20	1.56071040904141	3	10	2	11	1	17
TAGTCTAACAACGAGA-1	8148	13544	visium_breast_cancer_SEDR	visium_breast_cancer_SEDR	20	7	2	5	1.49313289102338	8	9	11	9	3	13
TAGTCTGCGGCACATT-1	8407	21146	visium_breast_cancer_SEDR	visium_breast_cancer_SEDR	20	8	1	13	1.56071040904141	5	17	19	20	2	15
TAGTCTGTGACGTTGC-1	17576	9523	visium_breast_cancer_SEDR	visium_breast_cancer_SEDR	20	6	0	18	1.71474311583251	12	5	7	6	0	7
TAGTCTTTCCGAATTG-1	19339	15940	visium_breast_cancer_SEDR	visium_breast_cancer_SEDR	20	15	3	7	1.63772676243696	3	13	5	1	1	8
TAGTGCCCTCCAGAGT-1	10609	11648	visium_breast_cancer_SEDR	visium_breast_cancer_SEDR	20	7	2	11	1.60733983630463	14	14	15	9	9	14
TAGTGGAACTCATACA-1	14854	4767	visium_breast_cancer_SEDR	visium_breast_cancer_SEDR	20	14	13	4	1.63772676243696	15	3	10	3	16	3
TAGTGTCAGAAACGGC-1	6109	9027	visium_breast_cancer_SEDR	visium_breast_cancer_SEDR	20	9	10	19	1.59921858573918	13	8	16	14	7	4
TAGTTAAGATAGGATA-1	14714	6905	visium_breast_cancer_SEDR	visium_breast_cancer_SEDR	20	14	13	20	1.67623493913473	3	10	10	11	18	3
TAGTTTATTCTTGCTT-1	11300	7136	visium_breast_cancer_SEDR	visium_breast_cancer_SEDR	20	3	12	19	1.75325129253028	19	8	8	14	13	20
TATAAATCCACAAGCT-1	9522	8796	visium_breast_cancer_SEDR	visium_breast_cancer_SEDR	20	5	8	19	1.63772676243696	17	8	16	13	7	2
TATAAGTGAGGATAGC-1	8839	9032	visium_breast_cancer_SEDR	visium_breast_cancer_SEDR	20	9	8	8	1.67623493913473	17	7	16	11	9	2
TATACACGCAAAGTAT-1	8431	8319	visium_breast_cancer_SEDR	visium_breast_cancer_SEDR	20	3	8	19	1.79175946922805	19	8	16	13	7	20
TATACCGAGTGCCACA-1	19885	15941	visium_breast_cancer_SEDR	visium_breast_cancer_SEDR	20	15	3	6	1.63772676243696	3	13	5	1	1	8
TATACGCGTCATCACT-1	12781	18304	visium_breast_cancer_SEDR	visium_breast_cancer_SEDR	20	10	9	16	1.67623493913473	2	4	9	12	11	5
TATACTCATGCGGCAA-1	5973	8789	visium_breast_cancer_SEDR	visium_breast_cancer_SEDR	20	9	10	19	1.59921858573918	13	8	16	14	7	4
TATAGAGTCGCTTGAA-1	9776	19249	visium_breast_cancer_SEDR	visium_breast_cancer_SEDR	20	8	1	13	1.56071040904141	5	20	18	20	2	15
TATAGATGGTCGCAGT-1	17432	13561	visium_breast_cancer_SEDR	visium_breast_cancer_SEDR	20	19	5	15	1.44518587894808	6	3	12	3	17	6
TATAGGGTACTCATGA-1	6239	12591	visium_breast_cancer_SEDR	visium_breast_cancer_SEDR	20	7	2	5	1.50766756168351	14	9	11	9	9	13
TATAGTTAGGTGTACT-1	5131	21140	visium_breast_cancer_SEDR	visium_breast_cancer_SEDR	20	8	1	13	1.67623493913473	5	20	18	20	2	16
TATATAGGGCTTTACG-1	8002	19008	visium_breast_cancer_SEDR	visium_breast_cancer_SEDR	20	8	1	13	1.56071040904141	5	20	18	20	6	15
TATATATCGAGAAATG-1	7320	18294	visium_breast_cancer_SEDR	visium_breast_cancer_SEDR	20	8	1	13	1.67623493913473	5	20	18	20	6	16
TATATCAAAGTGATCT-1	8544	20909	visium_breast_cancer_SEDR	visium_breast_cancer_SEDR	20	8	1	13	1.56071040904141	5	17	19	20	2	15
TATATCCCTGGGAGGA-1	16888	12610	visium_breast_cancer_SEDR	visium_breast_cancer_SEDR	20	18	18	10	1.58468391507905	3	16	4	4	15	17
TATATTACAAATGTCG-1	18125	8099	visium_breast_cancer_SEDR	visium_breast_cancer_SEDR	20	13	0	18	1.63772676243696	4	18	14	6	0	7
TATATTCGCGTCGATA-1	11985	5950	visium_breast_cancer_SEDR	visium_breast_cancer_SEDR	20	19	5	15	1.44518587894808	6	3	12	3	17	6
TATCACAGCACGGGCA-1	12260	5000	visium_breast_cancer_SEDR	visium_breast_cancer_SEDR	20	14	13	3	1.67623493913473	6	12	10	5	17	3
TATCACCATGTAAAGT-1	16490	6195	visium_breast_cancer_SEDR	visium_breast_cancer_SEDR	20	6	0	18	1.75325129253028	12	18	7	6	0	7
TATCACCCAACCGACC-1	17166	9760	visium_breast_cancer_SEDR	visium_breast_cancer_SEDR	20	6	0	18	1.71474311583251	12	5	7	6	0	7
TATCACTTCGAGTAAC-1	17032	8097	visium_breast_cancer_SEDR	visium_breast_cancer_SEDR	20	13	0	18	1.71474311583251	4	18	14	17	0	7
TATCCAATTGGTTATC-1	14285	17119	visium_breast_cancer_SEDR	visium_breast_cancer_SEDR	20	10	9	16	1.67623493913473	2	4	9	12	11	5
TATCCATATCATGCGA-1	10615	8323	visium_breast_cancer_SEDR	visium_breast_cancer_SEDR	20	5	8	19	1.63772676243696	17	8	16	13	11	5
TATCCATCTCGGTTAG-1	5818	18529	visium_breast_cancer_SEDR	visium_breast_cancer_SEDR	20	8	1	13	1.67623493913473	5	20	18	20	6	16
TATCCGCACCGTCGGG-1	10734	18063	visium_breast_cancer_SEDR	visium_breast_cancer_SEDR	20	17	3	10	1.75325129253028	3	17	1	18	1	1
TATCCTATCAACTGGT-1	11549	20440	visium_breast_cancer_SEDR	visium_breast_cancer_SEDR	20	17	14	13	1.71474311583251	11	17	1	20	2	15
TATCCTGCATGGGAAT-1	10890	7373	visium_breast_cancer_SEDR	visium_breast_cancer_SEDR	20	5	12	19	1.63772676243696	19	8	8	13	13	2
TATCGATCTATGCATA-1	15528	9282	visium_breast_cancer_SEDR	visium_breast_cancer_SEDR	20	15	3	7	1.63772676243696	3	13	5	1	1	7
TATCGATGATTAAACG-1	10204	9510	visium_breast_cancer_SEDR	visium_breast_cancer_SEDR	20	5	8	19	1.63772676243696	17	14	16	13	7	2
TATCTACAGAGGTAAT-1	6787	11166	visium_breast_cancer_SEDR	visium_breast_cancer_SEDR	20	7	2	11	1.72286436639795	8	9	15	9	9	14
TATCTACCACAGCGGG-1	11697	14026	visium_breast_cancer_SEDR	visium_breast_cancer_SEDR	20	7	2	5	1.67665455436062	8	9	15	9	3	14
TATCTGAGCCGATATT-1	4588	19239	visium_breast_cancer_SEDR	visium_breast_cancer_SEDR	20	8	1	13	1.67623493913473	5	20	18	20	2	16
TATCTTGCAATACAAC-1	5684	17341	visium_breast_cancer_SEDR	visium_breast_cancer_SEDR	20	8	1	13	1.59921858573918	5	17	18	20	2	16
TATGAAGAATTAAGGT-1	17011	19974	visium_breast_cancer_SEDR	visium_breast_cancer_SEDR	20	12	11	1	1.72286436639795	7	15	20	16	5	19
TATGAAGACAGGTGCG-1	6378	10928	visium_breast_cancer_SEDR	visium_breast_cancer_SEDR	20	1	16	8	1.53164106772115	14	14	6	1	14	11
TATGATAAATCTAACG-1	14716	5480	visium_breast_cancer_SEDR	visium_breast_cancer_SEDR	20	4	5	4	1.67623493913473	15	3	12	3	8	10
TATGATCCGGCACGCC-1	18803	10238	visium_breast_cancer_SEDR	visium_breast_cancer_SEDR	20	6	0	18	1.75325129253028	12	18	7	6	0	7
TATGATCTTCTCTTTA-1	15786	17834	visium_breast_cancer_SEDR	visium_breast_cancer_SEDR	20	2	4	17	1.47387880267449	7	15	3	19	5	9
TATGATTCTGCTTGGT-1	8300	5230	visium_breast_cancer_SEDR	visium_breast_cancer_SEDR	20	5	8	19	1.63772676243696	17	8	16	13	7	2
TATGCTCCCTACTTAC-1	11841	9988	visium_breast_cancer_SEDR	visium_breast_cancer_SEDR	20	20	7	2	1.71474311583251	9	1	13	15	10	18
TATGGAGTTTCTCGTT-1	7890	5467	visium_breast_cancer_SEDR	visium_breast_cancer_SEDR	20	9	10	19	1.59921858573918	13	8	16	14	7	4
TATGGATGTGCTACGC-1	10885	10224	visium_breast_cancer_SEDR	visium_breast_cancer_SEDR	20	20	7	2	1.71474311583251	9	1	13	15	10	18
TATGGCCCGGCCTCGC-1	7607	11168	visium_breast_cancer_SEDR	visium_breast_cancer_SEDR	20	7	2	5	1.52220223234363	8	9	11	9	3	14
TATGGGACCGAGCAGG-1	11154	12600	visium_breast_cancer_SEDR	visium_breast_cancer_SEDR	20	7	2	5	1.67665455436062	8	9	15	9	3	14
TATGGGTACGTATCGT-1	11428	11650	visium_breast_cancer_SEDR	visium_breast_cancer_SEDR	20	20	7	2	1.71474311583251	9	1	13	15	10	18
TATGGTCTGAGTAACA-1	11427	12600	visium_breast_cancer_SEDR	visium_breast_cancer_SEDR	20	7	2	11	1.68435618970018	8	14	15	9	9	14
TATGGTTAGTGGGAGA-1	17841	13800	visium_breast_cancer_SEDR	visium_breast_cancer_SEDR	20	19	5	15	1.44518587894808	6	3	12	3	17	6
TATGTAAAGTGCTTAA-1	9502	19723	visium_breast_cancer_SEDR	visium_breast_cancer_SEDR	20	8	1	13	1.71474311583251	11	20	18	20	2	15
TATGTCAAGACCGACT-1	16075	8808	visium_breast_cancer_SEDR	visium_breast_cancer_SEDR	20	6	0	18	1.71474311583251	12	5	7	6	0	7
TATGTCTCATTGTGCC-1	14706	11181	visium_breast_cancer_SEDR	visium_breast_cancer_SEDR	20	16	15	14	1.3857296114955	10	7	5	1	14	12
TATTAACACCAAAGCA-1	4866	16864	visium_breast_cancer_SEDR	visium_breast_cancer_SEDR	20	15	3	7	1.79175946922805	20	19	5	1	1	8
TATTACCATCCTGCTT-1	16614	13085	visium_breast_cancer_SEDR	visium_breast_cancer_SEDR	20	14	18	10	1.56071040904141	6	16	4	4	8	1
TATTATGTTTGCCTGC-1	5820	17578	visium_breast_cancer_SEDR	visium_breast_cancer_SEDR	20	8	1	13	1.59921858573918	5	17	18	20	6	16
TATTCAATTCTAATCC-1	13612	12129	visium_breast_cancer_SEDR	visium_breast_cancer_SEDR	20	20	7	2	1.71474311583251	9	1	13	15	10	18
TATTCCGAGCTGTTAT-1	15241	16883	visium_breast_cancer_SEDR	visium_breast_cancer_SEDR	20	2	4	17	1.72286436639795	16	11	3	19	4	9
TATTCCGGCAGTCCTA-1	11304	5236	visium_breast_cancer_SEDR	visium_breast_cancer_SEDR	20	5	8	19	1.59921858573918	17	12	16	13	15	2
TATTCCTCCGCCCACT-1	7872	15444	visium_breast_cancer_SEDR	visium_breast_cancer_SEDR	20	1	6	12	1.63772676243696	14	2	6	8	9	11
TATTCGTGCCAGAATA-1	12247	12126	visium_breast_cancer_SEDR	visium_breast_cancer_SEDR	20	20	7	2	1.71474311583251	9	1	13	15	10	18
TATTGACATTTCTGCC-1	19482	12377	visium_breast_cancer_SEDR	visium_breast_cancer_SEDR	20	19	5	15	1.44518587894808	6	3	12	3	17	6
TATTGCCGGGCTTGTA-1	18922	19978	visium_breast_cancer_SEDR	visium_breast_cancer_SEDR	20	12	11	1	1.6086574211167	7	15	20	16	5	9
TATTTAGTCTAGATCG-1	11434	8324	visium_breast_cancer_SEDR	visium_breast_cancer_SEDR	20	5	8	19	1.63772676243696	17	8	16	13	7	2
TATTTATACCGAGTAG-1	14166	7854	visium_breast_cancer_SEDR	visium_breast_cancer_SEDR	20	14	3	20	1.59921858573918	3	10	10	11	1	3
TATTTGATTTGCACAG-1	19610	16891	visium_breast_cancer_SEDR	visium_breast_cancer_SEDR	20	18	3	20	1.63772676243696	3	13	2	11	1	17
TATTTGTTACCCTTTA-1	9794	9746	visium_breast_cancer_SEDR	visium_breast_cancer_SEDR	20	16	8	14	1.52220223234363	17	14	13	11	14	12
TCAAACAACCGCGTCG-1	11705	9750	visium_breast_cancer_SEDR	visium_breast_cancer_SEDR	20	5	8	19	1.67623493913473	17	8	16	13	15	2
TCAAACTTAGATTGTT-1	12384	11414	visium_breast_cancer_SEDR	visium_breast_cancer_SEDR	20	20	7	2	1.71474311583251	9	1	13	15	10	18
TCAAAGTCACGGCGTC-1	6770	20668	visium_breast_cancer_SEDR	visium_breast_cancer_SEDR	20	8	1	13	1.75325129253028	5	20	19	20	6	16
TCAAATTGTTGTGCCG-1	14143	20207	visium_breast_cancer_SEDR	visium_breast_cancer_SEDR	20	12	11	1	1.63814637766285	7	15	20	19	5	19
TCAAATTTGAGACTCA-1	13054	18304	visium_breast_cancer_SEDR	visium_breast_cancer_SEDR	20	10	9	16	1.67623493913473	2	4	9	12	11	5
TCAACAAAGATAATTC-1	7460	16631	visium_breast_cancer_SEDR	visium_breast_cancer_SEDR	20	17	14	13	1.79175946922805	11	2	1	18	19	15
TCAACACATTGGGTAA-1	8297	6656	visium_breast_cancer_SEDR	visium_breast_cancer_SEDR	20	3	12	19	1.75325129253028	19	8	8	14	13	20
TCAACATAGCGCCCTA-1	9506	17823	visium_breast_cancer_SEDR	visium_breast_cancer_SEDR	20	17	14	10	1.79175946922805	11	17	1	18	2	1
TCAACATCGACCGAGA-1	5689	14490	visium_breast_cancer_SEDR	visium_breast_cancer_SEDR	20	1	6	12	1.67665455436062	10	2	6	8	12	12
TCAACCATGTTCGGGC-1	10476	9985	visium_breast_cancer_SEDR	visium_breast_cancer_SEDR	20	20	7	2	1.71474311583251	9	1	13	15	10	18
TCAACGAGGAGACAAA-1	11151	14025	visium_breast_cancer_SEDR	visium_breast_cancer_SEDR	20	7	2	5	1.67665455436062	8	9	15	9	3	14
TCAACGCAGGAAATAA-1	7735	15682	visium_breast_cancer_SEDR	visium_breast_cancer_SEDR	20	1	6	12	1.67665455436062	10	2	6	8	12	11
TCAACGCGACCGGCAG-1	6647	13304	visium_breast_cancer_SEDR	visium_breast_cancer_SEDR	20	7	2	5	1.49313289102338	8	9	11	9	3	13
TCAACTAACGTATAAC-1	6104	11403	visium_breast_cancer_SEDR	visium_breast_cancer_SEDR	20	1	6	12	1.68435618970018	10	14	6	8	14	11
TCAACTGCAGAGTCAG-1	18244	17364	visium_breast_cancer_SEDR	visium_breast_cancer_SEDR	20	4	5	4	1.58468391507905	15	3	4	9	8	10
TCAAGAAATACTAGCT-1	18254	12137	visium_breast_cancer_SEDR	visium_breast_cancer_SEDR	20	4	5	4	1.63772676243696	18	1	4	3	8	10
TCAAGCGCGGACGGTA-1	19062	17840	visium_breast_cancer_SEDR	visium_breast_cancer_SEDR	20	4	5	4	1.54617573838128	15	3	4	3	8	10
TCAAGGTTACTACACC-1	17565	15224	visium_breast_cancer_SEDR	visium_breast_cancer_SEDR	20	18	3	20	1.56071040904141	3	10	2	11	1	17
TCAATACGCCGTCATG-1	11824	19015	visium_breast_cancer_SEDR	visium_breast_cancer_SEDR	20	10	9	16	1.67623493913473	2	4	9	12	11	5
TCAATATACAGGAGGC-1	19603	20692	visium_breast_cancer_SEDR	visium_breast_cancer_SEDR	20	12	11	1	1.48411367087175	7	15	3	19	5	19
TCAATCCGGGAAGTTT-1	17690	21639	visium_breast_cancer_SEDR	visium_breast_cancer_SEDR	20	2	4	17	1.72286436639795	16	11	3	19	5	9
TCACAAACCGAGGTAC-1	16467	18548	visium_breast_cancer_SEDR	visium_breast_cancer_SEDR	20	12	11	1	1.48411367087175	7	15	3	19	5	19
TCACAGATCCTCAAAC-1	5567	6651	visium_breast_cancer_SEDR	visium_breast_cancer_SEDR	20	9	10	19	1.59963820096508	13	8	16	10	14	4
TCACAGGTTATTGGGC-1	10063	11647	visium_breast_cancer_SEDR	visium_breast_cancer_SEDR	20	7	2	11	1.72286436639795	8	9	15	9	9	14
TCACATCTTATCTGAT-1	6242	10690	visium_breast_cancer_SEDR	visium_breast_cancer_SEDR	20	1	6	12	1.67665455436062	10	2	6	8	12	11
TCACCCTCTTAAGATT-1	11559	14738	visium_breast_cancer_SEDR	visium_breast_cancer_SEDR	20	7	2	11	1.60733983630463	14	14	15	9	9	14
TCACCGCTCGGCACTC-1	16071	11183	visium_breast_cancer_SEDR	visium_breast_cancer_SEDR	20	6	0	12	1.6458480130024	10	2	6	6	0	7
TCACGATGTCCGTGGA-1	7324	16393	visium_breast_cancer_SEDR	visium_breast_cancer_SEDR	20	16	6	14	1.75325129253028	4	2	1	4	12	12
TCACGCATTGTAGATC-1	10199	11885	visium_breast_cancer_SEDR	visium_breast_cancer_SEDR	20	7	2	11	1.72286436639795	8	9	15	9	9	14
TCACGGCCCAAGAGAG-1	5952	20192	visium_breast_cancer_SEDR	visium_breast_cancer_SEDR	20	8	1	13	1.67623493913473	5	20	18	20	6	16
TCACGGTCATCGCACA-1	9657	9509	visium_breast_cancer_SEDR	visium_breast_cancer_SEDR	20	9	8	20	1.59921858573918	17	14	16	11	14	17
TCACGTGCCCGATTCA-1	11972	13076	visium_breast_cancer_SEDR	visium_breast_cancer_SEDR	20	7	2	11	1.60733983630463	14	14	15	9	9	14
TCACTACGACCAATGC-1	16488	7146	visium_breast_cancer_SEDR	visium_breast_cancer_SEDR	20	13	0	18	1.71474311583251	4	18	14	17	0	7
TCACTATCCCTTCGGT-1	17691	21163	visium_breast_cancer_SEDR	visium_breast_cancer_SEDR	20	12	11	1	1.72286436639795	7	15	20	16	5	19
TCACTCGTGCAACGGC-1	16214	7620	visium_breast_cancer_SEDR	visium_breast_cancer_SEDR	20	6	0	18	1.67623493913473	12	18	7	17	0	7
TCAGAACCTCCACAGG-1	17982	11187	visium_breast_cancer_SEDR	visium_breast_cancer_SEDR	20	18	3	20	1.56071040904141	3	10	2	11	1	17
TCAGAACGGCGGTAAT-1	14278	21395	visium_breast_cancer_SEDR	visium_breast_cancer_SEDR	20	2	4	9	1.6086574211167	16	15	3	19	5	9
TCAGAGGACGCGTTAG-1	15369	21872	visium_breast_cancer_SEDR	visium_breast_cancer_SEDR	20	2	4	9	1.72286436639795	16	11	3	19	4	9
TCAGCAAATGCATCTC-1	13477	11416	visium_breast_cancer_SEDR	visium_breast_cancer_SEDR	20	20	7	2	1.71474311583251	9	1	13	15	10	18
TCAGCAGTAGGCCCTG-1	9095	18535	visium_breast_cancer_SEDR	visium_breast_cancer_SEDR	20	8	1	13	1.56071040904141	5	20	18	20	6	15
TCAGCCAATCCGTAAA-1	17832	19026	visium_breast_cancer_SEDR	visium_breast_cancer_SEDR	20	12	11	1	1.72286436639795	7	15	20	16	5	19
TCAGCGCACGCCGTTT-1	14414	21633	visium_breast_cancer_SEDR	visium_breast_cancer_SEDR	20	17	14	9	1.79175946922805	11	17	1	18	4	15
TCAGGGCGCAAACTCG-1	5699	9264	visium_breast_cancer_SEDR	visium_breast_cancer_SEDR	20	1	6	12	1.51492021222997	10	2	6	1	12	8
TCAGGGTGCACGAAAC-1	15671	5719	visium_breast_cancer_SEDR	visium_breast_cancer_SEDR	20	14	13	20	1.43065120828796	12	13	10	11	1	3
TCAGGGTGTAACGTAA-1	13341	10703	visium_breast_cancer_SEDR	visium_breast_cancer_SEDR	20	20	7	2	1.71474311583251	9	1	13	15	10	18
TCAGGTTCTTTGAGAA-1	9245	11171	visium_breast_cancer_SEDR	visium_breast_cancer_SEDR	20	7	2	11	1.60733983630463	14	14	15	9	9	14
TCAGTACTGACCCGCG-1	8154	10219	visium_breast_cancer_SEDR	visium_breast_cancer_SEDR	20	16	15	14	1.54617573838128	14	7	5	4	14	12
TCAGTAGGGACTATAA-1	10057	14973	visium_breast_cancer_SEDR	visium_breast_cancer_SEDR	20	7	2	5	1.49313289102338	8	9	11	9	3	13
TCAGTGTATACGTCAT-1	8414	17821	visium_breast_cancer_SEDR	visium_breast_cancer_SEDR	20	8	1	13	1.56071040904141	5	20	18	20	6	15
TCAGTTACGGAATGAT-1	13762	4765	visium_breast_cancer_SEDR	visium_breast_cancer_SEDR	20	19	5	15	1.44518587894808	6	3	12	3	17	6
TCATACTTACAGATCC-1	6791	9266	visium_breast_cancer_SEDR	visium_breast_cancer_SEDR	20	9	8	19	1.59921858573918	17	8	16	11	14	4
TCATATGAGCTTTGTT-1	11961	19253	visium_breast_cancer_SEDR	visium_breast_cancer_SEDR	20	10	9	16	1.67623493913473	2	4	9	12	11	5
TCATCACTCGAGCTCG-1	7476	8079	visium_breast_cancer_SEDR	visium_breast_cancer_SEDR	20	3	10	19	1.59921858573918	13	8	8	14	7	4
TCATCCCAGAGGGTGG-1	13075	6902	visium_breast_cancer_SEDR	visium_breast_cancer_SEDR	20	14	13	3	1.54617573838128	6	14	10	13	15	3
TCATCCTCAGCTGCTT-1	15781	20210	visium_breast_cancer_SEDR	visium_breast_cancer_SEDR	20	2	4	17	1.72286436639795	16	11	3	19	4	9
TCATCGATGGTCCCAA-1	7458	17581	visium_breast_cancer_SEDR	visium_breast_cancer_SEDR	20	8	1	13	1.67623493913473	5	20	18	20	6	16
TCATGCAGGTTCTCAT-1	14984	8331	visium_breast_cancer_SEDR	visium_breast_cancer_SEDR	20	18	3	20	1.67623493913473	3	13	2	11	1	7
TCATTCGTATAATTTG-1	18539	5487	visium_breast_cancer_SEDR	visium_breast_cancer_SEDR	20	6	0	18	1.71474311583251	12	5	7	6	0	7
TCATTTAAGTCTCCGA-1	17025	12373	visium_breast_cancer_SEDR	visium_breast_cancer_SEDR	20	18	18	10	1.52220223234363	3	16	4	4	18	17
TCATTTAGAAGTGTGA-1	18518	16889	visium_breast_cancer_SEDR	visium_breast_cancer_SEDR	20	18	3	20	1.63772676243696	3	13	2	11	1	17
TCCAACTCAGCTATCT-1	15918	19972	visium_breast_cancer_SEDR	visium_breast_cancer_SEDR	20	12	11	1	1.72286436639795	7	15	20	16	5	19
TCCAACTTTAAATTCT-1	8967	13546	visium_breast_cancer_SEDR	visium_breast_cancer_SEDR	20	7	2	5	1.49313289102338	8	9	11	9	3	13
TCCAAGCCTAGACACA-1	14280	19969	visium_breast_cancer_SEDR	visium_breast_cancer_SEDR	20	12	11	1	1.63814637766285	7	15	20	19	5	19
TCCAATAAAGGCTACC-1	10732	19013	visium_breast_cancer_SEDR	visium_breast_cancer_SEDR	20	17	14	17	1.79175946922805	11	17	1	18	4	15
TCCACAATGGTTTACG-1	8426	11169	visium_breast_cancer_SEDR	visium_breast_cancer_SEDR	20	7	16	8	1.6458480130024	14	7	15	9	9	11
TCCACATCGTATATTG-1	12641	20442	visium_breast_cancer_SEDR	visium_breast_cancer_SEDR	20	2	4	17	1.6086574211167	16	15	3	19	5	9
TCCACCAAGACATAGG-1	18237	21164	visium_breast_cancer_SEDR	visium_breast_cancer_SEDR	20	12	11	1	1.72286436639795	7	15	20	16	5	19
TCCACCTCTAGCCTTT-1	10733	18538	visium_breast_cancer_SEDR	visium_breast_cancer_SEDR	20	17	3	20	1.63772676243696	3	17	1	11	1	1
TCCACTTTATCTAGGT-1	14296	11418	visium_breast_cancer_SEDR	visium_breast_cancer_SEDR	20	20	7	2	1.67623493913473	9	1	13	15	9	18
TCCAGAGCACCGGTTC-1	13063	13553	visium_breast_cancer_SEDR	visium_breast_cancer_SEDR	20	7	2	5	1.67665455436062	8	9	15	9	3	14
TCCAGATGTACGCCAA-1	19077	9763	visium_breast_cancer_SEDR	visium_breast_cancer_SEDR	20	6	0	18	1.59921858573918	4	18	7	6	0	7
TCCAGCGCTATAAGCG-1	19338	16415	visium_breast_cancer_SEDR	visium_breast_cancer_SEDR	20	15	3	6	1.63772676243696	3	13	5	1	1	8
TCCAGGCAGGACGATC-1	11138	21151	visium_breast_cancer_SEDR	visium_breast_cancer_SEDR	20	8	1	13	1.56071040904141	5	20	18	20	6	15
TCCAGGCGAGTACGGT-1	11292	11412	visium_breast_cancer_SEDR	visium_breast_cancer_SEDR	20	20	7	2	1.71474311583251	9	1	13	15	10	18
TCCAGGGTATATACGA-1	12098	18540	visium_breast_cancer_SEDR	visium_breast_cancer_SEDR	20	10	9	16	1.67623493913473	2	4	9	12	11	5
TCCATCAATACTAATC-1	5407	19241	visium_breast_cancer_SEDR	visium_breast_cancer_SEDR	20	8	1	13	1.67623493913473	5	20	18	20	6	16
TCCATTAGTTGGATAG-1	7071	5466	visium_breast_cancer_SEDR	visium_breast_cancer_SEDR	20	3	10	19	1.59921858573918	13	8	8	14	7	4
TCCATTGTGACCTCGT-1	13896	5953	visium_breast_cancer_SEDR	visium_breast_cancer_SEDR	20	19	5	15	1.44518587894808	6	3	12	3	17	6
TCCCAAACAGACAACG-1	18532	9287	visium_breast_cancer_SEDR	visium_breast_cancer_SEDR	20	13	0	18	1.71474311583251	4	18	14	17	0	7
TCCCAAAGACGAAGGA-1	11704	10225	visium_breast_cancer_SEDR	visium_breast_cancer_SEDR	20	20	7	2	1.71474311583251	9	1	13	15	10	18
TCCCAAAGCCCTAAAT-1	19480	13327	visium_breast_cancer_SEDR	visium_breast_cancer_SEDR	20	4	5	4	1.48369405564586	6	3	4	3	8	10
TCCCACTCTCTTCCGG-1	18118	11425	visium_breast_cancer_SEDR	visium_breast_cancer_SEDR	20	4	18	4	1.67623493913473	18	10	4	3	15	10
TCCCAGCTTTAGTCTG-1	11154	12124	visium_breast_cancer_SEDR	visium_breast_cancer_SEDR	20	7	2	11	1.68435618970018	8	14	15	9	9	14
TCCCAGGCTTAGCTAA-1	10064	11172	visium_breast_cancer_SEDR	visium_breast_cancer_SEDR	20	20	7	2	1.71474311583251	9	1	13	9	9	11
TCCCGCCTATGTGCGT-1	20166	11666	visium_breast_cancer_SEDR	visium_breast_cancer_SEDR	20	4	5	4	1.48369405564586	6	3	4	3	8	10
TCCCGCGTACTCCTGG-1	12932	10465	visium_breast_cancer_SEDR	visium_breast_cancer_SEDR	20	20	7	2	1.71474311583251	9	1	13	15	10	18
TCCCGGGTGTGCTGCT-1	8151	12119	visium_breast_cancer_SEDR	visium_breast_cancer_SEDR	20	7	2	5	1.52220223234363	8	9	11	9	3	14
TCCCGGTCAGGAATTT-1	8435	5943	visium_breast_cancer_SEDR	visium_breast_cancer_SEDR	20	3	10	19	1.59921858573918	13	8	8	14	7	2
TCCCGTCAGTCCCGCA-1	13753	9516	visium_breast_cancer_SEDR	visium_breast_cancer_SEDR	20	16	6	2	1.72286436639795	10	16	13	15	12	12
TCCCGTCGCGTCATAG-1	19212	10951	visium_breast_cancer_SEDR	visium_breast_cancer_SEDR	20	18	3	20	1.56071040904141	3	16	2	4	1	17
TCCCTAGATCAATAGG-1	19075	10714	visium_breast_cancer_SEDR	visium_breast_cancer_SEDR	20	18	3	20	1.71474311583251	3	18	2	4	0	17
TCCCTCTTCTCAAGGG-1	19196	19503	visium_breast_cancer_SEDR	visium_breast_cancer_SEDR	20	11	17	10	1.46915938498573	3	10	2	2	4	1
TCCCTGGCGTATTAAC-1	5956	17816	visium_breast_cancer_SEDR	visium_breast_cancer_SEDR	20	8	1	13	1.67623493913473	5	20	18	20	6	16
TCCCTGGCTCGCTGGA-1	7196	11880	visium_breast_cancer_SEDR	visium_breast_cancer_SEDR	20	7	2	5	1.49313289102338	8	9	11	9	3	13
TCCCTTAGATTACTCG-1	15257	8331	visium_breast_cancer_SEDR	visium_breast_cancer_SEDR	20	6	0	18	1.75325129253028	12	13	2	6	0	7
TCCCTTGTCTGAAACT-1	19195	19978	visium_breast_cancer_SEDR	visium_breast_cancer_SEDR	20	12	11	1	1.6086574211167	7	15	20	16	5	9
TCCGAACTTGGCTTAC-1	6103	11878	visium_breast_cancer_SEDR	visium_breast_cancer_SEDR	20	1	6	12	1.67665455436062	10	2	6	8	12	11
TCCGAAGTAGTCACCA-1	18535	7387	visium_breast_cancer_SEDR	visium_breast_cancer_SEDR	20	13	0	18	1.63772676243696	4	18	14	6	0	7
TCCGAATGGTCCTGAG-1	18938	11426	visium_breast_cancer_SEDR	visium_breast_cancer_SEDR	20	4	18	20	1.71474311583251	18	10	4	11	18	10
TCCGACCGCTAATCAA-1	8408	20671	visium_breast_cancer_SEDR	visium_breast_cancer_SEDR	20	8	1	13	1.56071040904141	5	17	19	20	2	15
TCCGAGAAGGCTAAGC-1	9255	5470	visium_breast_cancer_SEDR	visium_breast_cancer_SEDR	20	5	8	19	1.59921858573918	19	8	8	13	15	2
TCCGATAATTGCCATA-1	12254	8326	visium_breast_cancer_SEDR	visium_breast_cancer_SEDR	20	5	8	19	1.63772676243696	17	8	16	13	7	2
TCCGATGACTGAGCTC-1	13890	9279	visium_breast_cancer_SEDR	visium_breast_cancer_SEDR	20	16	6	12	1.72286436639795	10	16	13	15	12	12
TCCGATGGTGCGACAT-1	10749	9986	visium_breast_cancer_SEDR	visium_breast_cancer_SEDR	20	20	7	2	1.59921858573918	9	1	13	15	15	12
TCCGATTACATTGCCG-1	7879	11643	visium_breast_cancer_SEDR	visium_breast_cancer_SEDR	20	7	2	5	1.52220223234363	8	9	11	9	3	14
TCCGCCTGTCTACAAG-1	13602	17355	visium_breast_cancer_SEDR	visium_breast_cancer_SEDR	20	10	9	16	1.67623493913473	2	4	9	12	11	5
TCCGCGGCAGCATCTG-1	14977	12131	visium_breast_cancer_SEDR	visium_breast_cancer_SEDR	20	16	15	7	1.54617573838128	14	2	5	1	1	12
TCCGCGGCCCAATGAA-1	17017	16649	visium_breast_cancer_SEDR	visium_breast_cancer_SEDR	20	2	4	17	1.6086574211167	16	15	3	19	5	9
TCCGCTGTCATCCCGG-1	14562	15219	visium_breast_cancer_SEDR	visium_breast_cancer_SEDR	20	18	3	20	1.63772676243696	1	7	2	11	1	1
TCCGGAGGAAGGGCTG-1	18262	7386	visium_breast_cancer_SEDR	visium_breast_cancer_SEDR	20	13	0	18	1.71474311583251	4	18	14	17	0	7
TCCGGCCTAGCGTACA-1	16891	10710	visium_breast_cancer_SEDR	visium_breast_cancer_SEDR	20	6	0	18	1.71474311583251	12	5	7	6	0	7
TCCGGCCTGCATCGAT-1	14718	4529	visium_breast_cancer_SEDR	visium_breast_cancer_SEDR	20	4	5	4	1.71474311583251	15	3	10	3	8	3
TCCGGGCTTGACGGGA-1	16601	19736	visium_breast_cancer_SEDR	visium_breast_cancer_SEDR	20	12	11	1	1.72286436639795	7	15	20	16	5	19
TCCGTAACCACAATCC-1	5700	8789	visium_breast_cancer_SEDR	visium_breast_cancer_SEDR	20	3	10	19	1.56071040904141	13	8	16	14	13	4
TCCGTTAAGCTAATAT-1	17154	16411	visium_breast_cancer_SEDR	visium_breast_cancer_SEDR	20	2	4	17	1.6086574211167	16	15	3	19	4	9
TCCGTTTAGCCTTGAA-1	15662	10945	visium_breast_cancer_SEDR	visium_breast_cancer_SEDR	20	6	0	18	1.71474311583251	12	2	6	6	0	7
TCCTAAAGATTCAGAC-1	14962	20208	visium_breast_cancer_SEDR	visium_breast_cancer_SEDR	20	2	4	17	1.72286436639795	16	11	3	19	4	9
TCCTAAATTGGGAAGC-1	13056	17354	visium_breast_cancer_SEDR	visium_breast_cancer_SEDR	20	10	9	16	1.67623493913473	2	4	9	12	11	5
TCCTAACCGTCGGGCA-1	9777	18773	visium_breast_cancer_SEDR	visium_breast_cancer_SEDR	20	8	1	13	1.56071040904141	5	20	18	20	6	15
TCCTAGCAAAGAAGCT-1	9104	13784	visium_breast_cancer_SEDR	visium_breast_cancer_SEDR	20	7	2	5	1.49313289102338	8	9	11	9	3	13
TCCTATCATAGGTAAC-1	19887	14991	visium_breast_cancer_SEDR	visium_breast_cancer_SEDR	20	15	3	6	1.59921858573918	3	7	5	4	1	17
TCCTCCTAAGACATTC-1	6370	15204	visium_breast_cancer_SEDR	visium_breast_cancer_SEDR	20	16	3	20	1.59921858573918	3	2	6	4	1	17
TCCTCGGGCTGGGCTT-1	13882	13555	visium_breast_cancer_SEDR	visium_breast_cancer_SEDR	20	16	6	7	1.53032348290908	10	14	6	1	1	12
TCCTCTACGAGATGGC-1	7881	10218	visium_breast_cancer_SEDR	visium_breast_cancer_SEDR	20	16	15	14	1.62319209177683	14	7	6	4	14	12
TCCTCTCCAGTTGTCC-1	6241	11165	visium_breast_cancer_SEDR	visium_breast_cancer_SEDR	20	1	16	8	1.70020844517238	14	14	6	8	9	11
TCCTCTGGCCCATTAG-1	15534	6431	visium_breast_cancer_SEDR	visium_breast_cancer_SEDR	20	18	19	20	1.63772676243696	15	16	2	11	0	3
TCCTGCCAACTGGAGA-1	15806	6907	visium_breast_cancer_SEDR	visium_breast_cancer_SEDR	20	13	0	18	1.71474311583251	4	18	14	17	0	7
TCCTGCGTTGATACTC-1	7603	13068	visium_breast_cancer_SEDR	visium_breast_cancer_SEDR	20	7	2	5	1.49313289102338	8	9	11	9	3	13
TCCTGGCGCTGCCTGG-1	17990	6911	visium_breast_cancer_SEDR	visium_breast_cancer_SEDR	20	13	0	18	1.67623493913473	4	18	7	17	0	7
TCCTTACGACGGTCCG-1	16472	15698	visium_breast_cancer_SEDR	visium_breast_cancer_SEDR	20	18	3	20	1.63772676243696	3	10	2	11	1	1
TCCTTCAGTGGTCGAA-1	12937	7614	visium_breast_cancer_SEDR	visium_breast_cancer_SEDR	20	15	3	20	1.59921858573918	3	14	16	11	1	17
TCCTTGTCCTTTAATT-1	12914	20442	visium_breast_cancer_SEDR	visium_breast_cancer_SEDR	20	2	4	9	1.6086574211167	16	15	3	19	5	9
TCCTTTAAATCCGCTT-1	16060	17360	visium_breast_cancer_SEDR	visium_breast_cancer_SEDR	20	2	4	1	1.47387880267449	7	15	3	19	5	9
TCCTTTCTTACGCTTA-1	11975	11176	visium_breast_cancer_SEDR	visium_breast_cancer_SEDR	20	20	7	2	1.71474311583251	9	1	13	15	10	18
TCGAAATTTAGGACCA-1	9655	10934	visium_breast_cancer_SEDR	visium_breast_cancer_SEDR	20	20	7	2	1.71474311583251	9	1	13	15	10	18
TCGAAGAACCGAGCAC-1	17020	14748	visium_breast_cancer_SEDR	visium_breast_cancer_SEDR	20	4	5	4	1.48369405564586	6	3	4	3	8	10
TCGAATATCCCGCAGG-1	7867	17820	visium_breast_cancer_SEDR	visium_breast_cancer_SEDR	20	8	1	13	1.67623493913473	5	20	18	20	6	16
TCGACAACTGAACCCG-1	5547	17578	visium_breast_cancer_SEDR	visium_breast_cancer_SEDR	20	8	1	13	1.59921858573918	5	17	18	20	6	16
TCGACTGACGATGGCT-1	19738	21880	visium_breast_cancer_SEDR	visium_breast_cancer_SEDR	20	11	4	9	1.55429698894673	16	11	2	2	4	9
TCGAGACCAACACCGT-1	11017	12837	visium_breast_cancer_SEDR	visium_breast_cancer_SEDR	20	7	2	5	1.67665455436062	8	9	15	9	3	14
TCGAGCCAGGCAGGCC-1	8550	17583	visium_breast_cancer_SEDR	visium_breast_cancer_SEDR	20	8	1	13	1.67623493913473	5	20	18	20	6	16
TCGAGGGCAACAGACG-1	19745	17604	visium_breast_cancer_SEDR	visium_breast_cancer_SEDR	20	18	3	10	1.63772676243696	3	16	2	11	18	1
TCGATAGGCTAGTCGC-1	10074	5946	visium_breast_cancer_SEDR	visium_breast_cancer_SEDR	20	3	12	19	1.63772676243696	19	8	8	13	13	20
TCGCACCAGGAGGCAG-1	14424	15931	visium_breast_cancer_SEDR	visium_breast_cancer_SEDR	20	18	3	10	1.71474311583251	3	7	2	2	1	1
TCGCATAAAGGGCGCA-1	18651	19027	visium_breast_cancer_SEDR	visium_breast_cancer_SEDR	20	11	17	10	1.46915938498573	4	10	2	2	4	1
TCGCATCCCTAAGTGT-1	7750	7605	visium_breast_cancer_SEDR	visium_breast_cancer_SEDR	20	3	12	19	1.75325129253028	19	8	8	14	13	20
TCGCATTCAATGACTT-1	8571	6181	visium_breast_cancer_SEDR	visium_breast_cancer_SEDR	20	3	12	19	1.75325129253028	19	8	8	14	13	20
TCGCCCAACTGACTCC-1	18401	6199	visium_breast_cancer_SEDR	visium_breast_cancer_SEDR	20	6	0	18	1.67623493913473	4	5	7	17	0	7
TCGCCGAAGTTGCGTC-1	8556	14733	visium_breast_cancer_SEDR	visium_breast_cancer_SEDR	20	7	2	5	1.49313289102338	8	9	11	9	3	13
TCGCCGACATATTCGC-1	15236	19734	visium_breast_cancer_SEDR	visium_breast_cancer_SEDR	20	2	4	17	1.72286436639795	16	11	3	19	4	9
TCGCCGGTCGATCCGT-1	11844	8562	visium_breast_cancer_SEDR	visium_breast_cancer_SEDR	20	5	8	19	1.63772676243696	17	8	16	13	7	2
TCGCCTCCTTCGGCTC-1	16052	21636	visium_breast_cancer_SEDR	visium_breast_cancer_SEDR	20	2	4	17	1.72286436639795	16	11	3	19	4	9
TCGCGCGTTTACATGA-1	4313	20664	visium_breast_cancer_SEDR	visium_breast_cancer_SEDR	20	8	1	13	1.67623493913473	5	20	18	20	2	16
TCGCGTAGCAGTGTCC-1	17015	17599	visium_breast_cancer_SEDR	visium_breast_cancer_SEDR	20	6	0	18	1.63772676243696	16	5	7	7	0	7
TCGCGTCCAGAAGGTC-1	7470	11405	visium_breast_cancer_SEDR	visium_breast_cancer_SEDR	20	7	2	5	1.49313289102338	8	9	11	9	3	13
TCGCTAAACCGCTATC-1	15666	8569	visium_breast_cancer_SEDR	visium_breast_cancer_SEDR	20	15	3	7	1.63772676243696	3	13	5	1	0	7
TCGCTACTGGCTTTGA-1	13462	19493	visium_breast_cancer_SEDR	visium_breast_cancer_SEDR	20	2	4	9	1.6086574211167	16	15	3	19	4	9
TCGCTCGATATATTCC-1	12112	10938	visium_breast_cancer_SEDR	visium_breast_cancer_SEDR	20	20	7	2	1.71474311583251	9	1	13	15	10	18
TCGCTCGGCACCAGCG-1	18258	9762	visium_breast_cancer_SEDR	visium_breast_cancer_SEDR	20	13	0	18	1.71474311583251	12	18	14	17	0	7
TCGCTGCCAATGCTGT-1	14416	20207	visium_breast_cancer_SEDR	visium_breast_cancer_SEDR	20	2	4	9	1.6086574211167	16	15	3	19	5	9
TCGCTGGGCGGATTGT-1	13614	10704	visium_breast_cancer_SEDR	visium_breast_cancer_SEDR	20	20	7	2	1.71474311583251	9	1	13	15	10	18
TCGCTGTGCGTAAATC-1	9114	8082	visium_breast_cancer_SEDR	visium_breast_cancer_SEDR	20	3	12	19	1.75325129253028	19	8	8	14	13	20
TCGCTTAATTACGAAG-1	20038	7152	visium_breast_cancer_SEDR	visium_breast_cancer_SEDR	20	6	0	18	1.67623493913473	4	5	7	17	0	7
TCGCTTTAAACGTTTG-1	15391	9994	visium_breast_cancer_SEDR	visium_breast_cancer_SEDR	20	15	3	7	1.36307369026993	3	13	5	1	1	12
TCGGAATGACCATCAA-1	13897	5478	visium_breast_cancer_SEDR	visium_breast_cancer_SEDR	20	19	5	15	1.44518587894808	6	3	12	3	17	6
TCGGAATGCGCTCTGA-1	7333	11167	visium_breast_cancer_SEDR	visium_breast_cancer_SEDR	20	7	2	5	1.52220223234363	8	9	11	9	3	14
TCGGACGCCCAGCCCA-1	14295	11893	visium_breast_cancer_SEDR	visium_breast_cancer_SEDR	20	7	2	11	1.68435618970018	8	14	15	9	9	14
TCGGAGAGTATCGGGA-1	6644	14729	visium_breast_cancer_SEDR	visium_breast_cancer_SEDR	20	7	2	11	1.50766756168351	14	14	11	9	9	13
TCGGAGTACATGAGTA-1	13613	11654	visium_breast_cancer_SEDR	visium_breast_cancer_SEDR	20	20	7	2	1.56071040904141	9	1	13	15	10	11
TCGGCGAACCCAAACC-1	17838	15700	visium_breast_cancer_SEDR	visium_breast_cancer_SEDR	20	15	3	6	1.62319209177683	3	7	5	11	1	8
TCGGCGTACTGCACAA-1	5277	15677	visium_breast_cancer_SEDR	visium_breast_cancer_SEDR	20	15	3	7	1.52220223234363	3	13	5	1	1	17
TCGGCTAACTTCCCTT-1	14035	4766	visium_breast_cancer_SEDR	visium_breast_cancer_SEDR	20	19	5	15	1.44518587894808	6	3	12	3	17	6
TCGGCTTGTATCGACG-1	16605	17836	visium_breast_cancer_SEDR	visium_breast_cancer_SEDR	20	2	4	9	1.6086574211167	16	15	3	19	5	9
TCGGGAACGTGCCTAG-1	18392	11425	visium_breast_cancer_SEDR	visium_breast_cancer_SEDR	20	4	5	4	1.59921858573918	18	10	4	3	8	10
TCGGGAGACAGCGTAC-1	13191	18067	visium_breast_cancer_SEDR	visium_breast_cancer_SEDR	20	10	9	16	1.67623493913473	2	4	9	12	11	5
TCGGGATTCAAACATA-1	5555	13302	visium_breast_cancer_SEDR	visium_breast_cancer_SEDR	20	1	6	12	1.67665455436062	10	2	6	8	12	11
TCGGGCCGTCGTGGTA-1	15521	13558	visium_breast_cancer_SEDR	visium_breast_cancer_SEDR	20	17	14	8	1.59921858573918	11	17	17	18	19	16
TCGGGTGAAACTGCTA-1	11165	6423	visium_breast_cancer_SEDR	visium_breast_cancer_SEDR	20	5	8	19	1.56071040904141	13	8	8	13	15	2
TCGGTCCCGACAATAG-1	6639	17580	visium_breast_cancer_SEDR	visium_breast_cancer_SEDR	20	8	1	13	1.67623493913473	5	20	18	20	6	16
TCGGTCCCTGACTCCA-1	15807	6432	visium_breast_cancer_SEDR	visium_breast_cancer_SEDR	20	13	0	18	1.75325129253028	12	16	14	17	0	12
TCGGTGACCGCTCCGG-1	18398	7624	visium_breast_cancer_SEDR	visium_breast_cancer_SEDR	20	13	0	18	1.71474311583251	4	18	14	17	0	7
TCGGTTAGCCATGTAG-1	16491	5245	visium_breast_cancer_SEDR	visium_breast_cancer_SEDR	20	6	0	18	1.75325129253028	12	12	10	6	0	7
TCGTAAGACGACATTG-1	14024	10467	visium_breast_cancer_SEDR	visium_breast_cancer_SEDR	20	20	7	2	1.71474311583251	9	1	13	15	10	18
TCGTAAGCTCCGAGGA-1	17988	7861	visium_breast_cancer_SEDR	visium_breast_cancer_SEDR	20	13	0	18	1.71474311583251	4	18	14	17	0	8
TCGTACCGACGTCAAG-1	11140	20201	visium_breast_cancer_SEDR	visium_breast_cancer_SEDR	20	8	1	13	1.56071040904141	5	20	18	20	2	15
TCGTATAGTGCAATTA-1	11164	6898	visium_breast_cancer_SEDR	visium_breast_cancer_SEDR	20	3	10	19	1.63772676243696	13	8	8	14	15	2
TCGTATTACCCATTGC-1	6921	12829	visium_breast_cancer_SEDR	visium_breast_cancer_SEDR	20	7	2	5	1.49313289102338	8	9	11	9	3	13
TCGTATTTCGTCCGGA-1	14580	5242	visium_breast_cancer_SEDR	visium_breast_cancer_SEDR	20	19	5	15	1.44518587894808	6	3	12	3	17	6
TCGTCAAGTACGCGCA-1	8687	17346	visium_breast_cancer_SEDR	visium_breast_cancer_SEDR	20	8	1	13	1.67623493913473	5	20	18	20	2	16
TCGTCACACTGTTAGC-1	6106	10452	visium_breast_cancer_SEDR	visium_breast_cancer_SEDR	20	1	6	12	1.67665455436062	10	2	6	8	12	11
TCGTCCGCTGGCGTCT-1	8975	9270	visium_breast_cancer_SEDR	visium_breast_cancer_SEDR	20	16	15	14	1.58468391507905	17	7	5	11	14	12
TCGTCCGGGTACACTC-1	20039	6202	visium_breast_cancer_SEDR	visium_breast_cancer_SEDR	20	6	0	18	1.67623493913473	12	5	7	7	0	7
TCGTCTTAGGCGTTAA-1	14832	16645	visium_breast_cancer_SEDR	visium_breast_cancer_SEDR	20	2	4	17	1.72286436639795	16	11	3	19	4	9
TCGTGTATTGGTCACG-1	19474	16653	visium_breast_cancer_SEDR	visium_breast_cancer_SEDR	20	15	3	7	1.71474311583251	3	13	7	7	1	7
TCGTGTCACGCTGACA-1	6645	14254	visium_breast_cancer_SEDR	visium_breast_cancer_SEDR	20	7	16	11	1.67623493913473	14	14	11	9	9	11
TCGTGTTCGACCACAA-1	17834	17600	visium_breast_cancer_SEDR	visium_breast_cancer_SEDR	20	4	18	20	1.67623493913473	3	10	4	11	18	10
TCGTTCGTTATTATGT-1	11984	6425	visium_breast_cancer_SEDR	visium_breast_cancer_SEDR	20	5	8	19	1.67623493913473	17	8	16	13	15	2
TCGTTGGCTCGTCAAT-1	7752	6179	visium_breast_cancer_SEDR	visium_breast_cancer_SEDR	20	3	10	19	1.68435618970018	13	8	8	10	7	4
TCGTTTACGCGACCCT-1	16327	20686	visium_breast_cancer_SEDR	visium_breast_cancer_SEDR	20	2	4	1	1.6086574211167	16	15	3	16	5	9
TCTAAAGAACAGTCTC-1	4866	16389	visium_breast_cancer_SEDR	visium_breast_cancer_SEDR	20	15	3	6	1.54617573838128	3	14	5	11	1	8
TCTAACCTAGCCTGCG-1	18782	21641	visium_breast_cancer_SEDR	visium_breast_cancer_SEDR	20	12	11	1	1.72286436639795	7	15	20	16	5	19
TCTAATACTGCCTCAG-1	6912	17580	visium_breast_cancer_SEDR	visium_breast_cancer_SEDR	20	8	1	13	1.67623493913473	5	20	18	20	6	16
TCTACACGTTCATGCA-1	16218	5245	visium_breast_cancer_SEDR	visium_breast_cancer_SEDR	20	6	0	18	1.75325129253028	12	12	10	6	0	7
TCTACCCAATAGAGAG-1	17971	17363	visium_breast_cancer_SEDR	visium_breast_cancer_SEDR	20	4	5	4	1.58468391507905	15	3	4	9	8	10
TCTACCCGCATCATTT-1	18918	21878	visium_breast_cancer_SEDR	visium_breast_cancer_SEDR	20	2	4	9	1.5611300242673	7	11	3	19	5	9
TCTACCGTCCACAAGC-1	12659	10464	visium_breast_cancer_SEDR	visium_breast_cancer_SEDR	20	20	7	2	1.71474311583251	9	1	13	15	10	18
TCTACGGGCTCAGTTG-1	20173	7865	visium_breast_cancer_SEDR	visium_breast_cancer_SEDR	20	13	0	18	1.63772676243696	4	6	14	6	0	7
TCTAGCAATCTCCGCC-1	7600	14969	visium_breast_cancer_SEDR	visium_breast_cancer_SEDR	20	7	2	5	1.49313289102338	8	9	11	9	3	13
TCTAGCATCTTCGATG-1	9384	9508	visium_breast_cancer_SEDR	visium_breast_cancer_SEDR	20	16	8	14	1.50766756168351	17	14	5	11	14	17
TCTAGCATGCCCAGAA-1	12514	15453	visium_breast_cancer_SEDR	visium_breast_cancer_SEDR	20	16	19	14	1.56071040904141	12	16	2	4	12	12
TCTAGGTGGCGACGCT-1	17027	10947	visium_breast_cancer_SEDR	visium_breast_cancer_SEDR	20	6	0	18	1.60733983630463	10	5	7	6	0	7
TCTAGTGATATCGTGG-1	16884	14510	visium_breast_cancer_SEDR	visium_breast_cancer_SEDR	20	4	5	4	1.48369405564586	6	3	4	3	8	10
TCTAGTTATCAGAAGA-1	10881	12124	visium_breast_cancer_SEDR	visium_breast_cancer_SEDR	20	7	2	11	1.72286436639795	8	9	15	9	9	14
TCTATAGGTGGGTAAT-1	18377	19502	visium_breast_cancer_SEDR	visium_breast_cancer_SEDR	20	12	11	1	1.6086574211167	7	15	20	16	5	9
TCTATCATGCAGTTAC-1	8977	8320	visium_breast_cancer_SEDR	visium_breast_cancer_SEDR	20	3	12	19	1.79175946922805	19	8	16	13	13	20
TCTATCCGATTGCACA-1	15097	21396	visium_breast_cancer_SEDR	visium_breast_cancer_SEDR	20	2	4	17	1.72286436639795	16	11	3	19	4	9
TCTATCGGTCGCAACA-1	12252	9276	visium_breast_cancer_SEDR	visium_breast_cancer_SEDR	20	5	8	19	1.67623493913473	17	14	16	13	15	2
TCTATGCTATAACGAC-1	16329	19261	visium_breast_cancer_SEDR	visium_breast_cancer_SEDR	20	2	4	9	1.6086574211167	16	15	3	19	5	9
TCTATTACGCTGGCGA-1	8160	7368	visium_breast_cancer_SEDR	visium_breast_cancer_SEDR	20	3	12	19	1.75325129253028	19	8	8	14	13	20
TCTATTACTAGAGGAT-1	5554	13777	visium_breast_cancer_SEDR	visium_breast_cancer_SEDR	20	1	6	12	1.67665455436062	10	2	6	8	12	11
TCTCAAATCAATCGGG-1	15644	20922	visium_breast_cancer_SEDR	visium_breast_cancer_SEDR	20	2	4	17	1.72286436639795	16	11	3	19	4	9
TCTCAGGCTACTCGCT-1	19602	21167	visium_breast_cancer_SEDR	visium_breast_cancer_SEDR	20	2	4	9	1.5611300242673	7	11	3	19	5	9
TCTCATGAGATAGGGT-1	15380	15696	visium_breast_cancer_SEDR	visium_breast_cancer_SEDR	20	18	3	10	1.71474311583251	3	7	2	2	1	1
TCTCCAACGTAGGTTA-1	14164	8804	visium_breast_cancer_SEDR	visium_breast_cancer_SEDR	20	18	3	20	1.63772676243696	3	7	2	11	1	17
TCTCCACAAGTTGAAT-1	16194	18548	visium_breast_cancer_SEDR	visium_breast_cancer_SEDR	20	2	4	1	1.47387880267449	7	15	3	19	5	9
TCTCCCTGGGCAGCGT-1	14422	16882	visium_breast_cancer_SEDR	visium_breast_cancer_SEDR	20	10	9	16	1.67623493913473	2	4	9	12	11	5
TCTCGAACGAGGTCAC-1	16352	6908	visium_breast_cancer_SEDR	visium_breast_cancer_SEDR	20	13	0	18	1.71474311583251	4	18	14	17	0	7
TCTCGACGTATCGCCG-1	18932	14752	visium_breast_cancer_SEDR	visium_breast_cancer_SEDR	20	10	9	16	1.59921858573918	2	10	9	12	11	5
TCTCGAGGAGGTTCGC-1	18792	16414	visium_breast_cancer_SEDR	visium_breast_cancer_SEDR	20	15	3	7	1.52220223234363	3	13	5	1	1	17
TCTCGGCTCCAGGACT-1	6658	7128	visium_breast_cancer_SEDR	visium_breast_cancer_SEDR	20	3	10	19	1.68435618970018	13	8	8	10	7	4
TCTCTAATAGCTGGTA-1	10614	8798	visium_breast_cancer_SEDR	visium_breast_cancer_SEDR	20	3	10	19	1.60733983630463	13	8	16	10	7	20
TCTCTCGCCGCACATA-1	19200	17128	visium_breast_cancer_SEDR	visium_breast_cancer_SEDR	20	18	3	20	1.50766756168351	3	16	2	11	1	17
TCTCTTACCGCGAACC-1	9366	19485	visium_breast_cancer_SEDR	visium_breast_cancer_SEDR	20	8	1	13	1.56071040904141	5	20	18	20	2	15
TCTGAACCGGTCGGCT-1	8566	9032	visium_breast_cancer_SEDR	visium_breast_cancer_SEDR	20	18	3	20	1.54617573838128	3	7	5	11	1	17
TCTGAACTCGTACCCG-1	16473	15222	visium_breast_cancer_SEDR	visium_breast_cancer_SEDR	20	18	3	20	1.63772676243696	3	7	2	11	1	17
TCTGAAGCACGTGGTC-1	14968	17358	visium_breast_cancer_SEDR	visium_breast_cancer_SEDR	20	10	9	16	1.75325129253028	16	4	9	2	11	5
TCTGAATTCCGTACAA-1	16342	12134	visium_breast_cancer_SEDR	visium_breast_cancer_SEDR	20	1	6	12	1.63772676243696	1	2	6	4	12	12
TCTGACGGGCTAACCC-1	19895	10715	visium_breast_cancer_SEDR	visium_breast_cancer_SEDR	20	15	3	20	1.59921858573918	3	18	2	1	1	17
TCTGACTGTAATGGTT-1	5433	5463	visium_breast_cancer_SEDR	visium_breast_cancer_SEDR	20	3	10	19	1.68435618970018	13	8	8	10	7	4
TCTGAGCAATTGACTG-1	18791	16890	visium_breast_cancer_SEDR	visium_breast_cancer_SEDR	20	18	3	20	1.63772676243696	3	13	2	11	1	17
TCTGATCGGGTGCTAG-1	19619	12140	visium_breast_cancer_SEDR	visium_breast_cancer_SEDR	20	19	5	15	1.44518587894808	6	3	12	3	17	6
TCTGATGTATTCTGTC-1	14833	16170	visium_breast_cancer_SEDR	visium_breast_cancer_SEDR	20	11	17	10	1.58468391507905	16	11	2	2	4	1
TCTGCATACCTTGCTT-1	17013	18549	visium_breast_cancer_SEDR	visium_breast_cancer_SEDR	20	12	11	1	1.63814637766285	7	15	20	19	5	19
TCTGCCAGAAACTGCA-1	14291	13793	visium_breast_cancer_SEDR	visium_breast_cancer_SEDR	20	17	14	14	1.52220223234363	1	17	17	18	19	12
TCTGCGAATCGTTCGC-1	20309	8103	visium_breast_cancer_SEDR	visium_breast_cancer_SEDR	20	13	0	18	1.75325129253028	4	6	14	17	0	7
TCTGCGTCCGGTTTCT-1	6657	7603	visium_breast_cancer_SEDR	visium_breast_cancer_SEDR	20	3	10	19	1.59921858573918	13	8	8	14	7	4
TCTGGGAACCTTTGAA-1	16886	13560	visium_breast_cancer_SEDR	visium_breast_cancer_SEDR	20	19	5	15	1.44518587894808	6	3	12	3	17	6
TCTGGGTAGCGCTCAT-1	8421	13545	visium_breast_cancer_SEDR	visium_breast_cancer_SEDR	20	7	2	5	1.49313289102338	8	9	11	9	3	13
TCTGTCATACAAGAGC-1	9527	6420	visium_breast_cancer_SEDR	visium_breast_cancer_SEDR	20	3	12	19	1.75325129253028	19	8	8	14	13	20
TCTGTGATGGAGGTTG-1	19085	5488	visium_breast_cancer_SEDR	visium_breast_cancer_SEDR	20	6	0	18	1.71474311583251	12	5	7	6	0	7
TCTGTGCCATCATAGT-1	14432	11655	visium_breast_cancer_SEDR	visium_breast_cancer_SEDR	20	15	3	7	1.46915938498573	3	14	5	1	9	8
TCTGTTACCCAGCATA-1	8280	16158	visium_breast_cancer_SEDR	visium_breast_cancer_SEDR	20	1	6	12	1.6304447423233	10	2	6	4	12	12
TCTTACAGAGGTACCG-1	9661	7608	visium_breast_cancer_SEDR	visium_breast_cancer_SEDR	20	3	12	19	1.75325129253028	19	8	8	14	13	20
TCTTACCGGAACTCGT-1	15938	9045	visium_breast_cancer_SEDR	visium_breast_cancer_SEDR	20	6	0	18	1.71474311583251	12	5	7	6	0	7
TCTTACGGCATCCGAC-1	7472	9980	visium_breast_cancer_SEDR	visium_breast_cancer_SEDR	20	16	15	14	1.63772676243696	1	7	6	4	14	12
TCTTACTTATGCCTCT-1	16201	14747	visium_breast_cancer_SEDR	visium_breast_cancer_SEDR	20	18	3	20	1.71474311583251	3	7	2	18	1	17
TCTTAGAGCTCCAATT-1	18251	13563	visium_breast_cancer_SEDR	visium_breast_cancer_SEDR	20	19	5	15	1.56071040904141	6	3	12	3	8	6
TCTTAGAGTGAACTCT-1	17021	14273	visium_breast_cancer_SEDR	visium_breast_cancer_SEDR	20	19	5	15	1.56071040904141	6	3	12	3	17	10
TCTTATGGGTAGTACC-1	10623	4047	visium_breast_cancer_SEDR	visium_breast_cancer_SEDR	20	14	13	3	1.71474311583251	17	12	10	5	16	3
TCTTCCCATGGGCACA-1	16616	11659	visium_breast_cancer_SEDR	visium_breast_cancer_SEDR	20	6	0	12	1.6458480130024	10	2	6	6	0	7
TCTTCGAATAGACGTT-1	13200	13316	visium_breast_cancer_SEDR	visium_breast_cancer_SEDR	20	7	2	5	1.67665455436062	8	9	15	9	3	14
TCTTCGATACCAATAA-1	12521	11652	visium_breast_cancer_SEDR	visium_breast_cancer_SEDR	20	20	7	2	1.71474311583251	9	1	13	15	10	18
TCTTCGCGGTGAGAGG-1	19335	18316	visium_breast_cancer_SEDR	visium_breast_cancer_SEDR	20	4	5	4	1.54617573838128	15	3	4	3	8	10
TCTTCTATAACCCGCC-1	18112	14750	visium_breast_cancer_SEDR	visium_breast_cancer_SEDR	20	4	18	4	1.63772676243696	15	10	4	11	18	10
TCTTGATGCGTAGCGA-1	12794	11652	visium_breast_cancer_SEDR	visium_breast_cancer_SEDR	20	20	7	2	1.67623493913473	9	1	13	15	9	18
TCTTGCTCCCGATACT-1	12643	19491	visium_breast_cancer_SEDR	visium_breast_cancer_SEDR	20	10	9	16	1.71474311583251	2	4	9	11	11	5
TCTTGGTAACACCAAA-1	12389	9039	visium_breast_cancer_SEDR	visium_breast_cancer_SEDR	20	5	8	19	1.67623493913473	17	14	16	13	15	2
TCTTTAAGACTATGAA-1	16888	12135	visium_breast_cancer_SEDR	visium_breast_cancer_SEDR	20	18	3	10	1.56071040904141	3	16	2	4	1	17
TCTTTAGAGTCTAACA-1	19066	15940	visium_breast_cancer_SEDR	visium_breast_cancer_SEDR	20	15	3	6	1.63772676243696	3	13	5	1	1	8
TCTTTAGCAGGCGAAC-1	19346	12139	visium_breast_cancer_SEDR	visium_breast_cancer_SEDR	20	19	5	15	1.44518587894808	6	3	12	3	17	6
TCTTTCTCTTAAGGAG-1	14306	5716	visium_breast_cancer_SEDR	visium_breast_cancer_SEDR	20	19	5	15	1.44518587894808	6	3	12	3	17	6
TGAAACTTATGCAAGC-1	13485	6665	visium_breast_cancer_SEDR	visium_breast_cancer_SEDR	20	19	5	15	1.52220223234363	6	3	12	12	17	6
TGAAAGGACCTGACTC-1	14840	12369	visium_breast_cancer_SEDR	visium_breast_cancer_SEDR	20	16	15	14	1.30059200753451	14	14	5	1	14	12
TGAACAAGCAGGGACT-1	8410	19721	visium_breast_cancer_SEDR	visium_breast_cancer_SEDR	20	8	1	13	1.56071040904141	5	20	18	20	2	15
TGAATACCGACGCGTA-1	14690	19733	visium_breast_cancer_SEDR	visium_breast_cancer_SEDR	20	2	4	9	1.72286436639795	16	11	3	19	4	9
TGAATATGCTATAAAC-1	19081	7863	visium_breast_cancer_SEDR	visium_breast_cancer_SEDR	20	13	0	18	1.75325129253028	4	6	14	17	0	7
TGAATGAGTGTTTCCC-1	10321	19725	visium_breast_cancer_SEDR	visium_breast_cancer_SEDR	20	8	1	13	1.56071040904141	5	20	18	20	2	15
TGAATGTCAGCCGGCC-1	18385	15226	visium_breast_cancer_SEDR	visium_breast_cancer_SEDR	20	10	9	16	1.67623493913473	2	4	9	12	11	5
TGACACTTCTCTTTGC-1	17442	7860	visium_breast_cancer_SEDR	visium_breast_cancer_SEDR	20	13	0	18	1.71474311583251	4	18	14	17	0	7
TGACATCGAGCGGACC-1	17298	12373	visium_breast_cancer_SEDR	visium_breast_cancer_SEDR	20	4	5	4	1.63772676243696	18	3	4	3	8	10
TGACATGTAACGTGAC-1	12095	20441	visium_breast_cancer_SEDR	visium_breast_cancer_SEDR	20	17	14	10	1.79175946922805	11	17	1	18	2	1
TGACCAAATCTTAAAC-1	11960	19728	visium_breast_cancer_SEDR	visium_breast_cancer_SEDR	20	10	9	16	1.67623493913473	2	4	9	12	11	5
TGACCAGCTTCAAAGT-1	16764	5721	visium_breast_cancer_SEDR	visium_breast_cancer_SEDR	20	6	0	18	1.71474311583251	12	12	7	6	0	7
TGACCCACGTTAGACA-1	9926	11885	visium_breast_cancer_SEDR	visium_breast_cancer_SEDR	20	7	2	11	1.72286436639795	8	9	15	9	9	14
TGACGAATATTTCCCT-1	6508	14492	visium_breast_cancer_SEDR	visium_breast_cancer_SEDR	20	7	2	5	1.32456551357215	14	14	11	9	3	13
TGACGATGCACTAGAA-1	16478	12847	visium_breast_cancer_SEDR	visium_breast_cancer_SEDR	20	18	3	20	1.50766756168351	1	16	2	4	1	17
TGACTATAATCCTTTC-1	12787	14978	visium_breast_cancer_SEDR	visium_breast_cancer_SEDR	20	16	19	10	1.50766756168351	1	16	2	4	12	12
TGACTCCGAATCATAC-1	5681	18766	visium_breast_cancer_SEDR	visium_breast_cancer_SEDR	20	8	1	13	1.67623493913473	5	20	18	20	2	16
TGAGAATGCTTTACCG-1	10888	8323	visium_breast_cancer_SEDR	visium_breast_cancer_SEDR	20	5	8	19	1.71474311583251	17	8	16	13	13	2
TGAGAGATTTACCACG-1	15930	13796	visium_breast_cancer_SEDR	visium_breast_cancer_SEDR	20	17	14	10	1.63772676243696	11	17	17	18	19	1
TGAGATCAAATACTCA-1	12122	5712	visium_breast_cancer_SEDR	visium_breast_cancer_SEDR	20	19	5	15	1.44518587894808	6	3	12	3	17	6
TGAGATTAGGCCCTAA-1	16350	7858	visium_breast_cancer_SEDR	visium_breast_cancer_SEDR	20	13	0	18	1.67623493913473	4	18	7	17	0	7
TGAGCAGTCGTGAAGT-1	8846	5231	visium_breast_cancer_SEDR	visium_breast_cancer_SEDR	20	5	8	19	1.59921858573918	19	8	8	13	15	2
TGAGCCATACAGTCTC-1	8694	14020	visium_breast_cancer_SEDR	visium_breast_cancer_SEDR	20	7	2	5	1.49313289102338	8	9	11	9	3	13
TGAGCGGAAAGTGTTC-1	12374	17115	visium_breast_cancer_SEDR	visium_breast_cancer_SEDR	20	10	9	16	1.67623493913473	2	4	9	12	11	5
TGAGCTTTAATGACGC-1	15120	8568	visium_breast_cancer_SEDR	visium_breast_cancer_SEDR	20	15	3	7	1.63772676243696	3	13	2	1	1	7
TGAGGAGTGCCAGCTT-1	11417	17826	visium_breast_cancer_SEDR	visium_breast_cancer_SEDR	20	10	9	16	1.67623493913473	2	4	9	12	11	5
TGAGGTGTGTGGCGGA-1	10593	20675	visium_breast_cancer_SEDR	visium_breast_cancer_SEDR	20	8	1	13	1.56071040904141	5	20	18	20	6	15
TGAGTAAATTAGCGTA-1	11285	15213	visium_breast_cancer_SEDR	visium_breast_cancer_SEDR	20	7	2	11	1.60733983630463	14	14	15	9	9	14
TGAGTGCCTCTTAAAT-1	9102	14734	visium_breast_cancer_SEDR	visium_breast_cancer_SEDR	20	7	2	5	1.49313289102338	8	9	11	9	3	13
TGAGTGGTCCGTGACG-1	14979	11181	visium_breast_cancer_SEDR	visium_breast_cancer_SEDR	20	16	15	14	1.56883165960686	10	7	5	1	14	7
TGAGTGTAACAACGGG-1	17827	21401	visium_breast_cancer_SEDR	visium_breast_cancer_SEDR	20	12	11	1	1.6086574211167	7	15	20	16	5	9
TGAGTTAAAGACATTC-1	18794	15464	visium_breast_cancer_SEDR	visium_breast_cancer_SEDR	20	18	3	20	1.63772676243696	3	13	9	11	11	17
TGATAGCGGGATTCTA-1	5150	10688	visium_breast_cancer_SEDR	visium_breast_cancer_SEDR	20	1	6	12	1.67665455436062	10	2	6	4	12	11
TGATCACCACACTGAC-1	10457	20438	visium_breast_cancer_SEDR	visium_breast_cancer_SEDR	20	8	1	13	1.56071040904141	5	20	18	20	6	15
TGATCAGGGAACTGCT-1	6782	14017	visium_breast_cancer_SEDR	visium_breast_cancer_SEDR	20	7	16	11	1.63772676243696	14	2	11	9	9	11
TGATCCCAGCATTAGT-1	18120	10474	visium_breast_cancer_SEDR	visium_breast_cancer_SEDR	20	6	0	18	1.71474311583251	12	5	7	6	0	7
TGATCGGTTTGACCCT-1	10884	10699	visium_breast_cancer_SEDR	visium_breast_cancer_SEDR	20	20	7	2	1.71474311583251	9	1	13	15	10	18
TGATCTACGCTGATCT-1	17169	7860	visium_breast_cancer_SEDR	visium_breast_cancer_SEDR	20	13	0	18	1.71474311583251	4	18	14	17	0	7
TGATCTATCACACTCT-1	16053	21160	visium_breast_cancer_SEDR	visium_breast_cancer_SEDR	20	2	4	17	1.72286436639795	16	11	3	19	4	9
TGATCTCCGGCGCCAG-1	10338	10698	visium_breast_cancer_SEDR	visium_breast_cancer_SEDR	20	20	7	2	1.71474311583251	9	1	13	15	10	18
TGATGGCTGTTTCTGA-1	19075	11189	visium_breast_cancer_SEDR	visium_breast_cancer_SEDR	20	18	3	20	1.56071040904141	3	10	2	11	1	17
TGATGTCAATTAAGTG-1	17560	18075	visium_breast_cancer_SEDR	visium_breast_cancer_SEDR	20	11	4	9	1.52262184756953	16	10	3	2	4	9
TGATTATGGCACGCAG-1	18672	7150	visium_breast_cancer_SEDR	visium_breast_cancer_SEDR	20	6	0	18	1.59921858573918	4	18	7	6	0	7
TGATTCCCGGTTACCT-1	10322	19250	visium_breast_cancer_SEDR	visium_breast_cancer_SEDR	20	8	1	13	1.56071040904141	5	20	18	20	2	15
TGATTCGTCTATCACT-1	9108	11408	visium_breast_cancer_SEDR	visium_breast_cancer_SEDR	20	7	2	11	1.60733983630463	14	14	15	9	9	14
TGATTCTGTCGCCGGT-1	9510	15447	visium_breast_cancer_SEDR	visium_breast_cancer_SEDR	20	7	2	8	1.67623493913473	14	9	11	9	9	11
TGATTTATTAGCTGTG-1	8149	13069	visium_breast_cancer_SEDR	visium_breast_cancer_SEDR	20	7	2	5	1.49313289102338	8	9	11	9	3	13
TGATTTCCTCCTGACG-1	8159	7843	visium_breast_cancer_SEDR	visium_breast_cancer_SEDR	20	3	12	19	1.75325129253028	19	8	8	14	13	20
TGCAAAGTTCGTCTGT-1	11548	20915	visium_breast_cancer_SEDR	visium_breast_cancer_SEDR	20	8	1	13	1.56071040904141	5	20	18	20	2	15
TGCAACCCATCTGCGG-1	15785	18309	visium_breast_cancer_SEDR	visium_breast_cancer_SEDR	20	2	4	9	1.6086574211167	16	15	3	19	5	9
TGCAACTACTGGTTGA-1	15918	20448	visium_breast_cancer_SEDR	visium_breast_cancer_SEDR	20	2	4	17	1.72286436639795	16	11	3	19	4	9
TGCAAGAATGACGTAA-1	11702	11175	visium_breast_cancer_SEDR	visium_breast_cancer_SEDR	20	20	7	2	1.71474311583251	9	1	13	15	10	18
TGCAATCTAACACGGT-1	15784	18784	visium_breast_cancer_SEDR	visium_breast_cancer_SEDR	20	2	4	9	1.72286436639795	16	11	3	19	4	9
TGCAATTTGGGCACGG-1	17716	7385	visium_breast_cancer_SEDR	visium_breast_cancer_SEDR	20	13	0	18	1.71474311583251	4	18	14	17	0	8
TGCACAGTGAAGTTAT-1	17171	6909	visium_breast_cancer_SEDR	visium_breast_cancer_SEDR	20	13	0	18	1.71474311583251	4	18	14	17	0	7
TGCACGAGTCGGCAGC-1	12532	5476	visium_breast_cancer_SEDR	visium_breast_cancer_SEDR	20	19	5	15	1.52220223234363	6	3	12	12	17	6
TGCAGAACTATATCGT-1	6509	14016	visium_breast_cancer_SEDR	visium_breast_cancer_SEDR	20	1	6	12	1.60733983630463	10	2	6	8	9	11
TGCAGAGTACCGAGCA-1	9787	13072	visium_breast_cancer_SEDR	visium_breast_cancer_SEDR	20	7	2	5	1.67665455436062	8	9	15	9	3	14
TGCAGATCGTCCTAGG-1	5963	14015	visium_breast_cancer_SEDR	visium_breast_cancer_SEDR	20	1	6	12	1.67665455436062	10	2	6	8	12	11
TGCAGCTACGTACTTC-1	5690	14015	visium_breast_cancer_SEDR	visium_breast_cancer_SEDR	20	1	6	12	1.67665455436062	10	2	6	8	12	11
TGCAGGATCGGCAAAG-1	13616	9753	visium_breast_cancer_SEDR	visium_breast_cancer_SEDR	20	16	7	2	1.71474311583251	12	16	13	15	12	12
TGCAGTGAGGCTCGGG-1	20037	7627	visium_breast_cancer_SEDR	visium_breast_cancer_SEDR	20	6	0	18	1.67623493913473	4	5	7	7	0	7
TGCAGTGGTAGGGAAC-1	6225	20192	visium_breast_cancer_SEDR	visium_breast_cancer_SEDR	20	8	1	13	1.67623493913473	5	20	18	20	6	16
TGCAGTTTCCTCCCAT-1	15794	13558	visium_breast_cancer_SEDR	visium_breast_cancer_SEDR	20	17	14	13	1.59921858573918	11	17	17	18	19	16
TGCATATGTCTGTCAC-1	15113	12369	visium_breast_cancer_SEDR	visium_breast_cancer_SEDR	20	16	3	7	1.41611653762783	3	2	5	1	1	12
TGCATGGATCGGATCT-1	12663	8564	visium_breast_cancer_SEDR	visium_breast_cancer_SEDR	20	5	8	19	1.59921858573918	17	14	16	13	15	3
TGCATGTGACCCATAG-1	8682	20197	visium_breast_cancer_SEDR	visium_breast_cancer_SEDR	20	8	1	13	1.52220223234363	5	17	18	20	2	15
TGCATGTGGTAATCTA-1	14570	10943	visium_breast_cancer_SEDR	visium_breast_cancer_SEDR	20	16	15	14	1.3857296114955	10	7	5	1	14	12
TGCCAAAGTCAGACTT-1	6099	14253	visium_breast_cancer_SEDR	visium_breast_cancer_SEDR	20	1	6	12	1.67665455436062	10	2	6	8	12	11
TGCCACCTGGCGAAAC-1	13891	8804	visium_breast_cancer_SEDR	visium_breast_cancer_SEDR	20	18	3	20	1.63772676243696	3	7	2	11	1	17
TGCCAGTACGTGGAGA-1	13195	16167	visium_breast_cancer_SEDR	visium_breast_cancer_SEDR	20	18	3	10	1.67623493913473	3	7	2	11	1	1
TGCCATTACTAAAGAA-1	15392	9044	visium_breast_cancer_SEDR	visium_breast_cancer_SEDR	20	15	3	6	1.63772676243696	3	13	5	1	1	8
TGCCCGATAGTTAGAA-1	14141	21157	visium_breast_cancer_SEDR	visium_breast_cancer_SEDR	20	2	4	1	1.47387880267449	7	15	3	19	5	9
TGCCGAAAGCGTATTC-1	19756	11903	visium_breast_cancer_SEDR	visium_breast_cancer_SEDR	20	4	5	4	1.63772676243696	18	3	4	3	8	10
TGCCGGATGTACGAGC-1	8139	18770	visium_breast_cancer_SEDR	visium_breast_cancer_SEDR	20	8	1	13	1.56071040904141	5	20	18	20	6	15
TGCCGTGGATCGTCCT-1	12100	17590	visium_breast_cancer_SEDR	visium_breast_cancer_SEDR	20	10	9	16	1.67623493913473	2	4	9	12	11	5
TGCCGTGGGACCCAAT-1	12640	20917	visium_breast_cancer_SEDR	visium_breast_cancer_SEDR	20	17	14	13	1.71474311583251	11	17	1	20	2	15
TGCCTAATTGAAGATT-1	17835	17125	visium_breast_cancer_SEDR	visium_breast_cancer_SEDR	20	4	5	4	1.54617573838128	15	3	4	3	8	10
TGCCTGACATCGGTCA-1	6247	7840	visium_breast_cancer_SEDR	visium_breast_cancer_SEDR	20	9	10	19	1.56071040904141	13	8	16	11	14	4
TGCCTGATCAAACGAT-1	13072	8802	visium_breast_cancer_SEDR	visium_breast_cancer_SEDR	20	14	7	20	1.59921858573918	3	14	13	15	15	17
TGCCTTGGCCAGGCAA-1	14696	16407	visium_breast_cancer_SEDR	visium_breast_cancer_SEDR	20	11	4	9	1.59921858573918	16	11	3	2	4	1
TGCGAATATGGGATTT-1	5279	14727	visium_breast_cancer_SEDR	visium_breast_cancer_SEDR	20	1	6	12	1.68435618970018	10	2	6	8	1	12
TGCGACACCCTAGTGC-1	9784	14973	visium_breast_cancer_SEDR	visium_breast_cancer_SEDR	20	7	2	5	1.49313289102338	8	9	11	9	3	13
TGCGACGGCCGAACGT-1	7867	18295	visium_breast_cancer_SEDR	visium_breast_cancer_SEDR	20	8	1	13	1.67623493913473	5	20	18	20	6	16
TGCGAGAATATTACCC-1	8963	15921	visium_breast_cancer_SEDR	visium_breast_cancer_SEDR	20	1	6	12	1.67665455436062	10	2	6	4	12	11
TGCGAGATGGCGGCCA-1	19219	6676	visium_breast_cancer_SEDR	visium_breast_cancer_SEDR	20	6	0	18	1.67623493913473	12	5	7	7	0	7
TGCGAGCCCTTCCGCG-1	17444	6910	visium_breast_cancer_SEDR	visium_breast_cancer_SEDR	20	13	0	18	1.63772676243696	4	18	14	6	0	7
TGCGCAAAGCATTTGG-1	12657	11415	visium_breast_cancer_SEDR	visium_breast_cancer_SEDR	20	20	7	2	1.71474311583251	9	1	13	15	10	18
TGCGCGATTAACGGAG-1	9110	10458	visium_breast_cancer_SEDR	visium_breast_cancer_SEDR	20	20	7	2	1.71474311583251	9	1	13	15	10	18
TGCGGACTTGACTCCG-1	13870	20206	visium_breast_cancer_SEDR	visium_breast_cancer_SEDR	20	12	11	1	1.63814637766285	7	15	20	19	5	19
TGCGGAGTAAAGGTGC-1	13071	9277	visium_breast_cancer_SEDR	visium_breast_cancer_SEDR	20	14	7	2	1.67623493913473	3	16	13	15	15	3
TGCGGCATAGTTCAAC-1	10891	6898	visium_breast_cancer_SEDR	visium_breast_cancer_SEDR	20	3	12	19	1.56071040904141	13	8	8	14	13	2
TGCGGGTATTGGGATC-1	13217	4289	visium_breast_cancer_SEDR	visium_breast_cancer_SEDR	20	14	13	3	1.71474311583251	6	12	10	12	17	3
TGCGGTGAAATTTCAT-1	12529	6901	visium_breast_cancer_SEDR	visium_breast_cancer_SEDR	20	5	8	19	1.67623493913473	17	14	16	13	15	2
TGCGTAAGAACCTGAT-1	9376	14259	visium_breast_cancer_SEDR	visium_breast_cancer_SEDR	20	7	2	5	1.54617573838128	8	9	11	9	9	13
TGCGTACGGCTAATTG-1	17284	19975	visium_breast_cancer_SEDR	visium_breast_cancer_SEDR	20	12	11	1	1.72286436639795	7	15	20	16	5	19
TGCGTCATGACTGAGC-1	6368	16629	visium_breast_cancer_SEDR	visium_breast_cancer_SEDR	20	16	19	14	1.46915938498573	3	16	1	4	12	12
TGCGTGATTGGGTGTC-1	5840	6651	visium_breast_cancer_SEDR	visium_breast_cancer_SEDR	20	3	10	19	1.68435618970018	13	8	8	10	7	4
TGCGTTTGTTGACACT-1	13881	14030	visium_breast_cancer_SEDR	visium_breast_cancer_SEDR	20	16	6	12	1.59921858573918	11	2	17	4	12	12
TGCTAAGTGTCTATTT-1	15788	16409	visium_breast_cancer_SEDR	visium_breast_cancer_SEDR	20	2	4	17	1.72286436639795	16	11	3	19	5	9
TGCTATACAAACGGAC-1	11031	5235	visium_breast_cancer_SEDR	visium_breast_cancer_SEDR	20	5	8	19	1.67623493913473	17	8	16	13	15	2
TGCTATGGCAAAGGGA-1	7043	20669	visium_breast_cancer_SEDR	visium_breast_cancer_SEDR	20	8	1	13	1.75325129253028	5	20	19	20	6	16
TGCTCCACAGTTCTTA-1	16474	14747	visium_breast_cancer_SEDR	visium_breast_cancer_SEDR	20	18	3	20	1.63772676243696	3	7	2	11	1	17
TGCTCGGCGAAACCCA-1	11827	17589	visium_breast_cancer_SEDR	visium_breast_cancer_SEDR	20	10	9	16	1.67623493913473	2	4	9	12	11	5
TGCTCGGTGGGTCACC-1	13325	19730	visium_breast_cancer_SEDR	visium_breast_cancer_SEDR	20	2	4	17	1.6086574211167	16	15	3	19	5	9
TGCTCTTGAGAGTTTG-1	13053	19255	visium_breast_cancer_SEDR	visium_breast_cancer_SEDR	20	10	9	16	1.67623493913473	2	4	9	12	4	5
TGCTGGTTGGACAATT-1	9112	9033	visium_breast_cancer_SEDR	visium_breast_cancer_SEDR	20	5	8	19	1.63772676243696	17	8	16	13	7	2
TGCTGTTGAAGAACTC-1	12518	13077	visium_breast_cancer_SEDR	visium_breast_cancer_SEDR	20	7	2	5	1.67665455436062	8	9	15	9	3	14
TGCTTAGAGAGAATGC-1	7047	18768	visium_breast_cancer_SEDR	visium_breast_cancer_SEDR	20	8	1	13	1.67623493913473	5	20	18	20	6	16
TGCTTCCCAAGCAGTA-1	12507	18778	visium_breast_cancer_SEDR	visium_breast_cancer_SEDR	20	10	9	16	1.67623493913473	2	4	9	12	11	5
TGCTTGAAACCATGCA-1	5841	6176	visium_breast_cancer_SEDR	visium_breast_cancer_SEDR	20	3	10	19	1.68435618970018	13	8	8	10	7	4
TGGAAACGGAGTGAAC-1	5706	5463	visium_breast_cancer_SEDR	visium_breast_cancer_SEDR	20	3	10	19	1.68435618970018	13	8	8	10	7	4
TGGAACCACTGACACA-1	17439	9760	visium_breast_cancer_SEDR	visium_breast_cancer_SEDR	20	6	0	18	1.56071040904141	4	5	7	6	0	7
TGGAAGAAGGGAACGT-1	8285	13307	visium_breast_cancer_SEDR	visium_breast_cancer_SEDR	20	7	2	5	1.49313289102338	8	9	11	9	3	13
TGGAAGACGAACACCA-1	9798	7371	visium_breast_cancer_SEDR	visium_breast_cancer_SEDR	20	3	12	19	1.75325129253028	19	8	8	14	13	20
TGGAAGGATAAAGATG-1	12799	8802	visium_breast_cancer_SEDR	visium_breast_cancer_SEDR	20	14	8	20	1.75325129253028	3	14	16	15	15	3
TGGAATATCCTTGACC-1	18122	9524	visium_breast_cancer_SEDR	visium_breast_cancer_SEDR	20	13	0	18	1.63772676243696	4	18	14	6	0	7
TGGAATTAGACGCTTT-1	5970	10215	visium_breast_cancer_SEDR	visium_breast_cancer_SEDR	20	1	6	12	1.67665455436062	10	2	6	8	12	11
TGGACCAATCTAAGAT-1	14419	18782	visium_breast_cancer_SEDR	visium_breast_cancer_SEDR	20	10	9	16	1.67623493913473	2	4	9	12	11	5
TGGACCACGGCGTTGA-1	6115	5701	visium_breast_cancer_SEDR	visium_breast_cancer_SEDR	20	3	10	19	1.68435618970018	13	8	8	10	7	4
TGGACGCAATCCAGCC-1	6229	17817	visium_breast_cancer_SEDR	visium_breast_cancer_SEDR	20	8	1	13	1.67623493913473	5	20	18	20	6	16
TGGACTGTTCGCTCAA-1	13474	12841	visium_breast_cancer_SEDR	visium_breast_cancer_SEDR	20	7	2	11	1.68435618970018	8	14	15	9	9	14
TGGAGAATAATCGTCC-1	9500	21148	visium_breast_cancer_SEDR	visium_breast_cancer_SEDR	20	8	1	13	1.56071040904141	5	20	19	20	2	15
TGGAGCTAAAGTTCCC-1	12805	5476	visium_breast_cancer_SEDR	visium_breast_cancer_SEDR	20	19	5	15	1.52220223234363	6	3	12	12	17	6
TGGAGGGAAACACCTC-1	20170	9290	visium_breast_cancer_SEDR	visium_breast_cancer_SEDR	20	13	0	18	1.75325129253028	4	18	7	1	0	7
TGGAGTGATGCGATGA-1	9109	10933	visium_breast_cancer_SEDR	visium_breast_cancer_SEDR	20	7	2	11	1.60733983630463	14	14	15	9	9	14
TGGATAGAGTAACAGA-1	5431	6413	visium_breast_cancer_SEDR	visium_breast_cancer_SEDR	20	9	10	19	1.68435618970018	13	8	16	10	15	4
TGGCAAACTAAATTAC-1	14151	15931	visium_breast_cancer_SEDR	visium_breast_cancer_SEDR	20	18	3	10	1.71474311583251	3	7	2	2	1	1
TGGCAACTCGCGCGCC-1	15255	9281	visium_breast_cancer_SEDR	visium_breast_cancer_SEDR	20	15	3	6	1.63772676243696	3	13	5	1	1	8
TGGCAAGCACAAGTCG-1	11141	19726	visium_breast_cancer_SEDR	visium_breast_cancer_SEDR	20	17	14	13	1.71474311583251	11	17	1	20	2	15
TGGCAATGGGACGGCG-1	17972	16888	visium_breast_cancer_SEDR	visium_breast_cancer_SEDR	20	18	3	10	1.75325129253028	3	7	4	2	1	1
TGGCACGAGCTCGAGT-1	17038	5246	visium_breast_cancer_SEDR	visium_breast_cancer_SEDR	20	6	0	18	1.71474311583251	12	12	7	6	0	7
TGGCAGATTACGATCA-1	11423	14501	visium_breast_cancer_SEDR	visium_breast_cancer_SEDR	20	7	2	11	1.60733983630463	14	14	15	9	9	14
TGGCAGCAGTAATAGT-1	11835	13313	visium_breast_cancer_SEDR	visium_breast_cancer_SEDR	20	7	2	11	1.72286436639795	8	9	15	9	9	14
TGGCATGAAGTTTGGG-1	5138	17340	visium_breast_cancer_SEDR	visium_breast_cancer_SEDR	20	17	14	6	1.75325129253028	11	17	1	18	1	8
TGGCCAAACTGAAGTA-1	13888	10704	visium_breast_cancer_SEDR	visium_breast_cancer_SEDR	20	20	7	2	1.71474311583251	9	1	13	15	10	18
TGGCCAATTTGGTACT-1	5004	15677	visium_breast_cancer_SEDR	visium_breast_cancer_SEDR	20	15	3	7	1.52220223234363	3	13	5	1	1	17
TGGCCGTATATTGACC-1	8700	10220	visium_breast_cancer_SEDR	visium_breast_cancer_SEDR	20	20	7	2	1.71474311583251	9	1	13	15	10	18
TGGCGGTGTGCGATTG-1	9391	5707	visium_breast_cancer_SEDR	visium_breast_cancer_SEDR	20	3	12	19	1.75325129253028	19	8	8	14	13	20
TGGCTACACTCTACCT-1	17148	19262	visium_breast_cancer_SEDR	visium_breast_cancer_SEDR	20	12	11	1	1.72286436639795	7	15	20	16	5	19
TGGCTATGTGACATAC-1	14693	18307	visium_breast_cancer_SEDR	visium_breast_cancer_SEDR	20	10	9	16	1.67623493913473	2	4	9	12	11	5
TGGCTCTTGTCGCGTA-1	5144	14014	visium_breast_cancer_SEDR	visium_breast_cancer_SEDR	20	1	6	12	1.67665455436062	10	2	6	8	12	12
TGGCTTGTACAAGCTT-1	19354	7864	visium_breast_cancer_SEDR	visium_breast_cancer_SEDR	20	13	0	18	1.75325129253028	4	6	14	17	0	7
TGGCTTTGGGTAGACA-1	10478	8560	visium_breast_cancer_SEDR	visium_breast_cancer_SEDR	20	5	8	19	1.63772676243696	17	8	16	13	7	2
TGGGAAATGCCTTTCC-1	7200	9504	visium_breast_cancer_SEDR	visium_breast_cancer_SEDR	20	9	8	19	1.67623493913473	17	8	16	13	7	4
TGGGATGCACTCATTC-1	16898	6909	visium_breast_cancer_SEDR	visium_breast_cancer_SEDR	20	13	0	18	1.71474311583251	4	18	14	17	0	7
TGGGCAATAGTTGGGT-1	18248	14988	visium_breast_cancer_SEDR	visium_breast_cancer_SEDR	20	10	9	16	1.67623493913473	3	10	9	12	11	5
TGGGCACAAACAGAAC-1	9800	5946	visium_breast_cancer_SEDR	visium_breast_cancer_SEDR	20	3	12	19	1.75325129253028	19	8	8	14	13	20
TGGGCACGTTCTATGG-1	13484	7615	visium_breast_cancer_SEDR	visium_breast_cancer_SEDR	20	14	13	3	1.71474311583251	3	14	10	11	18	3
TGGGCAGGCCACCGCA-1	19337	16891	visium_breast_cancer_SEDR	visium_breast_cancer_SEDR	20	18	3	20	1.63772676243696	3	13	2	11	1	17
TGGGCCACAAGAGCGC-1	13346	8328	visium_breast_cancer_SEDR	visium_breast_cancer_SEDR	20	18	3	20	1.63772676243696	3	7	13	11	1	17
TGGGCCCATACTAATT-1	15654	15221	visium_breast_cancer_SEDR	visium_breast_cancer_SEDR	20	18	3	20	1.67623493913473	3	7	2	11	1	1
TGGGCGATACAATAAG-1	11959	20203	visium_breast_cancer_SEDR	visium_breast_cancer_SEDR	20	17	14	10	1.79175946922805	11	17	1	18	1	1
TGGGTAAGGTTCCCGC-1	14304	7142	visium_breast_cancer_SEDR	visium_breast_cancer_SEDR	20	14	13	20	1.67623493913473	3	10	10	11	18	3
TGGGTGCACAAGCCAT-1	15098	20446	visium_breast_cancer_SEDR	visium_breast_cancer_SEDR	20	2	4	17	1.72286436639795	16	11	3	19	4	9
TGGGTGGGATGTCATT-1	18810	6437	visium_breast_cancer_SEDR	visium_breast_cancer_SEDR	20	6	0	18	1.67623493913473	12	5	7	7	0	7
TGGGTGTAATAGATTT-1	17420	20213	visium_breast_cancer_SEDR	visium_breast_cancer_SEDR	20	12	11	1	1.72286436639795	7	15	20	16	5	19
TGGGTGTTAAGTAGAA-1	12776	21154	visium_breast_cancer_SEDR	visium_breast_cancer_SEDR	20	17	14	10	1.63772676243696	11	17	1	2	4	1
TGGGTTTCGGGCGTAC-1	6906	20906	visium_breast_cancer_SEDR	visium_breast_cancer_SEDR	20	8	1	13	1.75325129253028	5	20	19	20	6	16
TGGTAAGCAGGATTGA-1	5008	13776	visium_breast_cancer_SEDR	visium_breast_cancer_SEDR	20	1	6	12	1.67665455436062	10	2	6	8	12	12
TGGTAGAATATATGGG-1	17155	15461	visium_breast_cancer_SEDR	visium_breast_cancer_SEDR	20	15	3	6	1.52220223234363	3	13	5	1	1	17
TGGTATCGCATCCCAA-1	12804	5951	visium_breast_cancer_SEDR	visium_breast_cancer_SEDR	20	19	5	15	1.52220223234363	6	3	12	12	17	6
TGGTATCGGTCTGTAT-1	11576	5711	visium_breast_cancer_SEDR	visium_breast_cancer_SEDR	20	14	13	3	1.54617573838128	17	12	10	13	15	3
TGGTCCCACGCTACGG-1	13604	16405	visium_breast_cancer_SEDR	visium_breast_cancer_SEDR	20	18	3	20	1.67623493913473	3	7	2	11	1	1
TGGTCTGTTGGGCGTA-1	7467	12830	visium_breast_cancer_SEDR	visium_breast_cancer_SEDR	20	7	2	5	1.49313289102338	8	9	11	9	3	13
TGGTGATCGTATTTGT-1	5697	10214	visium_breast_cancer_SEDR	visium_breast_cancer_SEDR	20	1	6	12	1.67665455436062	10	2	6	8	12	11
TGGTGCCCTGCCTTAC-1	10591	21626	visium_breast_cancer_SEDR	visium_breast_cancer_SEDR	20	8	1	13	1.56071040904141	5	20	19	20	2	15
TGGTTAAGGGCGCTGG-1	19076	10239	visium_breast_cancer_SEDR	visium_breast_cancer_SEDR	20	6	0	18	1.75325129253028	12	18	7	6	0	7
TGGTTCAACGGGTAAT-1	13605	15930	visium_breast_cancer_SEDR	visium_breast_cancer_SEDR	20	18	3	10	1.67623493913473	3	16	2	2	1	1
TGGTTCGTAGCAAAGG-1	11023	9511	visium_breast_cancer_SEDR	visium_breast_cancer_SEDR	20	5	8	19	1.63772676243696	17	8	16	13	7	2
TGGTTGGAGGATCCTG-1	15943	6670	visium_breast_cancer_SEDR	visium_breast_cancer_SEDR	20	13	0	18	1.71474311583251	12	18	14	17	0	7
TGGTTTAAACGTGGGT-1	18804	9763	visium_breast_cancer_SEDR	visium_breast_cancer_SEDR	20	6	0	18	1.75325129253028	12	18	7	6	0	7
TGTACCCGACCCTAAT-1	4450	19951	visium_breast_cancer_SEDR	visium_breast_cancer_SEDR	20	8	1	13	1.67623493913473	5	20	18	20	6	16
TGTACCTACACGAGGG-1	15922	18072	visium_breast_cancer_SEDR	visium_breast_cancer_SEDR	20	2	4	9	1.6086574211167	16	15	3	19	5	9
TGTACGAACAAATCCG-1	11426	13075	visium_breast_cancer_SEDR	visium_breast_cancer_SEDR	20	7	2	11	1.6458480130024	14	9	15	9	9	14
TGTACTACTCTCACGG-1	19898	8815	visium_breast_cancer_SEDR	visium_breast_cancer_SEDR	20	6	0	18	1.59921858573918	4	18	7	6	0	7
TGTACTTCCGGGCATG-1	19057	20691	visium_breast_cancer_SEDR	visium_breast_cancer_SEDR	20	12	11	1	1.72286436639795	7	15	20	16	5	19
TGTAGCCAATTCCGTT-1	14551	20920	visium_breast_cancer_SEDR	visium_breast_cancer_SEDR	20	2	4	9	1.47387880267449	7	15	3	19	5	9
TGTAGCCATCCCATTC-1	18788	18790	visium_breast_cancer_SEDR	visium_breast_cancer_SEDR	20	11	17	10	1.67623493913473	4	10	2	2	16	1
TGTAGGAGAAATTTCC-1	15250	12132	visium_breast_cancer_SEDR	visium_breast_cancer_SEDR	20	16	6	14	1.54659535360717	10	2	5	4	0	12
TGTAGTGATCTATAAT-1	8014	12356	visium_breast_cancer_SEDR	visium_breast_cancer_SEDR	20	7	2	5	1.49313289102338	8	9	11	9	3	13
TGTATAACAGATCCTG-1	14297	10942	visium_breast_cancer_SEDR	visium_breast_cancer_SEDR	20	20	7	2	1.71474311583251	9	1	13	15	10	18
TGTATCAGACTGAAGC-1	18537	6437	visium_breast_cancer_SEDR	visium_breast_cancer_SEDR	20	6	0	18	1.67623493913473	4	5	7	17	0	7
TGTATCCTTATTCCAT-1	10346	6422	visium_breast_cancer_SEDR	visium_breast_cancer_SEDR	20	5	8	19	1.59921858573918	19	8	8	13	15	2
TGTATGGCGCAGACAG-1	16202	14272	visium_breast_cancer_SEDR	visium_breast_cancer_SEDR	20	18	3	20	1.71474311583251	3	7	2	18	1	17
TGTATTTACCTAATGC-1	17445	6435	visium_breast_cancer_SEDR	visium_breast_cancer_SEDR	20	6	0	18	1.75325129253028	12	18	7	6	0	7
TGTCATTTGTTGGGAA-1	18396	9050	visium_breast_cancer_SEDR	visium_breast_cancer_SEDR	20	6	0	18	1.59921858573918	4	18	7	6	0	7
TGTCCACGGCTCAACT-1	17285	19500	visium_breast_cancer_SEDR	visium_breast_cancer_SEDR	20	12	11	1	1.72286436639795	7	15	20	16	5	19
TGTCCCGACATAGCAC-1	11301	6661	visium_breast_cancer_SEDR	visium_breast_cancer_SEDR	20	3	12	19	1.56071040904141	13	8	8	14	13	2
TGTCCGCAAACAATTC-1	10455	21388	visium_breast_cancer_SEDR	visium_breast_cancer_SEDR	20	8	1	13	1.56071040904141	5	20	19	20	2	15
TGTCCGTGGCGCCTTT-1	5968	11165	visium_breast_cancer_SEDR	visium_breast_cancer_SEDR	20	1	6	12	1.67665455436062	10	2	6	8	12	11
TGTCCTAAGTCACCGC-1	7605	12118	visium_breast_cancer_SEDR	visium_breast_cancer_SEDR	20	7	2	5	1.49313289102338	8	9	11	9	3	13
TGTCGGCATGGTGGAA-1	6660	6177	visium_breast_cancer_SEDR	visium_breast_cancer_SEDR	20	3	10	19	1.68435618970018	13	8	8	10	7	4
TGTCGTGGGTATAGGC-1	12638	21867	visium_breast_cancer_SEDR	visium_breast_cancer_SEDR	20	8	1	13	1.56071040904141	5	20	18	20	2	15
TGTCGTTATCACATAT-1	5545	18528	visium_breast_cancer_SEDR	visium_breast_cancer_SEDR	20	8	1	13	1.67623493913473	5	20	18	20	2	16
TGTCTACAGTTTCTGT-1	10755	6660	visium_breast_cancer_SEDR	visium_breast_cancer_SEDR	20	5	12	19	1.63772676243696	19	8	8	13	13	2
TGTGACTACGCCAGTC-1	13481	9041	visium_breast_cancer_SEDR	visium_breast_cancer_SEDR	20	16	7	2	1.67623493913473	9	16	13	15	1	17
TGTGACTAGAGTTTGC-1	18512	20215	visium_breast_cancer_SEDR	visium_breast_cancer_SEDR	20	12	11	1	1.72286436639795	7	15	20	16	5	19
TGTGAGACTAGCCCAA-1	12099	18065	visium_breast_cancer_SEDR	visium_breast_cancer_SEDR	20	10	9	16	1.67623493913473	2	4	9	12	11	5
TGTGCCGGTGCCGGAA-1	16744	16648	visium_breast_cancer_SEDR	visium_breast_cancer_SEDR	20	2	4	17	1.6086574211167	16	15	3	19	5	9
TGTGCTTTACGTAAGA-1	5966	12590	visium_breast_cancer_SEDR	visium_breast_cancer_SEDR	20	1	6	12	1.60733983630463	10	2	6	11	9	11
TGTGGAGGAAGCTTAA-1	11168	4523	visium_breast_cancer_SEDR	visium_breast_cancer_SEDR	20	14	13	3	1.71474311583251	17	12	10	5	16	3
TGTGGCAAAGCGTATG-1	15389	10944	visium_breast_cancer_SEDR	visium_breast_cancer_SEDR	20	6	0	18	1.63131334234228	10	2	5	6	0	7
TGTGGCGGGCTTCTGG-1	11551	19489	visium_breast_cancer_SEDR	visium_breast_cancer_SEDR	20	10	9	16	1.67623493913473	2	4	9	12	11	5
TGTGGCTCCCACCAAC-1	19615	14515	visium_breast_cancer_SEDR	visium_breast_cancer_SEDR	20	18	3	20	1.56071040904141	3	10	2	11	1	17
TGTGGTTGCTAAAGCT-1	10185	19487	visium_breast_cancer_SEDR	visium_breast_cancer_SEDR	20	8	1	13	1.56071040904141	5	20	18	20	2	15
TGTGTAGTAGCACGTG-1	19335	17841	visium_breast_cancer_SEDR	visium_breast_cancer_SEDR	20	4	5	4	1.54617573838128	15	3	4	3	8	10
TGTGTCGCGAGTTGCA-1	8428	9744	visium_breast_cancer_SEDR	visium_breast_cancer_SEDR	20	16	15	14	1.72286436639795	10	7	5	6	14	7
TGTGTTCGTATCCAAG-1	6377	11403	visium_breast_cancer_SEDR	visium_breast_cancer_SEDR	20	7	2	11	1.60733983630463	14	14	15	9	9	14
TGTTATTGTATGTGGC-1	15246	14508	visium_breast_cancer_SEDR	visium_breast_cancer_SEDR	20	17	14	13	1.63772676243696	11	17	17	18	19	15
TGTTCCGCTTCCATGA-1	9515	12597	visium_breast_cancer_SEDR	visium_breast_cancer_SEDR	20	7	2	5	1.67665455436062	8	9	15	9	3	14
TGTTCCGGCCTGAGCT-1	12504	20679	visium_breast_cancer_SEDR	visium_breast_cancer_SEDR	20	17	14	17	1.67623493913473	16	17	1	18	4	1
TGTTCTCTACTCCCTA-1	20311	7153	visium_breast_cancer_SEDR	visium_breast_cancer_SEDR	20	6	0	18	1.56071040904141	4	5	7	6	0	7
TGTTCTTCCATTGACT-1	9380	11884	visium_breast_cancer_SEDR	visium_breast_cancer_SEDR	20	7	2	11	1.72286436639795	8	9	15	9	9	14
TGTTGTCAAGAAGTCT-1	14708	9755	visium_breast_cancer_SEDR	visium_breast_cancer_SEDR	20	16	15	14	1.63814637766285	10	7	5	4	1	12
TGTTTAATACTTCATC-1	14032	6191	visium_breast_cancer_SEDR	visium_breast_cancer_SEDR	20	19	5	15	1.44518587894808	6	3	12	3	17	6
TGTTTCGGTACTTCTC-1	11161	8324	visium_breast_cancer_SEDR	visium_breast_cancer_SEDR	20	5	8	19	1.63772676243696	17	8	16	13	7	2
TGTTTGAGATCGTCAG-1	19203	15703	visium_breast_cancer_SEDR	visium_breast_cancer_SEDR	20	15	3	6	1.63772676243696	3	13	5	1	1	8
TTAAACAGAGTCCCGC-1	7206	6178	visium_breast_cancer_SEDR	visium_breast_cancer_SEDR	20	3	10	19	1.68435618970018	13	8	8	10	7	4
TTAAACCGGTAGCGAC-1	10620	5947	visium_breast_cancer_SEDR	visium_breast_cancer_SEDR	20	5	8	19	1.59921858573918	17	8	8	13	15	2
TTAAACCTGGTTCCTT-1	5151	10213	visium_breast_cancer_SEDR	visium_breast_cancer_SEDR	20	1	6	12	1.67665455436062	10	2	6	8	12	11
TTAAACTCGAATTCAT-1	16480	11422	visium_breast_cancer_SEDR	visium_breast_cancer_SEDR	20	6	0	18	1.6458480130024	10	2	6	6	0	7
TTAAAGGCGATGCTCG-1	10182	21387	visium_breast_cancer_SEDR	visium_breast_cancer_SEDR	20	8	1	13	1.56071040904141	5	20	19	20	2	15
TTAAAGTAAGTCGCCA-1	17829	20451	visium_breast_cancer_SEDR	visium_breast_cancer_SEDR	20	12	11	1	1.72286436639795	7	15	20	16	5	19
TTAACACCTCGAACAT-1	6517	9740	visium_breast_cancer_SEDR	visium_breast_cancer_SEDR	20	1	6	12	1.6458480130024	10	2	6	8	14	12
TTAACCAACCCTCCCT-1	11024	8561	visium_breast_cancer_SEDR	visium_breast_cancer_SEDR	20	9	8	19	1.63772676243696	13	8	16	13	7	2
TTAACGAACAAGCAGT-1	19078	9288	visium_breast_cancer_SEDR	visium_breast_cancer_SEDR	20	6	0	18	1.59921858573918	4	18	7	6	0	7
TTAACGTCGCAAGACC-1	10892	6423	visium_breast_cancer_SEDR	visium_breast_cancer_SEDR	20	5	12	19	1.63772676243696	19	8	8	13	13	2
TTAACTCACGCGTGGA-1	5425	9738	visium_breast_cancer_SEDR	visium_breast_cancer_SEDR	20	1	6	12	1.67665455436062	10	2	6	8	12	11
TTAACTTCAGGTAGGA-1	7053	14968	visium_breast_cancer_SEDR	visium_breast_cancer_SEDR	20	1	6	12	1.67665455436062	10	2	6	8	12	11
TTAAGACGAACGAACC-1	16628	5483	visium_breast_cancer_SEDR	visium_breast_cancer_SEDR	20	6	0	18	1.71474311583251	12	12	7	6	0	7
TTAAGATAGGATTGAC-1	17294	14274	visium_breast_cancer_SEDR	visium_breast_cancer_SEDR	20	19	5	15	1.44518587894808	6	3	12	3	17	6
TTAAGCCGACAACTTC-1	14031	7141	visium_breast_cancer_SEDR	visium_breast_cancer_SEDR	20	14	13	3	1.75325129253028	6	14	10	11	8	3
TTAAGCGCCTGACCCA-1	9518	11171	visium_breast_cancer_SEDR	visium_breast_cancer_SEDR	20	7	2	11	1.60733983630463	14	14	15	9	9	14
TTAAGGATACGGAGGT-1	8845	5706	visium_breast_cancer_SEDR	visium_breast_cancer_SEDR	20	5	12	19	1.63772676243696	19	8	8	13	13	2
TTAAGGCCCGTACTTT-1	6911	18056	visium_breast_cancer_SEDR	visium_breast_cancer_SEDR	20	8	1	13	1.67623493913473	5	20	18	20	6	16
TTAAGTATTGTTATCC-1	15783	19260	visium_breast_cancer_SEDR	visium_breast_cancer_SEDR	20	12	11	1	1.63772676243696	7	11	20	16	5	19
TTAATCAGTACGTCAG-1	13892	8329	visium_breast_cancer_SEDR	visium_breast_cancer_SEDR	20	18	3	20	1.56071040904141	3	10	2	11	1	17
TTAATGCGAGGTAACT-1	13079	5001	visium_breast_cancer_SEDR	visium_breast_cancer_SEDR	20	19	5	15	1.52220223234363	6	3	12	12	17	6
TTAATGTAGACCAGGT-1	12794	11177	visium_breast_cancer_SEDR	visium_breast_cancer_SEDR	20	20	7	2	1.71474311583251	9	1	13	15	10	18
TTAATTGCTTTGGGTG-1	13873	18781	visium_breast_cancer_SEDR	visium_breast_cancer_SEDR	20	10	9	16	1.67623493913473	2	4	9	12	11	5
TTAATTTCAGACGCGG-1	12937	8089	visium_breast_cancer_SEDR	visium_breast_cancer_SEDR	20	14	13	3	1.56071040904141	3	16	10	11	15	3
TTACAACTACGCATCC-1	10613	9748	visium_breast_cancer_SEDR	visium_breast_cancer_SEDR	20	5	8	19	1.67623493913473	17	14	16	13	15	2
TTACACGATCTGCGAC-1	18515	18789	visium_breast_cancer_SEDR	visium_breast_cancer_SEDR	20	11	17	10	1.46915938498573	4	10	2	2	4	1
TTACAGACCTAAATGA-1	16619	10234	visium_breast_cancer_SEDR	visium_breast_cancer_SEDR	20	6	0	18	1.71474311583251	12	5	7	6	0	7
TTACATCGTGGCCTGG-1	8430	8794	visium_breast_cancer_SEDR	visium_breast_cancer_SEDR	20	5	8	19	1.67623493913473	17	8	16	13	15	2
TTACATGCCACAACTA-1	17568	13799	visium_breast_cancer_SEDR	visium_breast_cancer_SEDR	20	19	5	15	1.44518587894808	6	3	12	3	17	6
TTACCATTGATTACCC-1	7332	12117	visium_breast_cancer_SEDR	visium_breast_cancer_SEDR	20	7	2	5	1.49313289102338	8	9	11	9	3	13
TTACCCATTGCCGGGT-1	15121	8093	visium_breast_cancer_SEDR	visium_breast_cancer_SEDR	20	18	3	20	1.63772676243696	3	10	2	11	1	7
TTACCCTAACAGTCCT-1	6790	9741	visium_breast_cancer_SEDR	visium_breast_cancer_SEDR	20	16	6	14	1.60733983630463	10	7	6	11	14	12
TTACCCTAGGGATTGG-1	11416	18301	visium_breast_cancer_SEDR	visium_breast_cancer_SEDR	20	10	9	16	1.67623493913473	2	4	9	12	11	5
TTACCGCCTTAGGGAA-1	6386	6652	visium_breast_cancer_SEDR	visium_breast_cancer_SEDR	20	3	10	19	1.68435618970018	13	8	8	10	7	4
TTACGGATGGTTCGAG-1	16206	11896	visium_breast_cancer_SEDR	visium_breast_cancer_SEDR	20	6	0	18	1.63772676243696	12	2	6	4	0	7
TTACGGTGTCACCGAG-1	8573	5231	visium_breast_cancer_SEDR	visium_breast_cancer_SEDR	20	5	8	19	1.71474311583251	17	8	10	13	15	2
TTACGTATCTATGACA-1	19333	19266	visium_breast_cancer_SEDR	visium_breast_cancer_SEDR	20	10	9	16	1.67623493913473	3	10	9	12	11	5
TTACTAAAGGACTTTA-1	14152	15456	visium_breast_cancer_SEDR	visium_breast_cancer_SEDR	20	18	3	10	1.67623493913473	3	16	2	2	1	1
TTACTCCGGCCGGGAA-1	14158	12130	visium_breast_cancer_SEDR	visium_breast_cancer_SEDR	20	20	7	11	1.59921858573918	9	14	13	9	9	18
TTACTCTGGTACGTAC-1	7737	14256	visium_breast_cancer_SEDR	visium_breast_cancer_SEDR	20	7	2	5	1.49313289102338	8	9	11	9	3	13
TTACTGGGATATTTCA-1	10877	14500	visium_breast_cancer_SEDR	visium_breast_cancer_SEDR	20	7	2	5	1.67665455436062	8	9	15	9	3	14
TTACTGTCTAGAGCTC-1	19216	8576	visium_breast_cancer_SEDR	visium_breast_cancer_SEDR	20	13	0	18	1.75325129253028	4	6	14	17	0	7
TTACTGTTTCTCTACG-1	12807	4526	visium_breast_cancer_SEDR	visium_breast_cancer_SEDR	20	14	13	3	1.63772676243696	2	12	10	12	17	3
TTAGAAGAACATGACT-1	12239	16402	visium_breast_cancer_SEDR	visium_breast_cancer_SEDR	20	18	3	10	1.43065120828796	3	16	2	4	15	1
TTAGAATAAGGGTCGG-1	9641	18536	visium_breast_cancer_SEDR	visium_breast_cancer_SEDR	20	8	1	13	1.56071040904141	5	20	18	20	6	15
TTAGACACGATCGTTG-1	15258	7856	visium_breast_cancer_SEDR	visium_breast_cancer_SEDR	20	18	3	20	1.63772676243696	3	10	2	11	0	7
TTAGACGAGTCACCTC-1	14425	15456	visium_breast_cancer_SEDR	visium_breast_cancer_SEDR	20	18	3	10	1.63772676243696	1	7	2	2	1	1
TTAGAGTTTAGAAGGA-1	15245	14983	visium_breast_cancer_SEDR	visium_breast_cancer_SEDR	20	17	14	10	1.63772676243696	11	17	17	18	19	1
TTAGATAGGTCGATAC-1	6385	7127	visium_breast_cancer_SEDR	visium_breast_cancer_SEDR	20	3	10	19	1.68435618970018	13	8	8	10	7	4
TTAGCAACATGGATGT-1	7338	8792	visium_breast_cancer_SEDR	visium_breast_cancer_SEDR	20	5	8	19	1.63772676243696	17	8	16	13	7	2
TTAGCTAATACGATCT-1	16894	9284	visium_breast_cancer_SEDR	visium_breast_cancer_SEDR	20	6	0	18	1.71474311583251	12	5	7	6	0	7
TTAGCTGATTTGCCGT-1	16341	13084	visium_breast_cancer_SEDR	visium_breast_cancer_SEDR	20	16	3	10	1.43065120828796	3	16	2	4	1	12
TTAGGTCATAACCGAC-1	8687	17821	visium_breast_cancer_SEDR	visium_breast_cancer_SEDR	20	8	1	13	1.56071040904141	5	20	18	20	2	15
TTAGTAAACCTGCTCT-1	16330	18785	visium_breast_cancer_SEDR	visium_breast_cancer_SEDR	20	2	4	17	1.6086574211167	16	15	3	19	5	9
TTAGTAGGGCGGCGGG-1	7059	12117	visium_breast_cancer_SEDR	visium_breast_cancer_SEDR	20	7	2	5	1.49313289102338	8	9	11	9	3	13
TTAGTTATTCGTGGCA-1	15927	15221	visium_breast_cancer_SEDR	visium_breast_cancer_SEDR	20	15	3	6	1.63772676243696	3	13	2	1	1	8
TTAGTTCAAGTGTTCG-1	18805	9288	visium_breast_cancer_SEDR	visium_breast_cancer_SEDR	20	6	0	18	1.59921858573918	4	18	7	6	0	7
TTATAGATGCACATTA-1	10757	5235	visium_breast_cancer_SEDR	visium_breast_cancer_SEDR	20	5	8	19	1.67623493913473	17	8	16	13	15	2
TTATAGGTAATTGTCT-1	13464	18543	visium_breast_cancer_SEDR	visium_breast_cancer_SEDR	20	10	9	16	1.67623493913473	2	4	9	12	11	5
TTATAGTCCAAGGTGC-1	18130	5248	visium_breast_cancer_SEDR	visium_breast_cancer_SEDR	20	6	0	18	1.71474311583251	12	5	7	6	0	7
TTATATACGCTGTCAC-1	13610	13079	visium_breast_cancer_SEDR	visium_breast_cancer_SEDR	20	7	2	11	1.68435618970018	8	14	15	9	9	14
TTATATTTGGCAATCC-1	12250	10226	visium_breast_cancer_SEDR	visium_breast_cancer_SEDR	20	20	7	2	1.71474311583251	9	1	13	15	10	18
TTATCCAATCGAACTC-1	8023	7130	visium_breast_cancer_SEDR	visium_breast_cancer_SEDR	20	3	12	19	1.75325129253028	19	8	8	14	13	20
TTATCCGGGATCTATA-1	15379	16171	visium_breast_cancer_SEDR	visium_breast_cancer_SEDR	20	11	17	10	1.63772676243696	16	11	2	2	18	1
TTATCCTCAAGGAATA-1	5959	16391	visium_breast_cancer_SEDR	visium_breast_cancer_SEDR	20	15	3	6	1.67623493913473	3	19	5	1	1	8
TTATCGCCTGCGAAGC-1	5833	10452	visium_breast_cancer_SEDR	visium_breast_cancer_SEDR	20	1	6	12	1.67665455436062	10	2	6	8	12	11
TTATCTGTATCATAAC-1	11706	9275	visium_breast_cancer_SEDR	visium_breast_cancer_SEDR	20	5	8	19	1.63772676243696	17	8	16	13	7	2
TTATGAATGAAAGGGA-1	12107	13789	visium_breast_cancer_SEDR	visium_breast_cancer_SEDR	20	7	2	5	1.49747860743782	8	9	15	9	3	13
TTATGACAAACTGGAT-1	8290	10456	visium_breast_cancer_SEDR	visium_breast_cancer_SEDR	20	1	16	8	1.67623493913473	14	7	6	11	14	11
TTATGATCTTAACGAA-1	14702	13081	visium_breast_cancer_SEDR	visium_breast_cancer_SEDR	20	16	15	20	1.58468391507905	1	10	2	11	12	12
TTATGCGTCCCGGTCC-1	9664	5708	visium_breast_cancer_SEDR	visium_breast_cancer_SEDR	20	3	12	19	1.75325129253028	19	8	8	14	13	20
TTATGTTTGCGATAGA-1	6243	10215	visium_breast_cancer_SEDR	visium_breast_cancer_SEDR	20	1	6	12	1.67665455436062	10	2	6	8	12	11
TTATTAGGGAAGCATC-1	11572	7612	visium_breast_cancer_SEDR	visium_breast_cancer_SEDR	20	5	8	19	1.71474311583251	17	8	16	13	13	2
TTCAAAGTCTCTAGCC-1	13748	12367	visium_breast_cancer_SEDR	visium_breast_cancer_SEDR	20	7	2	11	1.63814637766285	9	14	15	9	9	14
TTCAACGACCCGACCG-1	10068	8797	visium_breast_cancer_SEDR	visium_breast_cancer_SEDR	20	5	8	19	1.63772676243696	17	8	16	13	7	2
TTCAAGCCGAGCTGAG-1	13758	7141	visium_breast_cancer_SEDR	visium_breast_cancer_SEDR	20	14	13	3	1.75325129253028	6	14	10	11	15	3
TTCAATTAGCCATAAT-1	14033	5716	visium_breast_cancer_SEDR	visium_breast_cancer_SEDR	20	19	5	15	1.44518587894808	6	3	12	3	17	6
TTCACGAAAGGATCAC-1	10880	13074	visium_breast_cancer_SEDR	visium_breast_cancer_SEDR	20	7	2	5	1.67665455436062	8	9	15	9	3	14
TTCACTCGAGCACCTA-1	12920	17116	visium_breast_cancer_SEDR	visium_breast_cancer_SEDR	20	10	9	16	1.67623493913473	2	4	9	12	11	5
TTCACTTCCTAGAACG-1	10457	19962	visium_breast_cancer_SEDR	visium_breast_cancer_SEDR	20	8	1	13	1.56071040904141	5	20	18	20	6	15
TTCAGAGTAACCTGAC-1	6525	5465	visium_breast_cancer_SEDR	visium_breast_cancer_SEDR	20	3	10	19	1.68435618970018	13	8	8	10	7	4
TTCAGCCCTGGTCCAC-1	15108	15220	visium_breast_cancer_SEDR	visium_breast_cancer_SEDR	20	18	3	10	1.59921858573918	11	7	2	11	1	1
TTCAGCTGGCGTGCCC-1	16470	17123	visium_breast_cancer_SEDR	visium_breast_cancer_SEDR	20	2	4	1	1.47387880267449	7	15	3	19	5	9
TTCAGGCGTCAAAGCC-1	5691	13540	visium_breast_cancer_SEDR	visium_breast_cancer_SEDR	20	1	6	12	1.67665455436062	10	2	6	8	12	11
TTCAGTTCAAGAGGAG-1	8680	21147	visium_breast_cancer_SEDR	visium_breast_cancer_SEDR	20	8	1	13	1.56071040904141	5	17	19	20	2	15
TTCATAGCCTTGTAAC-1	5569	5700	visium_breast_cancer_SEDR	visium_breast_cancer_SEDR	20	3	10	19	1.68435618970018	13	8	8	10	7	4
TTCATGGCGCAACAGG-1	13755	8566	visium_breast_cancer_SEDR	visium_breast_cancer_SEDR	20	18	3	20	1.63772676243696	3	7	2	11	1	17
TTCCAATCAGAGCTAG-1	16484	9521	visium_breast_cancer_SEDR	visium_breast_cancer_SEDR	20	6	0	18	1.71474311583251	12	5	7	6	0	7
TTCCAATCTGGCTATC-1	9783	15448	visium_breast_cancer_SEDR	visium_breast_cancer_SEDR	20	1	16	8	1.67623493913473	1	7	6	11	9	11
TTCCAGACGAGATTTA-1	18661	13326	visium_breast_cancer_SEDR	visium_breast_cancer_SEDR	20	4	5	15	1.56071040904141	6	3	12	3	8	10
TTCCATCATGCGGTGA-1	17034	7147	visium_breast_cancer_SEDR	visium_breast_cancer_SEDR	20	13	0	18	1.71474311583251	4	18	14	17	0	7
TTCCATCGACAGCGTG-1	18105	18551	visium_breast_cancer_SEDR	visium_breast_cancer_SEDR	20	11	4	17	1.52262184756953	16	10	3	2	4	9
TTCCCGGCGCCAATAG-1	5142	14964	visium_breast_cancer_SEDR	visium_breast_cancer_SEDR	20	15	3	6	1.63772676243696	3	13	5	1	1	8
TTCCGCAGAGAAATAT-1	17304	9048	visium_breast_cancer_SEDR	visium_breast_cancer_SEDR	20	13	0	18	1.71474311583251	12	18	14	17	0	8
TTCCGCGTGAGGCGAT-1	12241	14977	visium_breast_cancer_SEDR	visium_breast_cancer_SEDR	20	16	6	12	1.59193656562552	10	16	6	4	12	12
TTCCGGCTCGACTTCT-1	18536	6912	visium_breast_cancer_SEDR	visium_breast_cancer_SEDR	20	13	0	18	1.67623493913473	4	18	7	17	0	7
TTCCGGTATCTGTGTC-1	19206	13802	visium_breast_cancer_SEDR	visium_breast_cancer_SEDR	20	4	5	4	1.54617573838128	15	3	4	3	8	10
TTCCGGTTACCCACTT-1	15382	14745	visium_breast_cancer_SEDR	visium_breast_cancer_SEDR	20	17	14	13	1.63772676243696	11	17	17	18	19	15
TTCCTCGAGGGTGTCT-1	10204	9035	visium_breast_cancer_SEDR	visium_breast_cancer_SEDR	20	9	8	19	1.63772676243696	13	8	16	13	7	2
TTCCTCGGACTAACCA-1	15243	15933	visium_breast_cancer_SEDR	visium_breast_cancer_SEDR	20	18	3	10	1.71474311583251	3	7	2	2	1	1
TTCCTTTCTGTGTTGC-1	6932	6653	visium_breast_cancer_SEDR	visium_breast_cancer_SEDR	20	3	10	19	1.68435618970018	13	8	8	10	7	4
TTCGACAGAGCCCGTG-1	12785	16403	visium_breast_cancer_SEDR	visium_breast_cancer_SEDR	20	18	3	10	1.63772676243696	3	7	9	11	1	1
TTCGACGGGAAGGGCG-1	9520	9746	visium_breast_cancer_SEDR	visium_breast_cancer_SEDR	20	16	3	20	1.37760836093005	3	14	2	11	14	12
TTCGAGCCGGCGCTAC-1	20312	6202	visium_breast_cancer_SEDR	visium_breast_cancer_SEDR	20	6	0	18	1.67623493913473	12	5	7	17	0	7
TTCGCACTCGCGTGCT-1	9657	9984	visium_breast_cancer_SEDR	visium_breast_cancer_SEDR	20	20	7	2	1.67623493913473	9	1	13	15	9	18
TTCGCACTGTACGACA-1	11552	18539	visium_breast_cancer_SEDR	visium_breast_cancer_SEDR	20	10	9	16	1.67623493913473	2	4	9	12	11	5
TTCGCATCCGGAAGCA-1	6113	6652	visium_breast_cancer_SEDR	visium_breast_cancer_SEDR	20	3	10	19	1.68435618970018	13	8	8	10	7	4
TTCGCGCGCCATACGA-1	9915	18061	visium_breast_cancer_SEDR	visium_breast_cancer_SEDR	20	17	14	13	1.71474311583251	11	17	1	20	2	15
TTCGCTAGGAAGTTGT-1	19479	13803	visium_breast_cancer_SEDR	visium_breast_cancer_SEDR	20	18	3	20	1.56071040904141	3	10	2	11	1	17
TTCGCTATCTGACGTG-1	17168	8810	visium_breast_cancer_SEDR	visium_breast_cancer_SEDR	20	13	0	18	1.71474311583251	3	18	14	17	0	7
TTCGGACTGATGCCTT-1	17037	5721	visium_breast_cancer_SEDR	visium_breast_cancer_SEDR	20	6	0	18	1.71474311583251	12	12	7	6	0	7
TTCGGCAACCCGCTGA-1	15531	7857	visium_breast_cancer_SEDR	visium_breast_cancer_SEDR	20	6	0	18	1.67623493913473	12	10	2	6	0	7
TTCGGCTAGAGATGGT-1	6793	8316	visium_breast_cancer_SEDR	visium_breast_cancer_SEDR	20	9	10	19	1.59921858573918	13	8	16	14	7	4
TTCGGGACTAATCGCG-1	13338	12604	visium_breast_cancer_SEDR	visium_breast_cancer_SEDR	20	7	2	5	1.71474311583251	8	1	13	9	3	14
TTCGGGTTGCCACGGG-1	19471	18554	visium_breast_cancer_SEDR	visium_breast_cancer_SEDR	20	4	5	4	1.63772676243696	3	3	4	3	8	10
TTCGGTACTGTAGAGG-1	12096	19965	visium_breast_cancer_SEDR	visium_breast_cancer_SEDR	20	10	9	16	1.71474311583251	2	4	9	2	18	1
TTCGTAATCCCAGCGG-1	15260	6906	visium_breast_cancer_SEDR	visium_breast_cancer_SEDR	20	18	3	20	1.48369405564586	3	16	2	11	12	3
TTCGTACTCCAGAACG-1	7470	10930	visium_breast_cancer_SEDR	visium_breast_cancer_SEDR	20	7	2	5	1.67665455436062	8	9	15	9	3	14
TTCGTTCAACGAAGTT-1	17849	9524	visium_breast_cancer_SEDR	visium_breast_cancer_SEDR	20	6	0	18	1.59921858573918	4	18	7	6	0	7
TTCTAACCGAAGCTTA-1	15796	12133	visium_breast_cancer_SEDR	visium_breast_cancer_SEDR	20	16	6	12	1.59963820096508	10	2	6	4	0	12
TTCTACCTCAATCGGT-1	6634	20431	visium_breast_cancer_SEDR	visium_breast_cancer_SEDR	20	8	1	13	1.75325129253028	5	20	19	20	6	16
TTCTACCTTTATGTTG-1	14989	5480	visium_breast_cancer_SEDR	visium_breast_cancer_SEDR	20	4	5	4	1.71474311583251	15	3	10	3	8	3
TTCTACTTGCGAGGGC-1	7883	9268	visium_breast_cancer_SEDR	visium_breast_cancer_SEDR	20	9	10	19	1.71474311583251	13	8	16	13	15	4
TTCTAGAAAGTCTTAT-1	9778	18298	visium_breast_cancer_SEDR	visium_breast_cancer_SEDR	20	8	1	13	1.56071040904141	5	20	18	20	2	15
TTCTAGGCCAATTGTG-1	9521	9271	visium_breast_cancer_SEDR	visium_breast_cancer_SEDR	20	5	8	19	1.67623493913473	17	14	16	13	15	2
TTCTATGCCTTTCGCA-1	20031	10953	visium_breast_cancer_SEDR	visium_breast_cancer_SEDR	20	18	3	10	1.56071040904141	3	16	2	1	1	17
TTCTATTAAACGCAGC-1	11004	19963	visium_breast_cancer_SEDR	visium_breast_cancer_SEDR	20	8	1	13	1.56071040904141	5	20	18	20	2	15
TTCTCAATTGCTACAA-1	5404	21141	visium_breast_cancer_SEDR	visium_breast_cancer_SEDR	20	8	1	13	1.67623493913473	5	20	18	20	2	16
TTCTGACCGGGCTCAA-1	14969	16407	visium_breast_cancer_SEDR	visium_breast_cancer_SEDR	20	2	4	9	1.72286436639795	16	11	3	19	4	9
TTCTGCCGCGCCTAGA-1	12923	15691	visium_breast_cancer_SEDR	visium_breast_cancer_SEDR	20	16	6	10	1.59963820096508	10	16	2	4	12	1
TTCTGCGGGTTAGCGG-1	14428	13556	visium_breast_cancer_SEDR	visium_breast_cancer_SEDR	20	16	15	20	1.58468391507905	1	10	2	11	12	12
TTCTGCTAGACTCCAA-1	17983	10712	visium_breast_cancer_SEDR	visium_breast_cancer_SEDR	20	6	0	18	1.71474311583251	12	5	7	6	0	7
TTCTTAGTGAACGGTG-1	8158	8318	visium_breast_cancer_SEDR	visium_breast_cancer_SEDR	20	9	8	19	1.67623493913473	17	8	16	13	7	4
TTCTTAGTGGCTCAGA-1	11844	8087	visium_breast_cancer_SEDR	visium_breast_cancer_SEDR	20	5	8	19	1.71474311583251	17	8	16	13	13	2
TTCTTATCCGCTGGGT-1	17291	15699	visium_breast_cancer_SEDR	visium_breast_cancer_SEDR	20	15	3	6	1.52220223234363	3	13	5	1	1	17
TTCTTCCCTTTGATAT-1	13080	4526	visium_breast_cancer_SEDR	visium_breast_cancer_SEDR	20	14	13	3	1.71474311583251	6	12	10	12	17	3
TTCTTGAGCCGCGCTA-1	9101	15209	visium_breast_cancer_SEDR	visium_breast_cancer_SEDR	20	7	2	5	1.54617573838128	8	9	11	9	9	13
TTCTTGCTAGCATCTC-1	18524	13563	visium_breast_cancer_SEDR	visium_breast_cancer_SEDR	20	4	5	4	1.56071040904141	6	3	12	3	8	10
TTCTTGGACGATCTGC-1	7870	16394	visium_breast_cancer_SEDR	visium_breast_cancer_SEDR	20	16	6	14	1.59921858573918	11	2	1	4	12	12
TTCTTGGAGTAATGAG-1	14300	9042	visium_breast_cancer_SEDR	visium_breast_cancer_SEDR	20	15	3	7	1.52220223234363	3	13	5	1	1	17
TTCTTGTAACCTAATG-1	8292	9506	visium_breast_cancer_SEDR	visium_breast_cancer_SEDR	20	16	15	14	1.60733983630463	10	7	5	6	14	12
TTCTTTGGTCGCGACG-1	17712	9761	visium_breast_cancer_SEDR	visium_breast_cancer_SEDR	20	6	0	18	1.56071040904141	4	5	7	6	0	7
TTGAAAGGTGTAAAGG-1	17580	7148	visium_breast_cancer_SEDR	visium_breast_cancer_SEDR	20	13	0	18	1.71474311583251	4	18	14	17	0	7
TTGAACGAATCCTTTG-1	6383	8552	visium_breast_cancer_SEDR	visium_breast_cancer_SEDR	20	9	10	19	1.59921858573918	13	8	16	14	7	4
TTGAACGACGTGCTGA-1	15512	18309	visium_breast_cancer_SEDR	visium_breast_cancer_SEDR	20	2	4	17	1.72286436639795	16	11	3	19	4	9
TTGAAGAATTCCCAGG-1	10336	11648	visium_breast_cancer_SEDR	visium_breast_cancer_SEDR	20	7	2	11	1.72286436639795	8	9	15	9	9	14
TTGAAGGATGGGCGCC-1	5135	18765	visium_breast_cancer_SEDR	visium_breast_cancer_SEDR	20	8	1	13	1.67623493913473	5	20	18	20	6	16
TTGAATATGGACTTTC-1	13885	12129	visium_breast_cancer_SEDR	visium_breast_cancer_SEDR	20	20	7	2	1.63772676243696	9	14	13	9	10	18
TTGAATCGTTGTATAA-1	4868	15439	visium_breast_cancer_SEDR	visium_breast_cancer_SEDR	20	15	3	6	1.52220223234363	3	13	5	1	1	17
TTGAATTCACGTGAGG-1	16750	13322	visium_breast_cancer_SEDR	visium_breast_cancer_SEDR	20	4	5	4	1.48369405564586	6	3	4	3	8	10
TTGACAGGAGCTCCCG-1	17019	15223	visium_breast_cancer_SEDR	visium_breast_cancer_SEDR	20	4	5	4	1.63772676243696	3	3	4	3	18	17
TTGACATGAACGTGGA-1	7873	14494	visium_breast_cancer_SEDR	visium_breast_cancer_SEDR	20	7	2	5	1.49313289102338	8	9	11	9	3	13
TTGACCAGGAACAACT-1	14418	19257	visium_breast_cancer_SEDR	visium_breast_cancer_SEDR	20	2	4	9	1.72286436639795	16	11	3	19	4	9
TTGACCATGTTCTCCG-1	14162	9754	visium_breast_cancer_SEDR	visium_breast_cancer_SEDR	20	16	7	10	1.59921858573918	3	16	13	15	12	12
TTGACCGTGTTAATGA-1	8144	15920	visium_breast_cancer_SEDR	visium_breast_cancer_SEDR	20	1	6	12	1.67665455436062	10	2	6	4	12	11
TTGACGATTCAGCACG-1	10483	6184	visium_breast_cancer_SEDR	visium_breast_cancer_SEDR	20	5	8	19	1.59921858573918	17	8	8	13	15	2
TTGACGCTCCATGAGC-1	17295	13799	visium_breast_cancer_SEDR	visium_breast_cancer_SEDR	20	19	5	15	1.44518587894808	6	3	12	3	17	6
TTGACTACCATATGGT-1	9103	14259	visium_breast_cancer_SEDR	visium_breast_cancer_SEDR	20	7	2	5	1.49313289102338	8	9	11	9	3	13
TTGACTATTGTCCGGC-1	17702	14987	visium_breast_cancer_SEDR	visium_breast_cancer_SEDR	20	4	18	4	1.63772676243696	15	10	4	11	18	10
TTGAGAAGTTTAGCAT-1	15378	17121	visium_breast_cancer_SEDR	visium_breast_cancer_SEDR	20	2	4	9	1.6086574211167	16	15	3	19	5	9
TTGAGAGTACTGCTAA-1	8693	14496	visium_breast_cancer_SEDR	visium_breast_cancer_SEDR	20	7	2	5	1.49313289102338	8	9	11	9	3	13
TTGAGCAGCCCACGGT-1	19342	14515	visium_breast_cancer_SEDR	visium_breast_cancer_SEDR	20	18	3	20	1.56071040904141	3	10	2	11	1	17
TTGAGCGCCACGTGAT-1	19617	13090	visium_breast_cancer_SEDR	visium_breast_cancer_SEDR	20	4	5	4	1.48369405564586	6	3	4	3	8	10
TTGAGGCATTTAACTC-1	15945	5719	visium_breast_cancer_SEDR	visium_breast_cancer_SEDR	20	16	0	6	1.54617573838128	12	13	2	1	0	12
TTGAGTCCCGCTGCTG-1	19753	13328	visium_breast_cancer_SEDR	visium_breast_cancer_SEDR	20	4	18	4	1.75325129253028	3	3	4	11	18	10
TTGATAGTCAATACAT-1	19212	10476	visium_breast_cancer_SEDR	visium_breast_cancer_SEDR	20	6	0	18	1.71474311583251	12	18	2	4	0	7
TTGATCTAACTTTGTC-1	9928	10934	visium_breast_cancer_SEDR	visium_breast_cancer_SEDR	20	20	7	2	1.71474311583251	9	1	13	15	10	18
TTGATGCCGCTCGTCG-1	8135	20671	visium_breast_cancer_SEDR	visium_breast_cancer_SEDR	20	8	1	13	1.56071040904141	5	17	19	20	2	15
TTGATGTGTAGTCCCG-1	15801	9757	visium_breast_cancer_SEDR	visium_breast_cancer_SEDR	20	6	0	18	1.63131334234228	10	5	5	6	0	7
TTGATTAGCTGTTTCT-1	8145	15445	visium_breast_cancer_SEDR	visium_breast_cancer_SEDR	20	7	2	5	1.32456551357215	14	9	11	9	3	13
TTGATTATGCAGATGA-1	8017	10456	visium_breast_cancer_SEDR	visium_breast_cancer_SEDR	20	1	16	8	1.67623493913473	14	7	6	11	14	11
TTGCAAGAAGACTCCT-1	12777	20679	visium_breast_cancer_SEDR	visium_breast_cancer_SEDR	20	2	4	17	1.6086574211167	16	15	3	19	4	9
TTGCACAATTCAGAAA-1	11287	14263	visium_breast_cancer_SEDR	visium_breast_cancer_SEDR	20	7	2	5	1.67665455436062	8	9	15	9	3	14
TTGCACGGAGCAGCAC-1	11570	9037	visium_breast_cancer_SEDR	visium_breast_cancer_SEDR	20	5	8	19	1.63772676243696	17	8	16	13	7	2
TTGCATGCTGATCACG-1	8284	13782	visium_breast_cancer_SEDR	visium_breast_cancer_SEDR	20	7	2	5	1.49313289102338	8	9	11	9	3	13
TTGCCAAGCAGAACCC-1	19068	14514	visium_breast_cancer_SEDR	visium_breast_cancer_SEDR	20	18	3	20	1.63772676243696	15	10	4	11	1	17
TTGCCATAGCCCGCTC-1	6777	16868	visium_breast_cancer_SEDR	visium_breast_cancer_SEDR	20	17	14	13	1.56071040904141	5	16	1	18	19	15
TTGCCCTGATCACGGG-1	8150	12594	visium_breast_cancer_SEDR	visium_breast_cancer_SEDR	20	7	2	5	1.49313289102338	8	9	11	9	3	13
TTGCCGCAGACCTACA-1	5954	18766	visium_breast_cancer_SEDR	visium_breast_cancer_SEDR	20	8	1	13	1.67623493913473	5	20	18	20	2	16
TTGCCGCTTTCTAGTA-1	14146	18781	visium_breast_cancer_SEDR	visium_breast_cancer_SEDR	20	10	9	16	1.67623493913473	2	4	9	12	11	5
TTGCCGGTGATCCCTC-1	16762	6671	visium_breast_cancer_SEDR	visium_breast_cancer_SEDR	20	6	0	18	1.75325129253028	12	18	7	6	0	7
TTGCCTAATCCAAAGT-1	6361	20430	visium_breast_cancer_SEDR	visium_breast_cancer_SEDR	20	8	1	13	1.75325129253028	5	20	19	20	6	16
TTGCCTTCTCGCCGGG-1	17693	20213	visium_breast_cancer_SEDR	visium_breast_cancer_SEDR	20	12	11	1	1.72286436639795	7	15	20	16	5	19
TTGCGCACAACCACGT-1	17962	22114	visium_breast_cancer_SEDR	visium_breast_cancer_SEDR	20	11	17	10	1.63772676243696	16	11	2	2	18	1
TTGCGCTTGATCAATA-1	17283	20450	visium_breast_cancer_SEDR	visium_breast_cancer_SEDR	20	12	11	1	1.72286436639795	7	15	20	16	5	19
TTGCGGCGACTCATGC-1	12534	4525	visium_breast_cancer_SEDR	visium_breast_cancer_SEDR	20	14	13	3	1.71474311583251	6	12	10	12	17	3
TTGCGTAGTTTGAGGA-1	6107	9977	visium_breast_cancer_SEDR	visium_breast_cancer_SEDR	20	1	6	12	1.67665455436062	10	2	6	8	12	11
TTGCGTGAACGCTTAG-1	16624	7383	visium_breast_cancer_SEDR	visium_breast_cancer_SEDR	20	13	0	18	1.71474311583251	12	18	14	17	0	7
TTGCGTGTGTAGGCAT-1	14825	20446	visium_breast_cancer_SEDR	visium_breast_cancer_SEDR	20	2	4	17	1.5611300242673	7	11	3	19	4	9
TTGCTCATAGTACGTG-1	18103	19976	visium_breast_cancer_SEDR	visium_breast_cancer_SEDR	20	12	11	1	1.72286436639795	7	15	20	16	5	19
TTGCTCCCATACCGGA-1	13344	9278	visium_breast_cancer_SEDR	visium_breast_cancer_SEDR	20	16	7	2	1.63772676243696	9	16	2	15	12	3
TTGCTGAAGGAACCAC-1	11297	8561	visium_breast_cancer_SEDR	visium_breast_cancer_SEDR	20	5	8	19	1.63772676243696	17	8	16	13	7	2
TTGCTGATCATGTTCG-1	11291	11887	visium_breast_cancer_SEDR	visium_breast_cancer_SEDR	20	7	16	11	1.60733983630463	14	14	15	9	9	11
TTGCTGCACCTATCCA-1	6245	9265	visium_breast_cancer_SEDR	visium_breast_cancer_SEDR	20	9	15	14	1.60733983630463	10	8	16	11	14	12
TTGCTGGCCGGGCTTC-1	14169	5954	visium_breast_cancer_SEDR	visium_breast_cancer_SEDR	20	19	5	15	1.44518587894808	6	3	12	3	17	6
TTGGAAGAATACAGTC-1	6779	15917	visium_breast_cancer_SEDR	visium_breast_cancer_SEDR	20	1	6	12	1.6304447423233	10	2	6	4	12	12
TTGGACATGTGGCTTA-1	7465	13781	visium_breast_cancer_SEDR	visium_breast_cancer_SEDR	20	7	2	5	1.49313289102338	8	9	11	9	3	13
TTGGACCATCTGGCAA-1	17837	16175	visium_breast_cancer_SEDR	visium_breast_cancer_SEDR	20	18	3	20	1.63772676243696	3	7	2	11	1	17
TTGGACCTATAACAGT-1	15241	17358	visium_breast_cancer_SEDR	visium_breast_cancer_SEDR	20	2	4	9	1.6086574211167	16	15	3	19	5	9
TTGGAGTCTCCCTTCT-1	9527	5945	visium_breast_cancer_SEDR	visium_breast_cancer_SEDR	20	3	12	19	1.75325129253028	19	8	8	14	13	20
TTGGATATCGTCTACG-1	10602	15449	visium_breast_cancer_SEDR	visium_breast_cancer_SEDR	20	7	16	11	1.67623493913473	1	14	11	9	9	11
TTGGATCGACTTCTGG-1	11711	6424	visium_breast_cancer_SEDR	visium_breast_cancer_SEDR	20	5	8	19	1.63772676243696	13	8	16	13	15	2
TTGGATTGGGTACCAC-1	11025	8086	visium_breast_cancer_SEDR	visium_breast_cancer_SEDR	20	5	8	19	1.71474311583251	17	8	16	13	13	2
TTGGCCAAATTGTATC-1	15233	21634	visium_breast_cancer_SEDR	visium_breast_cancer_SEDR	20	2	4	9	1.72286436639795	16	11	3	19	4	9
TTGGCCATCTTGCGCT-1	6383	8077	visium_breast_cancer_SEDR	visium_breast_cancer_SEDR	20	9	10	19	1.59921858573918	13	8	16	14	7	4
TTGGCCTAGAATTTCG-1	14712	7855	visium_breast_cancer_SEDR	visium_breast_cancer_SEDR	20	18	3	20	1.59921858573918	3	10	2	11	1	3
TTGGCGATCCGAATAT-1	20028	12378	visium_breast_cancer_SEDR	visium_breast_cancer_SEDR	20	19	5	15	1.44518587894808	6	3	12	3	17	6
TTGGCTCAATATGTGT-1	18923	19503	visium_breast_cancer_SEDR	visium_breast_cancer_SEDR	20	11	4	9	1.56071040904141	16	10	3	2	4	1
TTGGCTCGCATGAGAC-1	8565	9507	visium_breast_cancer_SEDR	visium_breast_cancer_SEDR	20	16	15	14	1.72286436639795	10	7	5	6	14	7
TTGGGAAGACGAGCCG-1	12232	20203	visium_breast_cancer_SEDR	visium_breast_cancer_SEDR	20	10	9	16	1.79175946922805	16	4	9	2	11	1
TTGGGACACTGCCCGC-1	13068	10703	visium_breast_cancer_SEDR	visium_breast_cancer_SEDR	20	20	7	2	1.71474311583251	9	1	13	15	10	18
TTGGGACGTAAGAGTT-1	18383	16176	visium_breast_cancer_SEDR	visium_breast_cancer_SEDR	20	15	3	7	1.52220223234363	3	13	5	1	1	17
TTGGGCGGCGGTTGCC-1	13887	11179	visium_breast_cancer_SEDR	visium_breast_cancer_SEDR	20	20	7	2	1.71474311583251	9	1	13	15	10	18
TTGGTATGGCTTGTGT-1	19483	11902	visium_breast_cancer_SEDR	visium_breast_cancer_SEDR	20	4	5	4	1.63772676243696	18	3	4	3	8	10
TTGGTCACACTCGTAA-1	10056	15448	visium_breast_cancer_SEDR	visium_breast_cancer_SEDR	20	1	16	8	1.67623493913473	1	7	6	11	9	11
TTGGTTGCGGTGCGCG-1	6641	16630	visium_breast_cancer_SEDR	visium_breast_cancer_SEDR	20	16	6	14	1.59963820096508	10	16	1	4	12	12
TTGTAAGGACCTAAGT-1	7873	14969	visium_breast_cancer_SEDR	visium_breast_cancer_SEDR	20	7	2	5	1.49313289102338	8	9	11	9	3	13
TTGTAAGGCCAGTTGG-1	14571	10468	visium_breast_cancer_SEDR	visium_breast_cancer_SEDR	20	16	7	14	1.56071040904141	9	7	13	4	12	12
TTGTAATCCGTACTCG-1	11017	12362	visium_breast_cancer_SEDR	visium_breast_cancer_SEDR	20	7	2	11	1.72286436639795	8	9	15	9	9	14
TTGTATCACACAGAAT-1	13621	6903	visium_breast_cancer_SEDR	visium_breast_cancer_SEDR	20	19	5	15	1.63772676243696	6	3	10	11	8	6
TTGTCGTTCAGTTACC-1	11433	9274	visium_breast_cancer_SEDR	visium_breast_cancer_SEDR	20	5	8	19	1.63772676243696	17	8	16	13	7	2
TTGTGAACCTAATCCG-1	15787	17359	visium_breast_cancer_SEDR	visium_breast_cancer_SEDR	20	2	4	17	1.6086574211167	16	15	3	19	5	9
TTGTGAGGCATGACGC-1	5280	14252	visium_breast_cancer_SEDR	visium_breast_cancer_SEDR	20	1	6	12	1.67665455436062	10	2	6	8	12	12
TTGTGATCTGTTCAGT-1	18648	20453	visium_breast_cancer_SEDR	visium_breast_cancer_SEDR	20	12	11	1	1.72286436639795	7	15	20	16	5	19
TTGTGCAGCCACGTCA-1	13601	18305	visium_breast_cancer_SEDR	visium_breast_cancer_SEDR	20	10	9	16	1.67623493913473	2	4	9	12	11	5
TTGTGGCCCTGACAGT-1	11707	8325	visium_breast_cancer_SEDR	visium_breast_cancer_SEDR	20	5	8	19	1.63772676243696	17	8	16	13	7	2
TTGTGGTAGGAGGGAT-1	7325	15918	visium_breast_cancer_SEDR	visium_breast_cancer_SEDR	20	1	6	12	1.67665455436062	10	2	6	8	12	12
TTGTGGTGGTACTAAG-1	16466	19023	visium_breast_cancer_SEDR	visium_breast_cancer_SEDR	20	2	4	17	1.47387880267449	7	15	3	19	5	9
TTGTGTATGCCACCAA-1	11691	17352	visium_breast_cancer_SEDR	visium_breast_cancer_SEDR	20	10	9	16	1.67623493913473	2	4	9	12	11	5
TTGTTAGCAAATTCGA-1	9248	9270	visium_breast_cancer_SEDR	visium_breast_cancer_SEDR	20	5	8	19	1.67623493913473	17	14	16	13	15	2
TTGTTCAGTGTGCTAC-1	12251	9751	visium_breast_cancer_SEDR	visium_breast_cancer_SEDR	20	20	7	2	1.63772676243696	9	14	13	15	15	2
TTGTTGTGTGTCAAGA-1	14023	11417	visium_breast_cancer_SEDR	visium_breast_cancer_SEDR	20	20	7	2	1.71474311583251	9	1	13	15	10	18
TTGTTTCACATCCAGG-1	9233	17822	visium_breast_cancer_SEDR	visium_breast_cancer_SEDR	20	17	14	13	1.71474311583251	11	17	1	20	2	15
TTGTTTCATTAGTCTA-1	7593	18294	visium_breast_cancer_SEDR	visium_breast_cancer_SEDR	20	8	1	13	1.67623493913473	5	20	18	20	6	16
TTGTTTCCATACAACT-1	7190	14730	visium_breast_cancer_SEDR	visium_breast_cancer_SEDR	20	1	16	8	1.59921858573918	14	2	6	9	9	11
TTGTTTGTGTAAATTC-1	10484	5709	visium_breast_cancer_SEDR	visium_breast_cancer_SEDR	20	5	8	19	1.71474311583251	17	8	10	13	15	2
