	x	y	z	data	sample	cluster_number	consensus_lca	consensus_weighted	consensus_kmode	cross_method_entropy	BANKSY_config_default_label	STAGATE_config_default_label	SCAN-IT_config_default_label	scanpy_config_default_label	bass_config_default_label	CellCharter_config_default_label
spinalcord_0	1244.00771208226	1334.5501285347	10.1233933161954	STARmap_plus	spinalcord	7	2	1	5	1.30059200753451	2	1	0	1	1	4
spinalcord_1	940.963114754098	1395.93852459016	7.327868852459019	STARmap_plus	spinalcord	7	2	1	5	1.30059200753451	2	1	0	1	1	4
spinalcord_2	1334.77	618.33	9.37	STARmap_plus	spinalcord	7	2	1	5	1.22357565413896	2	1	0	1	1	1
spinalcord_3	1324.98275862069	1408.18965517241	9.74137931034483	STARmap_plus	spinalcord	7	2	1	5	1.30059200753451	2	1	0	1	1	4
spinalcord_4	1189.63865546218	1300.50420168067	7.831932773109241	STARmap_plus	spinalcord	7	2	1	5	1.30059200753451	2	1	0	1	1	4
spinalcord_5	1374.70391061453	1272.50837988827	9.79329608938547	STARmap_plus	spinalcord	7	2	1	5	1.30059200753451	2	1	0	1	1	4
spinalcord_6	1390.9072847682098	1351.03973509934	10.549668874172198	STARmap_plus	spinalcord	7	2	1	5	1.30059200753451	2	1	0	1	1	4
spinalcord_7	2349.4261682243	1072.36635514019	12.297196261682195	STARmap_plus	spinalcord	7	2	1	5	1.30059200753451	2	1	0	1	1	4
spinalcord_8	1924.92012779553	576.274760383387	18.9968051118211	STARmap_plus	spinalcord	7	2	1	5	1.30059200753451	2	1	0	1	1	4
spinalcord_9	2628.7263681592003	1292.11194029851	14.3134328358209	STARmap_plus	spinalcord	7	2	1	5	1.30059200753451	2	1	0	1	1	4
spinalcord_10	2068.61891515994	1078.27538247566	13.0445062586926	STARmap_plus	spinalcord	7	2	1	5	1.30059200753451	2	1	0	1	1	4
spinalcord_11	1980.3753056234696	971.541564792176	10.8520782396088	STARmap_plus	spinalcord	7	2	1	5	1.30059200753451	2	1	0	1	1	4
spinalcord_12	2440.30362116992	1261.30919220056	13.0696378830084	STARmap_plus	spinalcord	7	2	1	5	1.30059200753451	2	1	0	1	1	4
spinalcord_13	2203.044397463	1084.49682875264	12.2325581395349	STARmap_plus	spinalcord	7	2	1	5	1.30059200753451	2	1	0	1	1	4
spinalcord_14	2623.89447236181	1054.24120603015	13.3316582914573	STARmap_plus	spinalcord	7	2	1	5	1.30059200753451	2	1	0	1	1	4
spinalcord_15	2123.57534246575	824.117199391172	13.6316590563166	STARmap_plus	spinalcord	7	2	1	5	1.30059200753451	2	1	0	1	1	4
spinalcord_16	2536.13851351351	868.570945945946	11.5236486486486	STARmap_plus	spinalcord	7	2	1	5	1.30059200753451	2	1	0	1	1	4
spinalcord_17	2405.10062893082	900.232704402516	13.2138364779874	STARmap_plus	spinalcord	7	2	1	5	1.2475491601766	2	1	0	3	1	4
spinalcord_18	1788.7418478260895	1085.01086956522	11.8505434782609	STARmap_plus	spinalcord	7	2	1	5	1.30059200753451	2	1	0	1	1	4
spinalcord_19	1779.02380952381	1377.97619047619	13.125	STARmap_plus	spinalcord	7	2	1	7	1.13202463008328	2	1	0	1	2	4
spinalcord_20	2314.29503916449	1219.24020887728	11.6762402088773	STARmap_plus	spinalcord	7	2	1	5	1.30059200753451	2	1	0	1	1	4
spinalcord_21	1621.22321428571	1388.97767857143	11.9955357142857	STARmap_plus	spinalcord	7	2	1	7	1.13202463008328	2	1	0	1	2	4
spinalcord_22	2537.7741046832	1173.82093663912	14.429752066115698	STARmap_plus	spinalcord	7	2	1	5	1.30059200753451	2	1	0	1	1	4
spinalcord_23	2668.1947565543105	912.970037453184	11.1161048689139	STARmap_plus	spinalcord	7	2	1	5	1.30059200753451	2	1	0	1	1	4
spinalcord_24	2689.07121661721	1209.3056379822	14.4183976261128	STARmap_plus	spinalcord	7	2	1	5	1.30059200753451	2	1	0	1	1	4
spinalcord_25	2592.98013245033	1392.62251655629	12.3774834437086	STARmap_plus	spinalcord	7	2	1	5	1.2475491601766	2	1	0	3	1	4
spinalcord_26	2188.63663663664	1222.51051051051	10.3363363363363	STARmap_plus	spinalcord	7	2	1	5	1.30059200753451	2	1	0	1	1	4
spinalcord_27	2559.10380622837	828.235294117647	15.4083044982699	STARmap_plus	spinalcord	7	2	1	5	1.30059200753451	2	1	0	1	1	4
spinalcord_28	2654.97321428571	1149.125	13.892857142857098	STARmap_plus	spinalcord	7	2	1	5	1.30059200753451	2	1	0	1	1	4
spinalcord_29	2435.79545454545	797.724747474747	13.3156565656566	STARmap_plus	spinalcord	7	2	1	5	1.30059200753451	2	1	0	1	1	4
spinalcord_30	2574.4530386740303	979.85635359116	10.7845303867403	STARmap_plus	spinalcord	7	2	1	5	1.30059200753451	2	1	0	1	1	4
spinalcord_31	2286.95794392523	851.8598130841119	10.7102803738318	STARmap_plus	spinalcord	7	2	1	5	1.30059200753451	2	1	0	1	1	4
spinalcord_32	2530.29824561404	1276.88596491228	11.1140350877193	STARmap_plus	spinalcord	7	2	1	5	1.30059200753451	2	1	0	1	1	4
spinalcord_33	2111.8407821229102	1158.48324022346	11.8715083798883	STARmap_plus	spinalcord	7	2	1	5	1.30059200753451	2	1	0	1	1	4
spinalcord_34	2195.77777777778	1356.35802469136	12.8518518518519	STARmap_plus	spinalcord	7	2	1	7	1.13202463008328	2	1	0	1	2	4
spinalcord_35	2341.38	880.79	11.16	STARmap_plus	spinalcord	7	2	1	5	1.30059200753451	2	1	0	1	1	4
spinalcord_36	2735.0931372549	1011.02450980392	11.6029411764706	STARmap_plus	spinalcord	7	2	1	5	1.30059200753451	2	1	0	1	1	4
spinalcord_37	1875.8141025641	1367.8012820512802	12.1923076923077	STARmap_plus	spinalcord	7	2	1	7	1.13202463008328	2	1	0	1	2	4
spinalcord_38	2208.38482384824	838.6775067750681	12.037940379403802	STARmap_plus	spinalcord	7	2	1	5	1.30059200753451	2	1	0	1	1	4
spinalcord_39	2451.44104803493	994.947598253275	13.5589519650655	STARmap_plus	spinalcord	7	2	1	5	1.30059200753451	2	1	0	1	1	4
spinalcord_40	2683.48044692737	1059.5474860335198	11.877094972067	STARmap_plus	spinalcord	7	2	1	5	1.30059200753451	2	1	0	1	1	4
spinalcord_41	1828.0206185567	1359.43298969072	11.2061855670103	STARmap_plus	spinalcord	7	2	1	7	1.13202463008328	2	1	0	1	2	4
spinalcord_42	2360.8870967741896	821.3709677419349	12.508064516129	STARmap_plus	spinalcord	7	2	1	5	1.30059200753451	2	1	0	1	1	4
spinalcord_43	2493.05612244898	907.464285714286	12.6734693877551	STARmap_plus	spinalcord	7	2	1	5	1.30059200753451	2	1	0	1	1	4
spinalcord_44	2449.45192307692	1166.8846153846198	12.4423076923077	STARmap_plus	spinalcord	7	2	1	5	1.30059200753451	2	1	0	1	1	4
spinalcord_45	2450.96721311475	874.3770491803281	12.5737704918033	STARmap_plus	spinalcord	7	2	1	5	1.30059200753451	2	1	0	1	1	4
spinalcord_46	1965.2923649906893	904.7281191806328	11.9385474860335	STARmap_plus	spinalcord	7	2	1	5	1.30059200753451	2	1	0	1	1	4
spinalcord_47	2413.6277173913	1098.27717391304	10.7961956521739	STARmap_plus	spinalcord	7	2	1	5	1.30059200753451	2	1	0	1	1	4
spinalcord_48	3718.98174442191	1188.29411764706	10.2961460446247	STARmap_plus	spinalcord	7	2	1	5	1.30059200753451	2	1	0	1	1	4
spinalcord_49	3996.99651567944	1039.02090592335	9.30313588850174	STARmap_plus	spinalcord	7	2	1	5	1.30059200753451	2	1	0	1	1	4
spinalcord_50	4039.5	1113.96717171717	10.272727272727302	STARmap_plus	spinalcord	7	2	1	5	1.30059200753451	2	1	0	1	1	4
spinalcord_51	3304.40515933232	1267.40364188164	14.2291350531108	STARmap_plus	spinalcord	7	2	1	5	1.30059200753451	2	1	0	1	1	4
spinalcord_52	3461.7695473251	1385.60905349794	13.8271604938272	STARmap_plus	spinalcord	7	2	1	5	1.30059200753451	2	1	0	1	1	4
spinalcord_53	3614.98828125	630.671875	17.17578125	STARmap_plus	spinalcord	7	2	1	5	1.30059200753451	2	1	0	1	1	4
spinalcord_54	3493.27272727273	1265.8233766233802	16.212987012987	STARmap_plus	spinalcord	7	2	1	5	1.30059200753451	2	1	0	1	1	4
spinalcord_55	3098.29057591623	1293.0654450261802	19.0890052356021	STARmap_plus	spinalcord	7	2	1	5	1.30059200753451	2	1	0	1	1	4
spinalcord_56	3641.2111111111103	1244.58333333333	12.05	STARmap_plus	spinalcord	7	2	1	5	1.30059200753451	2	1	0	1	1	4
spinalcord_57	3564.06870229008	1175.42239185751	15.0687022900763	STARmap_plus	spinalcord	7	2	1	5	1.30059200753451	2	1	0	1	1	4
spinalcord_58	3508.7950310559004	459.267080745342	12.2049689440994	STARmap_plus	spinalcord	7	2	1	5	1.30059200753451	2	1	0	1	1	4
spinalcord_59	3248.7	1054.2666666666698	9.73333333333333	STARmap_plus	spinalcord	7	2	1	5	1.30059200753451	2	1	0	1	1	4
spinalcord_60	3460.98	1166.08666666667	14.503333333333302	STARmap_plus	spinalcord	7	2	1	5	1.30059200753451	2	1	0	1	1	4
spinalcord_61	3861.7620817843895	1241.1561338289998	9.1449814126394	STARmap_plus	spinalcord	7	2	1	5	1.2475491601766	2	1	0	3	1	4
spinalcord_62	2832.68927789934	356.013129102845	15.2275711159737	STARmap_plus	spinalcord	7	2	1	5	1.22357565413896	2	1	0	1	1	1
spinalcord_63	3519.4405940594106	641.8910891089109	15.1980198019802	STARmap_plus	spinalcord	7	2	1	5	1.30059200753451	2	1	0	1	1	4
spinalcord_64	3165.93023255814	986.53488372093	16.5290697674419	STARmap_plus	spinalcord	7	2	1	5	1.30059200753451	2	1	0	1	1	4
spinalcord_65	3546.9150579150605	1006.43629343629	14.5675675675676	STARmap_plus	spinalcord	7	2	1	5	1.30059200753451	2	1	0	1	1	4
spinalcord_66	2804.27272727273	1332.9431818181802	12.3219696969697	STARmap_plus	spinalcord	7	2	1	5	1.30059200753451	2	1	0	1	1	4
spinalcord_67	3777.67736185383	1086.88948306595	10.078431372549	STARmap_plus	spinalcord	7	2	1	5	1.30059200753451	2	1	0	1	1	4
spinalcord_68	3033.3555555555604	1196.70222222222	16.9333333333333	STARmap_plus	spinalcord	7	2	1	5	1.30059200753451	2	1	0	1	1	4
spinalcord_69	3630.43795620438	1341.70437956204	13.1970802919708	STARmap_plus	spinalcord	7	2	1	7	1.13202463008328	2	1	0	1	2	4
spinalcord_70	3154.6300578034698	1225.17341040462	16.936416184971097	STARmap_plus	spinalcord	7	2	1	5	1.30059200753451	2	1	0	1	1	4
spinalcord_71	3237.32179930796	1377.63667820069	14.2525951557093	STARmap_plus	spinalcord	7	2	1	5	1.2475491601766	2	1	0	3	1	4
spinalcord_72	3571.72872340426	389.78723404255305	12.6436170212766	STARmap_plus	spinalcord	7	2	1	5	1.30059200753451	2	1	0	1	1	4
spinalcord_73	3454.35761589404	951.039735099338	13.1456953642384	STARmap_plus	spinalcord	7	2	1	5	1.30059200753451	2	1	0	1	1	4
spinalcord_74	2894.69655172414	1328.40689655172	15.048275862069	STARmap_plus	spinalcord	7	2	1	5	1.30059200753451	2	1	0	1	1	4
spinalcord_75	3359.1650485436894	1194.05825242718	14.8009708737864	STARmap_plus	spinalcord	7	2	1	5	1.30059200753451	2	1	0	1	1	4
spinalcord_76	3546.9683257918605	580.153846153846	12.8280542986425	STARmap_plus	spinalcord	7	2	1	5	1.30059200753451	2	1	0	1	1	4
spinalcord_77	3896.75	1065.7091346153802	11.048076923076902	STARmap_plus	spinalcord	7	2	1	5	1.30059200753451	2	1	0	1	1	4
spinalcord_78	3602.8375286041205	700.6064073226539	14.6979405034325	STARmap_plus	spinalcord	7	2	1	5	1.30059200753451	2	1	0	1	1	4
spinalcord_79	3088.2140000000004	967.782	14.126	STARmap_plus	spinalcord	7	2	1	5	1.30059200753451	2	1	0	1	1	4
spinalcord_80	3546.2405063291103	1343.03797468354	13.7088607594937	STARmap_plus	spinalcord	7	2	1	5	1.30059200753451	2	1	0	1	1	4
spinalcord_81	2844.9777777777804	1176.30158730159	11.790476190476198	STARmap_plus	spinalcord	7	2	1	5	1.30059200753451	2	1	0	1	1	4
spinalcord_82	2996.3892215568894	1143.94011976048	17.251497005988	STARmap_plus	spinalcord	7	2	1	5	1.30059200753451	2	1	0	1	1	4
spinalcord_83	3619.4455128205104	1136.48076923077	12.3237179487179	STARmap_plus	spinalcord	7	2	1	5	1.30059200753451	2	1	0	1	1	4
spinalcord_84	3111.10594315245	1370.0	15.5064599483204	STARmap_plus	spinalcord	7	2	1	5	1.30059200753451	2	1	0	1	1	4
spinalcord_85	3291.59259259259	1165.75925925926	17.907407407407398	STARmap_plus	spinalcord	7	2	1	5	1.30059200753451	2	1	0	1	1	4
spinalcord_86	3949.178403755872	1142.46009389671	11.9483568075117	STARmap_plus	spinalcord	7	2	1	5	1.30059200753451	2	1	0	1	1	4
spinalcord_87	3579.7672413793102	1247.93103448276	15.1896551724138	STARmap_plus	spinalcord	7	2	1	5	1.30059200753451	2	1	0	1	1	4
spinalcord_88	3974.01398601399	1229.6993006993	10.0979020979021	STARmap_plus	spinalcord	7	2	1	6	1.22357565413896	2	1	0	1	1	1
spinalcord_89	2927.15789473684	374.352226720648	14.809716599190304	STARmap_plus	spinalcord	7	2	1	5	1.10295528876303	2	1	0	1	1	5
spinalcord_90	3063.29646017699	1112.35398230089	19.5442477876106	STARmap_plus	spinalcord	7	2	1	5	1.30059200753451	2	1	0	1	1	4
spinalcord_91	3267.87391304348	963.4565217391302	18.9913043478261	STARmap_plus	spinalcord	7	2	1	5	1.30059200753451	2	1	0	1	1	4
spinalcord_92	3581.3259259259294	545.718518518519	16.9111111111111	STARmap_plus	spinalcord	7	2	1	5	1.30059200753451	2	1	0	1	1	4
spinalcord_93	3056.14285714286	1344.06493506494	17.3961038961039	STARmap_plus	spinalcord	7	2	1	5	1.30059200753451	2	1	0	1	1	4
spinalcord_94	3570.5815602836897	420.056737588652	18.8368794326241	STARmap_plus	spinalcord	7	2	1	5	1.30059200753451	2	1	0	1	1	4
spinalcord_95	2782.37190082645	1016.33884297521	10.0	STARmap_plus	spinalcord	7	2	1	5	1.30059200753451	2	1	0	1	1	4
spinalcord_96	3619.3913043478296	590.130434782609	19.8260869565217	STARmap_plus	spinalcord	7	2	1	5	1.30059200753451	2	1	0	1	1	4
spinalcord_97	3433.52	1229.76	14.26	STARmap_plus	spinalcord	7	2	1	5	1.30059200753451	2	1	0	1	1	4
spinalcord_98	4248.17710583153	1328.70194384449	9.22894168466523	STARmap_plus	spinalcord	7	2	1	5	1.10295528876303	2	1	0	1	1	5
spinalcord_99	4719.59930313589	1239.21951219512	9.602787456445991	STARmap_plus	spinalcord	7	2	1	5	1.10295528876303	2	1	0	1	1	5
spinalcord_100	4116.30074074074	1333.49037037037	10.1303703703704	STARmap_plus	spinalcord	7	2	1	5	1.22357565413896	2	1	0	1	1	1
spinalcord_101	5343.65789473684	1387.45065789474	7.16118421052632	STARmap_plus	spinalcord	7	3	2	2	1.40667770225031	4	5	5	2	3	5
spinalcord_102	4153.75843454791	1090.94601889339	10.1821862348178	STARmap_plus	spinalcord	7	2	1	5	1.10295528876303	2	1	0	1	1	5
spinalcord_103	5199.01175088132	1396.2150411280802	10.392479435957698	STARmap_plus	spinalcord	7	3	2	2	1.40667770225031	4	5	5	2	3	5
spinalcord_104	4768.179211469529	1087.5376344086	11.3548387096774	STARmap_plus	spinalcord	7	2	1	5	1.10295528876303	2	1	0	1	1	5
spinalcord_105	5216.49700598802	1177.04790419162	8.6377245508982	STARmap_plus	spinalcord	7	3	6	5	1.26208383083673	4	1	5	1	1	5
spinalcord_106	4347.047670639221	1253.5828819068302	10.0281690140845	STARmap_plus	spinalcord	7	2	1	5	1.10295528876303	2	1	0	1	1	5
spinalcord_107	4845.43918918919	1114.73423423423	11.454954954955	STARmap_plus	spinalcord	7	2	1	5	1.10295528876303	2	1	0	1	1	5
spinalcord_108	4569.250626566421	1162.3984962406	10.5563909774436	STARmap_plus	spinalcord	7	2	1	5	1.10295528876303	2	1	0	1	1	5
spinalcord_109	4963.90681003584	1216.6164874552	7.204301075268821	STARmap_plus	spinalcord	7	2	1	5	1.10295528876303	2	1	0	1	1	5
spinalcord_110	4399.79381443299	1130.4587628866	10.613402061855698	STARmap_plus	spinalcord	7	2	1	5	1.10295528876303	2	1	0	1	1	5
spinalcord_111	4750.45247933884	1331.85950413223	7.61363636363636	STARmap_plus	spinalcord	7	2	1	5	1.10295528876303	2	1	0	1	1	5
spinalcord_112	4959.43990384615	1376.86538461538	8.76923076923077	STARmap_plus	spinalcord	7	3	6	5	1.26208383083673	4	1	5	1	1	5
spinalcord_113	4502.44660194175	1117.2669902912598	10.0145631067961	STARmap_plus	spinalcord	7	2	1	5	1.10295528876303	2	1	0	1	1	5
spinalcord_114	5325.21897810219	1245.11313868613	9.12043795620438	STARmap_plus	spinalcord	7	3	6	5	1.26208383083673	4	1	5	1	1	5
spinalcord_115	5196.14615384615	1285.1346153846198	9.01923076923077	STARmap_plus	spinalcord	7	3	6	5	1.30059200753451	4	1	5	0	1	5
spinalcord_116	5417.65664160401	1273.85463659148	8.418546365914791	STARmap_plus	spinalcord	7	3	2	2	1.32966134885476	4	1	5	2	3	5
spinalcord_117	4419.92821782178	1044.89851485149	9.91584158415842	STARmap_plus	spinalcord	7	2	1	5	1.30059200753451	2	1	0	1	1	4
spinalcord_118	4278.76268115942	1100.39130434783	8.90760869565217	STARmap_plus	spinalcord	7	2	1	5	1.10295528876303	2	1	0	1	1	5
spinalcord_119	4612.626760563379	1254.93309859155	9.16549295774648	STARmap_plus	spinalcord	7	2	1	5	1.10295528876303	2	1	0	1	1	5
spinalcord_120	5329.5698924731205	1174.15591397849	12.2849462365591	STARmap_plus	spinalcord	7	3	6	5	1.26208383083673	4	1	5	1	1	5
spinalcord_121	4325.52095808383	1151.34131736527	9.79640718562874	STARmap_plus	spinalcord	7	2	1	5	1.10295528876303	2	1	0	1	1	5
spinalcord_122	5103.24752475248	1179.39603960396	9.98349834983498	STARmap_plus	spinalcord	7	3	6	5	1.26208383083673	4	1	5	1	1	5
spinalcord_123	5421.90842490843	1359.84981684982	7.6117216117216095	STARmap_plus	spinalcord	7	3	2	2	1.40667770225031	4	5	5	2	3	5
spinalcord_124	5278.088888888889	1337.31111111111	9.08888888888889	STARmap_plus	spinalcord	7	3	6	2	1.31512667819463	4	1	5	1	3	5
spinalcord_125	6419.21880650995	1408.4629294755898	9.84448462929476	STARmap_plus	spinalcord	7	3	6	2	1.31512667819463	4	1	5	1	3	5
spinalcord_126	5904.437751004019	1338.98995983936	7.36345381526104	STARmap_plus	spinalcord	7	3	2	2	1.26208383083673	4	5	3	2	3	5
spinalcord_127	6068.4679054054	1282.1182432432402	10.3125	STARmap_plus	spinalcord	7	3	2	2	1.31512667819463	4	5	3	4	3	5
spinalcord_128	6188.584821428571	1314.34598214286	11.34375	STARmap_plus	spinalcord	7	3	2	2	1.26208383083673	4	5	3	2	3	5
spinalcord_129	6280.261682242989	1403.06230529595	9.28971962616822	STARmap_plus	spinalcord	7	3	2	2	1.48369405564586	4	5	3	0	3	5
spinalcord_130	5569.37047756874	1336.6497829233	11.9204052098408	STARmap_plus	spinalcord	7	3	2	2	1.40667770225031	4	5	5	2	3	5
spinalcord_131	5821.81233243968	1218.51474530831	7.777479892761391	STARmap_plus	spinalcord	7	3	6	5	1.26208383083673	4	1	5	1	1	5
spinalcord_132	5700.16355140187	1272.27570093458	8.63084112149533	STARmap_plus	spinalcord	7	3	2	2	1.36816952555253	4	5	5	1	1	5
spinalcord_133	6469.31666666667	1299.27083333333	6.216666666666669	STARmap_plus	spinalcord	7	3	6	2	1.31512667819463	4	1	5	1	3	5
spinalcord_134	5668.589312977099	1365.45038167939	9.33435114503817	STARmap_plus	spinalcord	7	3	2	2	1.26208383083673	4	5	3	2	3	5
spinalcord_135	5582.84162895928	1169.80090497738	8.60633484162896	STARmap_plus	spinalcord	7	3	6	5	1.26208383083673	4	1	5	1	1	5
spinalcord_136	5995.208556149731	1219.22192513369	7.991978609625669	STARmap_plus	spinalcord	7	3	6	5	1.26208383083673	4	1	5	1	1	5
spinalcord_137	5639.71428571429	1247.46984126984	7.08253968253968	STARmap_plus	spinalcord	7	3	2	2	1.36816952555253	4	5	5	1	1	5
spinalcord_138	6307.33974358974	1264.62179487179	7.10897435897436	STARmap_plus	spinalcord	7	3	2	2	1.32966134885476	4	2	5	1	3	5
spinalcord_139	5510.40331491713	1248.39226519337	10.6740331491713	STARmap_plus	spinalcord	7	3	6	5	1.26208383083673	4	1	5	1	1	5
spinalcord_140	5503.12589928058	1415.87410071942	7.93705035971223	STARmap_plus	spinalcord	7	3	2	2	1.26208383083673	4	5	3	2	3	5
spinalcord_141	6170.9886039886	1420.4301994302	10.9287749287749	STARmap_plus	spinalcord	7	3	2	2	1.26208383083673	4	5	3	2	3	5
spinalcord_142	5894.50303030303	1262.3515151515198	6.95151515151515	STARmap_plus	spinalcord	7	3	6	5	1.26208383083673	4	1	5	1	1	5
spinalcord_143	6062.71647509579	1346.94252873563	10.5900383141762	STARmap_plus	spinalcord	7	3	2	2	1.27152266621425	4	5	3	1	3	5
spinalcord_144	6143.87356321839	1243.79310344828	13.0890804597701	STARmap_plus	spinalcord	7	3	2	2	1.32966134885476	4	2	5	1	3	5
spinalcord_145	6298.27184466019	1352.49029126214	7.99514563106796	STARmap_plus	spinalcord	7	3	2	2	1.40667770225031	4	5	5	2	3	5
spinalcord_146	6001.028409090911	1331.28409090909	7.46590909090909	STARmap_plus	spinalcord	7	3	2	2	1.27152266621425	4	5	3	1	3	5
spinalcord_147	6132.472392638039	1300.63803680982	15.1165644171779	STARmap_plus	spinalcord	7	3	2	2	1.26208383083673	4	5	3	2	3	5
spinalcord_148	1114.6804123711302	1656.7912371134	11.3659793814433	STARmap_plus	spinalcord	7	2	1	7	1.13202463008328	2	1	0	1	2	4
spinalcord_149	969.521186440678	1691.48728813559	10.9364406779661	STARmap_plus	spinalcord	7	2	1	5	1.30059200753451	2	1	0	1	1	4
spinalcord_150	1164.62269129288	1869.5250659630603	11.4643799472296	STARmap_plus	spinalcord	7	2	1	7	1.13202463008328	2	1	0	1	2	4
spinalcord_151	779.114391143911	1869.13284132841	9.32841328413284	STARmap_plus	spinalcord	7	2	1	7	1.13202463008328	2	1	0	1	2	4
spinalcord_152	1339.12755102041	2343.0459183673497	12.4107142857143	STARmap_plus	spinalcord	7	2	1	6	1.05500827668773	2	1	0	1	2	1
spinalcord_153	1298.76595744681	1732.6063829787197	12.6542553191489	STARmap_plus	spinalcord	7	2	1	7	1.13202463008328	2	1	0	1	2	4
spinalcord_154	1229.77521613833	2739.00864553314	12.806916426513	STARmap_plus	spinalcord	7	4	4	6	1.13244424530917	5	2	4	5	5	3
spinalcord_155	543.5517241379309	2441.84827586207	10.7448275862069	STARmap_plus	spinalcord	7	2	1	6	1.05500827668773	2	1	0	1	2	1
spinalcord_156	1175.29189189189	2116.93513513514	14.3135135135135	STARmap_plus	spinalcord	7	5	1	6	1.15599813612093	2	1	0	0	2	1
spinalcord_157	883.84	1628.4933333333302	11.5333333333333	STARmap_plus	spinalcord	7	2	1	5	1.30059200753451	2	1	0	1	1	4
spinalcord_158	926.293706293706	2405.27972027972	14.2692307692308	STARmap_plus	spinalcord	7	2	1	7	1.13202463008328	2	1	0	1	2	4
spinalcord_159	885.7394957983189	2013.86554621849	12.151260504201698	STARmap_plus	spinalcord	7	2	1	7	1.13202463008328	2	1	0	1	2	4
spinalcord_160	1143.1483516483502	2612.76373626374	11.6263736263736	STARmap_plus	spinalcord	7	4	4	6	1.24623157536453	5	2	4	1	5	3
spinalcord_161	607.7111913357401	2096.74368231047	9.88808664259928	STARmap_plus	spinalcord	7	2	1	7	1.13202463008328	2	1	0	1	2	4
spinalcord_162	365.525581395349	2237.61860465116	8.176744186046509	STARmap_plus	spinalcord	7	2	1	7	1.13202463008328	2	1	0	1	2	4
spinalcord_163	1234.01886792453	1639.65283018868	12.1358490566038	STARmap_plus	spinalcord	7	2	1	7	1.13202463008328	2	1	0	1	2	4
spinalcord_164	983.908256880734	2303.77981651376	15.146788990825698	STARmap_plus	spinalcord	7	2	1	6	1.05500827668773	2	1	0	1	2	1
spinalcord_165	481.33522727272697	2403.3125	11.9545454545455	STARmap_plus	spinalcord	7	2	1	7	1.13202463008328	2	1	0	1	2	4
spinalcord_166	1245.69620253165	2604.93670886076	12.0	STARmap_plus	spinalcord	7	4	4	1	1.2316969047044	5	2	4	0	5	3
spinalcord_167	1361.56285714286	1866.64285714286	12.6257142857143	STARmap_plus	spinalcord	7	2	1	7	1.13202463008328	2	1	0	1	2	4
spinalcord_168	920.068965517241	2761.90229885057	12.2758620689655	STARmap_plus	spinalcord	7	4	4	1	1.2316969047044	5	2	4	0	5	3
spinalcord_169	575.757925072046	1966.70317002882	10.5561959654179	STARmap_plus	spinalcord	7	2	1	7	1.13202463008328	2	1	0	1	2	4
spinalcord_170	722.794392523365	2302.28504672897	11.4252336448598	STARmap_plus	spinalcord	7	2	1	7	1.23301448951648	2	1	0	4	2	4
spinalcord_171	502.92134831460703	2111.86516853933	10.1412520064205	STARmap_plus	spinalcord	7	2	1	7	1.13202463008328	2	1	0	1	2	4
spinalcord_172	831.2985074626871	2673.2288557213897	14.3432835820896	STARmap_plus	spinalcord	7	5	4	6	1.19232012798765	5	2	0	1	5	1
spinalcord_173	809.6400966183569	2099.75603864734	11.304347826087	STARmap_plus	spinalcord	7	2	1	7	1.13202463008328	2	1	0	1	2	4
spinalcord_174	1015.70402298851	2506.9827586206898	14.0948275862069	STARmap_plus	spinalcord	7	2	1	6	1.05500827668773	2	1	0	1	2	1
spinalcord_175	1101.89552238806	2041.99004975124	12.5721393034826	STARmap_plus	spinalcord	7	2	1	7	1.13202463008328	2	1	0	1	2	4
spinalcord_176	727.69436997319	2495.96514745308	12.8632707774799	STARmap_plus	spinalcord	7	2	1	6	1.05500827668773	2	1	0	1	2	1
spinalcord_177	1294.19945355191	2184.79508196721	13.4781420765027	STARmap_plus	spinalcord	7	5	1	6	1.15599813612093	2	1	0	0	2	1
spinalcord_178	867.825174825175	2517.55244755245	12.048951048951	STARmap_plus	spinalcord	7	2	1	6	1.05500827668773	2	1	0	1	2	1
spinalcord_179	1301.0404624277498	1887.15028901734	14.3410404624277	STARmap_plus	spinalcord	7	2	1	7	1.13202463008328	2	1	0	1	2	4
spinalcord_180	1400.0066666666698	2511.52666666667	12.493333333333302	STARmap_plus	spinalcord	7	2	1	6	1.05500827668773	2	1	0	1	2	1
spinalcord_181	1014.90476190476	2145.33862433862	11.402116402116402	STARmap_plus	spinalcord	7	2	1	6	1.05500827668773	2	1	0	1	2	1
spinalcord_182	836.582491582492	2196.6397306397303	12.969696969697	STARmap_plus	spinalcord	7	2	1	7	1.13202463008328	2	1	0	1	2	4
spinalcord_183	599.329787234043	2320.04787234043	10.6436170212766	STARmap_plus	spinalcord	7	2	1	7	1.13202463008328	2	1	0	1	2	4
spinalcord_184	570.517482517483	2622.1538461538503	9.21678321678322	STARmap_plus	spinalcord	7	2	1	6	1.05500827668773	2	1	0	1	2	1
spinalcord_185	1296.12380952381	1449.90476190476	9.43809523809524	STARmap_plus	spinalcord	7	2	1	5	1.30059200753451	2	1	0	1	1	4
spinalcord_186	1408.29885057471	1664.70689655172	9.64942528735632	STARmap_plus	spinalcord	7	2	1	7	1.13202463008328	2	1	0	1	2	4
spinalcord_187	801.598455598456	1737.0424710424695	9.428571428571429	STARmap_plus	spinalcord	7	2	1	5	1.30059200753451	2	1	0	1	1	4
spinalcord_188	1016.25	2729.92	10.3	STARmap_plus	spinalcord	7	4	4	1	1.2316969047044	5	2	4	0	5	3
spinalcord_189	1113.78486055777	2242.6374501992	12.6932270916335	STARmap_plus	spinalcord	7	2	1	6	1.05500827668773	2	1	0	1	2	1
spinalcord_190	875.2463768115939	1919.82608695652	10.8164251207729	STARmap_plus	spinalcord	7	2	1	7	1.13202463008328	2	1	0	1	2	4
spinalcord_191	896.6831683168319	1763.33663366337	9.96039603960396	STARmap_plus	spinalcord	7	2	1	5	1.30059200753451	2	1	0	1	1	4
spinalcord_192	933.342857142857	2670.75238095238	8.68571428571429	STARmap_plus	spinalcord	7	5	1	6	1.2475491601766	5	2	0	1	2	1
spinalcord_193	1376.58052434457	2006.32209737828	11.486891385767802	STARmap_plus	spinalcord	7	2	1	7	1.13202463008328	2	1	0	1	2	4
spinalcord_194	954.803347280335	1925.89121338912	9.179916317991632	STARmap_plus	spinalcord	7	2	1	7	1.13202463008328	2	1	0	1	2	4
spinalcord_195	1406.06944444444	1444.20138888889	11.2777777777778	STARmap_plus	spinalcord	7	2	1	5	1.30059200753451	2	1	0	1	1	4
spinalcord_196	650.205882352941	2594.84558823529	11.2867647058824	STARmap_plus	spinalcord	7	2	1	6	1.05500827668773	2	1	0	1	2	1
spinalcord_197	446.224719101124	2304.04494382022	11.8988764044944	STARmap_plus	spinalcord	7	2	1	7	1.13202463008328	2	1	0	1	2	4
spinalcord_198	1250.87591240876	2006.74452554745	9.927007299270072	STARmap_plus	spinalcord	7	2	1	7	1.13202463008328	2	1	0	1	2	4
spinalcord_199	650.916030534351	2379.51908396947	12.4580152671756	STARmap_plus	spinalcord	7	2	1	7	1.13202463008328	2	1	0	1	2	4
spinalcord_200	944.1428571428572	2235.01098901099	15.340659340659302	STARmap_plus	spinalcord	7	2	1	6	1.05500827668773	2	1	0	1	2	1
spinalcord_201	502.219512195122	2737.5	11.536585365853698	STARmap_plus	spinalcord	7	2	1	6	1.05500827668773	2	1	0	1	2	1
spinalcord_202	757.858208955224	2393.98507462687	9.3134328358209	STARmap_plus	spinalcord	7	2	1	7	1.13202463008328	2	1	0	1	2	4
spinalcord_203	619.236842105263	2181.9947368421103	8.71842105263158	STARmap_plus	spinalcord	7	2	1	7	1.13202463008328	2	1	0	1	2	4
spinalcord_204	1072.27167630058	2399.08670520231	13.9479768786127	STARmap_plus	spinalcord	7	2	1	6	1.05500827668773	2	1	0	1	2	1
spinalcord_205	432.29591836734704	2233.74489795918	9.10714285714286	STARmap_plus	spinalcord	7	2	1	7	1.13202463008328	2	1	0	1	2	4
spinalcord_206	1068.89	1546.71	9.39	STARmap_plus	spinalcord	7	2	1	7	1.13202463008328	2	1	0	1	2	4
spinalcord_207	1122.67073170732	2719.14227642276	13.3211382113821	STARmap_plus	spinalcord	7	4	4	1	1.2316969047044	5	2	4	0	5	3
spinalcord_208	894.020833333333	2591.625	12.458333333333302	STARmap_plus	spinalcord	7	5	1	6	1.09351645338551	5	1	0	1	2	1
spinalcord_209	999.18045112782	1591.81954887218	8.315789473684209	STARmap_plus	spinalcord	7	2	1	5	1.30059200753451	2	1	0	1	1	4
spinalcord_210	1318.65968586387	2456.08376963351	11.8115183246073	STARmap_plus	spinalcord	7	2	1	6	1.05500827668773	2	1	0	1	2	1
spinalcord_211	750.207100591716	2035.44378698225	9.378698224852071	STARmap_plus	spinalcord	7	2	1	7	1.13202463008328	2	1	0	1	2	4
spinalcord_212	474.577689243028	2666.2270916334696	9.9601593625498	STARmap_plus	spinalcord	7	2	1	6	1.05500827668773	2	1	0	1	2	1
spinalcord_213	666.806818181818	2429.14772727273	8.48863636363636	STARmap_plus	spinalcord	7	2	1	7	1.13202463008328	2	1	0	1	2	4
spinalcord_214	683.844936708861	2084.99683544304	8.88924050632911	STARmap_plus	spinalcord	7	2	1	7	1.13202463008328	2	1	0	1	2	4
spinalcord_215	1177.21476510067	2035.55033557047	13.510067114094	STARmap_plus	spinalcord	7	2	1	7	1.13202463008328	2	1	0	1	2	4
spinalcord_216	835.764705882353	2391.875	11.5882352941176	STARmap_plus	spinalcord	7	2	1	7	1.13202463008328	2	1	0	1	2	4
spinalcord_217	1267.92307692308	2103.65811965812	10.3333333333333	STARmap_plus	spinalcord	7	5	1	6	1.15599813612093	2	1	0	0	2	1
spinalcord_218	1079.03703703704	2558.73148148148	13.037037037037	STARmap_plus	spinalcord	7	5	1	6	1.09351645338551	5	1	0	1	2	1
spinalcord_219	1141.3276836158198	2355.27683615819	8.858757062146891	STARmap_plus	spinalcord	7	2	1	6	1.05500827668773	2	1	0	1	2	1
spinalcord_220	849.4101123595509	2767.5393258427	15.1460674157303	STARmap_plus	spinalcord	7	4	4	1	1.2316969047044	5	2	4	0	5	3
spinalcord_221	1201.8914728682198	1718.7209302325598	10.5038759689922	STARmap_plus	spinalcord	7	2	1	7	1.13202463008328	2	1	0	1	2	4
spinalcord_222	1337.04	2113.16	9.16	STARmap_plus	spinalcord	7	2	1	7	1.13202463008328	2	1	0	1	2	4
spinalcord_223	1306.8380952381	2610.6666666666697	10.0666666666667	STARmap_plus	spinalcord	7	4	4	5	1.24623157536453	5	2	4	1	5	3
spinalcord_224	985.121527777778	1751.89583333333	10.15625	STARmap_plus	spinalcord	7	2	1	5	1.30059200753451	2	1	0	1	1	4
spinalcord_225	1087.84210526316	2667.86842105263	10.5263157894737	STARmap_plus	spinalcord	7	5	1	6	1.37760836093005	5	2	0	1	2	3
spinalcord_226	926.510416666667	2087.3125	9.30208333333333	STARmap_plus	spinalcord	7	2	1	7	1.13202463008328	2	1	0	1	2	4
spinalcord_227	442.71875	2365.265625	9.859375	STARmap_plus	spinalcord	7	2	1	7	1.13202463008328	2	1	0	1	2	4
spinalcord_228	944.666666666667	2160.47619047619	10.650793650793698	STARmap_plus	spinalcord	7	2	1	6	1.05500827668773	2	1	0	1	2	1
spinalcord_229	1239.83888888889	1852.02777777778	11.05	STARmap_plus	spinalcord	7	2	1	7	1.13202463008328	2	1	0	1	2	4
spinalcord_230	1392.86842105263	2603.81578947368	4.10526315789474	STARmap_plus	spinalcord	7	5	1	6	1.44518587894808	2	2	4	1	2	3
spinalcord_231	707.7080924855491	1868.5838150289	10.9248554913295	STARmap_plus	spinalcord	7	2	1	7	1.13202463008328	2	1	0	1	2	4
spinalcord_232	895.33	2466.02	16.23	STARmap_plus	spinalcord	7	2	1	7	1.13202463008328	2	1	0	1	2	4
spinalcord_233	711.463215258856	1957.1689373297	9.591280653950948	STARmap_plus	spinalcord	7	2	1	7	1.13202463008328	2	1	0	1	2	4
spinalcord_234	1408.8735632183898	2372.4195402298897	10.6379310344828	STARmap_plus	spinalcord	7	2	1	6	1.05500827668773	2	1	0	1	2	1
spinalcord_235	620.803571428571	1888.58035714286	9.375	STARmap_plus	spinalcord	7	2	1	7	1.13202463008328	2	1	0	1	2	4
spinalcord_236	1327.0873015873	1789.03968253968	12.3492063492063	STARmap_plus	spinalcord	7	2	1	7	1.13202463008328	2	1	0	1	2	4
spinalcord_237	584.049261083744	2404.45320197044	11.935960591133	STARmap_plus	spinalcord	7	2	1	7	1.13202463008328	2	1	0	1	2	4
spinalcord_238	1186.86666666667	2181.76666666667	12.166666666666698	STARmap_plus	spinalcord	7	5	1	6	1.15599813612093	2	1	0	0	2	1
spinalcord_239	1391.39130434783	2080.76086956522	13.1739130434783	STARmap_plus	spinalcord	7	2	1	7	1.13202463008328	2	1	0	1	2	4
spinalcord_240	631.232142857143	1943.4642857142896	11.4732142857143	STARmap_plus	spinalcord	7	2	1	7	1.13202463008328	2	1	0	1	2	4
spinalcord_241	1007.74358974359	2041.8307692307696	12.7589743589744	STARmap_plus	spinalcord	7	2	1	7	1.13202463008328	2	1	0	1	2	4
spinalcord_242	752.086956521739	2186.57608695652	10.9021739130435	STARmap_plus	spinalcord	7	2	1	7	1.13202463008328	2	1	0	1	2	4
spinalcord_243	843.488095238095	1591.64880952381	8.98809523809524	STARmap_plus	spinalcord	7	2	1	5	1.30059200753451	2	1	0	1	1	4
spinalcord_244	1038.47058823529	2343.47794117647	11.220588235294098	STARmap_plus	spinalcord	7	2	1	6	1.05500827668773	2	1	0	1	2	1
spinalcord_245	1010.48333333333	1668.95	9.83333333333333	STARmap_plus	spinalcord	7	2	1	5	1.30059200753451	2	1	0	1	1	4
spinalcord_246	1126.37583892617	1735.3825503355702	10.744966442953	STARmap_plus	spinalcord	7	2	1	7	1.13202463008328	2	1	0	1	2	4
spinalcord_247	1178.76086956522	2573.3043478260897	13.6195652173913	STARmap_plus	spinalcord	7	5	4	6	1.19232012798765	5	2	0	1	5	1
spinalcord_248	921.240740740741	1547.65740740741	8.63425925925926	STARmap_plus	spinalcord	7	2	1	5	1.30059200753451	2	1	0	1	1	4
spinalcord_249	992.255102040816	2675.6530612244896	8.69387755102041	STARmap_plus	spinalcord	7	5	1	6	1.2475491601766	5	2	0	1	2	1
spinalcord_250	1061.82317073171	1685.6219512195098	10.7926829268293	STARmap_plus	spinalcord	7	2	1	5	1.30059200753451	2	1	0	1	1	4
spinalcord_251	1420.94339622642	1921.81132075472	10.9433962264151	STARmap_plus	spinalcord	7	2	1	7	1.13202463008328	2	1	0	1	2	4
spinalcord_252	996.621621621622	1983.56756756757	13.0540540540541	STARmap_plus	spinalcord	7	2	1	6	1.10295528876303	2	1	0	0	2	5
spinalcord_253	893.776315789474	2319.97368421053	13.5131578947368	STARmap_plus	spinalcord	7	2	1	7	1.13202463008328	2	1	0	1	2	4
spinalcord_254	1306.39393939394	1681.21818181818	10.369696969697	STARmap_plus	spinalcord	7	2	1	7	1.13202463008328	2	1	0	1	2	4
spinalcord_255	1133.19672131148	1572.45901639344	10.8360655737705	STARmap_plus	spinalcord	7	2	1	7	1.13202463008328	2	1	0	1	2	4
spinalcord_256	1167.640625	2758.28125	12.640625	STARmap_plus	spinalcord	7	4	4	4	1.2475491601766	5	2	4	0	7	3
spinalcord_257	1229.65806451613	1581.76129032258	11.2709677419355	STARmap_plus	spinalcord	7	2	1	7	1.13202463008328	2	1	0	1	2	4
spinalcord_258	938.303571428571	2020.57142857143	13.3392857142857	STARmap_plus	spinalcord	7	2	1	7	1.13202463008328	2	1	0	1	2	4
spinalcord_259	1245.6470588235302	2593.5441176470604	19.9411764705882	STARmap_plus	spinalcord	7	4	4	6	1.22399526936485	5	2	4	0	5	1
spinalcord_260	1129.43037974684	1615.5632911392402	10.5569620253165	STARmap_plus	spinalcord	7	2	1	7	1.13202463008328	2	1	0	1	2	4
spinalcord_261	1031.38095238095	1899.69264069264	11.2554112554113	STARmap_plus	spinalcord	7	2	1	7	1.13202463008328	2	1	0	1	2	4
spinalcord_262	1414.38095238095	2431.38095238095	12.595238095238098	STARmap_plus	spinalcord	7	2	1	6	1.05500827668773	2	1	0	1	2	1
spinalcord_263	830.3945578231289	2014.68027210884	13.2517006802721	STARmap_plus	spinalcord	7	2	1	7	1.13202463008328	2	1	0	1	2	4
spinalcord_264	1091.1917808219198	1880.08675799087	12.7625570776256	STARmap_plus	spinalcord	7	2	1	7	1.13202463008328	2	1	0	1	2	4
spinalcord_265	981.2985074626872	2375.07462686567	14.5970149253731	STARmap_plus	spinalcord	7	2	1	7	1.13202463008328	2	1	0	1	2	4
spinalcord_266	919.582857142857	1619.7942857142905	11.4342857142857	STARmap_plus	spinalcord	7	2	1	5	1.30059200753451	2	1	0	1	1	4
spinalcord_267	649.257142857143	1998.77142857143	5.857142857142861	STARmap_plus	spinalcord	7	2	1	7	1.13202463008328	2	1	0	1	2	4
spinalcord_268	2730.56426332288	1533.5454545454502	12.7680250783699	STARmap_plus	spinalcord	7	2	1	7	1.13202463008328	2	1	0	1	2	4
spinalcord_269	2363.48608534323	1530.0834879406302	11.8794063079777	STARmap_plus	spinalcord	7	2	1	7	1.13202463008328	2	1	0	1	2	4
spinalcord_270	1905.22596153846	1688.74038461538	8.60576923076923	STARmap_plus	spinalcord	7	2	1	6	1.05500827668773	2	1	0	1	2	1
spinalcord_271	2649.78260869565	2018.0579710144896	12.7173913043478	STARmap_plus	spinalcord	7	2	1	7	1.13202463008328	2	1	0	1	2	4
spinalcord_272	2500.55813953488	1503.08970099668	11.8338870431894	STARmap_plus	spinalcord	7	2	1	7	1.13202463008328	2	1	0	1	2	4
spinalcord_273	2325.921875	2364.671875	13.07421875	STARmap_plus	spinalcord	7	2	1	6	1.05500827668773	2	1	0	1	2	1
spinalcord_274	1998.21875	2329.59375	11.9453125	STARmap_plus	spinalcord	7	2	1	6	1.05500827668773	2	1	0	1	2	1
spinalcord_275	2085.3373493975896	2185.35843373494	11.2018072289157	STARmap_plus	spinalcord	7	2	1	7	1.05500827668773	2	1	0	3	2	4
spinalcord_276	2630.24074074074	1524.1049382716	11.5771604938272	STARmap_plus	spinalcord	7	2	1	7	1.13202463008328	2	1	0	1	2	4
spinalcord_277	2203.90909090909	2216.95297805643	11.849529780564302	STARmap_plus	spinalcord	7	2	1	6	1.05500827668773	2	1	0	1	2	1
spinalcord_278	2234.9375	1649.64285714286	11.7738095238095	STARmap_plus	spinalcord	7	2	1	7	1.23301448951648	2	1	0	4	2	4
spinalcord_279	2610.75581395349	1747.40988372093	13.2529069767442	STARmap_plus	spinalcord	7	2	1	7	1.13202463008328	2	1	0	1	2	4
spinalcord_280	2572.66129032258	2219.05376344086	11.4301075268817	STARmap_plus	spinalcord	7	2	1	6	1.05500827668773	2	1	0	1	2	1
spinalcord_281	2314.84690553746	1806.25081433225	12.6058631921824	STARmap_plus	spinalcord	7	2	1	7	1.13202463008328	2	1	0	1	2	4
spinalcord_282	2263.15757575758	2127.75151515152	8.35757575757576	STARmap_plus	spinalcord	7	2	1	7	1.13202463008328	2	1	0	1	2	4
spinalcord_283	2228.2119205298	2322.09933774834	14.4304635761589	STARmap_plus	spinalcord	7	2	1	6	1.05500827668773	2	1	0	1	2	1
spinalcord_284	2143.25595238095	1716.7380952381	11.5595238095238	STARmap_plus	spinalcord	7	2	1	7	1.13202463008328	2	1	0	1	2	4
spinalcord_285	1741.9476744186	2270.7819767441897	13.6540697674419	STARmap_plus	spinalcord	7	2	1	6	1.05500827668773	2	1	0	1	2	1
spinalcord_286	2564.26849894292	2704.2494714587697	15.6490486257928	STARmap_plus	spinalcord	7	6	0	4	1.52220223234363	6	6	4	0	6	2
spinalcord_287	2735.78260869565	2284.21739130435	11.8795986622074	STARmap_plus	spinalcord	7	5	5	6	1.30059200753451	6	2	0	0	2	1
spinalcord_288	2460.40091116173	2700.19589977221	11.8382687927107	STARmap_plus	spinalcord	7	6	0	4	1.52220223234363	6	6	4	0	6	2
spinalcord_289	1513.50284090909	2481.58522727273	13.5795454545455	STARmap_plus	spinalcord	7	2	1	6	1.05500827668773	2	1	0	1	2	1
spinalcord_290	1645.3288590604002	2330.76510067114	11.5749440715884	STARmap_plus	spinalcord	7	2	1	6	1.05500827668773	2	1	0	1	2	1
spinalcord_291	2678.17592592593	2674.27314814815	13.3101851851852	STARmap_plus	spinalcord	7	6	0	4	1.52220223234363	6	6	4	0	6	2
spinalcord_292	2138.36893203883	1936.4635922330103	11.5	STARmap_plus	spinalcord	7	2	1	7	1.13202463008328	2	1	0	1	2	4
spinalcord_293	1834.35153583618	2750.96245733788	13.778156996587	STARmap_plus	spinalcord	7	6	0	4	1.05500827668773	1	6	2	0	6	3
spinalcord_294	2607.88815789474	1905.02631578947	19.7302631578947	STARmap_plus	spinalcord	7	2	1	7	1.13202463008328	2	1	0	1	2	4
spinalcord_295	2575.09782608696	2485.35869565217	11.5	STARmap_plus	spinalcord	7	5	5	1	1.30059200753451	6	2	4	0	7	1
spinalcord_296	2020.44198895028	2687.80110497238	13.0883977900552	STARmap_plus	spinalcord	7	5	0	4	1.59921858573918	5	6	4	0	6	1
spinalcord_297	2274.2168141592897	2584.47787610619	12.964601769911498	STARmap_plus	spinalcord	7	5	5	4	1.30059200753451	6	2	4	0	7	1
spinalcord_298	2321.1851851851898	2261.38271604938	10.2746913580247	STARmap_plus	spinalcord	7	2	1	6	1.05500827668773	2	1	0	1	2	1
spinalcord_299	1476.47572815534	1667.20064724919	9.11003236245955	STARmap_plus	spinalcord	7	2	1	7	1.13202463008328	2	1	0	1	2	4
spinalcord_300	1437.18279569892	1907.5080645161304	12.1989247311828	STARmap_plus	spinalcord	7	2	1	7	1.13202463008328	2	1	0	1	2	4
spinalcord_301	1720.44117647059	1867.5	7.64705882352941	STARmap_plus	spinalcord	7	2	1	7	1.13202463008328	2	1	0	1	2	4
spinalcord_302	1787.165	2105.41	11.11	STARmap_plus	spinalcord	7	2	1	7	1.13202463008328	2	1	0	1	2	4
spinalcord_303	1946.6705882352896	2014.80392156863	10.7137254901961	STARmap_plus	spinalcord	7	2	1	7	1.13202463008328	2	1	0	1	2	4
spinalcord_304	1484.9758064516102	2210.88387096774	12.7709677419355	STARmap_plus	spinalcord	7	2	1	7	1.13202463008328	2	1	0	1	2	4
spinalcord_305	1476.6372549019595	2683.0686274509803	12.078431372549	STARmap_plus	spinalcord	7	4	4	1	1.2475491601766	5	2	4	0	7	3
spinalcord_306	1689.7789473684195	1460.16842105263	11.1210526315789	STARmap_plus	spinalcord	7	2	1	7	1.13202463008328	2	1	0	1	2	4
spinalcord_307	2473.50165016502	1828.82838283828	11.5115511551155	STARmap_plus	spinalcord	7	2	1	7	1.13202463008328	2	1	0	1	2	4
spinalcord_308	1992.85416666667	2463.4166666666697	9.99583333333333	STARmap_plus	spinalcord	7	2	1	6	1.05500827668773	2	1	0	1	2	1
spinalcord_309	2505.1415094339604	2402.92452830189	11.2169811320755	STARmap_plus	spinalcord	7	5	5	6	1.48369405564586	6	2	0	1	7	1
spinalcord_310	1579.07333333333	2577.28666666667	10.0	STARmap_plus	spinalcord	7	5	1	7	1.44518587894808	2	2	4	1	2	3
spinalcord_311	2406.1621621621603	2506.1891891891896	11.8810810810811	STARmap_plus	spinalcord	7	5	5	6	1.39214303159018	6	2	4	1	7	1
spinalcord_312	1615.58035714286	2454.66071428571	11.169642857142902	STARmap_plus	spinalcord	7	2	1	6	1.05500827668773	2	1	0	1	2	1
spinalcord_313	1882.83116883117	1575.25974025974	10.5519480519481	STARmap_plus	spinalcord	7	2	1	7	1.13202463008328	2	1	0	1	2	4
spinalcord_314	1570.31026252983	1597.88544152745	10.3436754176611	STARmap_plus	spinalcord	7	2	1	7	1.13202463008328	2	1	0	1	2	4
spinalcord_315	2636.52095808383	2572.4880239521	13.7784431137725	STARmap_plus	spinalcord	7	6	0	4	1.37760836093005	6	2	4	0	6	2
spinalcord_316	2487.0106382978697	2174.39361702128	13.478723404255302	STARmap_plus	spinalcord	7	2	1	6	1.05500827668773	2	1	0	1	2	1
spinalcord_317	2718.9020979021	2079.8461538461497	9.132867132867132	STARmap_plus	spinalcord	7	2	1	6	1.05500827668773	2	1	0	1	2	1
spinalcord_318	2150.80446927374	1547.2402234636902	11.513966480446902	STARmap_plus	spinalcord	7	2	1	7	1.13202463008328	2	1	0	1	2	4
spinalcord_319	2294.40441176471	2480.49264705882	13.716911764705902	STARmap_plus	spinalcord	7	5	5	1	1.30059200753451	6	2	4	0	7	1
spinalcord_320	2235.75796178344	1904.7356687898105	9.40764331210191	STARmap_plus	spinalcord	7	2	1	7	1.13202463008328	2	1	0	1	2	4
spinalcord_321	2675.1324503311303	1827.90066225166	11.3245033112583	STARmap_plus	spinalcord	7	2	1	7	1.13202463008328	2	1	0	1	2	4
spinalcord_322	1961.50787401575	2247.03543307087	14.248031496063	STARmap_plus	spinalcord	7	2	1	6	1.05500827668773	2	1	0	1	2	1
spinalcord_323	1730.91208791209	2767.8388278388297	9.97802197802198	STARmap_plus	spinalcord	7	6	0	4	1.05500827668773	1	6	2	0	6	3
spinalcord_324	2673.91791044776	2215.26865671642	10.8955223880597	STARmap_plus	spinalcord	7	5	1	6	1.17053280678105	6	1	0	1	2	1
spinalcord_325	2363.36363636364	1908.5259740259696	14.1785714285714	STARmap_plus	spinalcord	7	2	1	7	1.13202463008328	2	1	0	1	2	4
spinalcord_326	1895.4498381877	2471.43689320388	10.0970873786408	STARmap_plus	spinalcord	7	5	1	6	1.30059200753451	2	1	4	1	2	1
spinalcord_327	2088.82657657658	2324.52027027027	11.4279279279279	STARmap_plus	spinalcord	7	2	1	6	1.05500827668773	2	1	0	1	2	1
spinalcord_328	1722.6693227091598	2443.58964143426	13.00796812749	STARmap_plus	spinalcord	7	2	1	6	1.05500827668773	2	1	0	1	2	1
spinalcord_329	2382.54117647059	2200.36470588235	10.905882352941198	STARmap_plus	spinalcord	7	2	1	7	1.13202463008328	2	1	0	1	2	4
spinalcord_330	2455.39759036145	2532.6867469879503	11.4939759036145	STARmap_plus	spinalcord	7	5	5	6	1.39214303159018	6	2	4	1	7	1
spinalcord_331	2758.5145631068	2762.2572815534004	12.383495145631098	STARmap_plus	spinalcord	7	6	0	4	1.44518587894808	6	6	2	0	6	2
spinalcord_332	2112.3050847457603	2570.06779661017	12.5762711864407	STARmap_plus	spinalcord	7	5	5	6	1.39214303159018	6	2	4	1	7	1
spinalcord_333	2749.80487804878	2598.69512195122	12.7560975609756	STARmap_plus	spinalcord	7	6	0	4	1.52220223234363	6	6	4	0	6	2
spinalcord_334	2661.28436018957	2301.1327014218	11.2843601895735	STARmap_plus	spinalcord	7	5	5	6	1.30059200753451	6	2	0	0	2	1
spinalcord_335	2544.2987012987	1900.92857142857	10.0454545454545	STARmap_plus	spinalcord	7	2	1	7	1.13202463008328	2	1	0	1	2	4
spinalcord_336	2648.91	2134.89	13.76	STARmap_plus	spinalcord	7	2	1	6	1.05500827668773	2	1	0	1	2	1
spinalcord_337	1929.49171270718	2714.06906077348	14.7790055248619	STARmap_plus	spinalcord	7	6	0	4	1.48369405564586	1	6	4	0	6	2
spinalcord_338	2217.24870466321	1730.4404145077697	10.720207253886	STARmap_plus	spinalcord	7	2	1	7	1.13202463008328	2	1	0	1	2	4
spinalcord_339	2078.53784860558	2522.9880478087603	9.66533864541833	STARmap_plus	spinalcord	7	5	4	6	1.37760836093005	5	2	0	1	7	1
spinalcord_340	1902.26842105263	2344.19473684211	10.273684210526302	STARmap_plus	spinalcord	7	2	1	6	1.05500827668773	2	1	0	1	2	1
spinalcord_341	1885.9479768786105	2267.5549132948	7.635838150289019	STARmap_plus	spinalcord	7	5	1	6	1.15599813612093	2	1	0	0	2	1
spinalcord_342	2687.96581196581	2467.9230769230803	12.5384615384615	STARmap_plus	spinalcord	7	5	5	7	1.22357565413896	6	2	4	1	2	0
spinalcord_343	2212.2	2597.39047619048	10.447619047619	STARmap_plus	spinalcord	7	5	5	4	1.30059200753451	6	2	4	0	7	1
spinalcord_344	2603.9247311828	2759.88172043011	16.0161290322581	STARmap_plus	spinalcord	7	6	0	4	1.44518587894808	6	6	2	0	6	2
spinalcord_345	2478.6614173228304	2237.06299212598	12.1417322834646	STARmap_plus	spinalcord	7	2	1	6	1.05500827668773	2	1	0	1	2	1
spinalcord_346	2332.74712643678	2165.41379310345	12.1954022988506	STARmap_plus	spinalcord	7	2	1	7	1.13202463008328	2	1	0	1	2	4
spinalcord_347	2030.65753424658	2254.07534246575	14.486301369863	STARmap_plus	spinalcord	7	2	1	6	1.05500827668773	2	1	0	1	2	1
spinalcord_348	2760.27659574468	1832.1595744680897	13.5	STARmap_plus	spinalcord	7	2	1	7	1.13202463008328	2	1	0	1	2	4
spinalcord_349	2680.48387096774	1491.10752688172	10.7741935483871	STARmap_plus	spinalcord	7	2	1	7	1.13202463008328	2	1	0	1	2	4
spinalcord_350	1814.78523489933	2303.72483221477	7.6375838926174495	STARmap_plus	spinalcord	7	2	1	6	1.05500827668773	2	1	0	1	2	1
spinalcord_351	2207.5	2471.93023255814	12.674418604651198	STARmap_plus	spinalcord	7	5	5	6	1.48369405564586	6	2	0	1	7	1
spinalcord_352	2446.45180722892	2160.88554216867	13.9156626506024	STARmap_plus	spinalcord	7	2	1	7	1.13202463008328	2	1	0	1	2	4
spinalcord_353	2218.8205128205104	2149.70085470085	8.5042735042735	STARmap_plus	spinalcord	7	2	1	7	1.13202463008328	2	1	0	1	2	4
spinalcord_354	1982.2687074829896	1719.4387755102	9.43877551020408	STARmap_plus	spinalcord	7	2	1	7	1.13202463008328	2	1	0	1	2	4
spinalcord_355	2583.8353658536603	1535.0060975609802	9.90853658536585	STARmap_plus	spinalcord	7	2	1	7	1.13202463008328	2	1	0	1	2	4
spinalcord_356	2180.21875	2321.4375	14.4625	STARmap_plus	spinalcord	7	2	1	6	1.05500827668773	2	1	0	1	2	1
spinalcord_357	2666.76223776224	1926.37762237762	14.0699300699301	STARmap_plus	spinalcord	7	2	1	7	1.05500827668773	2	1	0	3	2	4
spinalcord_358	2278.3333333333303	1557.0895522388098	12.601990049751198	STARmap_plus	spinalcord	7	2	1	7	1.13202463008328	2	1	0	1	2	4
spinalcord_359	2536.15277777778	2140.25	10.1944444444444	STARmap_plus	spinalcord	7	2	1	6	1.05500827668773	2	1	0	1	2	1
spinalcord_360	2706.40131578947	2000.03289473684	13.0460526315789	STARmap_plus	spinalcord	7	2	1	6	1.05500827668773	2	1	0	1	2	1
spinalcord_361	2753.5223880597	2510.34825870647	13.3233830845771	STARmap_plus	spinalcord	7	5	5	4	1.22357565413896	6	2	4	0	2	2
spinalcord_362	1445.7647058823495	2541.85294117647	14.745098039215698	STARmap_plus	spinalcord	7	5	1	6	1.30059200753451	2	2	0	1	2	1
spinalcord_363	2523.98692810458	2032.37908496732	13.0849673202614	STARmap_plus	spinalcord	7	2	1	7	1.13202463008328	2	1	0	1	2	4
spinalcord_364	1423.48511904762	2485.48214285714	12.8095238095238	STARmap_plus	spinalcord	7	2	1	6	1.05500827668773	2	1	0	1	2	1
spinalcord_365	2519.46788990826	2546.8715596330303	11.477064220183498	STARmap_plus	spinalcord	7	5	5	6	1.30059200753451	6	2	4	0	7	1
spinalcord_366	1659.43542435424	2611.52767527675	8.96678966789668	STARmap_plus	spinalcord	7	4	4	4	1.2316969047044	5	2	4	0	5	3
spinalcord_367	2734.21794871795	2367.41025641026	15.2051282051282	STARmap_plus	spinalcord	7	5	1	6	1.33910018423228	6	2	0	1	2	1
spinalcord_368	1888.9076923076896	2202.13846153846	10.3846153846154	STARmap_plus	spinalcord	7	2	1	6	1.05500827668773	2	1	0	1	2	1
spinalcord_369	2085.16753926702	1680.4607329842902	10.8534031413613	STARmap_plus	spinalcord	7	2	1	7	1.23301448951648	2	1	0	4	2	4
spinalcord_370	2523.484375	2194.171875	11.5625	STARmap_plus	spinalcord	7	2	1	6	1.05500827668773	2	1	0	1	2	1
spinalcord_371	2692.1728813559303	2758.3457627118605	10.8949152542373	STARmap_plus	spinalcord	7	6	0	4	1.44518587894808	6	6	2	0	6	2
spinalcord_372	2141.10738255034	1481.26845637584	9.46979865771812	STARmap_plus	spinalcord	7	2	1	7	1.13202463008328	2	1	0	1	2	4
spinalcord_373	2722.4069767441897	1898.41860465116	12.7906976744186	STARmap_plus	spinalcord	7	2	1	7	1.23301448951648	2	1	0	4	2	4
spinalcord_374	2539.52482269504	1956.2198581560297	11.8723404255319	STARmap_plus	spinalcord	7	2	1	7	1.13202463008328	2	1	0	1	2	4
spinalcord_375	2636.07058823529	2468.8117647058803	10.4588235294118	STARmap_plus	spinalcord	7	5	5	6	1.39214303159018	6	2	4	1	2	1
spinalcord_376	2433.30107526882	1508.18279569892	8.59139784946237	STARmap_plus	spinalcord	7	2	1	7	1.13202463008328	2	1	0	1	2	4
spinalcord_377	2351.25490196078	2587.90196078431	15.1960784313725	STARmap_plus	spinalcord	7	5	5	4	1.30059200753451	6	2	4	0	7	1
spinalcord_378	2204.60465116279	2269.6976744186	12.093023255814	STARmap_plus	spinalcord	7	2	1	6	1.05500827668773	2	1	0	1	2	1
spinalcord_379	2601.61194029851	2038.7388059701505	15.1417910447761	STARmap_plus	spinalcord	7	2	1	7	1.13202463008328	2	1	0	1	2	4
spinalcord_380	1679.87931034483	1589.08620689655	9.8448275862069	STARmap_plus	spinalcord	7	2	1	7	1.13202463008328	2	1	0	1	2	4
spinalcord_381	3353.3557312253	2108.6205533596803	14.687747035573098	STARmap_plus	spinalcord	7	5	1	6	1.17053280678105	6	1	0	1	2	1
spinalcord_382	3947.4235807860296	1886.4978165938896	11.4301310043668	STARmap_plus	spinalcord	7	5	1	6	1.11748995942315	2	1	4	1	2	5
spinalcord_383	3102.0265486725702	1702.29498525074	15.5132743362832	STARmap_plus	spinalcord	7	2	1	7	1.13202463008328	2	1	0	1	2	4
spinalcord_384	3126.86731391586	2233.57281553398	12.0711974110032	STARmap_plus	spinalcord	7	5	5	6	1.31512667819463	6	2	0	4	2	1
spinalcord_385	3382.34567901235	1982.65020576132	16.1728395061728	STARmap_plus	spinalcord	7	2	1	6	1.05500827668773	2	1	0	1	2	1
spinalcord_386	3846.33916083916	2317.31818181818	14.1573426573427	STARmap_plus	spinalcord	7	5	5	4	1.30059200753451	6	2	4	0	7	1
spinalcord_387	4037.48616600791	2478.05928853755	13.8735177865613	STARmap_plus	spinalcord	7	5	5	6	1.39214303159018	6	2	4	1	2	1
spinalcord_388	3815.37435897436	1830.2461538461496	11.2205128205128	STARmap_plus	spinalcord	7	2	1	6	1.05500827668773	2	1	0	1	2	1
spinalcord_389	3119.8305084745803	1858.80084745763	13.8940677966102	STARmap_plus	spinalcord	7	2	1	7	1.13202463008328	2	1	0	1	2	4
spinalcord_390	2974.09893048128	1634.2406417112302	16.2299465240642	STARmap_plus	spinalcord	7	2	1	7	1.13202463008328	2	1	0	1	2	4
spinalcord_391	3632.36220472441	2234.7598425196898	16.8503937007874	STARmap_plus	spinalcord	7	5	1	6	1.30059200753451	6	1	4	1	2	1
spinalcord_392	4087.781914893621	2014.86170212766	13.212765957446802	STARmap_plus	spinalcord	7	3	6	2	1.41611653762783	6	5	5	0	7	5
spinalcord_393	3074.09567901235	1949.37345679012	15.3518518518519	STARmap_plus	spinalcord	7	2	1	6	1.05500827668773	2	1	0	1	2	1
spinalcord_394	3612.16226415094	1929.9	13.6698113207547	STARmap_plus	spinalcord	7	5	1	6	1.15599813612093	2	1	0	0	2	1
spinalcord_395	2819.0058479532204	2178.84600389864	16.1033138401559	STARmap_plus	spinalcord	7	5	1	6	1.17053280678105	6	1	0	1	2	1
spinalcord_396	3604.25495049505	1730.27227722772	13.4059405940594	STARmap_plus	spinalcord	7	2	1	6	1.05500827668773	2	1	0	1	2	1
spinalcord_397	3637.66844919786	1468.82352941176	15.844919786096302	STARmap_plus	spinalcord	7	2	1	7	1.13202463008328	2	1	0	1	2	4
spinalcord_398	4069.46997389034	1919.36553524804	11.5744125326371	STARmap_plus	spinalcord	7	3	5	2	1.13202463008328	6	2	5	0	3	5
spinalcord_399	3373.41025641026	1590.53846153846	16.8205128205128	STARmap_plus	spinalcord	7	2	1	7	1.13202463008328	2	1	0	1	2	4
spinalcord_400	3179.4777070063697	2727.20382165605	16.9777070063694	STARmap_plus	spinalcord	7	6	0	4	1.50766756168351	6	2	2	0	6	2
spinalcord_401	2813.44711538462	1802.28365384615	16.254807692307697	STARmap_plus	spinalcord	7	2	1	7	1.05500827668773	2	1	0	3	2	4
spinalcord_402	3091.866359447	2563.10599078341	15.778801843318	STARmap_plus	spinalcord	7	6	0	4	1.37760836093005	6	2	4	0	6	2
spinalcord_403	2909.1092896174896	1859.2786885245896	15.8743169398907	STARmap_plus	spinalcord	7	2	1	7	1.23301448951648	2	1	0	4	2	4
spinalcord_404	2945.8776371308004	2491.11392405063	16.5443037974684	STARmap_plus	spinalcord	7	5	5	7	1.26208383083673	6	2	4	1	2	2
spinalcord_405	3724.06910569106	1658.64634146341	15.036585365853698	STARmap_plus	spinalcord	7	2	1	7	1.13202463008328	2	1	0	1	2	4
spinalcord_406	3293.99014778325	1680.26600985222	17.3990147783251	STARmap_plus	spinalcord	7	2	1	7	1.13202463008328	2	1	0	1	2	4
spinalcord_407	2771.15	2458.65625	17.20625	STARmap_plus	spinalcord	7	5	5	4	1.17053280678105	6	2	4	0	6	0
spinalcord_408	3188.152941176469	1695.81176470588	16.2470588235294	STARmap_plus	spinalcord	7	2	1	7	1.13202463008328	2	1	0	1	2	4
spinalcord_409	3526.9666666666703	2534.29444444444	14.7888888888889	STARmap_plus	spinalcord	7	5	5	4	1.22357565413896	6	2	4	0	2	2
spinalcord_410	3015.4375	2269.3175	14.995	STARmap_plus	spinalcord	7	5	5	6	1.27661850149686	6	1	4	0	2	1
spinalcord_411	3481.47126436782	2695.6666666666697	17.7586206896552	STARmap_plus	spinalcord	7	6	0	4	1.50766756168351	6	2	2	0	6	2
spinalcord_412	2868.83673469388	2120.21428571429	13.9183673469388	STARmap_plus	spinalcord	7	2	1	6	1.05500827668773	2	1	0	1	2	1
spinalcord_413	2848.1335504886	2295.67426710098	13.6742671009772	STARmap_plus	spinalcord	7	5	1	6	1.15599813612093	6	1	0	0	2	1
spinalcord_414	3489.9	2229.81860465116	9.6093023255814	STARmap_plus	spinalcord	7	5	5	6	1.33910018423228	6	2	4	0	2	1
spinalcord_415	3569.55555555556	2715.32222222222	19.396296296296303	STARmap_plus	spinalcord	7	6	0	4	1.50766756168351	6	2	2	0	6	2
spinalcord_416	3903.37267080745	2731.83850931677	12.2173913043478	STARmap_plus	spinalcord	7	6	0	4	1.43065120828796	3	2	2	0	6	0
spinalcord_417	3609.6029411764703	2541.73529411765	17.1617647058824	STARmap_plus	spinalcord	7	5	5	6	1.26208383083673	6	2	4	1	2	2
spinalcord_418	3989.20930232558	2183.83720930233	14.2945736434109	STARmap_plus	spinalcord	7	5	1	6	1.17053280678105	6	1	0	1	2	1
spinalcord_419	3666.80363636364	2695.50909090909	22.0836363636364	STARmap_plus	spinalcord	7	6	0	4	1.44518587894808	6	6	2	0	6	2
spinalcord_420	2925.7684887459804	2720.0	18.196141479099698	STARmap_plus	spinalcord	7	6	0	4	1.52220223234363	6	6	4	0	6	2
spinalcord_421	2807.50462962963	2674.78472222222	13.7407407407407	STARmap_plus	spinalcord	7	6	0	4	1.52220223234363	6	6	4	0	6	2
spinalcord_422	3979.54545454545	1497.19480519481	12.8051948051948	STARmap_plus	spinalcord	7	2	1	6	1.05500827668773	2	1	0	1	2	1
spinalcord_423	3744.0	2117.17532467532	19.2402597402597	STARmap_plus	spinalcord	7	5	5	4	1.17053280678105	6	2	4	0	6	5
spinalcord_424	3128.4423076923104	1525.10384615385	18.0653846153846	STARmap_plus	spinalcord	7	2	1	7	1.13202463008328	2	1	0	1	2	4
spinalcord_425	3985.6581920904	1729.0282485875698	11.3276836158192	STARmap_plus	spinalcord	7	2	1	6	1.05500827668773	2	1	0	1	2	1
spinalcord_426	3473.4	2005.98181818182	13.9636363636364	STARmap_plus	spinalcord	7	5	1	6	1.17053280678105	6	1	0	1	2	1
spinalcord_427	3387.64077669903	1853.0291262135893	16.2330097087379	STARmap_plus	spinalcord	7	2	1	7	1.13202463008328	2	1	0	1	2	4
spinalcord_428	3800.30538922156	2554.4760479041897	16.2874251497006	STARmap_plus	spinalcord	7	5	5	4	1.33910018423228	6	2	4	0	6	1
spinalcord_429	3593.48684210526	2117.57894736842	16.9868421052632	STARmap_plus	spinalcord	7	5	5	6	1.33910018423228	6	2	4	0	2	1
spinalcord_430	3550.9535864978902	1483.42194092827	14.6118143459916	STARmap_plus	spinalcord	7	2	1	7	1.13202463008328	2	1	0	1	2	4
spinalcord_431	3977.49637681159	2644.8297101449302	16.518115942029	STARmap_plus	spinalcord	7	6	0	1	1.56071040904141	3	2	2	3	6	0
spinalcord_432	3537.6953125	1845.265625	11.265625	STARmap_plus	spinalcord	7	2	1	6	1.05500827668773	2	1	0	1	2	1
spinalcord_433	3248.67132867133	2447.44755244755	16.8601398601399	STARmap_plus	spinalcord	7	5	5	6	1.31512667819463	6	2	4	1	6	1
spinalcord_434	3008.49700598802	2036.26946107784	16.688622754491	STARmap_plus	spinalcord	7	2	1	6	1.05500827668773	2	1	0	1	2	1
spinalcord_435	3202.16888888889	2019.2711111111105	15.3733333333333	STARmap_plus	spinalcord	7	2	1	6	1.05500827668773	2	1	0	1	2	1
spinalcord_436	3036.64516129032	1735.91129032258	14.3951612903226	STARmap_plus	spinalcord	7	2	1	7	1.13202463008328	2	1	0	1	2	4
spinalcord_437	3325.4609929078	2522.7695035461	15.3368794326241	STARmap_plus	spinalcord	7	6	0	4	1.37760836093005	6	2	4	0	6	2
spinalcord_438	4054.898617511521	2102.13824884793	12.1566820276498	STARmap_plus	spinalcord	7	3	6	2	1.2475491601766	6	2	5	3	3	5
spinalcord_439	2803.64788732394	1898.4225352112696	14.5774647887324	STARmap_plus	spinalcord	7	2	1	7	1.13202463008328	2	1	0	1	2	4
spinalcord_440	3630.96402877698	2317.09712230216	15.2230215827338	STARmap_plus	spinalcord	7	5	1	6	1.30059200753451	6	1	4	1	2	1
spinalcord_441	3132.8160377358504	2468.1981132075503	13.2641509433962	STARmap_plus	spinalcord	7	5	5	4	1.23811032479908	6	2	4	3	6	0
spinalcord_442	3898.62770562771	2240.64502164502	16.0779220779221	STARmap_plus	spinalcord	7	5	5	6	1.48369405564586	6	1	4	1	7	1
spinalcord_443	2930.62564102564	1948.27692307692	17.3333333333333	STARmap_plus	spinalcord	7	2	1	6	0.923026257349781	2	1	0	3	2	1
spinalcord_444	3706.32427536232	2390.08152173913	12.7826086956522	STARmap_plus	spinalcord	7	5	4	4	1.30059200753451	5	2	4	0	6	0
spinalcord_445	2819.29299363057	1517.10828025478	18.630573248407604	STARmap_plus	spinalcord	7	2	1	7	1.13202463008328	2	1	0	1	2	4
spinalcord_446	3502.64539007092	2339.5815602836897	11.7517730496454	STARmap_plus	spinalcord	7	5	5	6	1.39214303159018	6	2	4	1	2	1
spinalcord_447	3031.79569892473	2612.2473118279604	15.15770609319	STARmap_plus	spinalcord	7	6	0	4	1.37760836093005	6	2	4	0	6	2
spinalcord_448	3476.5862068965503	2590.93103448276	17.034482758620697	STARmap_plus	spinalcord	7	5	5	7	1.43065120828796	6	2	2	1	2	2
spinalcord_449	4052.6337209302296	1796.4186046511602	14.9302325581395	STARmap_plus	spinalcord	7	5	1	6	1.30059200753451	6	1	4	1	2	1
spinalcord_450	3790.36326530612	1630.46530612245	11.4816326530612	STARmap_plus	spinalcord	7	2	1	7	1.13202463008328	2	1	0	1	2	4
spinalcord_451	3237.6329113924103	2602.03797468354	14.9620253164557	STARmap_plus	spinalcord	7	6	0	4	1.50766756168351	6	2	2	0	6	2
spinalcord_452	3183.4450261780103	1933.7277486911	14.151832460733	STARmap_plus	spinalcord	7	2	1	7	1.13202463008328	2	1	0	1	2	4
spinalcord_453	2882.00431034483	2562.8965517241395	15.9612068965517	STARmap_plus	spinalcord	7	6	0	4	1.52220223234363	6	6	4	0	6	2
spinalcord_454	3416.94618834081	2164.6726457399104	18.9103139013453	STARmap_plus	spinalcord	7	5	1	6	1.33910018423228	6	2	0	1	2	1
spinalcord_455	3685.23295454545	2583.1988636363603	21.8238636363636	STARmap_plus	spinalcord	7	5	5	1	1.41611653762783	6	2	2	0	2	0
spinalcord_456	3313.54491017964	1607.41317365269	17.622754491018	STARmap_plus	spinalcord	7	2	1	7	1.13202463008328	2	1	0	1	2	4
spinalcord_457	3463.9833795013897	1622.06925207756	17.9390581717452	STARmap_plus	spinalcord	7	2	1	7	1.23301448951648	2	1	0	4	2	4
spinalcord_458	3159.33606557377	1776.3688524590198	16.422131147541002	STARmap_plus	spinalcord	7	2	1	7	1.13202463008328	2	1	0	1	2	4
spinalcord_459	3102.25	2065.26408450704	14.4154929577465	STARmap_plus	spinalcord	7	2	1	6	1.05500827668773	2	1	0	1	2	1
spinalcord_460	3061.9517241379303	2733.14482758621	12.9310344827586	STARmap_plus	spinalcord	7	6	0	4	1.44518587894808	6	6	2	0	6	2
spinalcord_461	3377.25757575758	2251.28787878788	19.3484848484848	STARmap_plus	spinalcord	7	5	5	6	1.33910018423228	6	2	4	0	2	1
spinalcord_462	3901.14210526316	2134.63684210526	15.7210526315789	STARmap_plus	spinalcord	7	5	5	7	1.33910018423228	6	2	4	3	2	5
spinalcord_463	3874.10659898477	2390.97969543147	12.7208121827411	STARmap_plus	spinalcord	7	5	5	1	1.30059200753451	6	2	4	0	7	1
spinalcord_464	3390.85430463576	1750.44370860927	15.231788079470196	STARmap_plus	spinalcord	7	2	1	7	1.13202463008328	2	1	0	1	2	4
spinalcord_465	3802.91512915129	2070.41697416974	16.2029520295203	STARmap_plus	spinalcord	7	5	5	4	1.33910018423228	6	2	0	0	6	5
spinalcord_466	3294.6	2755.5470588235303	11.6588235294118	STARmap_plus	spinalcord	7	6	0	4	1.50766756168351	6	2	2	0	6	2
spinalcord_467	3293.27106227106	1929.84249084249	17.1941391941392	STARmap_plus	spinalcord	7	2	1	6	1.05500827668773	2	1	0	1	2	1
spinalcord_468	3283.8333333333303	1853.46078431373	15.578431372549	STARmap_plus	spinalcord	7	2	1	7	1.13202463008328	2	1	0	1	2	4
spinalcord_469	3802.48125	2160.40625	13.275	STARmap_plus	spinalcord	7	5	5	6	1.39214303159018	6	2	4	1	2	1
spinalcord_470	3263.86153846154	1769.23846153846	13.9384615384615	STARmap_plus	spinalcord	7	2	1	7	1.13202463008328	2	1	0	1	2	4
spinalcord_471	4022.63684210526	2313.94210526316	13.0	STARmap_plus	spinalcord	7	5	5	6	1.39214303159018	6	2	4	1	2	1
spinalcord_472	3972.736	2115.144	15.08	STARmap_plus	spinalcord	7	5	6	7	1.1414634654608	6	1	4	3	2	5
spinalcord_473	3735.7134146341496	2650.3353658536603	19.1036585365854	STARmap_plus	spinalcord	7	6	0	4	1.56071040904141	6	2	2	3	6	2
spinalcord_474	3799.49285714286	2667.0	17.6142857142857	STARmap_plus	spinalcord	7	6	0	4	1.50766756168351	6	2	2	0	6	2
spinalcord_475	3930.359375	2304.0	10.78125	STARmap_plus	spinalcord	7	5	5	4	1.30059200753451	6	2	4	0	7	1
spinalcord_476	2823.7876106194703	1946.2964601769893	12.853982300885	STARmap_plus	spinalcord	7	2	1	6	1.05500827668773	2	1	0	1	2	1
spinalcord_477	3792.69	2229.07666666667	15.03	STARmap_plus	spinalcord	7	5	1	6	1.30059200753451	6	1	4	1	2	1
spinalcord_478	3375.8969072165	2718.60824742268	17.5773195876289	STARmap_plus	spinalcord	7	6	0	4	1.37760836093005	6	2	1	0	6	2
spinalcord_479	2951.29032258065	1799.3118279569896	15.885304659498198	STARmap_plus	spinalcord	7	2	1	7	1.05500827668773	2	1	0	3	2	4
spinalcord_480	3939.1900826446295	2385.8760330578502	11.8512396694215	STARmap_plus	spinalcord	7	5	5	4	1.30059200753451	6	2	4	0	7	1
spinalcord_481	3679.41875	2104.825	17.325	STARmap_plus	spinalcord	7	5	5	6	1.41611653762783	6	2	4	0	2	5
spinalcord_482	3603.53846153846	1825.08241758242	15.8956043956044	STARmap_plus	spinalcord	7	2	1	6	1.05500827668773	2	1	0	1	2	1
spinalcord_483	3182.5206185567	2557.57731958763	14.9742268041237	STARmap_plus	spinalcord	7	6	0	4	1.37760836093005	6	2	4	0	6	2
spinalcord_484	3460.45588235294	1851.2352941176505	15.279411764705902	STARmap_plus	spinalcord	7	2	1	6	1.05500827668773	2	1	0	1	2	1
spinalcord_485	4065.67857142857	2598.62698412698	18.5357142857143	STARmap_plus	spinalcord	7	6	0	4	1.39214303159018	3	2	2	0	6	2
spinalcord_486	2900.4142857142897	2433.47142857143	16.0428571428571	STARmap_plus	spinalcord	7	5	5	6	1.39214303159018	6	2	4	1	2	1
spinalcord_487	3025.80281690141	1886.84507042254	13.0281690140845	STARmap_plus	spinalcord	7	2	1	7	1.27152266621425	2	1	0	0	2	4
spinalcord_488	3688.46	2485.86	13.58	STARmap_plus	spinalcord	7	5	5	6	1.39214303159018	6	2	4	1	2	1
spinalcord_489	3246.3589743589696	1824.7435897435896	12.6923076923077	STARmap_plus	spinalcord	7	2	1	7	1.13202463008328	2	1	0	1	2	4
spinalcord_490	2993.20149253731	1717.6119402985098	19.410447761194	STARmap_plus	spinalcord	7	2	1	7	1.13202463008328	2	1	0	1	2	4
spinalcord_491	2878.80816326531	2058.39591836735	14.0163265306122	STARmap_plus	spinalcord	7	2	1	6	1.05500827668773	2	1	0	1	2	1
spinalcord_492	3392.5142857142896	2588.28571428571	13.1904761904762	STARmap_plus	spinalcord	7	6	0	4	1.37760836093005	6	2	4	0	6	2
spinalcord_493	2816.58823529412	2420.8117647058803	15.6588235294118	STARmap_plus	spinalcord	7	5	5	6	1.33910018423228	6	2	4	0	2	1
spinalcord_494	3933.81818181818	2181.55371900826	12.1900826446281	STARmap_plus	spinalcord	7	5	1	6	1.23811032479908	6	1	4	1	2	5
spinalcord_495	4070.479166666671	2514.5833333333303	16.9166666666667	STARmap_plus	spinalcord	7	5	5	4	1.41611653762783	6	2	2	0	2	1
spinalcord_496	3514.87628865979	1738.51030927835	15.7319587628866	STARmap_plus	spinalcord	7	2	1	7	1.13202463008328	2	1	0	1	2	4
spinalcord_497	3979.2013888888896	2701.77777777778	17.4444444444444	STARmap_plus	spinalcord	7	6	0	4	1.39214303159018	3	2	2	0	6	2
spinalcord_498	2865.4116222760304	2639.1815980629503	15.7554479418886	STARmap_plus	spinalcord	7	6	0	4	1.52220223234363	6	6	4	0	6	2
spinalcord_499	3332.46276595745	1757.46808510638	16.9946808510638	STARmap_plus	spinalcord	7	2	1	7	1.05500827668773	2	1	0	3	2	4
spinalcord_500	2892.0238095238105	1721.46031746032	14.6111111111111	STARmap_plus	spinalcord	7	2	1	7	1.13202463008328	2	1	0	1	2	4
spinalcord_501	3193.40186915888	1606.9626168224302	16.7757009345794	STARmap_plus	spinalcord	7	2	1	7	1.13202463008328	2	1	0	1	2	4
spinalcord_502	4063.58139534884	2692.75581395349	17.267441860465098	STARmap_plus	spinalcord	7	6	0	4	1.28605733687438	3	6	2	0	6	2
spinalcord_503	3577.02127659574	2667.82978723404	21.5106382978723	STARmap_plus	spinalcord	7	6	0	4	1.50766756168351	6	2	2	0	6	2
spinalcord_504	3115.39256198347	1631.0	17.7768595041322	STARmap_plus	spinalcord	7	2	1	7	1.23301448951648	2	1	0	4	2	4
spinalcord_505	3363.06779661017	1662.61016949153	16.6045197740113	STARmap_plus	spinalcord	7	2	1	7	1.27152266621425	2	1	0	0	2	4
spinalcord_506	3822.7333333333295	1741.9259259259302	13.7555555555556	STARmap_plus	spinalcord	7	2	1	6	1.05500827668773	2	1	0	1	2	1
spinalcord_507	3333.3955223880603	2169.8955223880603	18.6268656716418	STARmap_plus	spinalcord	7	5	1	6	1.33910018423228	6	2	0	1	2	1
spinalcord_508	3886.94444444444	1736.56944444444	11.1111111111111	STARmap_plus	spinalcord	7	2	1	6	1.05500827668773	2	1	0	1	2	1
spinalcord_509	4068.14864864865	2244.7567567567603	13.297297297297302	STARmap_plus	spinalcord	7	5	5	6	1.27661850149686	6	1	4	0	2	1
spinalcord_510	3423.75925925926	2667.55555555556	20.5185185185185	STARmap_plus	spinalcord	7	6	0	4	1.37760836093005	6	2	1	0	6	2
spinalcord_511	3731.72151898734	1819.21518987342	12.2658227848101	STARmap_plus	spinalcord	7	2	1	6	1.05500827668773	2	1	0	1	2	1
spinalcord_512	3079.57476635514	2662.3785046729	16.4345794392523	STARmap_plus	spinalcord	7	6	0	4	1.52220223234363	6	6	4	0	6	2
spinalcord_513	4010.44827586207	2391.8275862069	9.82758620689655	STARmap_plus	spinalcord	7	5	5	6	1.39214303159018	6	2	4	1	2	1
spinalcord_514	4060.9921875	2163.7734375	11.3828125	STARmap_plus	spinalcord	7	5	1	6	1.30059200753451	6	1	4	1	2	1
spinalcord_515	3714.79710144928	1723.4347826087	11.7101449275362	STARmap_plus	spinalcord	7	2	1	6	1.05500827668773	2	1	0	1	2	1
spinalcord_516	4091.0743801652898	2318.47933884298	12.0909090909091	STARmap_plus	spinalcord	7	5	5	6	1.39214303159018	6	2	4	1	2	1
spinalcord_517	3705.4358974359	1467.49358974359	13.1602564102564	STARmap_plus	spinalcord	7	2	1	7	1.13202463008328	2	1	0	1	2	4
spinalcord_518	3593.97959183673	1667.8857142857098	14.9714285714286	STARmap_plus	spinalcord	7	2	1	7	1.13202463008328	2	1	0	1	2	4
spinalcord_519	3764.11029411765	1514.68382352941	14.6691176470588	STARmap_plus	spinalcord	7	2	1	7	1.13202463008328	2	1	0	1	2	4
spinalcord_520	3863.785714285711	1806.75892857143	13.705357142857098	STARmap_plus	spinalcord	7	2	1	6	1.05500827668773	2	1	0	1	2	1
spinalcord_521	2942.69444444444	2258.30555555556	14.6574074074074	STARmap_plus	spinalcord	7	5	1	6	1.15599813612093	6	1	0	0	2	1
spinalcord_522	2789.27419354839	2270.25806451613	14.0483870967742	STARmap_plus	spinalcord	7	5	5	6	1.30059200753451	6	2	0	0	2	1
spinalcord_523	4112.19626168224	1795.7943925233603	11.6168224299065	STARmap_plus	spinalcord	7	5	1	6	1.23811032479908	6	1	4	1	2	5
spinalcord_524	2768.56108597285	2219.53393665158	17.10407239819	STARmap_plus	spinalcord	7	5	1	6	1.17053280678105	6	1	0	1	2	1
spinalcord_525	4062.727272727271	2373.07792207792	13.883116883116902	STARmap_plus	spinalcord	7	5	5	6	1.33910018423228	6	2	4	0	2	1
spinalcord_526	2833.16483516484	1743.48901098901	18.0934065934066	STARmap_plus	spinalcord	7	2	1	7	1.13202463008328	2	1	0	1	2	4
spinalcord_527	3937.5048543689295	2083.61165048544	14.2330097087379	STARmap_plus	spinalcord	7	5	5	6	1.33910018423228	6	2	5	0	2	5
spinalcord_528	3471.25490196078	2739.86274509804	21.8823529411765	STARmap_plus	spinalcord	7	6	0	4	1.37760836093005	6	2	1	0	6	2
spinalcord_529	3543.5590551181103	2639.38582677165	18.503937007874	STARmap_plus	spinalcord	7	6	0	4	1.50766756168351	6	2	2	0	6	2
spinalcord_530	2775.88695652174	1693.87826086957	20.0347826086957	STARmap_plus	spinalcord	7	2	1	7	1.13202463008328	2	1	0	1	2	4
spinalcord_531	3221.90849673203	2264.0522875817	17.784313725490197	STARmap_plus	spinalcord	7	5	5	1	1.15683736657272	6	2	4	0	4	1
spinalcord_532	3679.083720930229	1824.07441860465	14.306976744186	STARmap_plus	spinalcord	7	2	1	6	1.05500827668773	2	1	0	1	2	1
spinalcord_533	3289.25581395349	2593.5930232558103	17.9883720930233	STARmap_plus	spinalcord	7	6	0	4	1.37760836093005	6	2	4	0	6	2
spinalcord_534	3260.5138888888896	1590.14583333333	17.8402777777778	STARmap_plus	spinalcord	7	2	1	7	1.13202463008328	2	1	0	1	2	4
spinalcord_535	3356.18777292576	2677.48908296943	15.0262008733624	STARmap_plus	spinalcord	7	6	0	4	1.50766756168351	6	2	2	0	6	2
spinalcord_536	2946.8515625	1704.1171875	18.5546875	STARmap_plus	spinalcord	7	2	1	7	1.13202463008328	2	1	0	1	2	4
spinalcord_537	3130.06432748538	2289.28070175439	14.953216374269	STARmap_plus	spinalcord	7	5	5	1	1.15683736657272	6	2	4	0	4	1
spinalcord_538	3964.56896551724	2761.2758620689697	15.8275862068966	STARmap_plus	spinalcord	7	6	0	4	1.43065120828796	3	2	2	0	6	0
spinalcord_539	2968.5714285714303	1884.19047619048	17.4920634920635	STARmap_plus	spinalcord	7	2	1	7	1.13202463008328	2	1	0	1	2	4
spinalcord_540	3234.9285714285697	1697.9795918367302	14.8163265306122	STARmap_plus	spinalcord	7	2	1	7	1.13202463008328	2	1	0	1	2	4
spinalcord_541	3901.3661971831	1820.01408450704	12.5492957746479	STARmap_plus	spinalcord	7	2	1	6	1.05500827668773	2	1	0	1	2	1
spinalcord_542	3030.46153846154	2690.49450549451	15.2637362637363	STARmap_plus	spinalcord	7	6	0	4	1.52220223234363	6	6	4	0	6	2
spinalcord_543	3189.2994011976	1855.2754491018	15.1317365269461	STARmap_plus	spinalcord	7	2	1	7	1.13202463008328	2	1	0	1	2	4
spinalcord_544	3799.00961538462	1468.53846153846	12.1346153846154	STARmap_plus	spinalcord	7	2	1	7	1.13202463008328	2	1	0	1	2	4
spinalcord_545	2978.80193236715	2688.1690821256	14.8405797101449	STARmap_plus	spinalcord	7	6	0	4	1.52220223234363	6	6	4	0	6	2
spinalcord_546	3619.12195121951	2492.43902439024	16.0243902439024	STARmap_plus	spinalcord	7	5	5	6	1.39214303159018	6	2	4	1	2	1
spinalcord_547	2940.66272189349	2117.59763313609	13.6923076923077	STARmap_plus	spinalcord	7	2	1	6	1.05500827668773	2	1	0	1	2	1
spinalcord_548	3424.56451612903	2279.14516129032	13.935483870967698	STARmap_plus	spinalcord	7	5	5	6	1.39214303159018	6	2	4	1	2	1
spinalcord_549	3974.1529411764704	2316.44705882353	15.423529411764695	STARmap_plus	spinalcord	7	5	5	6	1.30059200753451	6	2	4	0	7	1
spinalcord_550	3336.614285714289	2571.82857142857	13.0714285714286	STARmap_plus	spinalcord	7	5	5	4	1.31512667819463	6	2	4	1	6	2
spinalcord_551	3154.5853658536603	1828.9512195122	13.3658536585366	STARmap_plus	spinalcord	7	2	1	7	1.13202463008328	2	1	0	1	2	4
spinalcord_552	3613.1914893617	2659.36170212766	19.8510638297872	STARmap_plus	spinalcord	7	6	0	4	1.50766756168351	6	2	2	0	6	2
spinalcord_553	3374.2894736842104	2758.2192982456104	19.9122807017544	STARmap_plus	spinalcord	7	6	0	4	1.37760836093005	6	2	1	0	6	2
spinalcord_554	4007.0	2444.80952380952	14.0357142857143	STARmap_plus	spinalcord	7	5	5	6	1.39214303159018	6	2	4	1	2	1
spinalcord_555	3408.37837837838	1571.83783783784	16.2567567567568	STARmap_plus	spinalcord	7	2	1	7	1.13202463008328	2	1	0	1	2	4
spinalcord_556	3826.5217391304295	1789.8260869565197	12.3260869565217	STARmap_plus	spinalcord	7	2	1	6	1.05500827668773	2	1	0	1	2	1
spinalcord_557	2846.39150943396	2475.97169811321	16.5188679245283	STARmap_plus	spinalcord	7	6	0	4	1.37760836093005	6	2	4	0	6	2
spinalcord_558	4144.95604395604	1600.95054945055	9.32967032967033	STARmap_plus	spinalcord	7	2	1	6	1.05500827668773	2	1	0	1	2	1
spinalcord_559	5206.5931283906	1952.77757685353	11.6654611211573	STARmap_plus	spinalcord	7	1	3	2	0.908491586689655	3	3	3	2	3	0
spinalcord_560	4570.8243243243205	2321.88513513513	11.733108108108098	STARmap_plus	spinalcord	7	1	3	1	1.10001898506381	3	3	1	4	4	0
spinalcord_561	5226.52075471698	1715.6377358490602	11.9320754716981	STARmap_plus	spinalcord	7	3	2	2	1.26208383083673	4	5	3	2	3	5
spinalcord_562	4906.90962099125	1787.41690962099	8.393586005830901	STARmap_plus	spinalcord	7	3	2	2	1.31512667819463	4	5	3	4	3	5
spinalcord_563	4894.69296375267	2406.6631130064	7.84861407249467	STARmap_plus	spinalcord	7	1	3	1	1.2004413785531	3	3	1	0	4	0
spinalcord_564	4211.22179732314	1623.44933078394	12.1300191204589	STARmap_plus	spinalcord	7	2	1	6	0.895879734614027	2	1	0	1	2	5
spinalcord_565	4293.2898089172	2273.81847133758	10.2898089171975	STARmap_plus	spinalcord	7	1	3	1	1.17137203723284	6	2	1	0	4	0
spinalcord_566	5235.92517006803	2089.2959183673497	13.2380952380952	STARmap_plus	spinalcord	7	1	3	1	1.07125077781863	3	3	3	2	4	0
spinalcord_567	5389.47752808989	1969.0224719101104	12.8033707865169	STARmap_plus	spinalcord	7	1	3	1	1.07125077781863	3	3	3	2	4	0
spinalcord_568	4835.92197125257	1858.59958932238	12.1088295687885	STARmap_plus	spinalcord	7	3	2	2	1.26208383083673	4	5	3	2	3	5
spinalcord_569	4726.716666666671	1749.35208333333	12.91875	STARmap_plus	spinalcord	7	3	2	2	1.26208383083673	4	5	3	2	3	5
spinalcord_570	4814.37136929461	2443.08298755187	11.8838174273859	STARmap_plus	spinalcord	7	1	3	1	1.39214303159018	3	3	1	0	6	0
spinalcord_571	4966.3956043956	1698.97252747253	10.241758241758198	STARmap_plus	spinalcord	7	3	2	2	1.26208383083673	4	5	3	2	3	5
spinalcord_572	5295.76923076923	2532.14705882353	11.3778280542986	STARmap_plus	spinalcord	7	1	3	1	1.04697613770591	3	3	1	2	4	0
spinalcord_573	5104.00243902439	1919.28048780488	11.4731707317073	STARmap_plus	spinalcord	7	1	3	1	1.16759650308183	3	3	3	2	4	5
spinalcord_574	4525.28101265823	2168.97974683544	11.7594936708861	STARmap_plus	spinalcord	7	1	3	1	1.39298226204197	3	5	3	0	4	0
spinalcord_575	5122.1364902507	2694.92757660167	13.6963788300836	STARmap_plus	spinalcord	7	1	3	1	1.2004413785531	3	3	1	0	4	0
spinalcord_576	4697.840108401079	1956.81571815718	12.168021680216802	STARmap_plus	spinalcord	7	3	2	2	1.26208383083673	4	5	3	2	3	5
spinalcord_577	4713.840989399289	2160.85865724382	13.3922261484099	STARmap_plus	spinalcord	7	1	3	1	1.07125077781863	3	3	3	2	4	0
spinalcord_578	5459.169270833329	1791.890625	12.854166666666698	STARmap_plus	spinalcord	7	3	2	2	1.22357565413896	3	5	3	2	3	5
spinalcord_579	5121.29556650246	2030.91789819376	12.2725779967159	STARmap_plus	spinalcord	7	1	3	1	1.07125077781863	3	3	3	2	4	0
spinalcord_580	4423.658848614071	1763.9360341151398	12.454157782516	STARmap_plus	spinalcord	7	3	6	6	1.1414634654608	4	1	5	0	2	5
spinalcord_581	4916.4808988764	2327.8224719101104	15.3820224719101	STARmap_plus	spinalcord	7	1	3	1	1.20217857859106	3	3	1	3	4	0
spinalcord_582	4843.399484536079	1631.67783505155	12.6623711340206	STARmap_plus	spinalcord	7	3	2	2	1.32966134885476	4	2	5	1	3	5
spinalcord_583	5180.32375979112	1618.01566579634	11.977806788511698	STARmap_plus	spinalcord	7	3	2	2	1.26208383083673	4	5	3	2	3	5
spinalcord_584	5185.37921348315	2404.97752808989	14.5421348314607	STARmap_plus	spinalcord	7	1	3	1	1.07125077781863	3	3	3	2	4	0
spinalcord_585	4839.03092783505	1720.24226804124	9.71134020618557	STARmap_plus	spinalcord	7	3	2	2	1.26208383083673	4	5	3	2	3	5
spinalcord_586	4600.92156862745	1594.9542483660098	12.0065359477124	STARmap_plus	spinalcord	7	3	6	2	1.31512667819463	4	2	5	1	7	5
spinalcord_587	5297.0845771144295	2063.00995024876	12.4129353233831	STARmap_plus	spinalcord	7	1	3	1	1.31305897451439	3	3	3	0	4	0
spinalcord_588	4689.933660933661	1842.06142506143	15.6461916461916	STARmap_plus	spinalcord	7	3	2	2	1.26208383083673	4	5	3	2	3	5
spinalcord_589	5270.3017543859705	2140.75087719298	11.7578947368421	STARmap_plus	spinalcord	7	1	3	1	1.31305897451439	3	3	3	0	4	0
spinalcord_590	4706.43148688047	1550.19825072886	12.373177842565598	STARmap_plus	spinalcord	7	3	6	2	1.38704719630758	4	2	5	0	7	5
spinalcord_591	5390.40856031128	2162.33463035019	13.2762645914397	STARmap_plus	spinalcord	7	1	3	1	1.04697613770591	3	3	1	2	4	0
spinalcord_592	5157.31769722815	2157.15138592751	12.2771855010661	STARmap_plus	spinalcord	7	1	3	1	1.07125077781863	3	3	3	2	4	0
spinalcord_593	4963.73697270471	2188.3002481389603	11.970223325062	STARmap_plus	spinalcord	7	1	3	1	1.31305897451439	3	3	3	0	4	0
spinalcord_594	5079.12560386473	2236.17874396135	12.1159420289855	STARmap_plus	spinalcord	7	1	3	1	1.2004413785531	3	3	1	0	4	0
spinalcord_595	4145.6380090497705	2367.2533936651603	13.285067873303198	STARmap_plus	spinalcord	7	5	5	6	1.39214303159018	6	2	4	1	2	1
spinalcord_596	4898.80575539568	2701.69424460432	15.9568345323741	STARmap_plus	spinalcord	7	1	3	1	1.35363485489241	3	2	1	0	7	0
spinalcord_597	4414.47582697201	2082.98218829517	12.5623409669211	STARmap_plus	spinalcord	7	3	2	2	1.26208383083673	4	5	3	2	3	5
spinalcord_598	4505.77961432507	2089.15977961433	17.6501377410468	STARmap_plus	spinalcord	7	3	2	2	1.26208383083673	4	5	3	2	3	5
spinalcord_599	5195.64423076923	2264.4423076923104	9.5801282051282	STARmap_plus	spinalcord	7	1	3	1	1.07125077781863	3	3	3	2	4	0
spinalcord_600	4880.12105263158	2088.66315789474	13.6631578947368	STARmap_plus	spinalcord	7	1	3	2	1.16759650308183	3	3	3	2	4	5
spinalcord_601	5195.78723404255	2021.5404255319104	15.0170212765957	STARmap_plus	spinalcord	7	1	3	1	1.07125077781863	3	3	3	2	4	0
spinalcord_602	5374.00431034483	1821.59051724138	13.9008620689655	STARmap_plus	spinalcord	7	3	2	2	1.05500827668773	3	3	3	2	3	5
spinalcord_603	4882.26218097448	2150.83294663573	17.879350348027803	STARmap_plus	spinalcord	7	1	3	1	1.07125077781863	3	3	3	2	4	0
spinalcord_604	5076.644268774699	2156.42885375494	12.8280632411067	STARmap_plus	spinalcord	7	1	3	1	1.07125077781863	3	3	3	2	4	0
spinalcord_605	5406.20647773279	2688.06477732794	11.502024291498	STARmap_plus	spinalcord	7	1	3	1	1.35363485489241	3	3	1	0	7	0
spinalcord_606	4372.72209567198	1517.12528473804	14.997722095672	STARmap_plus	spinalcord	7	5	1	6	1.27661850149686	6	1	5	1	2	5
spinalcord_607	4751.083333333329	2088.5833333333303	11.6388888888889	STARmap_plus	spinalcord	7	1	3	1	1.39298226204197	3	5	3	0	4	0
spinalcord_608	5343.020833333329	2624.40625	12.421875	STARmap_plus	spinalcord	7	1	3	1	1.23894955525087	3	2	1	0	4	0
spinalcord_609	5195.97805642633	2654.49529780564	10.247648902821302	STARmap_plus	spinalcord	7	1	3	1	1.2004413785531	3	3	1	0	4	0
spinalcord_610	4209.78012684989	2127.7505285412303	13.9767441860465	STARmap_plus	spinalcord	7	3	2	2	1.15599813612093	6	5	5	2	3	5
spinalcord_611	4463.7193877551	2437.83928571429	13.1709183673469	STARmap_plus	spinalcord	7	1	0	1	1.4015818669677	3	3	1	0	6	2
spinalcord_612	4588.5811965812	1756.03846153846	14.076923076923098	STARmap_plus	spinalcord	7	3	2	2	1.40667770225031	4	5	5	2	3	5
spinalcord_613	4460.50393700787	1919.1732283464603	16.8779527559055	STARmap_plus	spinalcord	7	3	2	2	1.40667770225031	4	5	5	2	3	5
spinalcord_614	4186.62995594714	2596.54185022026	14.8942731277533	STARmap_plus	spinalcord	7	6	0	4	1.39214303159018	3	2	2	0	6	2
spinalcord_615	4447.04797979798	2504.77272727273	14.9318181818182	STARmap_plus	spinalcord	7	6	0	4	1.33910018423228	3	6	1	0	6	2
spinalcord_616	5203.251396648039	1543.5977653631303	9.45251396648045	STARmap_plus	spinalcord	7	3	2	2	1.26208383083673	4	5	3	2	3	5
spinalcord_617	4613.09570957096	2715.0	13.792079207920802	STARmap_plus	spinalcord	7	6	0	1	1.32456551357215	3	2	1	0	6	2
spinalcord_618	5144.7992831541205	2569.40501792115	13.706093189964198	STARmap_plus	spinalcord	7	1	3	1	1.2004413785531	3	3	1	0	4	0
spinalcord_619	4291.48269230769	1918.725	10.8538461538462	STARmap_plus	spinalcord	7	3	2	2	1.40667770225031	4	5	5	2	3	5
spinalcord_620	4140.34223300971	1785.5776699029102	14.2038834951456	STARmap_plus	spinalcord	7	5	5	1	1.44602510939987	6	1	4	0	4	5
spinalcord_621	5314.451048951049	2383.76573426573	13.3111888111888	STARmap_plus	spinalcord	7	1	3	1	1.07125077781863	3	3	3	2	4	0
spinalcord_622	4180.63181818182	1464.2727272727302	15.3590909090909	STARmap_plus	spinalcord	7	2	1	6	1.05500827668773	2	1	0	1	2	1
spinalcord_623	5410.74615384615	1531.30384615385	13.75	STARmap_plus	spinalcord	7	3	2	2	1.26208383083673	4	5	3	2	3	5
spinalcord_624	5015.64056939502	2547.79359430605	11.0640569395018	STARmap_plus	spinalcord	7	1	3	1	1.2004413785531	3	3	1	0	4	0
spinalcord_625	4839.537190082639	1521.86776859504	10.6942148760331	STARmap_plus	spinalcord	7	3	6	2	1.32966134885476	4	2	5	1	1	5
spinalcord_626	4163.729468599029	2740.34782608696	16.2850241545894	STARmap_plus	spinalcord	7	6	0	4	1.33910018423228	3	6	1	0	6	2
spinalcord_627	4546.8587786259495	2663.2213740458	17.4580152671756	STARmap_plus	spinalcord	7	6	0	4	1.33910018423228	3	6	1	0	6	2
spinalcord_628	4149.23684210526	2511.26315789474	11.2368421052632	STARmap_plus	spinalcord	7	6	0	4	1.41611653762783	6	2	2	0	6	1
spinalcord_629	5142.725609756099	1467.43292682927	11.5487804878049	STARmap_plus	spinalcord	7	3	2	2	1.26208383083673	4	5	3	2	3	5
spinalcord_630	4974.74074074074	2616.6507936507896	12.984126984127	STARmap_plus	spinalcord	7	1	3	1	1.35363485489241	3	3	1	0	7	0
spinalcord_631	4157.69818181818	2298.78909090909	11.4945454545455	STARmap_plus	spinalcord	7	5	5	6	1.39214303159018	6	2	4	1	2	1
spinalcord_632	4608.770833333329	2587.6770833333303	12.677083333333302	STARmap_plus	spinalcord	7	6	0	4	1.33910018423228	3	6	1	3	6	2
spinalcord_633	4568.282258064521	2430.50537634409	13.220430107526902	STARmap_plus	spinalcord	7	1	0	1	1.4015818669677	3	3	1	0	6	2
spinalcord_634	5072.021634615379	2413.9375	13.201923076923098	STARmap_plus	spinalcord	7	1	3	1	1.07125077781863	3	3	3	2	4	0
spinalcord_635	4874.29433962264	2604.15094339623	14.5094339622642	STARmap_plus	spinalcord	7	1	3	1	1.35363485489241	3	2	1	0	7	0
spinalcord_636	4162.13742690058	2015.90058479532	11.8771929824561	STARmap_plus	spinalcord	7	3	2	2	1.50766756168351	4	5	5	0	3	5
spinalcord_637	4413.85878962536	1607.63112391931	13.5619596541787	STARmap_plus	spinalcord	7	5	6	7	1.31003084291203	4	1	4	0	2	5
spinalcord_638	4273.47208121827	2587.23350253807	16.6142131979695	STARmap_plus	spinalcord	7	6	0	4	1.39214303159018	3	2	2	0	6	2
spinalcord_639	4807.8125	1983.4204545454504	15.7670454545455	STARmap_plus	spinalcord	7	3	2	2	1.23124791991132	3	5	3	2	4	5
spinalcord_640	4410.04046242775	1670.76300578035	11.803468208092502	STARmap_plus	spinalcord	7	3	6	2	1.10295528876303	4	1	5	4	2	5
spinalcord_641	4543.05833333333	1891.95	13.708333333333302	STARmap_plus	spinalcord	7	3	2	2	1.44518587894808	4	5	5	1	3	5
spinalcord_642	4332.3512396694205	2367.6652892562	14.9090909090909	STARmap_plus	spinalcord	7	1	3	1	1.06921244370559	6	3	1	0	4	0
spinalcord_643	4642.61512605042	2489.2672268907604	10.769747899159698	STARmap_plus	spinalcord	7	1	0	1	1.4015818669677	3	3	1	0	6	2
spinalcord_644	4154.85514018692	2229.72429906542	13.1028037383178	STARmap_plus	spinalcord	7	5	5	6	1.39214303159018	6	2	1	1	2	1
spinalcord_645	4448.70792079208	1986.53465346535	13.3069306930693	STARmap_plus	spinalcord	7	3	2	2	1.48369405564586	4	5	3	0	3	5
spinalcord_646	5394.982456140349	1734.54385964912	9.23684210526316	STARmap_plus	spinalcord	7	3	2	2	1.26208383083673	4	5	3	2	3	5
spinalcord_647	4675.249110320279	2240.1423487544503	14.9679715302491	STARmap_plus	spinalcord	7	1	3	1	1.07125077781863	3	3	3	2	4	0
spinalcord_648	4545.45528455285	2549.9593495935	12.967479674796698	STARmap_plus	spinalcord	7	6	0	4	1.33910018423228	3	6	1	0	6	2
spinalcord_649	5247.99641577061	1844.17204301075	11.1075268817204	STARmap_plus	spinalcord	7	3	2	2	1.23124791991132	3	5	3	2	4	5
spinalcord_650	4994.86923076923	2713.3461538461497	14.6153846153846	STARmap_plus	spinalcord	7	1	3	1	1.35363485489241	3	2	1	0	7	0
spinalcord_651	4735.609876543211	2513.3555555555604	14.0740740740741	STARmap_plus	spinalcord	7	1	3	1	1.39214303159018	3	3	1	0	6	0
spinalcord_652	5392.87958115183	2523.69109947644	10.7853403141361	STARmap_plus	spinalcord	7	1	3	1	1.2004413785531	3	3	1	0	4	0
spinalcord_653	4525.24712643678	2261.73563218391	12.1206896551724	STARmap_plus	spinalcord	7	1	3	1	1.04697613770591	3	3	1	2	4	0
spinalcord_654	4273.15189873418	1851.2088607594897	13.3987341772152	STARmap_plus	spinalcord	7	3	2	2	1.15599813612093	6	5	5	2	3	5
spinalcord_655	5092.2062256809295	2525.9688715953303	9.86770428015564	STARmap_plus	spinalcord	7	1	3	1	1.04697613770591	3	3	1	2	4	0
spinalcord_656	4916.20408163265	1673.46064139942	12.2186588921283	STARmap_plus	spinalcord	7	3	2	2	1.26208383083673	4	5	3	2	3	5
spinalcord_657	4645.89534883721	1635.92441860465	11.5232558139535	STARmap_plus	spinalcord	7	3	6	5	1.48369405564586	4	3	5	1	1	5
spinalcord_658	4715.25874125874	2692.83216783217	6.63636363636364	STARmap_plus	spinalcord	7	1	0	1	1.43065120828796	3	2	1	0	6	0
spinalcord_659	4212.75308641975	1707.86419753086	9.506172839506169	STARmap_plus	spinalcord	7	5	1	6	1.27661850149686	6	1	5	1	2	5
spinalcord_660	4591.96551724138	1476.08189655172	13.4181034482759	STARmap_plus	spinalcord	7	3	6	2	1.48369405564586	4	2	4	1	1	5
spinalcord_661	4617.1875	2060.17045454545	9.78977272727273	STARmap_plus	spinalcord	7	3	2	2	1.26208383083673	4	5	3	2	3	5
spinalcord_662	4756.18897637795	1853.62204724409	10.3937007874016	STARmap_plus	spinalcord	7	3	2	2	1.26208383083673	4	5	3	2	3	5
spinalcord_663	5450.2755555555605	2060.88444444444	9.44444444444444	STARmap_plus	spinalcord	7	1	3	1	1.07125077781863	3	3	3	2	4	0
spinalcord_664	4977.794701986761	2114.3178807947	6.72185430463576	STARmap_plus	spinalcord	7	1	3	1	1.31305897451439	3	3	3	0	4	0
spinalcord_665	4904.61052631579	2212.81578947368	12.4052631578947	STARmap_plus	spinalcord	7	1	3	1	1.07125077781863	3	3	3	2	4	0
spinalcord_666	5271.058020477821	2009.45733788396	12.1740614334471	STARmap_plus	spinalcord	7	1	3	1	1.07125077781863	3	3	3	2	4	0
spinalcord_667	5109.18181818182	1778.74025974026	10.5064935064935	STARmap_plus	spinalcord	7	3	2	2	1.26208383083673	4	5	3	2	3	5
spinalcord_668	4592.487128712871	1530.35643564356	11.580198019802	STARmap_plus	spinalcord	7	3	6	2	1.39214303159018	4	2	5	3	1	5
spinalcord_669	5270.64935064935	1610.2987012987	9.07792207792208	STARmap_plus	spinalcord	7	3	2	2	1.26208383083673	4	5	3	2	3	5
spinalcord_670	5333.31188118812	1980.40594059406	13.1237623762376	STARmap_plus	spinalcord	7	1	3	1	1.07125077781863	3	3	3	2	4	0
spinalcord_671	4511.193333333329	2601.74666666667	13.993333333333302	STARmap_plus	spinalcord	7	6	0	4	1.33910018423228	3	6	1	0	6	2
spinalcord_672	5228.671916010499	1772.6876640419898	13.002624671916	STARmap_plus	spinalcord	7	3	2	2	1.26208383083673	4	5	3	2	3	5
spinalcord_673	5283.20725388601	2646.02590673575	9.170984455958552	STARmap_plus	spinalcord	7	1	3	1	1.23894955525087	3	2	1	0	4	0
spinalcord_674	4901.095744680851	1536.14893617021	10.563829787234	STARmap_plus	spinalcord	7	3	6	5	1.32966134885476	4	2	5	1	1	5
spinalcord_675	5213.02747252747	2142.1868131868105	11.9340659340659	STARmap_plus	spinalcord	7	1	3	1	1.31305897451439	3	3	3	0	4	0
spinalcord_676	4303.38759689923	1608.7286821705402	9.10852713178295	STARmap_plus	spinalcord	7	5	1	6	1.23811032479908	6	1	4	1	2	5
spinalcord_677	5364.4331797235	2060.83870967742	10.741935483871	STARmap_plus	spinalcord	7	1	3	1	1.31305897451439	3	3	3	0	4	0
spinalcord_678	4869.8	1959.59090909091	13.6	STARmap_plus	spinalcord	7	3	2	2	1.23124791991132	3	5	3	0	4	5
spinalcord_679	4369.666666666671	2277.8076923076896	6.153846153846151	STARmap_plus	spinalcord	7	1	3	1	1.20217857859106	3	3	1	3	4	0
spinalcord_680	4583.60169491525	1946.5423728813605	9.82203389830508	STARmap_plus	spinalcord	7	3	2	2	1.48369405564586	4	5	3	0	7	5
spinalcord_681	4570.2170212766	2489.4042553191503	10.5787234042553	STARmap_plus	spinalcord	7	6	0	4	1.33910018423228	3	6	1	0	6	2
spinalcord_682	4790.67142857143	1802.22142857143	12.7	STARmap_plus	spinalcord	7	3	2	2	1.48369405564586	4	5	3	0	3	5
spinalcord_683	5279.351293103449	2268.70689655172	10.8168103448276	STARmap_plus	spinalcord	7	1	3	1	1.07125077781863	3	3	3	2	4	0
spinalcord_684	4535.42176870748	2033.57142857143	18.9115646258503	STARmap_plus	spinalcord	7	3	2	2	1.26208383083673	4	5	3	2	3	5
spinalcord_685	5170.12	1910.4755555555605	10.964444444444402	STARmap_plus	spinalcord	7	3	2	2	1.23124791991132	3	5	3	2	4	5
spinalcord_686	4606.28571428571	2150.0459183673497	12.5586734693878	STARmap_plus	spinalcord	7	3	2	2	1.22357565413896	3	5	3	2	3	5
spinalcord_687	4791.029166666671	2670.61666666667	7.19166666666667	STARmap_plus	spinalcord	7	6	0	1	1.2475491601766	3	2	1	0	7	2
spinalcord_688	4575.38842975207	1701.47933884298	16.041322314049598	STARmap_plus	spinalcord	7	3	6	2	1.32966134885476	4	2	5	1	1	5
spinalcord_689	4659.68199233716	2322.65900383142	15.1417624521073	STARmap_plus	spinalcord	7	1	3	1	1.04697613770591	3	3	1	2	4	0
spinalcord_690	5049.33561643836	2724.47945205479	12.2808219178082	STARmap_plus	spinalcord	7	6	0	1	1.2475491601766	3	2	1	0	7	2
spinalcord_691	4272.166666666671	1538.39285714286	10.4285714285714	STARmap_plus	spinalcord	7	2	1	6	0.895879734614027	2	1	0	1	2	5
spinalcord_692	5241.735042735039	2587.81196581197	9.376068376068382	STARmap_plus	spinalcord	7	1	3	1	1.2004413785531	3	3	1	0	4	0
spinalcord_693	5448.00611620795	2383.53822629969	15.348623853211	STARmap_plus	spinalcord	7	1	3	1	1.07125077781863	3	3	3	2	4	0
spinalcord_694	5012.1807909604495	2256.85875706215	11.819209039548	STARmap_plus	spinalcord	7	1	3	1	1.07125077781863	3	3	3	2	4	0
spinalcord_695	4602.70588235294	1875.85882352941	11.3647058823529	STARmap_plus	spinalcord	7	3	2	2	1.50766756168351	4	5	5	0	3	5
spinalcord_696	5327.378378378379	2166.67567567568	11.256756756756802	STARmap_plus	spinalcord	7	1	3	1	1.07125077781863	3	3	3	2	4	0
spinalcord_697	5030.02272727273	2041.25	5.11363636363636	STARmap_plus	spinalcord	7	1	3	1	1.31305897451439	3	3	3	0	4	0
spinalcord_698	5457.0	1712.63492063492	7.19047619047619	STARmap_plus	spinalcord	7	3	2	2	1.26208383083673	4	5	3	2	3	5
spinalcord_699	4681.296442687751	2027.52173913043	14.4308300395257	STARmap_plus	spinalcord	7	3	2	2	1.23124791991132	3	5	3	2	4	5
spinalcord_700	5333.78125	1584.85416666667	7.38541666666667	STARmap_plus	spinalcord	7	3	2	2	1.48369405564586	4	5	3	0	3	5
spinalcord_701	4205.30833333333	2655.5625	19.8958333333333	STARmap_plus	spinalcord	7	6	0	1	1.32456551357215	3	2	1	0	6	2
spinalcord_702	4872.52	2751.66857142857	14.8628571428571	STARmap_plus	spinalcord	7	6	0	1	1.2475491601766	3	2	1	0	7	2
spinalcord_703	5032.683486238529	1766.0504587156	12.4174311926606	STARmap_plus	spinalcord	7	3	2	2	1.26208383083673	4	5	3	2	3	5
spinalcord_704	4452.44632768362	2568.72881355932	10.4180790960452	STARmap_plus	spinalcord	7	6	0	4	1.33910018423228	3	6	1	0	6	2
spinalcord_705	4729.27390180879	2420.73126614987	13.0723514211886	STARmap_plus	spinalcord	7	1	3	1	1.39214303159018	3	3	1	0	6	0
spinalcord_706	5417.5	2214.125	9.984375	STARmap_plus	spinalcord	7	1	3	1	1.2004413785531	3	3	1	0	4	0
spinalcord_707	4334.575342465751	2563.4931506849302	11.5205479452055	STARmap_plus	spinalcord	7	6	0	1	1.32456551357215	3	2	1	0	6	2
spinalcord_708	4511.48993288591	2502.94295302013	12.510067114094	STARmap_plus	spinalcord	7	6	0	4	1.33910018423228	3	6	1	0	6	2
spinalcord_709	5406.055072463771	1863.0463768115897	8.87826086956522	STARmap_plus	spinalcord	7	1	3	1	1.07125077781863	3	3	3	2	4	0
spinalcord_710	4123.30487804878	2075.2073170731696	18.3983739837398	STARmap_plus	spinalcord	7	3	2	2	1.15599813612093	6	5	5	2	3	5
spinalcord_711	5322.20879120879	2444.6703296703304	14.021978021978	STARmap_plus	spinalcord	7	1	3	1	1.07125077781863	3	3	3	2	4	0
spinalcord_712	5455.6338028169	2653.7042253521104	11.6901408450704	STARmap_plus	spinalcord	7	1	3	1	1.35363485489241	3	2	1	0	7	0
spinalcord_713	5071.48016701461	1655.05219206681	10.5553235908142	STARmap_plus	spinalcord	7	3	2	2	1.26208383083673	4	5	3	2	3	5
spinalcord_714	5012.277372262771	1677.0145985401502	10.0985401459854	STARmap_plus	spinalcord	7	3	2	2	1.26208383083673	4	5	3	2	3	5
spinalcord_715	5388.80487804878	1480.8048780487802	10.6219512195122	STARmap_plus	spinalcord	7	3	2	2	1.26208383083673	4	5	3	2	3	5
spinalcord_716	4917.74869109948	2270.85863874346	14.471204188481698	STARmap_plus	spinalcord	7	1	3	1	1.2004413785531	3	3	1	0	4	0
spinalcord_717	4647.86705202312	2158.93063583815	11.710982658959502	STARmap_plus	spinalcord	7	3	2	2	1.23124791991132	3	5	3	2	4	5
spinalcord_718	5398.887096774191	1656.08064516129	10.575268817204302	STARmap_plus	spinalcord	7	3	2	2	1.26208383083673	4	5	3	2	3	5
spinalcord_719	4130.28671328671	1900.35664335664	15.1678321678322	STARmap_plus	spinalcord	7	3	2	2	1.23301448951648	6	1	5	2	3	5
spinalcord_720	4117.61971830986	2136.7042253521104	15.7957746478873	STARmap_plus	spinalcord	7	3	2	2	1.15599813612093	6	5	5	2	3	5
spinalcord_721	5421.458333333329	2595.9583333333303	12.166666666666698	STARmap_plus	spinalcord	7	1	3	1	1.35363485489241	3	2	1	0	7	0
spinalcord_722	5455.80769230769	1654.41826923077	12.0528846153846	STARmap_plus	spinalcord	7	3	2	2	1.26208383083673	4	5	3	2	3	5
spinalcord_723	5285.94252873563	1524.3908045976998	8.01149425287356	STARmap_plus	spinalcord	7	3	2	2	1.26208383083673	4	5	3	2	3	5
spinalcord_724	4507.30769230769	1620.81196581197	11.2564102564103	STARmap_plus	spinalcord	7	3	6	2	1.28605733687438	4	2	5	0	2	5
spinalcord_725	5322.2315789473705	1842.48421052632	10.6526315789474	STARmap_plus	spinalcord	7	3	2	2	1.33050057930655	3	5	3	3	4	5
spinalcord_726	4785.67724867725	2064.69841269841	15.4550264550265	STARmap_plus	spinalcord	7	3	2	2	1.23124791991132	3	5	3	2	4	5
spinalcord_727	4163.27118644068	1512.40677966102	8.77966101694915	STARmap_plus	spinalcord	7	2	1	6	1.05500827668773	2	1	0	1	2	1
spinalcord_728	4635.42922374429	1767.36529680365	13.0913242009132	STARmap_plus	spinalcord	7	3	2	2	1.40667770225031	4	5	5	2	3	5
spinalcord_729	4977.44651162791	2327.92558139535	13.3767441860465	STARmap_plus	spinalcord	7	1	3	1	1.04697613770591	3	3	1	2	4	0
spinalcord_730	4769.789915966389	2007.84033613445	18.5714285714286	STARmap_plus	spinalcord	7	3	2	2	1.23124791991132	3	5	3	2	4	5
spinalcord_731	4476.509677419361	2019.8129032258105	11.9806451612903	STARmap_plus	spinalcord	7	3	2	2	1.26208383083673	4	5	3	2	3	5
spinalcord_732	5185.225	2518.25	15.9625	STARmap_plus	spinalcord	7	1	3	1	1.31305897451439	3	3	3	0	4	0
spinalcord_733	4554.1067415730295	1994.48876404494	15.2247191011236	STARmap_plus	spinalcord	7	3	2	2	1.26208383083673	4	5	3	2	3	5
spinalcord_734	5185.7619047619	1465.10714285714	11.9761904761905	STARmap_plus	spinalcord	7	3	2	2	1.50766756168351	4	5	5	0	3	5
spinalcord_735	4957.54255319149	1770.70212765957	6.0212765957446805	STARmap_plus	spinalcord	7	3	2	2	1.31512667819463	4	5	3	4	3	5
spinalcord_736	4847.91428571429	2047.3142857142896	14.0961038961039	STARmap_plus	spinalcord	7	3	2	2	1.23124791991132	3	5	3	2	4	5
spinalcord_737	4975.23300970874	2264.7572815534	10.1747572815534	STARmap_plus	spinalcord	7	1	3	1	1.2004413785531	3	3	1	0	4	0
spinalcord_738	4837.35582822086	1674.35582822086	12.208588957055198	STARmap_plus	spinalcord	7	3	2	2	1.40667770225031	4	5	5	2	3	5
spinalcord_739	5064.74251497006	2320.73053892216	11.3532934131737	STARmap_plus	spinalcord	7	1	3	1	1.2004413785531	3	3	1	0	4	0
spinalcord_740	5362.85185185185	1926.2901234567896	10.5246913580247	STARmap_plus	spinalcord	7	1	3	1	1.28429076726922	3	3	3	0	4	5
spinalcord_741	5362.53535353535	2720.4141414141395	11.2424242424242	STARmap_plus	spinalcord	7	1	3	1	1.44518587894808	3	3	1	1	1	0
spinalcord_742	5145.13483146067	2237.70786516854	9.96629213483146	STARmap_plus	spinalcord	7	1	3	1	1.2004413785531	3	3	1	0	4	0
spinalcord_743	5266.61904761905	1445.69841269841	12.3412698412698	STARmap_plus	spinalcord	7	3	2	2	1.40667770225031	4	5	5	2	3	5
spinalcord_744	5167.731707317071	2076.93902439024	16.1585365853659	STARmap_plus	spinalcord	7	1	3	1	1.07125077781863	3	3	3	2	4	0
spinalcord_745	4320.10576923077	1554.68269230769	11.201923076923098	STARmap_plus	spinalcord	7	5	5	7	1.36816952555253	6	1	4	0	2	5
spinalcord_746	4803.27981651376	2237.19724770642	12.1834862385321	STARmap_plus	spinalcord	7	1	3	1	1.31305897451439	3	3	3	0	4	0
spinalcord_747	5291.39910313901	1924.01793721973	12.3004484304933	STARmap_plus	spinalcord	7	1	3	1	1.31305897451439	3	3	3	0	4	0
spinalcord_748	4924.083333333329	2672.31944444444	16.3333333333333	STARmap_plus	spinalcord	7	1	3	1	1.35363485489241	3	2	1	0	7	0
spinalcord_749	5226.11666666667	1453.63333333333	9.95	STARmap_plus	spinalcord	7	3	2	2	1.40667770225031	4	5	5	2	3	5
spinalcord_750	5107.640926640929	2293.15444015444	13.2200772200772	STARmap_plus	spinalcord	7	1	3	1	1.31305897451439	3	3	3	0	4	0
spinalcord_751	4649.04929577465	2658.0985915493	13.0915492957746	STARmap_plus	spinalcord	7	6	0	4	1.33910018423228	3	6	1	0	6	2
spinalcord_752	4587.82242990654	2239.39719626168	12.911214953271	STARmap_plus	spinalcord	7	1	3	1	1.31305897451439	3	3	3	0	4	0
spinalcord_753	4842.6509186351705	2215.59317585302	11.251968503937	STARmap_plus	spinalcord	7	1	3	1	1.07125077781863	3	3	3	2	4	0
spinalcord_754	5436.56481481481	2307.47222222222	11.6111111111111	STARmap_plus	spinalcord	7	1	3	1	1.07125077781863	3	3	3	2	4	0
spinalcord_755	4225.69736842105	2287.97368421053	14.6184210526316	STARmap_plus	spinalcord	7	1	3	1	1.17137203723284	6	2	1	0	4	0
spinalcord_756	4454.59183673469	2614.67346938776	14.9387755102041	STARmap_plus	spinalcord	7	6	3	4	1.4015818669677	3	2	1	3	6	2
spinalcord_757	4650.586206896551	1918.1896551724103	12.7241379310345	STARmap_plus	spinalcord	7	3	2	2	1.48369405564586	4	5	3	0	7	5
spinalcord_758	5378.401315789471	2021.38157894737	14.7039473684211	STARmap_plus	spinalcord	7	1	3	1	1.07125077781863	3	3	3	2	4	0
spinalcord_759	4451.36653386454	2081.58964143426	16.649402390438198	STARmap_plus	spinalcord	7	3	2	2	1.26208383083673	4	5	3	2	3	5
spinalcord_760	4571.47852760736	2075.0736196319	11.0736196319018	STARmap_plus	spinalcord	7	3	2	2	1.26208383083673	4	5	3	2	3	5
spinalcord_761	4665.85714285714	2734.30952380952	19.952380952381	STARmap_plus	spinalcord	7	1	0	1	1.43065120828796	3	2	1	0	6	0
spinalcord_762	5044.7701863354	1706.2484472049698	9.49068322981366	STARmap_plus	spinalcord	7	3	2	2	1.26208383083673	4	5	3	2	3	5
spinalcord_763	4198.67307692308	1792.68269230769	8.30769230769231	STARmap_plus	spinalcord	7	5	1	6	1.23811032479908	6	1	4	1	2	5
spinalcord_764	4847.16393442623	2700.88524590164	11.8852459016393	STARmap_plus	spinalcord	7	1	3	1	1.35363485489241	3	2	1	0	7	0
spinalcord_765	4476.121338912129	2278.08786610879	11.5732217573222	STARmap_plus	spinalcord	7	1	3	1	1.2004413785531	3	3	1	0	4	0
spinalcord_766	4419.27536231884	1830.06763285024	17.56038647343	STARmap_plus	spinalcord	7	3	2	2	1.40667770225031	4	5	5	2	3	5
spinalcord_767	4700.531100478471	2097.9952153110003	19.488038277512	STARmap_plus	spinalcord	7	3	2	2	1.23124791991132	3	5	3	2	4	5
spinalcord_768	4787.654761904761	2124.375	13.732142857142902	STARmap_plus	spinalcord	7	1	3	1	1.07125077781863	3	3	3	2	4	0
spinalcord_769	5433.12048192771	1981.88554216867	9.94578313253012	STARmap_plus	spinalcord	7	1	3	1	1.07125077781863	3	3	3	2	4	0
spinalcord_770	4733.43307086614	2069.5748031496105	20.433070866141698	STARmap_plus	spinalcord	7	3	2	2	1.23124791991132	3	5	3	2	4	5
spinalcord_771	5272.333333333329	2753.14285714286	9.93650793650794	STARmap_plus	spinalcord	7	1	3	1	1.2004413785531	3	3	1	0	4	0
spinalcord_772	4704.873239436621	1901.4225352112696	8.28169014084507	STARmap_plus	spinalcord	7	3	2	2	1.27152266621425	4	5	3	1	7	5
spinalcord_773	5019.1192660550505	2334.10091743119	11.477064220183498	STARmap_plus	spinalcord	7	1	3	1	1.04697613770591	3	3	1	2	4	0
spinalcord_774	4597.34693877551	2542.38775510204	13.7857142857143	STARmap_plus	spinalcord	7	6	0	4	1.33910018423228	3	6	1	0	6	2
spinalcord_775	4398.11409395973	2395.14597315436	15.493288590604	STARmap_plus	spinalcord	7	1	3	1	1.39214303159018	3	3	1	0	6	0
spinalcord_776	6197.71563981043	2466.83412322275	12.5308056872038	STARmap_plus	spinalcord	7	3	2	2	1.23124791991132	3	5	3	2	4	5
spinalcord_777	5968.107883817429	2750.6846473029	13.356846473029	STARmap_plus	spinalcord	7	1	3	1	1.07125077781863	3	3	3	2	4	0
spinalcord_778	6611.839762611279	2200.5311572700302	10.3234421364985	STARmap_plus	spinalcord	7	3	2	2	1.26208383083673	4	5	3	2	3	5
spinalcord_779	6721.0903083700405	2285.40308370044	11.988986784141	STARmap_plus	spinalcord	7	3	2	2	1.26208383083673	4	5	3	2	3	5
spinalcord_780	6701.3729281768	1546.44751381215	7.96685082872928	STARmap_plus	spinalcord	7	3	2	2	1.26208383083673	4	5	3	2	3	5
spinalcord_781	5883.56623931624	2315.5427350427303	12.6517094017094	STARmap_plus	spinalcord	7	1	3	1	1.07125077781863	3	3	3	2	4	0
spinalcord_782	5888.09543568465	2381.7842323651503	8.9045643153527	STARmap_plus	spinalcord	7	1	3	1	1.07125077781863	3	3	3	2	4	0
spinalcord_783	6181.78827361564	2112.81107491857	9.01628664495114	STARmap_plus	spinalcord	7	3	2	2	1.22357565413896	3	5	3	2	3	5
spinalcord_784	6438.42291666667	1914.72708333333	11.2125	STARmap_plus	spinalcord	7	3	2	2	1.26208383083673	4	5	3	2	3	5
spinalcord_785	6076.19628099174	2601.6632231405	11.0909090909091	STARmap_plus	spinalcord	7	1	3	1	1.35447408534419	3	3	3	3	4	5
spinalcord_786	6565.72211720227	1697.71833648393	13.1512287334594	STARmap_plus	spinalcord	7	3	2	2	1.26208383083673	4	5	3	2	3	5
spinalcord_787	6348.996323529411	1926.28676470588	11.6727941176471	STARmap_plus	spinalcord	7	3	2	2	1.26208383083673	4	5	3	2	3	5
spinalcord_788	5844.90974729242	1967.31949458484	11.9602888086643	STARmap_plus	spinalcord	7	3	2	2	1.22357565413896	3	5	3	2	3	5
spinalcord_789	6310.503164556961	2022.09810126582	11.7943037974684	STARmap_plus	spinalcord	7	3	2	2	1.26208383083673	4	5	3	2	3	5
spinalcord_790	6313.57043879908	2083.13625866051	10.4826789838337	STARmap_plus	spinalcord	7	3	2	2	1.26208383083673	4	5	3	2	3	5
spinalcord_791	6395.395	1986.215	10.115	STARmap_plus	spinalcord	7	3	2	2	1.48369405564586	4	5	3	0	3	5
spinalcord_792	6484.422727272729	2437.47727272727	14.0409090909091	STARmap_plus	spinalcord	7	3	2	2	1.26208383083673	4	5	3	2	3	5
spinalcord_793	6009.40997229917	2050.5512465374	10.2326869806094	STARmap_plus	spinalcord	7	1	3	2	1.21380631511916	3	5	3	2	4	0
spinalcord_794	5746.65254237288	2411.94632768362	11.0847457627119	STARmap_plus	spinalcord	7	1	3	1	1.31305897451439	3	3	3	0	4	0
spinalcord_795	6712.34237288136	1856.62372881356	13.5118644067797	STARmap_plus	spinalcord	7	3	2	2	1.26208383083673	4	5	3	2	3	5
spinalcord_796	6562.515657620041	1979.41544885177	9.40709812108559	STARmap_plus	spinalcord	7	3	2	2	1.26208383083673	4	5	3	2	3	5
spinalcord_797	6256.92326732673	1888.61881188119	10.1905940594059	STARmap_plus	spinalcord	7	3	2	2	1.26208383083673	4	5	3	2	3	5
spinalcord_798	6019.1037735849095	1520.83962264151	13.2264150943396	STARmap_plus	spinalcord	7	3	2	2	1.26208383083673	4	5	3	2	3	5
spinalcord_799	6038.123287671229	2733.42465753425	13.3287671232877	STARmap_plus	spinalcord	7	1	3	1	1.21380631511916	3	3	3	1	4	0
spinalcord_800	6732.6198630137	1749.57534246575	15.5684931506849	STARmap_plus	spinalcord	7	3	2	2	1.26208383083673	4	5	3	2	3	5
spinalcord_801	6239.78415300546	1554.29508196721	12.8606557377049	STARmap_plus	spinalcord	7	3	2	2	1.26208383083673	4	5	3	2	3	5
spinalcord_802	6610.81303116147	2092.97450424929	10.396600566572198	STARmap_plus	spinalcord	7	3	2	2	1.26208383083673	4	5	3	2	3	5
spinalcord_803	6410.0272479564	2438.7029972752	12.558583106267	STARmap_plus	spinalcord	7	3	2	2	1.26208383083673	4	5	3	2	3	5
spinalcord_804	5502.01805869074	1541.06094808126	10.7674943566591	STARmap_plus	spinalcord	7	3	2	2	1.26208383083673	4	5	3	2	3	5
spinalcord_805	6614.09900990099	1740.76435643564	13.5326732673267	STARmap_plus	spinalcord	7	3	2	2	1.26208383083673	4	5	3	2	3	5
spinalcord_806	6225.848314606739	2556.80898876404	15.2977528089888	STARmap_plus	spinalcord	7	3	2	2	1.23124791991132	3	5	3	2	4	5
spinalcord_807	6372.6544342507605	1559.0244648317998	11.2721712538226	STARmap_plus	spinalcord	7	3	2	2	1.26208383083673	4	5	3	2	3	5
spinalcord_808	5949.258620689649	2692.41379310345	15.4022988505747	STARmap_plus	spinalcord	7	1	3	1	1.07125077781863	3	3	3	2	4	0
spinalcord_809	6095.080246913579	2736.92901234568	15.9938271604938	STARmap_plus	spinalcord	7	1	3	1	1.04697613770591	3	3	1	2	4	0
spinalcord_810	6582.44736842105	2431.56907894737	10.4703947368421	STARmap_plus	spinalcord	7	3	2	2	1.26208383083673	4	5	3	2	3	5
spinalcord_811	6796.60882352941	2346.75882352941	14.097058823529402	STARmap_plus	spinalcord	7	3	2	2	1.26208383083673	4	5	3	2	3	5
spinalcord_812	6049.4964028777	2388.89208633094	9.588129496402882	STARmap_plus	spinalcord	7	3	2	2	1.23124791991132	3	5	3	2	4	5
spinalcord_813	5683.7125	2210.7625	12.88125	STARmap_plus	spinalcord	7	1	3	1	1.07125077781863	3	3	3	2	4	0
spinalcord_814	6483.48031496063	1706.03149606299	15.5984251968504	STARmap_plus	spinalcord	7	3	2	2	1.26208383083673	4	5	3	2	3	5
spinalcord_815	6035.69209039548	1438.81073446328	15.3813559322034	STARmap_plus	spinalcord	7	3	2	2	1.26208383083673	4	5	3	2	3	5
spinalcord_816	6647.0306122449	2724.40816326531	15.5561224489796	STARmap_plus	spinalcord	7	3	2	2	1.26208383083673	4	5	3	2	3	5
spinalcord_817	6660.55660377359	2527.53301886792	11.146226415094302	STARmap_plus	spinalcord	7	3	2	2	1.26208383083673	4	5	3	2	3	5
spinalcord_818	6188.86328125	1505.54296875	11.0546875	STARmap_plus	spinalcord	7	3	2	2	1.26208383083673	4	5	3	2	3	5
spinalcord_819	6031.6428571428605	1891.8125	12.0625	STARmap_plus	spinalcord	7	3	2	2	1.22357565413896	3	5	3	2	3	5
spinalcord_820	5973.365231259971	2184.88516746412	9.13078149920255	STARmap_plus	spinalcord	7	3	2	2	1.23124791991132	3	5	3	2	4	5
spinalcord_821	6560.61835748792	2223.52657004831	10.512077294686	STARmap_plus	spinalcord	7	3	2	2	1.26208383083673	4	5	3	2	3	5
spinalcord_822	6688.78350515464	1613.55154639175	15.0412371134021	STARmap_plus	spinalcord	7	3	2	2	1.26208383083673	4	5	3	2	3	5
spinalcord_823	6750.46799116998	2547.24944812362	12.0883002207506	STARmap_plus	spinalcord	7	3	2	2	1.26208383083673	4	5	3	2	3	5
spinalcord_824	6771.515337423311	1853.50306748466	13.1533742331288	STARmap_plus	spinalcord	7	3	2	2	1.26208383083673	4	5	3	2	3	5
spinalcord_825	6681.215686274511	1959.03267973856	12.8627450980392	STARmap_plus	spinalcord	7	3	2	2	1.26208383083673	4	5	3	2	3	5
spinalcord_826	6218.6529209622	1457.96563573883	12.4295532646048	STARmap_plus	spinalcord	7	3	2	2	1.26208383083673	4	5	3	2	3	5
spinalcord_827	6358.76538461538	1466.24230769231	13.4076923076923	STARmap_plus	spinalcord	7	3	2	2	1.40667770225031	4	5	5	2	3	5
spinalcord_828	6576.61611374408	2523.35071090047	12.8388625592417	STARmap_plus	spinalcord	7	3	2	2	1.26208383083673	4	5	3	2	3	5
spinalcord_829	5478.76605504587	2314.15137614679	12.2614678899083	STARmap_plus	spinalcord	7	1	3	1	1.07125077781863	3	3	3	2	4	0
spinalcord_830	5494.30490018149	2013.88203266788	10.7568058076225	STARmap_plus	spinalcord	7	1	3	1	1.07125077781863	3	3	3	2	4	0
spinalcord_831	5862.2793791574295	2633.27494456763	11.662971175166302	STARmap_plus	spinalcord	7	1	3	1	1.07125077781863	3	3	3	2	4	0
spinalcord_832	6175.867256637171	2013.8960176991104	12.1150442477876	STARmap_plus	spinalcord	7	3	2	2	1.23124791991132	3	5	3	2	4	5
spinalcord_833	5991.807560137459	1697.96907216495	12.0446735395189	STARmap_plus	spinalcord	7	3	2	2	1.23124791991132	3	5	3	2	4	5
spinalcord_834	6748.517241379311	2201.4433497536897	16.9704433497537	STARmap_plus	spinalcord	7	3	2	2	1.26208383083673	4	5	3	2	3	5
spinalcord_835	5649.76171875	1929.9609375	9.5859375	STARmap_plus	spinalcord	7	1	3	1	1.16759650308183	3	3	3	2	4	5
spinalcord_836	6401.354304635761	1724.10264900662	12.8907284768212	STARmap_plus	spinalcord	7	3	2	2	1.26208383083673	4	5	3	2	3	5
spinalcord_837	5840.0	1835.89655172414	12.1034482758621	STARmap_plus	spinalcord	7	3	2	2	1.22357565413896	3	5	3	2	3	5
spinalcord_838	6339.36	2413.59666666667	12.3833333333333	STARmap_plus	spinalcord	7	3	2	2	1.22357565413896	3	5	3	2	3	5
spinalcord_839	5894.84355828221	1469.13803680982	14.7055214723926	STARmap_plus	spinalcord	7	3	2	2	1.26208383083673	4	5	3	2	3	5
spinalcord_840	5706.67532467533	1949.1922077922104	12.5974025974026	STARmap_plus	spinalcord	7	1	3	1	1.39298226204197	3	5	3	0	4	0
spinalcord_841	5959.4647302904605	1905.97510373444	14.1327800829876	STARmap_plus	spinalcord	7	3	2	2	1.22357565413896	3	5	3	2	3	5
spinalcord_842	6604.7986111111095	2677.8541666666697	14.7847222222222	STARmap_plus	spinalcord	7	3	2	2	1.26208383083673	4	5	3	2	3	5
spinalcord_843	6766.60891089109	2135.62871287129	18.1039603960396	STARmap_plus	spinalcord	7	3	2	2	1.26208383083673	4	5	3	2	3	5
spinalcord_844	6365.20833333333	2680.125	12.0763888888889	STARmap_plus	spinalcord	7	3	2	2	1.23124791991132	3	5	3	2	4	5
spinalcord_845	6172.15032679739	2291.64705882353	13.0588235294118	STARmap_plus	spinalcord	7	3	2	2	1.05500827668773	3	3	3	2	3	5
spinalcord_846	6040.800904977379	2306.41176470588	7.95022624434389	STARmap_plus	spinalcord	7	1	3	1	1.21380631511916	3	5	3	2	4	0
spinalcord_847	5570.90407673861	2400.02637889688	12.9016786570743	STARmap_plus	spinalcord	7	1	3	1	1.07125077781863	3	3	3	2	4	0
spinalcord_848	5671.806526806529	2417.34032634033	12.6573426573427	STARmap_plus	spinalcord	7	1	3	1	1.07125077781863	3	3	3	2	4	0
spinalcord_849	5935.59851301115	1663.97769516729	10.7174721189591	STARmap_plus	spinalcord	7	3	2	2	1.23124791991132	3	5	3	2	4	5
spinalcord_850	5506.23076923077	1645.4208144796398	10.3348416289593	STARmap_plus	spinalcord	7	3	2	2	1.26208383083673	4	5	3	2	3	5
spinalcord_851	5708.857677902621	2063.59550561798	12.3558052434457	STARmap_plus	spinalcord	7	1	3	1	1.07125077781863	3	3	3	2	4	0
spinalcord_852	5775.85087719298	1927.00877192982	13.8114035087719	STARmap_plus	spinalcord	7	3	2	2	1.11748995942315	3	5	3	2	3	0
spinalcord_853	6166.63063063063	1614.72072072072	16.9459459459459	STARmap_plus	spinalcord	7	3	2	2	1.26208383083673	4	5	3	2	3	5
spinalcord_854	6701.643776824029	2391.95278969957	8.48927038626609	STARmap_plus	spinalcord	7	3	2	2	1.26208383083673	4	5	3	2	3	5
spinalcord_855	5981.83829787234	2609.83829787234	10.6978723404255	STARmap_plus	spinalcord	7	1	3	1	1.35447408534419	3	3	3	3	4	5
spinalcord_856	5891.8202764977	2719.30414746544	12.4423963133641	STARmap_plus	spinalcord	7	1	3	1	1.07125077781863	3	3	3	2	4	0
spinalcord_857	6634.121890547261	2627.13184079602	13.599502487562198	STARmap_plus	spinalcord	7	3	2	2	1.26208383083673	4	5	3	2	3	5
spinalcord_858	6518.033980582521	1527.3567961165	10.4927184466019	STARmap_plus	spinalcord	7	3	2	2	1.40667770225031	4	5	5	2	3	5
spinalcord_859	5668.79696969697	1556.13333333333	14.8484848484848	STARmap_plus	spinalcord	7	3	2	2	1.26208383083673	4	5	3	2	3	5
spinalcord_860	6166.57475083056	2367.6312292358803	10.109634551495	STARmap_plus	spinalcord	7	3	2	2	1.23124791991132	3	5	3	2	4	5
spinalcord_861	5673.607843137261	1664.8711484593805	14.4621848739496	STARmap_plus	spinalcord	7	3	2	2	1.26208383083673	4	5	3	2	3	5
spinalcord_862	5492.36764705882	2685.15441176471	11.573529411764698	STARmap_plus	spinalcord	7	1	3	1	1.35363485489241	3	2	1	0	7	0
spinalcord_863	5914.85714285714	2513.97959183673	11.7551020408163	STARmap_plus	spinalcord	7	1	3	1	1.31305897451439	3	3	3	0	4	0
spinalcord_864	6301.730902777779	2245.19444444444	11.0902777777778	STARmap_plus	spinalcord	7	3	2	2	1.22357565413896	3	5	3	2	3	5
spinalcord_865	5739.958549222801	1791.04663212435	9.44559585492228	STARmap_plus	spinalcord	7	3	2	2	1.22357565413896	3	5	3	2	3	5
spinalcord_866	5655.152492668621	2592.9853372434	10.7243401759531	STARmap_plus	spinalcord	7	1	3	1	1.2004413785531	3	3	1	0	4	0
spinalcord_867	6168.710622710621	1719.72161172161	13.6520146520147	STARmap_plus	spinalcord	7	3	2	2	1.26208383083673	4	5	3	2	3	5
spinalcord_868	5910.723112128149	2071.62700228833	11.649885583524	STARmap_plus	spinalcord	7	1	3	2	1.21380631511916	3	5	3	2	4	0
spinalcord_869	6419.32	2568.03	5.46	STARmap_plus	spinalcord	7	3	2	2	1.26208383083673	4	5	3	2	3	5
spinalcord_870	5857.52040816327	2210.27040816327	8.55612244897959	STARmap_plus	spinalcord	7	1	3	2	1.21380631511916	3	5	3	2	4	0
spinalcord_871	5983.81506849315	2515.98630136986	10.972602739726	STARmap_plus	spinalcord	7	1	3	1	1.31596590864642	3	3	1	0	4	5
spinalcord_872	6173.93251533742	1829.52760736196	12.8098159509202	STARmap_plus	spinalcord	7	3	2	2	1.22357565413896	3	5	3	2	3	5
spinalcord_873	6277.56441717791	1768.8926380368102	13.0490797546012	STARmap_plus	spinalcord	7	3	2	2	1.26208383083673	4	5	3	2	3	5
spinalcord_874	5555.8452722063	1947.0888252149	9.17191977077364	STARmap_plus	spinalcord	7	1	3	1	1.31305897451439	3	3	3	0	4	0
spinalcord_875	6149.85792349727	2179.13661202186	11.4644808743169	STARmap_plus	spinalcord	7	3	2	2	1.44518587894808	3	5	3	3	3	5
spinalcord_876	6232.40983606557	1691.66393442623	8.45901639344262	STARmap_plus	spinalcord	7	3	2	2	1.26208383083673	4	5	3	2	3	5
spinalcord_877	5550.45021645022	1858.45021645022	7.96103896103896	STARmap_plus	spinalcord	7	1	3	2	1.16759650308183	3	3	3	2	4	5
spinalcord_878	6571.71034482759	2307.13103448276	8.44827586206897	STARmap_plus	spinalcord	7	3	2	2	1.26208383083673	4	5	3	2	3	5
spinalcord_879	6450.23903508772	2229.01535087719	9.01973684210526	STARmap_plus	spinalcord	7	3	2	2	1.26208383083673	4	5	3	2	3	5
spinalcord_880	5490.666666666671	2415.62831858407	11.1091445427729	STARmap_plus	spinalcord	7	1	3	1	1.07125077781863	3	3	3	2	4	0
spinalcord_881	5650.64179104478	2491.17164179104	10.7910447761194	STARmap_plus	spinalcord	7	1	3	1	1.07125077781863	3	3	3	2	4	0
spinalcord_882	6131.09243697479	1939.28571428571	8.865546218487399	STARmap_plus	spinalcord	7	3	2	1	1.23124791991132	3	5	3	0	4	5
spinalcord_883	6000.90884718499	1802.3109919571	13.7131367292225	STARmap_plus	spinalcord	7	3	2	2	1.22357565413896	3	5	3	2	3	5
spinalcord_884	6588.75	1891.55681818182	11.789772727272698	STARmap_plus	spinalcord	7	3	2	2	1.26208383083673	4	5	3	2	3	5
spinalcord_885	6621.846590909089	1606.3295454545498	10.5965909090909	STARmap_plus	spinalcord	7	3	2	2	1.26208383083673	4	5	3	2	3	5
spinalcord_886	5611.428571428571	2017.33333333333	10.2900432900433	STARmap_plus	spinalcord	7	1	3	1	1.07125077781863	3	3	3	2	4	0
spinalcord_887	6110.06535947712	2499.28104575163	12.9281045751634	STARmap_plus	spinalcord	7	3	2	2	1.23124791991132	3	5	3	2	4	5
spinalcord_888	6342.828947368421	2155.2105263157896	12.1578947368421	STARmap_plus	spinalcord	7	3	2	2	1.26208383083673	4	5	3	2	3	5
spinalcord_889	5761.0	2490.8804347826103	11.1032608695652	STARmap_plus	spinalcord	7	1	3	1	1.31305897451439	3	3	3	0	4	0
spinalcord_890	5524.8802395209605	1714.61676646707	12.3473053892216	STARmap_plus	spinalcord	7	3	2	2	1.26208383083673	4	5	3	2	3	5
spinalcord_891	5678.163934426229	1865.52459016393	9.016393442622949	STARmap_plus	spinalcord	7	1	3	2	1.16759650308183	3	3	3	2	4	5
spinalcord_892	5776.238095238101	2333.65367965368	12.6190476190476	STARmap_plus	spinalcord	7	1	3	1	1.20610467977961	3	3	3	4	4	0
spinalcord_893	6493.0147783251205	2117.3842364532	8.773399014778331	STARmap_plus	spinalcord	7	3	2	2	1.26208383083673	4	5	3	2	3	5
spinalcord_894	6125.23880597015	2031.64179104478	7.02238805970149	STARmap_plus	spinalcord	7	3	2	2	1.23124791991132	3	5	3	2	4	5
spinalcord_895	6285.8826530612205	2696.63265306122	8.97448979591837	STARmap_plus	spinalcord	7	3	2	1	1.23124791991132	3	5	3	0	4	5
spinalcord_896	6115.64615384615	2328.93333333333	10.6461538461538	STARmap_plus	spinalcord	7	1	3	2	1.16759650308183	3	3	3	2	4	5
spinalcord_897	5673.5033557047	2158.05369127517	8.66778523489933	STARmap_plus	spinalcord	7	1	3	1	1.31305897451439	3	3	3	0	4	0
spinalcord_898	6222.09160305344	2048.67175572519	7.458015267175571	STARmap_plus	spinalcord	7	3	2	2	1.22357565413896	3	5	3	2	3	5
spinalcord_899	6026.29268292683	1968.78048780488	8.10975609756098	STARmap_plus	spinalcord	7	3	2	2	1.22357565413896	3	5	3	2	3	5
spinalcord_900	6562.10984848485	2072.20454545455	12.871212121212098	STARmap_plus	spinalcord	7	3	2	2	1.26208383083673	4	5	3	2	3	5
spinalcord_901	6584.988095238101	2570.44047619048	9.39285714285714	STARmap_plus	spinalcord	7	3	2	2	1.26208383083673	4	5	3	2	3	5
spinalcord_902	5645.4623655914	2237.97311827957	13.9731182795699	STARmap_plus	spinalcord	7	1	3	1	1.07125077781863	3	3	3	2	4	0
spinalcord_903	5830.505617977529	2046.1348314606696	14.2247191011236	STARmap_plus	spinalcord	7	3	2	2	1.23124791991132	3	5	3	2	4	5
spinalcord_904	6079.75	1943.38	9.79	STARmap_plus	spinalcord	7	3	2	1	1.23124791991132	3	5	3	0	4	5
spinalcord_905	6320.66109785203	2339.85202863962	10.3031026252983	STARmap_plus	spinalcord	7	3	2	2	1.22357565413896	3	5	3	2	3	5
spinalcord_906	6785.37692307692	2699.08461538462	13.3307692307692	STARmap_plus	spinalcord	7	3	2	2	1.26208383083673	4	5	3	2	3	5
spinalcord_907	6255.79842931937	1945.65183246073	12.7460732984293	STARmap_plus	spinalcord	7	3	2	2	1.26208383083673	4	5	3	2	3	5
spinalcord_908	5467.33684210526	2762.8526315789504	15.4631578947368	STARmap_plus	spinalcord	7	1	3	1	1.35363485489241	3	3	1	0	7	0
spinalcord_909	5614.40758293839	1601.07109004739	15.1563981042654	STARmap_plus	spinalcord	7	3	2	2	1.26208383083673	4	5	3	2	3	5
spinalcord_910	6660.05263157895	2457.94736842105	7.229665071770341	STARmap_plus	spinalcord	7	3	2	2	1.26208383083673	4	5	3	2	3	5
spinalcord_911	6682.945578231291	2085.87074829932	11.8367346938776	STARmap_plus	spinalcord	7	3	2	2	1.26208383083673	4	5	3	2	3	5
spinalcord_912	6509.20833333333	2620.125	14.0	STARmap_plus	spinalcord	7	3	2	2	1.27152266621425	4	5	3	1	3	5
spinalcord_913	6451.032258064521	2601.16129032258	12.3548387096774	STARmap_plus	spinalcord	7	3	2	2	1.23811032479908	4	5	5	1	2	5
spinalcord_914	6397.33333333333	1666.45578231293	11.8163265306122	STARmap_plus	spinalcord	7	3	2	2	1.26208383083673	4	5	3	2	3	5
spinalcord_915	6204.32692307692	1797.00480769231	9.028846153846152	STARmap_plus	spinalcord	7	3	2	2	1.22357565413896	3	5	3	2	3	5
spinalcord_916	6433.90566037736	1646.62264150943	9.15094339622642	STARmap_plus	spinalcord	7	3	2	2	1.26208383083673	4	5	3	2	3	5
spinalcord_917	6715.917808219179	2706.56164383562	14.7945205479452	STARmap_plus	spinalcord	7	3	2	2	1.26208383083673	4	5	3	2	3	5
spinalcord_918	5713.75954198473	2293.07633587786	9.6412213740458	STARmap_plus	spinalcord	7	1	3	1	1.07125077781863	3	3	3	2	4	0
spinalcord_919	6468.12883435583	1571.1717791411	8.871165644171779	STARmap_plus	spinalcord	7	3	2	2	1.26208383083673	4	5	3	2	3	5
spinalcord_920	6173.4375	2716.1875	11.365131578947402	STARmap_plus	spinalcord	7	1	3	1	1.31305897451439	3	3	3	0	4	0
spinalcord_921	6640.28787878788	1995.00757575758	8.68181818181818	STARmap_plus	spinalcord	7	3	2	2	1.26208383083673	4	5	3	2	3	5
spinalcord_922	6429.17333333333	1511.8	7.25333333333333	STARmap_plus	spinalcord	7	3	2	2	1.44518587894808	4	5	5	3	3	5
spinalcord_923	6301.66820276498	1451.9723502304098	13.981566820276502	STARmap_plus	spinalcord	7	3	2	2	1.26208383083673	4	5	3	2	3	5
spinalcord_924	5467.14814814815	2194.42592592593	6.824074074074071	STARmap_plus	spinalcord	7	1	3	1	1.31305897451439	3	3	3	0	4	0
spinalcord_925	5833.45930232558	2727.08139534884	16.1046511627907	STARmap_plus	spinalcord	7	1	3	1	1.07125077781863	3	3	3	2	4	0
spinalcord_926	6297.527896995711	1513.89699570815	11.403433476394902	STARmap_plus	spinalcord	7	3	2	2	1.26208383083673	4	5	3	2	3	5
spinalcord_927	5752.23076923077	2115.4381270903	13.5652173913043	STARmap_plus	spinalcord	7	1	3	1	1.07125077781863	3	3	3	2	4	0
spinalcord_928	5895.51219512195	1563.28658536585	9.75609756097561	STARmap_plus	spinalcord	7	3	2	2	1.33993941468407	4	5	3	2	4	5
spinalcord_929	6719.608888888891	2122.1066666666698	14.964444444444402	STARmap_plus	spinalcord	7	3	2	2	1.26208383083673	4	5	3	2	3	5
spinalcord_930	6270.7461928934	2417.16751269036	14.1522842639594	STARmap_plus	spinalcord	7	3	2	2	1.22357565413896	3	5	3	2	3	5
spinalcord_931	6174.13194444444	1442.29166666667	12.7222222222222	STARmap_plus	spinalcord	7	3	2	2	1.26208383083673	4	5	3	2	3	5
spinalcord_932	5817.12162162162	2100.22297297297	8.195945945945951	STARmap_plus	spinalcord	7	3	2	2	1.23124791991132	3	5	3	2	4	5
spinalcord_933	6087.560975609761	1811.0243902439	5.19512195121951	STARmap_plus	spinalcord	7	3	2	2	1.40667770225031	3	5	3	0	3	5
spinalcord_934	6669.255639097739	1731.25939849624	10.7105263157895	STARmap_plus	spinalcord	7	3	2	2	1.26208383083673	4	5	3	2	3	5
spinalcord_935	6318.59195402299	1841.7356321839104	10.2758620689655	STARmap_plus	spinalcord	7	3	2	2	1.26208383083673	4	5	3	2	3	5
spinalcord_936	6557.64885496183	2689.8854961832103	14.0916030534351	STARmap_plus	spinalcord	7	3	2	2	1.26208383083673	4	5	3	2	3	5
spinalcord_937	5541.03267973856	2656.6078431372503	9.33333333333333	STARmap_plus	spinalcord	7	1	3	1	1.35363485489241	3	3	1	0	7	0
spinalcord_938	6783.35714285714	2623.6	10.0714285714286	STARmap_plus	spinalcord	7	3	2	2	1.48369405564586	4	5	3	0	3	5
spinalcord_939	6679.8097826087	2212.33695652174	10.2065217391304	STARmap_plus	spinalcord	7	3	2	2	1.26208383083673	4	5	3	2	3	5
spinalcord_940	6413.284210526321	2382.68421052632	13.0473684210526	STARmap_plus	spinalcord	7	3	2	2	1.26208383083673	4	5	3	2	3	5
spinalcord_941	5818.31210191083	2420.87898089172	19.859872611465	STARmap_plus	spinalcord	7	1	3	1	1.31512667819463	3	3	3	1	1	0
spinalcord_942	5772.72916666667	1982.60416666667	12.916666666666698	STARmap_plus	spinalcord	7	3	2	2	1.11748995942315	3	5	3	2	3	0
spinalcord_943	6125.621495327099	1430.5233644859802	17.7056074766355	STARmap_plus	spinalcord	7	3	2	2	1.26208383083673	4	5	3	2	3	5
spinalcord_944	5913.606271776999	1929.4250871080103	8.28571428571429	STARmap_plus	spinalcord	7	3	2	2	1.22357565413896	3	5	3	2	3	5
spinalcord_945	5990.10975609756	2449.7317073170702	8.70731707317073	STARmap_plus	spinalcord	7	1	3	1	1.31305897451439	3	3	3	0	4	0
spinalcord_946	5829.82122905028	2370.75418994413	10.9832402234637	STARmap_plus	spinalcord	7	1	3	1	1.07125077781863	3	3	3	2	4	0
spinalcord_947	5777.6380090497705	1884.9185520362	11.2398190045249	STARmap_plus	spinalcord	7	3	2	2	1.11748995942315	3	5	3	2	3	0
spinalcord_948	6788.403409090911	2499.0113636363603	11.5625	STARmap_plus	spinalcord	7	3	2	2	1.26208383083673	4	5	3	2	3	5
spinalcord_949	6730.589958159	2363.98744769874	13.3807531380753	STARmap_plus	spinalcord	7	3	2	2	1.26208383083673	4	5	3	2	3	5
spinalcord_950	5699.885714285711	2006.79047619048	9.8952380952381	STARmap_plus	spinalcord	7	1	3	1	1.39298226204197	3	5	3	0	4	0
spinalcord_951	5629.782352941179	2404.37647058824	10.5705882352941	STARmap_plus	spinalcord	7	1	3	1	1.07125077781863	3	3	3	2	4	0
spinalcord_952	5748.136	2217.208	11.072	STARmap_plus	spinalcord	7	1	3	1	1.31305897451439	3	3	3	0	4	0
spinalcord_953	5630.191176470589	2306.92647058824	7.07352941176471	STARmap_plus	spinalcord	7	1	3	1	1.31305897451439	3	3	3	0	4	0
spinalcord_954	6009.78350515464	1739.24742268041	12.7525773195876	STARmap_plus	spinalcord	7	3	2	2	1.27152266621425	3	5	3	1	3	5
spinalcord_955	6800.497536945811	2203.14285714286	18.1724137931034	STARmap_plus	spinalcord	7	3	2	2	1.26208383083673	4	5	3	2	3	5
spinalcord_956	6710.15034965035	2625.1993006993	18.3531468531469	STARmap_plus	spinalcord	7	3	2	2	1.26208383083673	4	5	3	2	3	5
spinalcord_957	5987.34042553191	2550.4042553191503	16.1063829787234	STARmap_plus	spinalcord	7	1	3	1	1.37844759138184	3	3	1	3	4	5
spinalcord_958	6525.65202702703	1644.09797297297	11.3547297297297	STARmap_plus	spinalcord	7	3	2	2	1.26208383083673	4	5	3	2	3	5
spinalcord_959	6132.806451612901	1671.45161290323	5.709677419354839	STARmap_plus	spinalcord	7	3	2	2	1.26208383083673	4	5	3	2	3	5
spinalcord_960	6345.739495798321	1988.6050420168103	10.1260504201681	STARmap_plus	spinalcord	7	3	2	2	1.26208383083673	4	5	3	2	3	5
spinalcord_961	6118.837398373979	1519.84552845528	9.66666666666667	STARmap_plus	spinalcord	7	3	2	2	1.26208383083673	4	5	3	2	3	5
spinalcord_962	5805.69961977186	2186.5779467680604	10.0532319391635	STARmap_plus	spinalcord	7	1	3	1	1.07125077781863	3	3	3	2	4	0
spinalcord_963	6430.61471861472	1426.54112554113	12.995670995671	STARmap_plus	spinalcord	7	3	6	2	1.31512667819463	4	1	5	1	3	5
spinalcord_964	6769.83333333333	1699.46	14.6133333333333	STARmap_plus	spinalcord	7	3	2	2	1.26208383083673	4	5	3	2	3	5
spinalcord_965	5948.74592833876	2299.65146579805	11.2540716612378	STARmap_plus	spinalcord	7	1	3	1	1.21380631511916	3	5	3	2	4	0
spinalcord_966	5956.95454545455	1853.65151515152	13.522727272727302	STARmap_plus	spinalcord	7	3	2	2	1.22357565413896	3	5	3	2	3	5
spinalcord_967	6085.6	2663.4125	17.8625	STARmap_plus	spinalcord	7	1	3	1	1.31305897451439	3	3	3	0	4	0
spinalcord_968	5983.5572519084	1654.9007633587803	16.7175572519084	STARmap_plus	spinalcord	7	3	2	2	1.23124791991132	3	5	3	2	4	5
spinalcord_969	6738.57718120805	1987.04697986577	13.7114093959732	STARmap_plus	spinalcord	7	3	2	2	1.27152266621425	4	5	3	1	3	5
spinalcord_970	6257.80625	2312.5	10.95	STARmap_plus	spinalcord	7	3	2	2	1.22357565413896	3	5	3	2	3	5
spinalcord_971	5577.41558441558	2293.55844155844	8.7012987012987	STARmap_plus	spinalcord	7	1	3	1	1.31305897451439	3	3	3	0	4	0
spinalcord_972	5949.87976539589	1518.26392961877	13.1436950146628	STARmap_plus	spinalcord	7	3	2	2	1.26208383083673	4	5	3	2	3	5
spinalcord_973	6353.68181818182	1506.61363636364	13.1742424242424	STARmap_plus	spinalcord	7	3	2	2	1.32966134885476	4	5	3	3	3	5
spinalcord_974	6540.86705202312	2417.4739884393102	14.3815028901734	STARmap_plus	spinalcord	7	3	2	2	1.26208383083673	4	5	3	2	3	5
spinalcord_975	6720.657534246579	2243.93150684932	18.342465753424698	STARmap_plus	spinalcord	7	3	2	2	1.27152266621425	4	5	3	1	3	5
spinalcord_976	6019.047486033521	2687.3603351955303	14.6145251396648	STARmap_plus	spinalcord	7	1	3	1	1.07125077781863	3	3	3	2	4	0
spinalcord_977	6338.12091503268	1641.6176470588198	13.5457516339869	STARmap_plus	spinalcord	7	3	2	2	1.26208383083673	4	5	3	2	3	5
spinalcord_978	5846.35643564356	2761.29702970297	10.8019801980198	STARmap_plus	spinalcord	7	1	3	1	1.31305897451439	3	3	3	0	4	0
spinalcord_979	6729.02857142857	2059.06428571429	9.571428571428571	STARmap_plus	spinalcord	7	3	2	2	1.26208383083673	4	5	3	2	3	5
spinalcord_980	6778.3717948717895	2446.53846153846	6.64102564102564	STARmap_plus	spinalcord	7	3	2	2	1.48369405564586	4	5	3	0	3	5
spinalcord_981	6718.06849315068	1941.90410958904	12.5890410958904	STARmap_plus	spinalcord	7	3	2	2	1.26208383083673	4	5	3	2	3	5
spinalcord_982	6222.13793103448	2379.03448275862	7.1551724137931005	STARmap_plus	spinalcord	7	3	2	2	1.23124791991132	3	5	3	2	4	5
spinalcord_983	6803.095890410961	2751.02739726027	15.6027397260274	STARmap_plus	spinalcord	7	3	2	2	1.26208383083673	4	5	3	2	3	5
spinalcord_984	6722.531531531529	1615.7567567567598	17.3603603603604	STARmap_plus	spinalcord	7	3	2	2	1.26208383083673	4	5	3	2	3	5
spinalcord_985	6210.8714285714295	2324.74285714286	6.2285714285714295	STARmap_plus	spinalcord	7	1	3	1	1.16759650308183	3	3	3	2	4	5
spinalcord_986	6078.265625	1994.671875	9.640625	STARmap_plus	spinalcord	7	3	2	2	1.23124791991132	3	5	3	2	4	5
spinalcord_987	6236.024096385539	2701.18072289157	11.566265060241	STARmap_plus	spinalcord	7	1	3	1	1.26945496253402	3	5	1	0	4	0
spinalcord_988	5981.00938967136	2316.8309859154897	10.4741784037559	STARmap_plus	spinalcord	7	1	3	1	1.21380631511916	3	5	3	2	4	0
spinalcord_989	6656.47619047619	2128.55555555556	9.05555555555556	STARmap_plus	spinalcord	7	3	2	2	1.26208383083673	4	5	3	2	3	5
spinalcord_990	6437.21563342318	2006.47978436658	10.5714285714286	STARmap_plus	spinalcord	7	3	2	2	1.26208383083673	4	5	3	2	3	5
spinalcord_991	6150.7887323943705	1851.5211267605605	6.67605633802817	STARmap_plus	spinalcord	7	3	2	2	1.40667770225031	3	5	3	0	3	5
spinalcord_992	6123.482758620689	2567.30172413793	11.5	STARmap_plus	spinalcord	7	3	2	1	1.23124791991132	3	5	3	0	4	5
spinalcord_993	5899.42045454545	2200.96590909091	9.625	STARmap_plus	spinalcord	7	3	2	2	1.23124791991132	3	5	3	2	4	5
spinalcord_994	6305.21698113208	1611.80188679245	14.3679245283019	STARmap_plus	spinalcord	7	3	2	2	1.26208383083673	4	5	3	2	3	5
spinalcord_995	6210.84	2602.23333333333	16.053333333333303	STARmap_plus	spinalcord	7	3	2	2	1.23124791991132	3	5	3	2	4	5
spinalcord_996	5540.7298136646	2262.87888198758	13.9285714285714	STARmap_plus	spinalcord	7	1	3	1	1.07125077781863	3	3	3	2	4	0
spinalcord_997	6782.35714285714	2241.01020408163	11.5612244897959	STARmap_plus	spinalcord	7	3	2	2	1.48369405564586	4	5	3	0	3	5
spinalcord_998	5557.79069767442	2006.72093023256	5.6046511627907005	STARmap_plus	spinalcord	7	1	3	1	1.31305897451439	3	3	3	0	4	0
spinalcord_999	6457.52688172043	1908.36559139785	14.6774193548387	STARmap_plus	spinalcord	7	3	2	2	1.26208383083673	4	5	3	2	3	5
spinalcord_1000	5670.92929292929	2112.91919191919	6.16161616161616	STARmap_plus	spinalcord	7	1	3	1	1.07125077781863	3	3	3	2	4	0
spinalcord_1001	6096.35897435897	2441.3333333333303	7.0	STARmap_plus	spinalcord	7	3	2	1	1.23124791991132	3	5	3	0	4	5
spinalcord_1002	5664.85643564356	2274.5297029703	9.35643564356436	STARmap_plus	spinalcord	7	1	3	1	1.07125077781863	3	3	3	2	4	0
spinalcord_1003	5708.842424242421	2349.34545454545	14.1454545454545	STARmap_plus	spinalcord	7	1	3	1	1.07125077781863	3	3	3	2	4	0
spinalcord_1004	6350.917808219179	1690.21917808219	12.0821917808219	STARmap_plus	spinalcord	7	3	2	2	1.26208383083673	4	5	3	2	3	5
spinalcord_1005	6389.67878787879	1864.13939393939	10.6545454545455	STARmap_plus	spinalcord	7	3	2	2	1.26208383083673	4	5	3	2	3	5
spinalcord_1006	6114.0461538461495	1996.58461538462	10.3846153846154	STARmap_plus	spinalcord	7	3	2	2	1.23124791991132	3	5	3	0	4	5
spinalcord_1007	6110.63025210084	1470.12605042017	17.563025210084	STARmap_plus	spinalcord	7	3	2	2	1.26208383083673	4	5	3	2	3	5
spinalcord_1008	6292.87692307692	1579.62564102564	12.0615384615385	STARmap_plus	spinalcord	7	3	2	2	1.26208383083673	4	5	3	2	3	5
spinalcord_1009	6701.252525252529	1707.23232323232	14.2929292929293	STARmap_plus	spinalcord	7	3	2	2	1.26208383083673	4	5	3	2	3	5
spinalcord_1010	6500.111940298511	2488.66417910448	10.3880597014925	STARmap_plus	spinalcord	7	3	2	2	1.26208383083673	4	5	3	2	3	5
spinalcord_1011	6291.283185840711	1991.73451327434	19.0442477876106	STARmap_plus	spinalcord	7	3	2	2	1.26208383083673	4	5	3	2	3	5
spinalcord_1012	6637.54054054054	2407.0888030888	9.12355212355212	STARmap_plus	spinalcord	7	3	2	2	1.26208383083673	4	5	3	2	3	5
spinalcord_1013	6745.090909090911	2031.38181818182	19.7636363636364	STARmap_plus	spinalcord	7	3	2	2	1.48369405564586	4	5	3	0	3	5
spinalcord_1014	6748.058536585369	1634.31707317073	15.7170731707317	STARmap_plus	spinalcord	7	3	2	2	1.40667770225031	4	5	5	2	3	5
spinalcord_1015	6794.711340206191	1728.78350515464	18.6082474226804	STARmap_plus	spinalcord	7	3	2	2	1.27152266621425	4	5	3	1	3	5
spinalcord_1016	6240.69298245614	2003.07894736842	11.640350877193	STARmap_plus	spinalcord	7	3	2	2	1.26208383083673	4	5	3	2	3	5
spinalcord_1017	5586.6862745098	1629.20588235294	13.3725490196078	STARmap_plus	spinalcord	7	3	2	2	1.26208383083673	4	5	3	2	3	5
spinalcord_1018	6539.22093023256	2187.99418604651	11.8837209302326	STARmap_plus	spinalcord	7	3	2	2	1.31512667819463	4	5	3	4	3	5
spinalcord_1019	6775.14	2167.32	10.34	STARmap_plus	spinalcord	7	3	2	2	1.26208383083673	4	5	3	2	3	5
spinalcord_1020	7143.56343283582	2450.02425373134	15.8600746268657	STARmap_plus	spinalcord	7	3	6	6	1.10295528876303	4	1	5	4	2	5
spinalcord_1021	7140.036072144291	2557.04408817635	13.5971943887776	STARmap_plus	spinalcord	7	3	1	6	1.05500827668773	4	1	5	1	2	5
spinalcord_1022	7053.587264150941	2490.12971698113	13.3325471698113	STARmap_plus	spinalcord	7	3	1	6	1.05500827668773	4	1	5	1	2	5
spinalcord_1023	7082.383720930229	2756.5988372093	11.9563953488372	STARmap_plus	spinalcord	7	3	2	2	1.26208383083673	4	5	3	2	3	5
spinalcord_1024	7019.07346938775	1788.01632653061	15.0408163265306	STARmap_plus	spinalcord	7	3	2	2	1.40667770225031	4	5	5	2	3	5
spinalcord_1025	7171.8427672956	2717.78616352201	13.6981132075472	STARmap_plus	spinalcord	7	3	2	2	1.40667770225031	4	5	5	2	3	5
spinalcord_1026	6913.66210045662	1880.8310502283105	17.602739726027398	STARmap_plus	spinalcord	7	3	2	2	1.40667770225031	4	5	5	2	3	5
spinalcord_1027	7009.909090909089	2335.31818181818	15.55	STARmap_plus	spinalcord	7	3	2	2	1.09351645338551	4	3	3	2	3	5
spinalcord_1028	6844.64885496183	2183.43511450382	17.5801526717557	STARmap_plus	spinalcord	7	3	2	2	1.26208383083673	4	5	3	2	3	5
spinalcord_1029	6882.144851657939	2599.1797556719	13.303664921466	STARmap_plus	spinalcord	7	3	2	2	1.26208383083673	4	5	3	2	3	5
spinalcord_1030	6897.32661290323	1928.66532258065	19.2459677419355	STARmap_plus	spinalcord	7	3	2	2	1.26208383083673	4	5	3	2	3	5
spinalcord_1031	6863.66121495327	2503.43925233645	13.3668224299065	STARmap_plus	spinalcord	7	3	2	2	1.26208383083673	4	5	3	2	3	5
spinalcord_1032	6962.136363636359	1914.0852272727304	22.4147727272727	STARmap_plus	spinalcord	7	3	2	2	1.27152266621425	4	5	3	1	3	5
spinalcord_1033	7281.23655913978	2756.10752688172	13.129032258064498	STARmap_plus	spinalcord	7	3	6	5	1.30059200753451	4	1	5	4	1	5
spinalcord_1034	6910.717391304351	2200.84782608696	20.195652173913	STARmap_plus	spinalcord	7	3	2	2	1.26208383083673	4	5	3	2	3	5
spinalcord_1035	6921.87813620072	2486.49103942652	16.5770609318996	STARmap_plus	spinalcord	7	3	2	2	1.26208383083673	4	5	3	2	3	5
spinalcord_1036	7327.758771929821	2740.11403508772	16.2368421052632	STARmap_plus	spinalcord	7	3	6	5	1.26208383083673	4	1	5	1	1	5
spinalcord_1037	6994.465408805029	2266.1666666666697	16.0031446540881	STARmap_plus	spinalcord	7	3	2	2	1.26208383083673	4	5	3	2	3	5
spinalcord_1038	6855.66666666667	2090.1	19.8722222222222	STARmap_plus	spinalcord	7	3	2	2	1.26208383083673	4	5	3	2	3	5
spinalcord_1039	6979.72413793103	1998.5625	18.3060344827586	STARmap_plus	spinalcord	7	3	2	2	1.26208383083673	4	5	3	2	3	5
spinalcord_1040	6988.5	2137.0617647058803	17.220588235294098	STARmap_plus	spinalcord	7	3	2	2	1.26208383083673	4	5	3	2	3	5
spinalcord_1041	6906.0283911671895	1992.41009463722	20.3343848580442	STARmap_plus	spinalcord	7	3	2	2	1.26208383083673	4	5	3	2	3	5
spinalcord_1042	7123.600409836071	2225.3565573770497	13.3258196721311	STARmap_plus	spinalcord	7	3	2	2	1.4015818669677	4	2	5	0	3	5
spinalcord_1043	6875.4220779220805	2329.12121212121	14.961038961039	STARmap_plus	spinalcord	7	3	2	2	1.26208383083673	4	5	3	2	3	5
spinalcord_1044	6834.66885245902	2017.1344262295104	18.9180327868852	STARmap_plus	spinalcord	7	3	2	2	1.26208383083673	4	5	3	2	3	5
spinalcord_1045	6970.85762711864	2597.06779661017	15.4881355932203	STARmap_plus	spinalcord	7	3	2	2	1.26208383083673	4	5	3	2	3	5
spinalcord_1046	6979.73193473193	2664.33566433566	13.4592074592075	STARmap_plus	spinalcord	7	3	2	2	1.26208383083673	4	5	3	2	3	5
spinalcord_1047	7321.981220657281	2658.07981220657	12.5164319248826	STARmap_plus	spinalcord	7	3	6	5	1.26208383083673	4	1	5	1	1	5
spinalcord_1048	7190.089285714291	1978.84722222222	15.047619047619	STARmap_plus	spinalcord	7	3	6	5	1.26208383083673	4	1	5	1	1	5
spinalcord_1049	6832.334346504561	1545.4711246200598	14.7720364741641	STARmap_plus	spinalcord	7	3	2	2	1.26208383083673	4	5	3	2	3	5
spinalcord_1050	6975.39513677812	2419.85714285714	15.784194528875402	STARmap_plus	spinalcord	7	3	2	2	1.48369405564586	4	5	3	0	3	5
spinalcord_1051	7049.49082568807	2190.1284403669697	14.2293577981651	STARmap_plus	spinalcord	7	3	2	2	1.31512667819463	4	3	3	4	3	5
spinalcord_1052	7093.64655172414	2354.75	12.8965517241379	STARmap_plus	spinalcord	7	3	2	2	1.35363485489241	4	3	5	0	3	5
spinalcord_1053	6898.4367088607605	2668.9620253164603	16.240506329113902	STARmap_plus	spinalcord	7	3	2	2	1.26208383083673	4	5	3	2	3	5
spinalcord_1054	6914.81196581197	2754.28632478632	15.7435897435897	STARmap_plus	spinalcord	7	3	2	2	1.26208383083673	4	5	3	2	3	5
spinalcord_1055	7052.75494071146	1838.3833992094897	12.304347826087	STARmap_plus	spinalcord	7	3	2	2	1.40667770225031	4	5	5	2	3	5
spinalcord_1056	6877.51449275362	1781.23913043478	17.1268115942029	STARmap_plus	spinalcord	7	3	2	2	1.27152266621425	4	5	3	1	3	5
spinalcord_1057	6813.688888888891	1787.225	12.108333333333302	STARmap_plus	spinalcord	7	3	2	2	1.26208383083673	4	5	3	2	3	5
spinalcord_1058	6841.00288184438	1841.6657060518696	13.4870317002882	STARmap_plus	spinalcord	7	3	2	2	1.26208383083673	4	5	3	2	3	5
spinalcord_1059	7209.7155172413795	2023.12931034483	14.1206896551724	STARmap_plus	spinalcord	7	3	6	5	1.26208383083673	4	1	5	1	1	5
spinalcord_1060	6820.71428571429	2238.12337662338	18.7467532467532	STARmap_plus	spinalcord	7	3	2	2	1.26208383083673	4	5	3	2	3	5
spinalcord_1061	7126.635643564359	2668.57227722772	17.2178217821782	STARmap_plus	spinalcord	7	3	2	2	1.26208383083673	4	5	3	2	3	5
spinalcord_1062	6851.21088435374	1899.25510204082	15.5578231292517	STARmap_plus	spinalcord	7	3	2	2	1.26208383083673	4	5	3	2	3	5
spinalcord_1063	6961.95798319328	2331.5714285714303	15.7731092436975	STARmap_plus	spinalcord	7	3	2	2	1.26208383083673	4	5	3	2	3	5
spinalcord_1064	7056.66176470588	2321.09191176471	17.3823529411765	STARmap_plus	spinalcord	7	3	2	2	1.27152266621425	4	3	5	2	3	5
spinalcord_1065	7352.55371900826	2687.3719008264497	13.702479338843	STARmap_plus	spinalcord	7	3	6	5	1.26208383083673	4	1	5	1	1	5
spinalcord_1066	6926.615384615379	2712.4711538461497	20.057692307692303	STARmap_plus	spinalcord	7	3	2	2	1.48369405564586	4	5	3	0	3	5
spinalcord_1067	7194.647840531559	2692.25913621262	13.093023255814	STARmap_plus	spinalcord	7	3	2	2	1.39214303159018	4	1	5	4	3	5
spinalcord_1068	6928.13684210526	2152.97894736842	17.0	STARmap_plus	spinalcord	7	3	2	2	1.26208383083673	4	5	3	2	3	5
spinalcord_1069	7181.61497326203	2482.3743315508	14.5454545454545	STARmap_plus	spinalcord	7	3	6	6	1.10295528876303	4	1	5	4	2	5
spinalcord_1070	7029.3503649635	1978.59124087591	20.5036496350365	STARmap_plus	spinalcord	7	3	2	2	1.44518587894808	4	5	5	3	3	5
spinalcord_1071	7135.41129032258	2015.53225806452	10.6209677419355	STARmap_plus	spinalcord	7	3	6	5	1.26208383083673	4	1	5	1	1	5
spinalcord_1072	6919.92682926829	1829.1341463414603	21.08536585365849	STARmap_plus	spinalcord	7	3	2	2	1.44518587894808	4	5	5	1	3	5
spinalcord_1073	6964.29012345679	2198.15432098765	21.345679012345705	STARmap_plus	spinalcord	7	3	2	2	1.31512667819463	4	5	3	4	3	5
spinalcord_1074	6812.1111111111095	2574.93333333333	16.96	STARmap_plus	spinalcord	7	3	2	2	1.26208383083673	4	5	3	2	3	5
spinalcord_1075	6843.37640449438	2154.12921348315	19.80898876404489	STARmap_plus	spinalcord	7	3	2	2	1.26208383083673	4	5	3	2	3	5
spinalcord_1076	6963.34267912773	1805.30218068536	18.5264797507788	STARmap_plus	spinalcord	7	3	2	2	1.44518587894808	4	5	5	1	3	5
spinalcord_1077	6812.79338842975	2108.73553719008	21.9504132231405	STARmap_plus	spinalcord	7	3	2	2	1.26208383083673	4	5	3	2	3	5
spinalcord_1078	6848.82608695652	2262.4239130434803	15.445652173913	STARmap_plus	spinalcord	7	3	2	2	1.26208383083673	4	5	3	2	3	5
spinalcord_1079	7011.96655518395	2047.44481605351	16.9163879598662	STARmap_plus	spinalcord	7	3	2	2	1.26208383083673	4	5	3	2	3	5
spinalcord_1080	6995.51968503937	2713.72440944882	20.1023622047244	STARmap_plus	spinalcord	7	3	2	2	1.48369405564586	4	5	3	0	3	5
spinalcord_1081	6905.934169279	2116.1442006269604	21.5956112852665	STARmap_plus	spinalcord	7	3	2	2	1.26208383083673	4	5	3	2	3	5
spinalcord_1082	6895.406593406589	2234.32234432234	16.956043956044	STARmap_plus	spinalcord	7	3	2	2	1.26208383083673	4	5	3	2	3	5
spinalcord_1083	6877.15927419355	2424.3629032258104	12.6633064516129	STARmap_plus	spinalcord	7	3	2	2	1.26208383083673	4	5	3	2	3	5
spinalcord_1084	7017.52265861027	1906.74018126888	18.2598187311178	STARmap_plus	spinalcord	7	3	2	2	1.40667770225031	4	5	5	2	3	5
spinalcord_1085	6986.13567839196	2509.6180904522603	13.3768844221106	STARmap_plus	spinalcord	7	3	2	2	1.50766756168351	4	5	5	0	3	5
spinalcord_1086	7140.113402061859	2506.41237113402	14.855670103092802	STARmap_plus	spinalcord	7	3	6	6	1.10295528876303	4	1	5	4	2	5
spinalcord_1087	7130.33165829146	2330.68844221106	13.4070351758794	STARmap_plus	spinalcord	7	3	1	7	1.05500827668773	4	1	5	1	2	5
spinalcord_1088	528.753086419753	3209.77777777778	13.0987654320988	STARmap_plus	spinalcord	7	5	1	6	1.37760836093005	5	2	0	1	2	3
spinalcord_1089	135.408571428571	3650.92	11.6028571428571	STARmap_plus	spinalcord	7	2	1	5	1.37760836093005	2	1	0	1	1	3
spinalcord_1090	179.161202185792	3393.49726775956	11.1612021857923	STARmap_plus	spinalcord	7	2	1	5	1.22357565413896	2	1	0	1	1	1
spinalcord_1091	183.445859872611	3844.1146496815295	16.3216560509554	STARmap_plus	spinalcord	7	5	1	6	1.18431735857302	5	1	0	1	5	1
spinalcord_1092	1280.76354679803	3386.3645320197	6.7438423645320205	STARmap_plus	spinalcord	7	4	0	4	1.39214303159018	1	2	4	0	6	3
spinalcord_1093	279.60416666666697	3306.5104166666697	9.76041666666667	STARmap_plus	spinalcord	7	2	1	5	1.22357565413896	2	1	0	1	1	1
spinalcord_1094	416.574850299401	3830.89221556886	17.682634730538897	STARmap_plus	spinalcord	7	4	4	4	1.40026428215563	5	4	4	0	5	3
spinalcord_1095	1056.7075038284802	3874.1010719755	11.182235834609498	STARmap_plus	spinalcord	7	4	4	7	1.36175610545786	5	4	4	5	5	3
spinalcord_1096	101.828358208955	4019.12686567164	10.3059701492537	STARmap_plus	spinalcord	7	5	1	6	1.09351645338551	5	1	0	1	2	1
spinalcord_1097	119.006741573034	3480.3505617977503	11.3730337078652	STARmap_plus	spinalcord	7	2	1	6	1.22357565413896	2	1	0	1	1	1
spinalcord_1098	1271.55855855856	3679.95495495496	13.256756756756802	STARmap_plus	spinalcord	7	4	4	4	1.2479687754025	1	2	4	0	5	3
spinalcord_1099	1030.31506849315	3034.66894977169	14.310502283105	STARmap_plus	spinalcord	7	4	4	4	1.2475491601766	5	2	4	0	7	3
spinalcord_1100	438.173913043478	3696.3550724637694	15.104347826087	STARmap_plus	spinalcord	7	4	4	1	1.36175610545786	5	4	4	5	5	3
spinalcord_1101	652.605113636364	3006.35227272727	13.0568181818182	STARmap_plus	spinalcord	7	4	4	1	1.46915938498573	5	2	4	0	2	3
spinalcord_1102	514.677570093458	3622.1168224299104	13.5747663551402	STARmap_plus	spinalcord	7	4	4	1	1.36175610545786	5	4	4	5	5	3
spinalcord_1103	1150.465	3207.175	15.575	STARmap_plus	spinalcord	7	4	4	1	1.2475491601766	5	2	4	0	7	3
spinalcord_1104	949.717741935484	3055.5927419354803	17.0685483870968	STARmap_plus	spinalcord	7	4	4	4	1.39214303159018	5	2	4	0	6	3
spinalcord_1105	301.026785714286	3825.0744047619	13.892857142857098	STARmap_plus	spinalcord	7	4	4	4	1.2316969047044	5	2	4	0	5	3
spinalcord_1106	871.093959731544	3881.4563758389295	18.422818791946305	STARmap_plus	spinalcord	7	4	4	4	1.40026428215563	5	4	4	0	5	3
spinalcord_1107	769.127450980392	3417.5196078431395	15.4117647058824	STARmap_plus	spinalcord	7	4	4	4	1.2479687754025	1	2	4	0	5	3
spinalcord_1108	840.843076923077	3820.67692307692	17.6553846153846	STARmap_plus	spinalcord	7	4	4	4	1.40026428215563	5	4	4	0	5	3
spinalcord_1109	392.681233933162	3525.4730077120794	10.5218508997429	STARmap_plus	spinalcord	7	4	4	4	1.2316969047044	5	2	4	0	5	3
spinalcord_1110	685.030864197531	3759.74074074074	16.5864197530864	STARmap_plus	spinalcord	7	4	4	2	1.36175610545786	5	4	4	5	5	3
spinalcord_1111	1017.96381578947	3200.83881578947	15.2105263157895	STARmap_plus	spinalcord	7	4	4	4	1.2475491601766	5	2	4	0	7	3
spinalcord_1112	550.538784067086	3545.2117400419297	14.9287211740042	STARmap_plus	spinalcord	7	4	4	1	1.40026428215563	5	4	4	0	5	3
spinalcord_1113	1296.20676691729	3155.55639097744	14.9774436090226	STARmap_plus	spinalcord	7	4	4	4	1.2475491601766	5	2	4	0	7	3
spinalcord_1114	629.095384615385	3657.03230769231	15.5123076923077	STARmap_plus	spinalcord	7	4	4	1	1.36175610545786	5	4	4	5	5	3
spinalcord_1115	851.365384615385	4015.5833333333294	12.3141025641026	STARmap_plus	spinalcord	7	4	4	4	1.40026428215563	5	4	4	0	5	3
spinalcord_1116	1011.85454545455	3475.45090909091	15.1163636363636	STARmap_plus	spinalcord	7	4	0	4	1.39214303159018	1	2	4	0	6	3
spinalcord_1117	664.762645914397	3504.2412451361897	18.163424124513604	STARmap_plus	spinalcord	7	4	4	4	1.2479687754025	1	2	4	0	5	3
spinalcord_1118	579.9554140127391	3454.7515923566903	15.9968152866242	STARmap_plus	spinalcord	7	4	4	4	1.14655930074341	1	2	4	0	7	3
spinalcord_1119	456.401360544218	3920.9421768707502	15.4761904761905	STARmap_plus	spinalcord	7	4	4	1	1.40026428215563	5	4	4	0	5	3
spinalcord_1120	790.208163265306	3673.71020408163	16.2285714285714	STARmap_plus	spinalcord	7	4	4	6	1.36175610545786	5	4	4	5	5	3
spinalcord_1121	745.6541353383459	3160.88721804511	9.04511278195489	STARmap_plus	spinalcord	7	4	4	5	1.2475491601766	5	2	4	1	7	3
spinalcord_1122	751.893129770992	3908.80916030534	15.5267175572519	STARmap_plus	spinalcord	7	4	4	7	1.36175610545786	5	4	4	5	5	3
spinalcord_1123	326.991416309013	3411.83261802575	11.2081545064378	STARmap_plus	spinalcord	7	5	4	6	1.19232012798765	5	2	0	1	5	1
spinalcord_1124	1182.4431818181802	3542.21590909091	15.96875	STARmap_plus	spinalcord	7	4	4	4	1.2479687754025	1	2	4	0	5	3
spinalcord_1125	935.65	3695.635	12.66	STARmap_plus	spinalcord	7	4	4	4	1.40026428215563	5	4	4	0	5	3
spinalcord_1126	702.2279202279201	3355.02564102564	15.5925925925926	STARmap_plus	spinalcord	7	4	4	4	1.27703811672275	1	2	4	4	5	3
spinalcord_1127	547.63829787234	3359.64539007092	12.2340425531915	STARmap_plus	spinalcord	7	4	4	4	1.2475491601766	5	2	4	0	7	3
spinalcord_1128	1085.7727272727302	3456.7	12.2636363636364	STARmap_plus	spinalcord	7	4	0	4	1.39214303159018	1	2	4	0	6	3
spinalcord_1129	1350.46470588235	2868.21764705882	13.9882352941176	STARmap_plus	spinalcord	7	4	4	6	1.37760836093005	5	2	4	0	7	1
spinalcord_1130	403.0	3334.97126436782	11.2241379310345	STARmap_plus	spinalcord	7	5	4	6	1.18548709266708	5	2	0	0	5	1
spinalcord_1131	554.00395256917	2790.4466403162105	14.4940711462451	STARmap_plus	spinalcord	7	5	1	6	1.20904098347883	5	1	0	1	2	3
spinalcord_1132	325.57377049180303	2954.73770491803	12.606557377049198	STARmap_plus	spinalcord	7	2	1	6	1.05500827668773	2	1	0	1	2	1
spinalcord_1133	274.576470588235	3129.66470588235	10.4117647058824	STARmap_plus	spinalcord	7	2	1	6	1.05500827668773	2	1	0	1	2	1
spinalcord_1134	247.831168831169	4030.64285714286	14.5519480519481	STARmap_plus	spinalcord	7	4	4	7	1.34722143479773	5	2	0	0	5	3
spinalcord_1135	830.6923076923081	3074.29411764706	15.3076923076923	STARmap_plus	spinalcord	7	4	4	4	1.2475491601766	5	2	4	0	7	3
spinalcord_1136	1278.66203703704	3001.4629629629603	14.2731481481481	STARmap_plus	spinalcord	7	4	4	1	1.2475491601766	5	2	4	0	7	3
spinalcord_1137	1241.14347826087	3927.22173913043	13.8434782608696	STARmap_plus	spinalcord	7	4	4	7	1.36175610545786	5	4	4	5	5	3
spinalcord_1138	1319.1978319783198	3850.06233062331	12.8915989159892	STARmap_plus	spinalcord	7	4	4	7	1.36175610545786	5	4	4	5	5	3
spinalcord_1139	934.8709677419348	3340.08064516129	8.11290322580645	STARmap_plus	spinalcord	7	4	4	4	1.2479687754025	1	2	4	0	5	3
spinalcord_1140	1179.7512195122	2907.6487804878	11.1707317073171	STARmap_plus	spinalcord	7	4	4	4	1.2475491601766	5	2	4	0	7	3
spinalcord_1141	1153.42682926829	3095.93292682927	12.5487804878049	STARmap_plus	spinalcord	7	4	4	1	1.2475491601766	5	2	4	0	7	3
spinalcord_1142	1408.83817427386	3145.52282157676	13.1286307053942	STARmap_plus	spinalcord	7	4	4	4	1.14655930074341	1	2	4	0	7	3
spinalcord_1143	151.634020618557	3287.49484536082	11.4175257731959	STARmap_plus	spinalcord	7	2	1	6	1.22357565413896	2	1	0	1	1	1
spinalcord_1144	1087.17659574468	3655.2914893617	15.0489361702128	STARmap_plus	spinalcord	7	4	4	3	1.36175610545786	5	4	4	5	5	3
spinalcord_1145	245.58518518518505	3038.51851851852	12.1777777777778	STARmap_plus	spinalcord	7	2	1	6	1.05500827668773	2	1	0	1	2	1
spinalcord_1146	687.547008547009	3989.9658119658097	10.6324786324786	STARmap_plus	spinalcord	7	4	4	4	1.2316969047044	5	2	4	0	5	3
spinalcord_1147	541.4119999999999	3993.188	13.364	STARmap_plus	spinalcord	7	4	4	1	1.2316969047044	5	2	4	0	5	3
spinalcord_1148	1085.2666666666698	4033.4666666666703	17.4380952380952	STARmap_plus	spinalcord	7	4	4	4	1.40026428215563	5	4	4	0	5	3
spinalcord_1149	980.860294117647	3792.42647058824	8.80882352941176	STARmap_plus	spinalcord	7	4	4	4	1.40026428215563	5	4	4	0	5	3
spinalcord_1150	1004.34615384615	4086.65384615385	14.0846153846154	STARmap_plus	spinalcord	7	4	4	1	1.40026428215563	5	4	4	0	5	3
spinalcord_1151	1163.57446808511	3844.914893617021	10.2127659574468	STARmap_plus	spinalcord	7	4	4	4	1.36175610545786	5	4	4	5	5	3
spinalcord_1152	840.189781021898	3366.58394160584	8.007299270072991	STARmap_plus	spinalcord	7	4	4	4	1.2479687754025	1	2	4	0	5	3
spinalcord_1153	475.68983957219297	3997.8128342246	14.9732620320856	STARmap_plus	spinalcord	7	4	4	1	1.40026428215563	5	4	4	0	5	3
spinalcord_1154	1317.97282608696	3727.66304347826	9.84239130434783	STARmap_plus	spinalcord	7	4	4	4	1.26208383083673	1	4	4	0	7	3
spinalcord_1155	439.016129032258	3249.5564516129	11.2258064516129	STARmap_plus	spinalcord	7	5	4	6	1.28605733687438	5	2	0	3	2	3
spinalcord_1156	436.69411764705904	3592.8617647058795	13.3941176470588	STARmap_plus	spinalcord	7	4	4	4	1.40026428215563	5	4	4	0	5	3
spinalcord_1157	1406.40963855422	3335.6626506024104	18.8192771084337	STARmap_plus	spinalcord	7	6	0	4	1.02593893536748	1	2	2	0	7	3
spinalcord_1158	204.949458483755	3204.90613718412	12.682310469314102	STARmap_plus	spinalcord	7	2	1	5	1.22357565413896	2	1	0	1	1	1
spinalcord_1159	1282.51136363636	2915.48863636364	18.6931818181818	STARmap_plus	spinalcord	7	4	4	1	1.2475491601766	5	2	4	0	7	3
spinalcord_1160	141.161290322581	3558.1645161290294	10.7483870967742	STARmap_plus	spinalcord	7	2	1	5	1.26208383083673	2	1	0	4	1	1
spinalcord_1161	1220.55	3407.35	16.9611111111111	STARmap_plus	spinalcord	7	4	0	4	1.39214303159018	1	2	4	0	6	3
spinalcord_1162	975.183050847458	3141.1322033898305	15.0745762711864	STARmap_plus	spinalcord	7	4	4	1	1.2475491601766	5	2	4	0	7	3
spinalcord_1163	854.159090909091	3487.5	11.2045454545455	STARmap_plus	spinalcord	7	4	4	4	1.2479687754025	1	2	4	0	5	3
spinalcord_1164	434.72527472527497	3475.36263736264	10.970695970696	STARmap_plus	spinalcord	7	4	4	4	1.2316969047044	5	2	4	0	5	3
spinalcord_1165	380.682080924855	3914.2774566474	16.231213872832402	STARmap_plus	spinalcord	7	4	4	4	1.40026428215563	5	4	4	0	5	3
spinalcord_1166	1108.63120567376	2825.04255319149	11.8652482269504	STARmap_plus	spinalcord	7	4	4	1	1.2475491601766	5	2	4	0	7	3
spinalcord_1167	67.5056818181818	3888.11931818182	9.69318181818182	STARmap_plus	spinalcord	7	5	1	6	1.09351645338551	5	1	0	1	2	1
spinalcord_1168	609.424657534247	2907.43835616438	15.041095890411	STARmap_plus	spinalcord	7	5	4	7	1.43065120828796	5	2	0	0	2	3
spinalcord_1169	1242.28767123288	3846.26712328767	12.7945205479452	STARmap_plus	spinalcord	7	4	4	4	1.40026428215563	5	4	4	0	5	3
spinalcord_1170	416.236842105263	2992.6666666666697	9.75438596491228	STARmap_plus	spinalcord	7	2	1	6	1.05500827668773	2	1	0	1	2	1
spinalcord_1171	216.206896551724	3938.60344827586	13.9137931034483	STARmap_plus	spinalcord	7	5	4	6	1.18548709266708	5	2	0	0	5	1
spinalcord_1172	950.712264150943	4001.9575471698095	18.1745283018868	STARmap_plus	spinalcord	7	4	4	4	1.40026428215563	5	4	4	0	5	3
spinalcord_1173	365.517766497462	3252.55329949239	11.6751269035533	STARmap_plus	spinalcord	7	5	4	6	1.13202463008328	5	2	0	3	2	1
spinalcord_1174	1125.6756238003802	3749.47408829175	14.9309021113244	STARmap_plus	spinalcord	7	4	4	1	1.36175610545786	5	4	4	5	5	3
spinalcord_1175	679.034482758621	3197.11724137931	13.2344827586207	STARmap_plus	spinalcord	7	4	4	4	1.2475491601766	5	2	4	0	7	3
spinalcord_1176	325.882352941176	3018.87581699346	10.2875816993464	STARmap_plus	spinalcord	7	2	1	6	1.05500827668773	2	1	0	1	2	1
spinalcord_1177	308.531914893617	2899.52127659574	11.712765957446802	STARmap_plus	spinalcord	7	2	1	6	1.05500827668773	2	1	0	1	2	1
spinalcord_1178	972.38630806846	3562.0660146699297	13.8361858190709	STARmap_plus	spinalcord	7	4	4	6	1.36175610545786	5	4	4	5	5	3
spinalcord_1179	602.087866108787	3367.46025104602	13.3347280334728	STARmap_plus	spinalcord	7	4	4	4	1.22357565413896	1	2	4	4	7	3
spinalcord_1180	491.6	3121.35	13.4625	STARmap_plus	spinalcord	7	5	5	6	1.26208383083673	5	2	0	0	2	1
spinalcord_1181	720.573170731707	3116.37195121951	15.3109756097561	STARmap_plus	spinalcord	7	4	4	4	1.2475491601766	5	2	4	0	7	3
spinalcord_1182	1096.04724409449	2935.43307086614	8.866141732283461	STARmap_plus	spinalcord	7	4	4	1	1.30059200753451	5	2	4	4	7	3
spinalcord_1183	848.4321608040201	2769.45226130653	15.296482412060302	STARmap_plus	spinalcord	7	4	4	4	1.2316969047044	5	2	4	0	5	3
spinalcord_1184	412.059701492537	3185.61194029851	9.58208955223881	STARmap_plus	spinalcord	7	5	1	6	1.2475491601766	5	2	0	1	2	1
spinalcord_1185	616.604519774011	3185.76836158192	11.7457627118644	STARmap_plus	spinalcord	7	5	4	7	1.43065120828796	5	2	4	1	2	3
spinalcord_1186	1001.51528384279	3668.72052401747	9.13973799126638	STARmap_plus	spinalcord	7	4	4	1	1.40026428215563	5	4	4	0	5	3
spinalcord_1187	389.927272727273	3992.2	8.76363636363636	STARmap_plus	spinalcord	7	4	4	5	1.24623157536453	5	2	4	1	5	3
spinalcord_1188	1252.60606060606	3496.939393939389	14.030303030303	STARmap_plus	spinalcord	7	4	4	4	1.2479687754025	1	2	4	0	5	3
spinalcord_1189	105.922413793103	3409.46551724138	13.0948275862069	STARmap_plus	spinalcord	7	2	1	6	1.22357565413896	2	1	0	1	1	1
spinalcord_1190	887.53125	3035.2083333333303	14.979166666666698	STARmap_plus	spinalcord	7	4	4	1	1.2475491601766	5	2	4	0	7	3
spinalcord_1191	1119.34090909091	4071.327272727271	10.0818181818182	STARmap_plus	spinalcord	7	4	4	1	1.40026428215563	5	4	4	0	5	3
spinalcord_1192	434.2692307692311	3395.0817307692305	13.889423076923098	STARmap_plus	spinalcord	7	4	4	1	1.2316969047044	5	2	4	0	5	3
spinalcord_1193	533.406504065041	2876.87804878049	11.8455284552846	STARmap_plus	spinalcord	7	5	1	6	1.2475491601766	5	2	0	1	2	1
spinalcord_1194	904.19801980198	3125.54455445545	12.9207920792079	STARmap_plus	spinalcord	7	4	4	1	1.2475491601766	5	2	4	0	7	3
spinalcord_1195	1229.88333333333	2812.06666666667	10.95	STARmap_plus	spinalcord	7	4	4	1	1.2475491601766	5	2	4	0	7	3
spinalcord_1196	1216.84	3144.84	10.6	STARmap_plus	spinalcord	7	4	4	1	1.2475491601766	5	2	4	0	7	3
spinalcord_1197	795.2185792349729	3228.8087431694	12.5846994535519	STARmap_plus	spinalcord	7	4	4	4	1.2475491601766	5	2	4	0	7	3
spinalcord_1198	1379.65925925926	2999.3888888888896	13.3518518518519	STARmap_plus	spinalcord	7	4	4	1	1.2475491601766	5	2	4	0	7	3
spinalcord_1199	838.291044776119	3773.7164179104498	20.0	STARmap_plus	spinalcord	7	4	4	1	1.40026428215563	5	4	4	0	5	3
spinalcord_1200	572.08843537415	3014.4693877551	10.877551020408198	STARmap_plus	spinalcord	7	5	4	7	1.43065120828796	5	2	0	0	2	3
spinalcord_1201	536.614457831325	3299.93975903614	12.427710843373498	STARmap_plus	spinalcord	7	4	4	6	1.46915938498573	5	2	4	0	2	3
spinalcord_1202	861.894409937888	3170.80124223602	12.9689440993789	STARmap_plus	spinalcord	7	4	4	1	1.2475491601766	5	2	4	0	7	3
spinalcord_1203	903.008064516129	3743.67741935484	14.3951612903226	STARmap_plus	spinalcord	7	4	4	1	1.40026428215563	5	4	4	0	5	3
spinalcord_1204	73.0743801652893	3688.6694214876	9.90082644628099	STARmap_plus	spinalcord	7	2	1	6	1.22357565413896	2	1	0	1	1	1
spinalcord_1205	1394.94444444444	2836.30555555556	16.7361111111111	STARmap_plus	spinalcord	7	4	4	4	1.2475491601766	5	2	4	0	7	3
spinalcord_1206	1158.34343434343	3480.43434343434	18.808080808080803	STARmap_plus	spinalcord	7	4	0	4	1.39214303159018	1	2	4	0	6	3
spinalcord_1207	1121.54464285714	3414.0982142857106	12.0982142857143	STARmap_plus	spinalcord	7	4	0	4	1.39214303159018	1	2	4	0	6	3
spinalcord_1208	772.495867768595	3768.49586776859	19.165289256198303	STARmap_plus	spinalcord	7	4	4	4	1.40026428215563	5	4	4	0	5	3
spinalcord_1209	1328.39344262295	3629.53278688525	8.0655737704918	STARmap_plus	spinalcord	7	4	4	4	1.2479687754025	1	2	4	0	5	3
spinalcord_1210	737.347457627119	3229.99152542373	14.0254237288136	STARmap_plus	spinalcord	7	4	4	4	1.2475491601766	5	2	4	0	7	3
spinalcord_1211	474.082051282051	3812.066666666671	15.3282051282051	STARmap_plus	spinalcord	7	4	4	4	1.40026428215563	5	4	4	0	5	3
spinalcord_1212	496.207407407407	3672.066666666671	13.6296296296296	STARmap_plus	spinalcord	7	4	4	1	1.40026428215563	5	4	4	0	5	3
spinalcord_1213	1203.82113821138	3649.42276422764	13.8048780487805	STARmap_plus	spinalcord	7	4	4	4	1.39256264681608	1	4	4	0	5	3
spinalcord_1214	110.328244274809	4079.8015267175606	10.8854961832061	STARmap_plus	spinalcord	7	5	1	6	1.09351645338551	5	1	0	1	2	1
spinalcord_1215	739.0534979423869	3458.41563786008	18.3168724279835	STARmap_plus	spinalcord	7	4	4	4	1.2479687754025	1	2	4	0	5	3
spinalcord_1216	795.9240506329111	3369.7088607594897	7.54430379746835	STARmap_plus	spinalcord	7	4	4	4	1.2479687754025	1	2	4	0	5	3
spinalcord_1217	743.757281553398	3567.087378640779	20.0291262135922	STARmap_plus	spinalcord	7	4	4	1	1.36175610545786	5	4	4	5	5	3
spinalcord_1218	1397.9833333333302	2907.68333333333	15.833333333333302	STARmap_plus	spinalcord	7	4	4	1	1.2475491601766	5	2	4	0	7	3
spinalcord_1219	731.5074626865669	3495.910447761189	19.4626865671642	STARmap_plus	spinalcord	7	4	4	4	1.2479687754025	1	2	4	0	5	3
spinalcord_1220	836.135593220339	3711.36440677966	16.1779661016949	STARmap_plus	spinalcord	7	4	4	4	1.40026428215563	5	4	4	0	5	3
spinalcord_1221	1156.68115942029	3402.6666666666697	15.1449275362319	STARmap_plus	spinalcord	7	4	0	4	1.39214303159018	1	2	4	0	6	3
spinalcord_1222	791.853333333333	3880.6333333333296	19.073333333333306	STARmap_plus	spinalcord	7	4	4	4	1.40026428215563	5	4	4	0	5	3
spinalcord_1223	334.978723404255	3950.44680851064	9.51063829787234	STARmap_plus	spinalcord	7	4	4	4	1.40026428215563	5	4	4	0	5	3
spinalcord_1224	625.084112149533	3472.09345794393	17.0467289719626	STARmap_plus	spinalcord	7	4	4	4	1.2479687754025	1	2	4	0	5	3
spinalcord_1225	421.4041450777201	2906.53367875648	13.595854922279802	STARmap_plus	spinalcord	7	5	1	6	1.15599813612093	2	1	0	0	2	1
spinalcord_1226	1393.9	3370.8	7.5	STARmap_plus	spinalcord	7	4	4	4	1.14655930074341	1	2	4	0	7	3
spinalcord_1227	375.053191489362	2931.1276595744703	11.5106382978723	STARmap_plus	spinalcord	7	2	1	6	1.05500827668773	2	1	0	1	2	1
spinalcord_1228	796.5126050420171	3505.9327731092403	13.6974789915966	STARmap_plus	spinalcord	7	4	4	4	1.2479687754025	1	2	4	0	5	3
spinalcord_1229	1100.0	3109.13114754098	14.5901639344262	STARmap_plus	spinalcord	7	4	4	1	1.2475491601766	5	2	4	0	7	3
spinalcord_1230	1387.07142857143	3806.6190476190495	13.916666666666698	STARmap_plus	spinalcord	7	4	4	4	1.2479687754025	1	2	4	0	5	3
spinalcord_1231	1133.02542372881	3022.1610169491496	12.7457627118644	STARmap_plus	spinalcord	7	4	4	1	1.2475491601766	5	2	4	0	7	3
spinalcord_1232	915.6	3911.50322580645	15.6838709677419	STARmap_plus	spinalcord	7	4	4	1	1.40026428215563	5	4	4	0	5	3
spinalcord_1233	1390.01041666667	3695.3958333333294	12.020833333333302	STARmap_plus	spinalcord	7	4	4	4	1.14655930074341	1	2	4	0	7	3
spinalcord_1234	563.0	3170.31081081081	12.5945945945946	STARmap_plus	spinalcord	7	5	1	6	1.37760836093005	5	2	0	1	2	3
spinalcord_1235	1358.6976744186	3716.5348837209294	14.4883720930233	STARmap_plus	spinalcord	7	4	4	4	1.14655930074341	1	2	4	0	7	3
spinalcord_1236	745.585313174946	3679.02807775378	17.8250539956803	STARmap_plus	spinalcord	7	4	4	5	1.36175610545786	5	4	4	5	5	3
spinalcord_1237	1090.2	2989.8206896551696	15.8689655172414	STARmap_plus	spinalcord	7	4	4	1	1.2475491601766	5	2	4	0	7	3
spinalcord_1238	1341.9117647058802	2925.91176470588	13.970588235294098	STARmap_plus	spinalcord	7	4	4	7	1.2475491601766	5	2	4	1	7	3
spinalcord_1239	951.74269005848	2846.85380116959	12.2046783625731	STARmap_plus	spinalcord	7	4	4	4	1.2316969047044	5	2	4	0	5	3
spinalcord_1240	1386.5757575757598	3204.3030303030296	13.469696969697	STARmap_plus	spinalcord	7	6	0	4	1.02593893536748	1	2	2	0	7	3
spinalcord_1241	1064.5367647058802	3505.38235294118	15.9926470588235	STARmap_plus	spinalcord	7	4	4	4	1.2479687754025	1	2	4	0	5	3
spinalcord_1242	140.64406779661002	3893.926553672321	9.89265536723164	STARmap_plus	spinalcord	7	5	1	6	1.09351645338551	5	1	0	1	2	1
spinalcord_1243	1050.15254237288	3117.61016949153	11.4576271186441	STARmap_plus	spinalcord	7	4	4	4	1.2475491601766	5	2	4	0	7	3
spinalcord_1244	534.80303030303	3411.8030303030296	10.6212121212121	STARmap_plus	spinalcord	7	4	4	1	1.2475491601766	5	2	4	0	7	3
spinalcord_1245	1106.59134615385	3230.67307692308	16.038461538461497	STARmap_plus	spinalcord	7	4	4	1	1.2475491601766	5	2	4	0	7	3
spinalcord_1246	291.1	3958.88	10.22	STARmap_plus	spinalcord	7	4	4	4	1.2316969047044	5	2	4	0	5	3
spinalcord_1247	947.360406091371	2799.3908629441603	14.8477157360406	STARmap_plus	spinalcord	7	4	4	4	1.2316969047044	5	2	4	0	5	3
spinalcord_1248	581.685950413223	3613.11570247934	20.72727272727269	STARmap_plus	spinalcord	7	4	4	2	1.36175610545786	5	4	4	5	5	3
spinalcord_1249	370.23267326732696	3824.56435643564	15.415841584158402	STARmap_plus	spinalcord	7	4	4	1	1.40026428215563	5	4	4	0	5	3
spinalcord_1250	1191.8904109589	3604.6712328767103	17.972602739726	STARmap_plus	spinalcord	7	4	4	4	1.2479687754025	1	2	4	0	5	3
spinalcord_1251	1006.64583333333	3325.734375	15.046875	STARmap_plus	spinalcord	7	4	4	4	1.2479687754025	1	2	4	0	5	3
spinalcord_1252	760.424	3947.776	12.456	STARmap_plus	spinalcord	7	4	4	5	1.36175610545786	5	4	4	5	5	3
spinalcord_1253	219.872881355932	3297.62711864407	11.728813559322	STARmap_plus	spinalcord	7	2	1	6	1.22357565413896	2	1	0	1	1	1
spinalcord_1254	692.969465648855	3439.9465648855	18.6641221374046	STARmap_plus	spinalcord	7	4	4	4	1.2479687754025	1	2	4	0	5	3
spinalcord_1255	442.010101010101	3970.8585858585902	15.2222222222222	STARmap_plus	spinalcord	7	4	4	1	1.2316969047044	5	2	4	0	5	3
spinalcord_1256	862.699300699301	3949.3076923076896	19.979020979021	STARmap_plus	spinalcord	7	4	4	4	1.2316969047044	5	2	4	0	5	3
spinalcord_1257	478.125	3539.1	6.45	STARmap_plus	spinalcord	7	4	4	1	1.40026428215563	5	4	4	0	5	3
spinalcord_1258	1269.73451327434	2879.1327433628303	11.5840707964602	STARmap_plus	spinalcord	7	4	4	4	1.2475491601766	5	2	4	0	7	3
spinalcord_1259	783.486486486486	3535.635135135129	15.4324324324324	STARmap_plus	spinalcord	7	4	4	4	1.2316969047044	5	2	4	0	5	3
spinalcord_1260	587.858267716535	3506.07086614173	18.2204724409449	STARmap_plus	spinalcord	7	4	4	4	1.3010116227604	1	2	4	1	5	3
spinalcord_1261	590.765217391304	3629.26086956522	12.5391304347826	STARmap_plus	spinalcord	7	4	4	3	1.36175610545786	5	4	4	5	5	3
spinalcord_1262	1057.25174825175	3398.1748251748304	11.2307692307692	STARmap_plus	spinalcord	7	4	0	4	1.39214303159018	1	2	4	0	6	3
spinalcord_1263	688.147058823529	3578.2470588235296	16.0176470588235	STARmap_plus	spinalcord	7	4	4	4	1.40026428215563	5	4	4	0	5	3
spinalcord_1264	1095.65957446809	3170.99290780142	17.8439716312057	STARmap_plus	spinalcord	7	4	4	4	1.2475491601766	5	2	4	0	7	3
spinalcord_1265	549.394736842105	3671.76315789474	10.5986842105263	STARmap_plus	spinalcord	7	4	4	1	1.40026428215563	5	4	4	0	5	3
spinalcord_1266	736.7688679245281	3804.3396226415102	17.8867924528302	STARmap_plus	spinalcord	7	4	4	4	1.40026428215563	5	4	4	0	5	3
spinalcord_1267	988.781609195402	3411.56609195402	12.7586206896552	STARmap_plus	spinalcord	7	4	0	4	1.39214303159018	1	2	4	0	6	3
spinalcord_1268	522.514285714286	3039.64285714286	12.1571428571429	STARmap_plus	spinalcord	7	5	1	6	1.2475491601766	5	2	0	1	2	1
spinalcord_1269	850.94	3915.96	16.37	STARmap_plus	spinalcord	7	4	4	4	1.40026428215563	5	4	4	0	5	3
spinalcord_1270	1200.3243243243198	3138.78378378378	21.6216216216216	STARmap_plus	spinalcord	7	4	4	1	1.2475491601766	5	2	4	0	7	3
spinalcord_1271	945.383141762452	3633.90421455939	11.1992337164751	STARmap_plus	spinalcord	7	4	4	1	1.36175610545786	5	4	4	5	5	3
spinalcord_1272	1756.44282744283	3941.31185031185	13.168399168399198	STARmap_plus	spinalcord	7	4	4	4	1.40026428215563	5	4	4	0	5	3
spinalcord_1273	1931.1351888668	3212.82703777336	13.8051689860835	STARmap_plus	spinalcord	7	6	0	4	1.2475491601766	1	6	2	0	6	2
spinalcord_1274	1916.01324503311	3774.64900662252	11.953642384106	STARmap_plus	spinalcord	7	6	0	4	1.2475491601766	1	6	2	0	6	2
spinalcord_1275	2117.80088495575	2871.83628318584	13.5176991150442	STARmap_plus	spinalcord	7	6	0	4	1.44518587894808	1	2	2	0	6	2
spinalcord_1276	2229.03741007194	3596.300719424461	13.6978417266187	STARmap_plus	spinalcord	7	6	0	4	1.2475491601766	1	6	2	0	6	2
spinalcord_1277	2046.57327586207	2877.5517241379303	13.6939655172414	STARmap_plus	spinalcord	7	6	0	4	1.44518587894808	1	2	2	0	6	2
spinalcord_1278	2509.62913907285	3441.46688741722	19.6225165562914	STARmap_plus	spinalcord	7	6	0	4	1.44518587894808	1	2	2	0	6	2
spinalcord_1279	2429.6724137931	3831.93103448276	13.5560344827586	STARmap_plus	spinalcord	7	6	0	4	1.2475491601766	1	6	2	0	6	2
spinalcord_1280	1457.64835164835	3692.7032967033	12.989010989011	STARmap_plus	spinalcord	7	4	4	4	1.14655930074341	1	2	4	0	7	3
spinalcord_1281	2188.7766990291298	3655.71521035599	13.9288025889968	STARmap_plus	spinalcord	7	6	0	4	1.2475491601766	1	6	2	0	6	2
spinalcord_1282	2561.06701030928	3043.00515463918	13.5979381443299	STARmap_plus	spinalcord	7	6	0	4	1.2475491601766	1	6	2	0	6	2
spinalcord_1283	2453.225	3768.64285714286	17.996428571428602	STARmap_plus	spinalcord	7	6	0	4	1.2475491601766	1	6	2	0	6	2
spinalcord_1284	1575.60206718346	3254.6227390180898	8.6046511627907	STARmap_plus	spinalcord	7	6	0	4	1.2475491601766	1	6	2	0	6	2
spinalcord_1285	1614.29003021148	2942.3141993957697	11.3141993957704	STARmap_plus	spinalcord	7	6	0	4	1.05500827668773	1	6	2	0	6	3
spinalcord_1286	1980.29702970297	3891.06270627063	12.016501650165	STARmap_plus	spinalcord	7	6	0	4	1.2475491601766	1	6	2	0	6	2
spinalcord_1287	2101.60923623446	3857.5239786856105	16.2753108348135	STARmap_plus	spinalcord	7	6	0	4	1.2475491601766	1	6	2	0	6	2
spinalcord_1288	1927.2599009901	3475.9876237623803	18.1163366336634	STARmap_plus	spinalcord	7	6	0	4	1.2475491601766	1	6	2	0	6	2
spinalcord_1289	2689.1370967741896	3990.63709677419	8.22983870967742	STARmap_plus	spinalcord	7	6	0	4	1.2475491601766	1	6	2	0	6	2
spinalcord_1290	1422.5874439461902	2982.8295964125605	13.0986547085202	STARmap_plus	spinalcord	7	4	4	1	1.2475491601766	5	2	4	0	7	3
spinalcord_1291	1832.21827411168	3251.55329949239	15.761421319797002	STARmap_plus	spinalcord	7	6	0	4	1.2475491601766	1	6	2	0	6	2
spinalcord_1292	2409.60204081633	3523.52721088435	15.122448979591802	STARmap_plus	spinalcord	7	6	0	4	1.2475491601766	1	6	2	0	6	2
spinalcord_1293	1550.34911242604	4111.46153846154	12.946745562130198	STARmap_plus	spinalcord	7	4	4	4	1.36175610545786	5	4	4	5	5	3
spinalcord_1294	2447.82014388489	3123.96402877698	15.705035971223	STARmap_plus	spinalcord	7	6	0	4	1.2475491601766	1	6	2	0	6	2
spinalcord_1295	2418.7115902965	3089.03234501348	17.563342318059302	STARmap_plus	spinalcord	7	6	0	4	1.2475491601766	1	6	2	0	6	2
spinalcord_1296	2060.75833333333	3730.9458333333296	16.7583333333333	STARmap_plus	spinalcord	7	6	0	4	1.2475491601766	1	6	2	0	6	2
spinalcord_1297	1426.7766497461903	3256.31472081218	13.898477157360402	STARmap_plus	spinalcord	7	6	0	4	0.783528221218809	1	6	2	0	7	3
spinalcord_1298	2172.6518771331102	3276.4112627986306	13.3890784982935	STARmap_plus	spinalcord	7	6	0	4	1.2475491601766	1	6	2	0	6	2
spinalcord_1299	1862.44329896907	3638.73195876289	15.5618556701031	STARmap_plus	spinalcord	7	6	0	4	1.2475491601766	1	6	2	0	6	2
spinalcord_1300	2589.7701863354	3822.65838509317	13.2173913043478	STARmap_plus	spinalcord	7	6	0	4	1.2475491601766	1	6	2	0	6	2
spinalcord_1301	1497.58409785933	3244.18960244648	13.110091743119302	STARmap_plus	spinalcord	7	6	0	4	1.2475491601766	1	6	2	0	6	2
spinalcord_1302	1644.51228070175	3353.0771929824605	17.3122807017544	STARmap_plus	spinalcord	7	6	0	4	1.05500827668773	1	6	2	0	6	3
spinalcord_1303	1424.4727793696302	3754.89684813754	14.6189111747851	STARmap_plus	spinalcord	7	4	4	4	1.14655930074341	1	2	4	0	7	3
spinalcord_1304	1834.74626865672	3539.3198294243102	12.8486140724947	STARmap_plus	spinalcord	7	6	0	4	1.2475491601766	1	6	2	0	6	2
spinalcord_1305	2275.62831858407	3074.92920353982	18.49557522123889	STARmap_plus	spinalcord	7	6	0	4	1.2475491601766	1	6	2	0	6	2
spinalcord_1306	1979.39297124601	3333.97444089457	14.902555910543098	STARmap_plus	spinalcord	7	6	0	4	1.2475491601766	1	6	2	0	6	2
spinalcord_1307	2038.72075471698	3791.05660377358	17.0528301886792	STARmap_plus	spinalcord	7	6	0	4	1.2475491601766	1	6	2	0	6	2
spinalcord_1308	2274.6842900302104	3170.04682779456	15.0634441087613	STARmap_plus	spinalcord	7	6	0	4	1.2475491601766	1	6	2	0	6	2
spinalcord_1309	1963.1632047477697	3578.16913946588	18.667655786350103	STARmap_plus	spinalcord	7	6	0	4	1.2475491601766	1	6	2	0	6	2
spinalcord_1310	1910.33080808081	2783.31313131313	17.161616161616198	STARmap_plus	spinalcord	7	6	0	4	1.2475491601766	1	6	2	0	6	2
spinalcord_1311	2234.16368286445	3756.5217391304295	14.1023017902813	STARmap_plus	spinalcord	7	6	0	4	1.2475491601766	1	6	2	0	6	2
spinalcord_1312	2105.59451219512	3082.8993902439	18.548780487804898	STARmap_plus	spinalcord	7	6	0	4	1.2475491601766	1	6	2	0	6	2
spinalcord_1313	2029.36641221374	3078.5534351145	17.9160305343511	STARmap_plus	spinalcord	7	6	0	4	1.2475491601766	1	6	2	0	6	2
spinalcord_1314	2048.31451612903	3618.97983870968	18.0927419354839	STARmap_plus	spinalcord	7	6	0	4	1.52220223234363	1	2	2	4	6	2
spinalcord_1315	2701.79352226721	3414.66801619433	19.344129554655897	STARmap_plus	spinalcord	7	6	0	4	1.44518587894808	1	2	2	0	6	2
spinalcord_1316	2279.41818181818	3317.29636363636	14.6781818181818	STARmap_plus	spinalcord	7	6	0	4	1.2475491601766	1	6	2	0	6	2
spinalcord_1317	1621.47404844291	3104.692041522489	16.5951557093426	STARmap_plus	spinalcord	7	6	0	4	1.30059200753451	1	2	2	0	6	3
spinalcord_1318	1606.96682464455	3872.469194312801	16.2037914691943	STARmap_plus	spinalcord	7	4	4	2	1.3010116227604	5	2	4	3	5	3
spinalcord_1319	1832.3359683794504	3364.7628458498	13.1383399209486	STARmap_plus	spinalcord	7	6	0	4	1.2475491601766	1	6	2	0	6	2
spinalcord_1320	2198.02208201893	3409.4006309148303	13.4763406940063	STARmap_plus	spinalcord	7	6	0	4	1.2475491601766	1	6	2	0	6	2
spinalcord_1321	1636.11483253589	2798.97607655502	15.9090909090909	STARmap_plus	spinalcord	7	6	0	4	1.05500827668773	1	6	2	0	6	3
spinalcord_1322	2614.2568627451	2788.57843137255	16.3411764705882	STARmap_plus	spinalcord	7	6	0	4	1.44518587894808	6	6	2	0	6	2
spinalcord_1323	2055.26218097448	3236.35266821346	15.2482598607889	STARmap_plus	spinalcord	7	6	0	4	1.2475491601766	1	6	2	0	6	2
spinalcord_1324	2187.08	3827.56421052632	13.9852631578947	STARmap_plus	spinalcord	7	6	0	4	1.2475491601766	1	6	2	0	6	2
spinalcord_1325	2562.41732283465	4058.31496062992	16.6614173228346	STARmap_plus	spinalcord	7	6	0	4	1.2475491601766	1	6	2	0	6	2
spinalcord_1326	2363.3993399339897	3739.41254125413	18.257425742574306	STARmap_plus	spinalcord	7	6	0	4	1.2475491601766	1	6	2	0	6	2
spinalcord_1327	2636.2305555555604	3554.0333333333297	11.7138888888889	STARmap_plus	spinalcord	7	6	0	4	1.44518587894808	1	2	2	0	6	2
spinalcord_1328	2350.90946502058	2920.0864197530896	17.2181069958848	STARmap_plus	spinalcord	7	6	0	4	1.2475491601766	1	6	2	0	6	2
spinalcord_1329	2333.91176470588	3811.26050420168	19.6932773109244	STARmap_plus	spinalcord	7	6	0	4	1.2475491601766	1	6	2	0	6	2
spinalcord_1330	2707.59821428571	3301.66964285714	20.8035714285714	STARmap_plus	spinalcord	7	6	0	4	1.44518587894808	1	2	2	0	6	2
spinalcord_1331	2611.48369565217	3100.11956521739	15.4184782608696	STARmap_plus	spinalcord	7	6	0	4	1.2475491601766	1	6	2	0	6	2
spinalcord_1332	1808.60498220641	2952.51245551601	11.2455516014235	STARmap_plus	spinalcord	7	6	0	4	1.2475491601766	1	6	2	0	6	2
spinalcord_1333	2345.79653679654	3011.14285714286	14.974025974026	STARmap_plus	spinalcord	7	6	0	4	1.2475491601766	1	6	2	0	6	2
spinalcord_1334	2642.96428571429	3695.65714285714	14.1571428571429	STARmap_plus	spinalcord	7	6	0	4	1.2475491601766	1	6	2	0	6	2
spinalcord_1335	2704.34146341463	3080.86991869919	20.1626016260163	STARmap_plus	spinalcord	7	6	0	4	1.44518587894808	1	2	2	0	6	2
spinalcord_1336	1969.53472222222	4023.4861111111104	14.708333333333302	STARmap_plus	spinalcord	7	4	0	4	1.39214303159018	1	2	4	0	6	3
spinalcord_1337	2195.5	4080.93975903614	9.66265060240964	STARmap_plus	spinalcord	7	6	0	4	1.30059200753451	1	2	2	4	7	2
spinalcord_1338	2399.58455882353	2807.16544117647	15.2279411764706	STARmap_plus	spinalcord	7	6	0	4	1.2475491601766	1	6	2	0	6	2
spinalcord_1339	1731.83510638298	3649.96808510638	12.8803191489362	STARmap_plus	spinalcord	7	6	0	4	1.05500827668773	1	6	2	0	6	3
spinalcord_1340	1836.8489208633105	4061.60431654676	9.90647482014388	STARmap_plus	spinalcord	7	4	4	5	1.36175610545786	5	4	4	5	5	3
spinalcord_1341	2320.5161290322603	3980.6	15.9161290322581	STARmap_plus	spinalcord	7	6	0	4	1.44518587894808	1	2	2	0	6	2
spinalcord_1342	2428.33663366337	4100.51485148515	15.1485148514851	STARmap_plus	spinalcord	7	6	0	4	1.2475491601766	1	6	2	0	6	2
spinalcord_1343	2455.41692789969	3300.28526645768	15.2068965517241	STARmap_plus	spinalcord	7	6	0	4	1.2475491601766	1	6	2	0	6	2
spinalcord_1344	1573.16379310345	3522.4568965517205	14.8793103448276	STARmap_plus	spinalcord	7	4	4	4	1.14655930074341	1	2	4	0	7	3
spinalcord_1345	1777.9012345679	3095.2037037037	12.7716049382716	STARmap_plus	spinalcord	7	6	0	4	1.2475491601766	1	6	2	0	6	2
spinalcord_1346	1509.63636363636	3424.6694214876	14.2892561983471	STARmap_plus	spinalcord	7	6	0	4	1.02593893536748	1	2	2	0	7	3
spinalcord_1347	2260.95673076923	3510.5576923076896	14.6778846153846	STARmap_plus	spinalcord	7	6	0	4	1.2475491601766	1	6	2	0	6	2
spinalcord_1348	2559.2959183673497	3277.56462585034	13.8231292517007	STARmap_plus	spinalcord	7	6	0	4	1.33910018423228	1	6	1	0	6	2
spinalcord_1349	1828.01948051948	2783.11688311688	14.288961038961	STARmap_plus	spinalcord	7	6	0	4	1.2475491601766	1	6	2	0	6	2
spinalcord_1350	2485.78057553957	2939.5	14.3237410071942	STARmap_plus	spinalcord	7	6	0	4	1.44518587894808	1	2	2	0	6	2
spinalcord_1351	1468.81739130435	3509.81739130435	17.9304347826087	STARmap_plus	spinalcord	7	4	4	4	1.14655930074341	1	2	4	0	7	3
spinalcord_1352	2665.36440677966	2895.1610169491496	16.8474576271186	STARmap_plus	spinalcord	7	6	0	4	1.2475491601766	1	6	2	0	6	2
spinalcord_1353	1434.09333333333	2863.38666666667	9.41333333333333	STARmap_plus	spinalcord	7	4	4	4	1.2475491601766	5	2	4	0	7	3
spinalcord_1354	2352.11226611227	3412.0415800415803	16.191268191268197	STARmap_plus	spinalcord	7	6	0	4	1.2475491601766	1	6	2	0	6	2
spinalcord_1355	2507.73553719008	3966.29752066116	16.2644628099174	STARmap_plus	spinalcord	7	6	0	4	1.44518587894808	1	2	2	0	6	2
spinalcord_1356	1432.23699421965	3360.15606936416	17.757225433526003	STARmap_plus	spinalcord	7	6	0	4	1.22357565413896	1	2	2	0	7	2
spinalcord_1357	2644.5771812080498	3175.51006711409	18.9026845637584	STARmap_plus	spinalcord	7	6	0	4	1.33910018423228	1	6	1	0	6	2
spinalcord_1358	1667.1	3592.2466666666705	11.9533333333333	STARmap_plus	spinalcord	7	6	0	4	1.30059200753451	1	2	2	0	6	3
spinalcord_1359	1778.7668161435	3859.45291479821	13.5291479820628	STARmap_plus	spinalcord	7	4	0	4	1.14580918187524	1	2	2	0	5	3
spinalcord_1360	1546.95964125561	3725.829596412561	17.1121076233184	STARmap_plus	spinalcord	7	6	0	4	1.02593893536748	1	2	2	0	7	3
spinalcord_1361	2740.79746835443	3505.9113924050603	13.493670886076	STARmap_plus	spinalcord	7	6	0	4	1.52220223234363	1	2	2	4	6	2
spinalcord_1362	2226.59154929577	3970.3661971831	13.6901408450704	STARmap_plus	spinalcord	7	6	0	4	1.44518587894808	1	2	2	0	6	2
spinalcord_1363	1715.1497326203198	3838.77005347594	14.299465240641698	STARmap_plus	spinalcord	7	4	0	4	1.14580918187524	1	2	2	0	5	3
spinalcord_1364	2090.7203389830497	2972.19491525424	19.364406779661	STARmap_plus	spinalcord	7	6	0	4	1.2475491601766	1	6	2	0	6	2
spinalcord_1365	1747.23348017621	2985.3259911894297	12.6607929515419	STARmap_plus	spinalcord	7	6	0	4	1.2475491601766	1	6	2	0	6	2
spinalcord_1366	1531.9172661870498	3801.1834532374105	14.6402877697842	STARmap_plus	spinalcord	7	4	4	4	1.14655930074341	1	2	4	0	7	3
spinalcord_1367	1703.0088105726902	4018.46255506608	15.2334801762115	STARmap_plus	spinalcord	7	4	4	4	1.36175610545786	5	4	4	5	5	3
spinalcord_1368	2654.77173913043	3247.85869565217	13.5108695652174	STARmap_plus	spinalcord	7	6	0	4	1.44518587894808	1	2	2	0	6	2
spinalcord_1369	1944.59375	3654.526041666671	18.0520833333333	STARmap_plus	spinalcord	7	6	0	4	1.2475491601766	1	6	2	0	6	2
spinalcord_1370	2005.96929824561	3437.88157894737	15.640350877193	STARmap_plus	spinalcord	7	6	0	4	1.2475491601766	1	6	2	0	6	2
spinalcord_1371	2596.53846153846	3340.0961538461497	15.25	STARmap_plus	spinalcord	7	6	0	4	1.2475491601766	1	6	2	0	6	2
spinalcord_1372	1760.9114754098398	3248.39344262295	18.5606557377049	STARmap_plus	spinalcord	7	6	0	4	1.2475491601766	1	6	2	0	6	2
spinalcord_1373	1464.84375	3146.6160714285697	14.924107142857098	STARmap_plus	spinalcord	7	6	0	4	1.02593893536748	1	2	2	0	7	3
spinalcord_1374	2207.51308900524	2891.732984293189	10.4659685863874	STARmap_plus	spinalcord	7	6	0	4	1.44518587894808	1	2	2	0	6	2
spinalcord_1375	2419.83253588517	3602.9832535885207	13.2655502392345	STARmap_plus	spinalcord	7	6	0	4	1.2475491601766	1	6	2	0	6	2
spinalcord_1376	1753.0287769784195	3534.6330935251794	11.366906474820098	STARmap_plus	spinalcord	7	6	0	4	1.2475491601766	1	6	2	0	6	2
spinalcord_1377	1642.5046728972	3536.1588785046706	16.5140186915888	STARmap_plus	spinalcord	7	6	0	4	1.44518587894808	1	2	2	0	6	2
spinalcord_1378	2649.97058823529	3321.40196078431	13.2745098039216	STARmap_plus	spinalcord	7	6	0	4	1.2475491601766	1	6	2	0	6	2
spinalcord_1379	2680.3475935828897	3813.8770053475896	13.6951871657754	STARmap_plus	spinalcord	7	6	0	4	1.2475491601766	1	6	2	0	6	2
spinalcord_1380	2433.5394736842104	3014.63157894737	14.651315789473696	STARmap_plus	spinalcord	7	6	0	4	1.2475491601766	1	6	2	0	6	2
spinalcord_1381	2678.47663551402	3496.1121495327097	10.3271028037383	STARmap_plus	spinalcord	7	6	0	4	1.44518587894808	1	2	2	0	6	2
spinalcord_1382	1626.76765375854	4092.6104783599103	10.8838268792711	STARmap_plus	spinalcord	7	4	4	1	1.36175610545786	5	4	4	5	5	3
spinalcord_1383	2338.92125984252	3650.81102362205	14.7244094488189	STARmap_plus	spinalcord	7	6	0	4	1.2475491601766	1	6	2	0	6	2
spinalcord_1384	1553.54777070064	2889.2547770700603	12.668789808917198	STARmap_plus	spinalcord	7	4	0	4	1.39214303159018	1	2	4	0	6	3
spinalcord_1385	2610.0641025641	3474.1666666666697	15.1410256410256	STARmap_plus	spinalcord	7	6	0	4	1.2475491601766	1	6	2	0	6	2
spinalcord_1386	1928.6516393442605	3390.54098360656	17.75	STARmap_plus	spinalcord	7	6	0	4	1.2475491601766	1	6	2	0	6	2
spinalcord_1387	2105.72881355932	3541.0101694915297	14.3559322033898	STARmap_plus	spinalcord	7	6	0	4	1.44518587894808	1	2	2	0	6	2
spinalcord_1388	1877.04761904762	3020.6111111111104	17.0952380952381	STARmap_plus	spinalcord	7	6	0	4	1.2475491601766	1	6	2	0	6	2
spinalcord_1389	2072.4531835206	3312.6629213483097	13.986891385767802	STARmap_plus	spinalcord	7	6	0	4	1.2475491601766	1	6	2	0	6	2
spinalcord_1390	1549.16593886463	4022.61572052402	18.6200873362445	STARmap_plus	spinalcord	7	4	4	4	1.40026428215563	5	4	4	0	5	3
spinalcord_1391	1524.82352941176	3623.37254901961	21.18627450980389	STARmap_plus	spinalcord	7	4	4	4	1.14655930074341	1	2	4	3	7	3
spinalcord_1392	2275.28282828283	2985.17171717172	15.5050505050505	STARmap_plus	spinalcord	7	6	0	4	1.44518587894808	1	2	2	0	6	2
spinalcord_1393	1853.84705882353	3806.741176470589	17.6294117647059	STARmap_plus	spinalcord	7	6	0	4	1.30059200753451	1	2	2	0	6	3
spinalcord_1394	2730.06565656566	4040.3585858585902	11.6464646464646	STARmap_plus	spinalcord	7	6	0	4	1.2475491601766	1	6	2	0	6	2
spinalcord_1395	2049.07894736842	4113.1052631579	14.2894736842105	STARmap_plus	spinalcord	7	6	4	4	1.10295528876303	1	2	2	1	7	3
spinalcord_1396	2431.07272727273	3720.16363636364	11.4545454545455	STARmap_plus	spinalcord	7	6	0	4	1.2475491601766	1	6	2	0	6	2
spinalcord_1397	1501.08724832215	2971.02013422819	10.5167785234899	STARmap_plus	spinalcord	7	4	0	4	1.39214303159018	1	2	4	0	6	3
spinalcord_1398	2135.88687782805	3748.407239819	13.619909502262402	STARmap_plus	spinalcord	7	6	0	4	1.2475491601766	1	6	2	0	6	2
spinalcord_1399	1835.23469387755	3993.85204081633	7.903061224489799	STARmap_plus	spinalcord	7	4	4	7	1.36175610545786	5	4	4	5	5	3
spinalcord_1400	1982.75	3793.4423076923104	13.3317307692308	STARmap_plus	spinalcord	7	6	0	4	1.2475491601766	1	6	2	0	6	2
spinalcord_1401	1565.69090909091	3942.6272727272703	17.5454545454545	STARmap_plus	spinalcord	7	4	4	1	1.2316969047044	5	2	4	0	5	3
spinalcord_1402	1682.04210526316	3059.71578947368	16.9157894736842	STARmap_plus	spinalcord	7	6	0	4	1.44518587894808	1	2	2	0	6	2
spinalcord_1403	2078.8256880733898	3427.55963302752	15.009174311926598	STARmap_plus	spinalcord	7	6	0	4	1.2475491601766	1	6	2	0	6	2
spinalcord_1404	1801.3691588785	3314.92990654206	14.4859813084112	STARmap_plus	spinalcord	7	6	0	4	1.2475491601766	1	6	2	0	6	2
spinalcord_1405	1880.56	3692.62	15.15	STARmap_plus	spinalcord	7	6	0	4	1.05500827668773	1	6	2	0	6	3
spinalcord_1406	2603.83529411765	3931.87058823529	20.2117647058824	STARmap_plus	spinalcord	7	6	0	4	1.2475491601766	1	6	2	0	6	2
spinalcord_1407	1705.83480825959	3332.16814159292	17.5722713864307	STARmap_plus	spinalcord	7	6	0	4	1.2475491601766	1	6	2	0	6	2
spinalcord_1408	1871.675	3942.5916666666703	10.7333333333333	STARmap_plus	spinalcord	7	4	4	4	1.2479687754025	1	2	4	0	5	3
spinalcord_1409	2032.8036809816	3877.69938650307	14.1104294478528	STARmap_plus	spinalcord	7	6	0	4	1.2475491601766	1	6	2	0	6	2
spinalcord_1410	1840.6788990825696	3422.44036697248	15.4678899082569	STARmap_plus	spinalcord	7	6	0	4	1.2475491601766	1	6	2	0	6	2
spinalcord_1411	1833.64705882353	3052.39705882353	14.6176470588235	STARmap_plus	spinalcord	7	6	0	4	1.2475491601766	1	6	2	0	6	2
spinalcord_1412	2111.36842105263	4083.35789473684	16.1789473684211	STARmap_plus	spinalcord	7	6	0	4	1.22357565413896	1	2	2	0	7	2
spinalcord_1413	1662.25396825397	3843.87301587302	12.8730158730159	STARmap_plus	spinalcord	7	4	4	4	1.25189487659104	1	2	2	3	5	3
spinalcord_1414	1808.68018018018	3695.18468468468	13.472972972973	STARmap_plus	spinalcord	7	6	0	4	1.05500827668773	1	6	2	0	6	3
spinalcord_1415	1975.5308641975305	3730.87654320988	11.2345679012346	STARmap_plus	spinalcord	7	6	0	4	1.2475491601766	1	6	2	0	6	2
spinalcord_1416	2576.17543859649	3729.4824561403498	11.6228070175439	STARmap_plus	spinalcord	7	6	0	4	1.2475491601766	1	6	2	0	6	2
spinalcord_1417	1464.3082437276	3637.55197132616	19.7813620071685	STARmap_plus	spinalcord	7	4	4	4	1.14655930074341	1	2	4	0	7	3
spinalcord_1418	1685.264604811	2770.20618556701	12.9450171821306	STARmap_plus	spinalcord	7	6	0	4	1.05500827668773	1	6	2	0	6	3
spinalcord_1419	2767.3005780346803	3294.2658959537603	10.2196531791908	STARmap_plus	spinalcord	7	6	0	4	1.44518587894808	1	2	2	0	6	2
spinalcord_1420	2391.98888888889	3884.7	15.6333333333333	STARmap_plus	spinalcord	7	6	0	4	1.2475491601766	1	6	2	0	6	2
spinalcord_1421	1576.83333333333	3612.73765432099	14.5617283950617	STARmap_plus	spinalcord	7	6	0	4	1.02593893536748	1	2	2	0	7	3
spinalcord_1422	2717.97297297297	3172.86486486487	18.8378378378378	STARmap_plus	spinalcord	7	6	0	4	1.2475491601766	1	6	2	0	6	2
spinalcord_1423	2226.87272727273	3442.92727272727	13.3727272727273	STARmap_plus	spinalcord	7	6	0	4	1.2475491601766	1	6	2	0	6	2
spinalcord_1424	2243.6048387096803	3844.9919354838703	13.7338709677419	STARmap_plus	spinalcord	7	6	0	4	1.2475491601766	1	6	2	0	6	2
spinalcord_1425	1920.6111111111104	2908.5138888888896	15.4027777777778	STARmap_plus	spinalcord	7	6	0	4	1.44518587894808	1	2	2	0	6	2
spinalcord_1426	2638.27160493827	3029.85185185185	16.2592592592593	STARmap_plus	spinalcord	7	6	0	4	1.2475491601766	1	6	2	0	6	2
spinalcord_1427	2576.80582524272	3881.33009708738	13.446601941747598	STARmap_plus	spinalcord	7	6	0	4	1.44518587894808	1	2	2	0	6	2
spinalcord_1428	2710.36923076923	3044.49230769231	13.292307692307698	STARmap_plus	spinalcord	7	6	0	4	1.44518587894808	1	2	2	0	6	2
spinalcord_1429	2411.38775510204	2942.0816326530603	18.530612244898	STARmap_plus	spinalcord	7	6	0	4	1.2475491601766	1	6	2	0	6	2
spinalcord_1430	2175.8024691358	3136.95061728395	13.4567901234568	STARmap_plus	spinalcord	7	6	0	4	1.2475491601766	1	6	2	0	6	2
spinalcord_1431	2012.20437956204	3681.7372262773706	18.3868613138686	STARmap_plus	spinalcord	7	6	0	4	1.2475491601766	1	6	2	0	6	2
spinalcord_1432	1530.59541984733	3891.02290076336	12.045801526717598	STARmap_plus	spinalcord	7	4	4	3	1.13244424530917	5	2	4	5	5	3
spinalcord_1433	2662.00621118012	3380.3105590062105	14.9316770186335	STARmap_plus	spinalcord	7	6	0	4	1.44518587894808	1	2	2	0	6	2
spinalcord_1434	1973.2111111111103	2875.07222222222	9.65555555555556	STARmap_plus	spinalcord	7	6	0	4	1.44518587894808	1	2	2	0	6	2
spinalcord_1435	1553.54395604396	2978.6318681318703	8.85714285714286	STARmap_plus	spinalcord	7	6	0	4	1.44518587894808	1	2	2	0	6	2
spinalcord_1436	1856.55974842767	3213.16352201258	13.081761006289302	STARmap_plus	spinalcord	7	6	0	4	1.2475491601766	1	6	2	0	6	2
spinalcord_1437	1430.85416666667	3417.2083333333303	18.21875	STARmap_plus	spinalcord	7	4	4	4	1.14655930074341	1	2	4	0	7	3
spinalcord_1438	2113.64480874317	3642.98907103825	13.349726775956302	STARmap_plus	spinalcord	7	6	0	4	1.2475491601766	1	6	2	0	6	2
spinalcord_1439	1937.2100840336104	3898.21008403361	17.7226890756303	STARmap_plus	spinalcord	7	6	0	4	1.05500827668773	1	6	2	0	6	3
spinalcord_1440	2237.44036697248	3712.99082568807	10.8440366972477	STARmap_plus	spinalcord	7	6	0	4	1.2475491601766	1	6	2	0	6	2
spinalcord_1441	2131.2375	3807.375	18.3375	STARmap_plus	spinalcord	7	6	0	4	1.2475491601766	1	6	2	0	6	2
spinalcord_1442	2598.82222222222	3396.54444444444	16.4777777777778	STARmap_plus	spinalcord	7	6	0	4	1.44518587894808	1	2	2	0	6	2
spinalcord_1443	2163.10738255034	3466.2214765100703	17.758389261745	STARmap_plus	spinalcord	7	6	0	4	1.2475491601766	1	6	2	0	6	2
spinalcord_1444	2141.3958333333303	3700.822916666671	10.6354166666667	STARmap_plus	spinalcord	7	6	0	4	1.2475491601766	1	6	2	0	6	2
spinalcord_1445	2716.94285714286	3369.02857142857	11.4285714285714	STARmap_plus	spinalcord	7	6	0	4	1.44518587894808	1	2	2	0	6	2
spinalcord_1446	2520.6956521739103	3780.666666666671	15.9275362318841	STARmap_plus	spinalcord	7	6	0	4	1.2475491601766	1	6	2	0	6	2
spinalcord_1447	1705.94318181818	2915.73484848485	12.6969696969697	STARmap_plus	spinalcord	7	6	0	4	1.05500827668773	1	6	2	0	6	3
spinalcord_1448	1477.74444444444	4077.266666666672	12.733333333333302	STARmap_plus	spinalcord	7	4	4	1	1.40026428215563	5	4	4	0	5	3
spinalcord_1449	2089.76371308017	3369.0464135021098	12.7763713080169	STARmap_plus	spinalcord	7	6	0	4	1.2475491601766	1	6	2	0	6	2
spinalcord_1450	1536.5	3673.76470588235	19.1470588235294	STARmap_plus	spinalcord	7	4	4	4	1.14655930074341	1	2	4	0	7	3
spinalcord_1451	2624.28104575163	3769.39869281046	13.7908496732026	STARmap_plus	spinalcord	7	6	0	4	1.2475491601766	1	6	2	0	6	2
spinalcord_1452	2513.18202247191	3018.79101123596	16.6943820224719	STARmap_plus	spinalcord	7	6	0	4	1.2475491601766	1	6	2	0	6	2
spinalcord_1453	1628.90384615385	3938.38461538462	14.3076923076923	STARmap_plus	spinalcord	7	4	4	1	1.48411367087175	5	4	4	3	5	3
spinalcord_1454	2498.44776119403	4078.22388059702	17.641791044776102	STARmap_plus	spinalcord	7	6	0	4	1.2475491601766	1	6	2	0	6	2
spinalcord_1455	1722.1682242990698	3236.18691588785	13.7943925233645	STARmap_plus	spinalcord	7	6	0	4	1.2475491601766	1	6	2	0	6	2
spinalcord_1456	1984.30303030303	3936.10606060606	17.787878787878803	STARmap_plus	spinalcord	7	6	0	4	1.2475491601766	1	6	2	0	6	2
spinalcord_1457	2305.6465517241395	3806.86206896552	10.7672413793103	STARmap_plus	spinalcord	7	6	0	4	1.2475491601766	1	6	2	0	6	2
spinalcord_1458	1563.17948717949	2840.9038461538503	20.0961538461538	STARmap_plus	spinalcord	7	6	0	4	1.27152266621425	1	6	4	0	6	3
spinalcord_1459	1981.39449541284	3229.46788990826	15.6834862385321	STARmap_plus	spinalcord	7	6	0	4	1.2475491601766	1	6	2	0	6	2
spinalcord_1460	1907.1095890411	3262.77168949772	12.105022831050196	STARmap_plus	spinalcord	7	6	0	4	1.2475491601766	1	6	2	0	6	2
spinalcord_1461	2305.05325443787	3745.9763313609496	14.2248520710059	STARmap_plus	spinalcord	7	6	0	4	1.2475491601766	1	6	2	0	6	2
spinalcord_1462	2203.97402597403	2995.96103896104	12.6753246753247	STARmap_plus	spinalcord	7	6	0	4	1.2475491601766	1	6	2	0	6	2
spinalcord_1463	1513.89105058366	3302.78210116731	12.2801556420233	STARmap_plus	spinalcord	7	6	0	4	1.05500827668773	1	6	2	0	6	3
spinalcord_1464	1678.41988950276	2987.6906077348103	9.18232044198895	STARmap_plus	spinalcord	7	6	0	4	1.2475491601766	1	6	2	0	6	2
spinalcord_1465	2692.6140939597303	3705.72483221477	11.8020134228188	STARmap_plus	spinalcord	7	6	0	4	1.2475491601766	1	6	2	0	6	2
spinalcord_1466	1669.0945945945905	3482.05405405405	12.7837837837838	STARmap_plus	spinalcord	7	6	0	4	1.30059200753451	1	2	2	0	6	3
spinalcord_1467	1881.83116883117	3291.75324675325	11.9090909090909	STARmap_plus	spinalcord	7	6	0	4	1.2475491601766	1	6	2	0	6	2
spinalcord_1468	2420.33079847909	3194.68821292776	13.9467680608365	STARmap_plus	spinalcord	7	6	0	4	1.2475491601766	1	6	2	0	6	2
spinalcord_1469	2721.8320000000003	3231.04	16.296	STARmap_plus	spinalcord	7	6	0	4	1.44518587894808	1	2	2	0	6	2
spinalcord_1470	1884.64935064935	3883.37229437229	17.225108225108198	STARmap_plus	spinalcord	7	6	0	4	1.05500827668773	1	6	2	0	6	3
spinalcord_1471	2602.34444444444	3007.08518518519	16.4888888888889	STARmap_plus	spinalcord	7	6	0	4	1.2475491601766	1	6	2	0	6	2
spinalcord_1472	1879.28054298643	3586.2398190045296	16.9638009049774	STARmap_plus	spinalcord	7	6	0	4	1.2475491601766	1	6	2	0	6	2
spinalcord_1473	2018.44036697248	3828.54128440367	21.2293577981651	STARmap_plus	spinalcord	7	6	0	4	1.2475491601766	1	6	2	0	6	2
spinalcord_1474	2236.68085106383	3101.57446808511	18.30319148936169	STARmap_plus	spinalcord	7	6	0	4	1.2475491601766	1	6	2	0	6	2
spinalcord_1475	2166.07476635514	3782.89719626168	20.121495327102803	STARmap_plus	spinalcord	7	6	0	4	1.2475491601766	1	6	2	0	6	2
spinalcord_1476	2757.4470588235304	3380.63529411765	19.2352941176471	STARmap_plus	spinalcord	7	6	0	4	1.44518587894808	1	2	2	0	6	2
spinalcord_1477	2155.82474226804	2958.84536082474	17.917525773195898	STARmap_plus	spinalcord	7	6	0	4	1.3010116227604	1	2	2	0	5	2
spinalcord_1478	1846.59677419355	3879.16129032258	12.9516129032258	STARmap_plus	spinalcord	7	4	0	4	1.14580918187524	1	2	2	0	5	3
spinalcord_1479	1772.5166666666698	3630.316666666671	12.0	STARmap_plus	spinalcord	7	6	0	4	1.2475491601766	1	6	2	0	6	2
spinalcord_1480	2749.46875	3682.2734375	16.890625	STARmap_plus	spinalcord	7	6	0	4	1.2475491601766	1	6	2	0	6	2
spinalcord_1481	2559.9285714285697	3759.814285714289	17.485714285714298	STARmap_plus	spinalcord	7	6	0	4	1.2475491601766	1	6	2	0	6	2
spinalcord_1482	2291.3333333333303	3021.6666666666697	21.7222222222222	STARmap_plus	spinalcord	7	6	0	4	1.2475491601766	1	6	2	0	6	2
spinalcord_1483	2340.1257485029896	3516.19760479042	16.0	STARmap_plus	spinalcord	7	6	0	4	1.2475491601766	1	6	2	0	6	2
spinalcord_1484	2690.17919075145	3009.82658959538	13.2832369942197	STARmap_plus	spinalcord	7	6	0	4	1.44518587894808	1	2	2	0	6	2
spinalcord_1485	2192.54761904762	3050.9880952381	18.1904761904762	STARmap_plus	spinalcord	7	6	0	4	1.2475491601766	1	6	2	0	6	2
spinalcord_1486	2208.8142493638697	3340.5572519084003	16.2111959287532	STARmap_plus	spinalcord	7	6	0	4	1.2475491601766	1	6	2	0	6	2
spinalcord_1487	2075.16417910448	3879.0746268656703	13.089552238806	STARmap_plus	spinalcord	7	6	0	4	1.2475491601766	1	6	2	0	6	2
spinalcord_1488	1625.23684210526	4044.4473684210498	20.9736842105263	STARmap_plus	spinalcord	7	4	4	4	1.40026428215563	5	4	4	0	5	3
spinalcord_1489	2533.2752293578	2791.38532110092	20.0091743119266	STARmap_plus	spinalcord	7	6	0	4	1.44518587894808	6	6	2	0	6	2
spinalcord_1490	2333.55970149254	3883.9477611940297	21.5	STARmap_plus	spinalcord	7	6	0	4	1.2475491601766	1	6	2	0	6	2
spinalcord_1491	2135.28915662651	3333.29518072289	14.1024096385542	STARmap_plus	spinalcord	7	6	0	4	1.2475491601766	1	6	2	0	6	2
spinalcord_1492	2511.10769230769	3137.6923076923104	10.9384615384615	STARmap_plus	spinalcord	7	6	0	4	1.2475491601766	1	6	2	0	6	2
spinalcord_1493	2538.93137254902	3361.75490196078	13.3480392156863	STARmap_plus	spinalcord	7	6	0	4	1.44518587894808	1	2	2	0	6	2
spinalcord_1494	1889.9126506024104	3327.78915662651	17.490963855421697	STARmap_plus	spinalcord	7	6	0	4	1.2475491601766	1	6	2	0	6	2
spinalcord_1495	1568.00751879699	3469.23308270677	15.0375939849624	STARmap_plus	spinalcord	7	6	0	4	1.02593893536748	1	2	2	0	7	3
spinalcord_1496	2765.39130434783	3058.0217391304304	12.3478260869565	STARmap_plus	spinalcord	7	6	0	4	1.44518587894808	1	2	2	0	6	2
spinalcord_1497	3478.81215469613	3043.7237569060803	16.422651933701697	STARmap_plus	spinalcord	7	6	0	4	1.44518587894808	1	2	2	0	6	2
spinalcord_1498	3573.2773109243703	3398.25210084034	15.718487394958	STARmap_plus	spinalcord	7	6	0	4	1.33910018423228	1	6	1	0	6	2
spinalcord_1499	3591.61276595745	3685.2085106383	20.4595744680851	STARmap_plus	spinalcord	7	6	0	4	1.2475491601766	1	6	2	0	6	2
spinalcord_1500	3822.38418079096	3453.9435028248604	15.2598870056497	STARmap_plus	spinalcord	7	6	0	4	1.39214303159018	1	2	1	0	6	2
spinalcord_1501	3947.51879699248	3304.94486215539	14.1854636591479	STARmap_plus	spinalcord	7	6	0	4	1.33910018423228	1	6	1	0	6	2
spinalcord_1502	4017.66873706004	3561.91097308489	18.7142857142857	STARmap_plus	spinalcord	7	6	0	4	1.33910018423228	1	6	1	0	6	2
spinalcord_1503	3369.29545454545	2966.62272727273	10.7409090909091	STARmap_plus	spinalcord	7	6	0	4	1.44518587894808	1	2	2	0	6	2
spinalcord_1504	3456.8711943793896	3348.2131147541	12.788056206089	STARmap_plus	spinalcord	7	6	0	4	1.33910018423228	1	6	1	0	6	2
spinalcord_1505	3735.38622754491	3417.3173652694604	18.182634730538897	STARmap_plus	spinalcord	7	6	0	4	1.33910018423228	1	6	1	0	6	2
spinalcord_1506	3874.10810810811	3176.81081081081	9.91891891891892	STARmap_plus	spinalcord	7	6	0	4	1.33910018423228	1	6	1	0	6	2
spinalcord_1507	3840.0275689223104	3308.72180451128	18.3057644110276	STARmap_plus	spinalcord	7	6	0	4	1.33910018423228	1	6	1	0	6	2
spinalcord_1508	2851.8076923076896	2919.7451923076896	18.754807692307697	STARmap_plus	spinalcord	7	6	0	4	1.44518587894808	1	2	2	0	6	2
spinalcord_1509	3132.15605095541	3471.5286624203804	16.6942675159236	STARmap_plus	spinalcord	7	6	0	4	1.44518587894808	1	2	2	0	6	2
spinalcord_1510	3819.4679487179496	2910.5192307692305	14.4487179487179	STARmap_plus	spinalcord	7	6	0	4	1.33910018423228	1	6	1	0	6	2
spinalcord_1511	3936.3370288248298	3690.14412416851	17.9534368070953	STARmap_plus	spinalcord	7	6	0	4	1.33910018423228	1	6	1	0	6	2
spinalcord_1512	3611.66197183099	3846.97183098592	17.7183098591549	STARmap_plus	spinalcord	7	6	0	4	1.33910018423228	1	6	1	0	6	2
spinalcord_1513	3269.2171875	3845.903125	14.796875	STARmap_plus	spinalcord	7	6	0	4	1.33910018423228	1	6	1	0	6	2
spinalcord_1514	4054.87735849057	3185.87421383648	14.7641509433962	STARmap_plus	spinalcord	7	6	0	4	1.33910018423228	1	6	1	0	6	2
spinalcord_1515	3678.29302325581	2796.50930232558	17.1860465116279	STARmap_plus	spinalcord	7	6	0	4	1.44518587894808	6	6	2	0	6	2
spinalcord_1516	3764.3529411764703	3209.26470588235	17.1617647058824	STARmap_plus	spinalcord	7	6	0	4	1.33910018423228	1	6	1	0	6	2
spinalcord_1517	3441.2743221690603	2945.83891547049	13.6188197767145	STARmap_plus	spinalcord	7	6	0	4	1.44518587894808	1	2	2	0	6	2
spinalcord_1518	4064.5750915750896	3724.9597069597103	18.7948717948718	STARmap_plus	spinalcord	7	6	0	4	1.39214303159018	1	2	1	0	6	2
spinalcord_1519	3594.6330645161297	3237.60080645161	13.5241935483871	STARmap_plus	spinalcord	7	6	0	4	1.39214303159018	1	2	1	0	6	2
spinalcord_1520	3824.26484018265	3661.46803652968	15.1643835616438	STARmap_plus	spinalcord	7	6	0	4	1.33910018423228	1	6	1	0	6	2
spinalcord_1521	4020.899122807021	3902.06140350877	18.8333333333333	STARmap_plus	spinalcord	7	6	0	4	1.39214303159018	1	2	1	0	6	2
spinalcord_1522	3439.6164383561604	3566.3059360730604	15.5091324200913	STARmap_plus	spinalcord	7	6	0	4	1.2475491601766	1	6	2	0	6	2
spinalcord_1523	3862.5799086758	3766.1187214611896	17.0228310502283	STARmap_plus	spinalcord	7	6	0	4	1.33910018423228	1	6	1	0	6	2
spinalcord_1524	3270.96946564886	4043.35114503817	15.0	STARmap_plus	spinalcord	7	6	0	4	1.2475491601766	1	6	2	0	6	2
spinalcord_1525	3117.443786982249	3173.4674556213	16.461538461538503	STARmap_plus	spinalcord	7	6	0	4	1.33910018423228	1	6	1	0	6	2
spinalcord_1526	4068.87719298246	3450.97953216374	13.8801169590643	STARmap_plus	spinalcord	7	6	0	4	1.33910018423228	1	6	1	0	6	2
spinalcord_1527	3456.6190476190504	3809.9251700680297	16.4319727891156	STARmap_plus	spinalcord	7	6	0	4	1.28605733687438	1	6	1	3	6	2
spinalcord_1528	3339.30538922156	3846.5748502994	13.3173652694611	STARmap_plus	spinalcord	7	6	0	4	1.33910018423228	1	6	1	0	6	2
spinalcord_1529	3065.31725888325	3677.81725888325	12.1472081218274	STARmap_plus	spinalcord	7	6	0	4	1.33910018423228	1	6	1	0	6	2
spinalcord_1530	3591.7171717171705	4083.3771043771	14.555555555555598	STARmap_plus	spinalcord	7	6	0	4	1.33910018423228	1	6	1	0	6	2
spinalcord_1531	2978.79522862823	3861.56660039761	18.3876739562624	STARmap_plus	spinalcord	7	6	0	4	1.33910018423228	1	6	1	0	6	2
spinalcord_1532	3310.79899497487	3326.05025125628	21.1909547738693	STARmap_plus	spinalcord	7	6	0	4	1.33910018423228	1	6	1	0	6	2
spinalcord_1533	4021.264044943821	2993.9943820224703	18.6123595505618	STARmap_plus	spinalcord	7	6	0	4	1.33910018423228	1	6	1	0	6	2
spinalcord_1534	3046.7228260869606	3375.38315217391	19.7527173913043	STARmap_plus	spinalcord	7	6	0	4	1.33910018423228	1	6	1	0	6	2
spinalcord_1535	3664.83073496659	2923.51893095768	13.7305122494432	STARmap_plus	spinalcord	7	6	0	4	1.2475491601766	1	6	2	0	6	2
spinalcord_1536	2822.2844677137896	3667.2722513089	19.36300174520069	STARmap_plus	spinalcord	7	6	0	4	1.33910018423228	1	6	1	0	6	2
spinalcord_1537	2811.78402366864	3193.62426035503	16.612426035503	STARmap_plus	spinalcord	7	6	0	4	1.44518587894808	1	2	2	0	6	2
spinalcord_1538	3912.75066312997	4089.52519893899	16.1167108753316	STARmap_plus	spinalcord	7	6	0	4	1.33910018423228	1	6	1	0	6	2
spinalcord_1539	3711.63953488372	4061.37209302326	20.1162790697674	STARmap_plus	spinalcord	7	6	0	4	1.33910018423228	1	6	1	0	6	2
spinalcord_1540	3263.8901098901097	3676.4725274725297	23.032967032967	STARmap_plus	spinalcord	7	6	0	4	1.44518587894808	1	2	2	0	6	2
spinalcord_1541	2872.18867924528	3958.6226415094297	16.5849056603774	STARmap_plus	spinalcord	7	6	0	4	1.33910018423228	1	6	1	0	6	2
spinalcord_1542	3223.49019607843	2853.37254901961	10.7908496732026	STARmap_plus	spinalcord	7	6	0	4	1.39214303159018	6	4	2	0	6	2
spinalcord_1543	3582.7462686567205	2877.59914712154	16.6332622601279	STARmap_plus	spinalcord	7	6	0	4	1.44518587894808	6	6	2	0	6	2
spinalcord_1544	2970.2028985507204	2956.63354037267	18.7018633540373	STARmap_plus	spinalcord	7	6	0	4	1.44518587894808	1	2	2	0	6	2
spinalcord_1545	3226.81188118812	3934.93069306931	14.658415841584198	STARmap_plus	spinalcord	7	6	0	4	1.2475491601766	1	6	2	0	6	2
spinalcord_1546	3373.3893919793	3516.85899094437	12.553686934023302	STARmap_plus	spinalcord	7	6	0	4	1.2475491601766	1	6	2	0	6	2
spinalcord_1547	3005.27049180328	3250.2459016393395	14.9863387978142	STARmap_plus	spinalcord	7	6	0	4	1.33910018423228	1	6	1	0	6	2
spinalcord_1548	3491.0	3961.65714285714	16.1333333333333	STARmap_plus	spinalcord	7	6	0	4	1.33910018423228	1	6	1	0	6	2
spinalcord_1549	2784.9395017793604	3066.70462633452	16.149466192170802	STARmap_plus	spinalcord	7	6	0	4	1.44518587894808	1	2	2	0	6	2
spinalcord_1550	2947.480769230769	2803.1089743589696	19.621794871794897	STARmap_plus	spinalcord	7	6	0	4	1.44518587894808	6	6	2	0	6	2
spinalcord_1551	3994.6832460733	2826.60732984293	17.8848167539267	STARmap_plus	spinalcord	7	6	0	4	1.32456551357215	3	2	1	0	6	2
spinalcord_1552	3281.29663608563	3205.33944954128	18.0581039755352	STARmap_plus	spinalcord	7	6	0	4	1.33910018423228	1	6	1	0	6	2
spinalcord_1553	3833.77230046948	3937.82863849765	12.2089201877934	STARmap_plus	spinalcord	7	6	0	4	1.33910018423228	1	6	1	0	6	2
spinalcord_1554	3114.913690476189	4070.85714285714	9.14583333333333	STARmap_plus	spinalcord	7	6	0	4	1.2475491601766	1	6	2	0	6	2
spinalcord_1555	3001.5357142857106	3050.4642857142894	17.3	STARmap_plus	spinalcord	7	6	0	4	1.2475491601766	1	6	2	0	6	2
spinalcord_1556	4043.6201923076896	3298.1201923076896	10.6971153846154	STARmap_plus	spinalcord	7	6	0	4	1.33910018423228	1	6	1	0	6	2
spinalcord_1557	3546.3096514745293	3472.05898123324	14.8418230563003	STARmap_plus	spinalcord	7	6	0	4	1.2475491601766	1	6	2	0	6	2
spinalcord_1558	3596.733333333329	2995.50444444444	13.32	STARmap_plus	spinalcord	7	6	0	4	1.23301448951648	1	6	2	3	6	2
spinalcord_1559	3264.4878048780497	3434.73170731707	14.5609756097561	STARmap_plus	spinalcord	7	6	0	4	1.2475491601766	1	6	2	0	6	2
spinalcord_1560	3368.31230283912	3269.44479495268	17.8391167192429	STARmap_plus	spinalcord	7	6	0	4	1.33910018423228	1	6	1	0	6	2
spinalcord_1561	2821.72424242424	2791.53333333333	16.606060606060602	STARmap_plus	spinalcord	7	6	0	4	1.44518587894808	6	6	2	0	6	2
spinalcord_1562	3705.12363636364	3777.74181818182	19.14909090909089	STARmap_plus	spinalcord	7	6	0	4	1.2475491601766	1	6	2	0	6	2
spinalcord_1563	3677.735015772871	3248.9968454258697	17.2902208201893	STARmap_plus	spinalcord	7	6	0	4	1.39214303159018	1	2	1	0	6	2
spinalcord_1564	3979.6392405063298	3465.1582278481	15.873417721519	STARmap_plus	spinalcord	7	6	0	4	1.33910018423228	1	6	1	0	6	2
spinalcord_1565	3586.93867924528	3932.78773584906	18.1650943396226	STARmap_plus	spinalcord	7	6	0	4	1.33910018423228	1	6	1	0	6	2
spinalcord_1566	3698.663983903421	3085.01609657948	17.3822937625755	STARmap_plus	spinalcord	7	6	0	4	1.39214303159018	1	2	1	0	6	2
spinalcord_1567	3922.8301886792497	3941.50314465409	15.559748427672998	STARmap_plus	spinalcord	7	6	0	4	1.33910018423228	1	6	1	0	6	2
spinalcord_1568	3352.95176848875	3371.2636655948604	15.0096463022508	STARmap_plus	spinalcord	7	6	0	4	1.33910018423228	1	6	1	0	6	2
spinalcord_1569	3705.205240174672	3157.70742358079	22.0873362445415	STARmap_plus	spinalcord	7	6	0	4	1.39214303159018	1	2	1	0	6	2
spinalcord_1570	2930.61870503597	4058.72661870504	10.2589928057554	STARmap_plus	spinalcord	7	6	0	4	1.2475491601766	1	6	2	0	6	2
spinalcord_1571	4020.77168949772	3104.2557077625606	15.5433789954338	STARmap_plus	spinalcord	7	6	0	4	1.33910018423228	1	6	1	0	6	2
spinalcord_1572	3400.78341013825	2817.1290322580603	19.7235023041475	STARmap_plus	spinalcord	7	6	0	4	1.44518587894808	6	6	2	0	6	2
spinalcord_1573	3494.6923076923104	2888.06293706294	17.1608391608392	STARmap_plus	spinalcord	7	6	0	4	1.50766756168351	6	2	2	0	6	2
spinalcord_1574	3511.3190184049104	3628.8711656441706	15.9631901840491	STARmap_plus	spinalcord	7	6	0	4	1.44518587894808	1	2	2	0	6	2
spinalcord_1575	3468.0	3257.98031496063	16.2125984251969	STARmap_plus	spinalcord	7	6	0	4	1.33910018423228	1	6	1	0	6	2
spinalcord_1576	3855.94007490637	2976.58801498127	13.0262172284644	STARmap_plus	spinalcord	7	6	0	4	1.33910018423228	1	6	1	0	6	2
spinalcord_1577	3993.2927536231896	3203.02028985507	18.7246376811594	STARmap_plus	spinalcord	7	6	0	4	1.33910018423228	1	6	1	0	6	2
spinalcord_1578	3672.2576419214	3371.7576419214	15.2489082969432	STARmap_plus	spinalcord	7	6	0	4	1.33910018423228	1	6	1	0	6	2
spinalcord_1579	3233.3164794007503	3335.99812734082	21.1348314606742	STARmap_plus	spinalcord	7	6	0	4	1.33910018423228	1	6	1	0	6	2
spinalcord_1580	3834.25714285714	3128.24285714286	21.4285714285714	STARmap_plus	spinalcord	7	6	0	4	1.33910018423228	1	6	1	0	6	2
spinalcord_1581	3856.8970588235297	3540.5588235294103	12.8970588235294	STARmap_plus	spinalcord	7	6	0	4	1.39214303159018	1	2	1	0	6	2
spinalcord_1582	3944.5962732919297	3833.55279503106	17.4534161490683	STARmap_plus	spinalcord	7	6	0	4	1.39214303159018	1	2	1	0	6	2
spinalcord_1583	3048.5961538461497	3182.92307692308	17.9519230769231	STARmap_plus	spinalcord	7	6	0	4	1.33910018423228	1	6	1	0	6	2
spinalcord_1584	2999.3287671232897	3189.4589041095896	19.4657534246575	STARmap_plus	spinalcord	7	6	0	4	1.2475491601766	1	6	2	0	6	2
spinalcord_1585	3126.81777777778	2885.1911111111103	18.6666666666667	STARmap_plus	spinalcord	7	6	0	4	1.50766756168351	6	2	2	0	6	2
spinalcord_1586	3377.16913946588	3783.85163204748	14.8219584569733	STARmap_plus	spinalcord	7	6	0	4	1.2475491601766	1	6	2	0	6	2
spinalcord_1587	3985.0407239819	3384.26244343891	17.2307692307692	STARmap_plus	spinalcord	7	6	0	4	1.33910018423228	1	6	1	0	6	2
spinalcord_1588	3933.3333333333294	3880.95555555556	14.444444444444402	STARmap_plus	spinalcord	7	6	0	4	1.33910018423228	1	6	1	0	6	2
spinalcord_1589	3655.0119047619	3508.3690476190504	21.047619047619	STARmap_plus	spinalcord	7	6	0	4	1.2475491601766	1	6	2	0	6	2
spinalcord_1590	3832.72523961661	3250.57188498403	15.322683706070302	STARmap_plus	spinalcord	7	6	0	4	1.33910018423228	1	6	1	0	6	2
spinalcord_1591	3538.87104072398	3562.7443438914	18.4796380090498	STARmap_plus	spinalcord	7	6	0	4	1.2475491601766	1	6	2	0	6	2
spinalcord_1592	3499.13368983957	2770.30481283422	19.700534759358305	STARmap_plus	spinalcord	7	6	0	4	1.44518587894808	6	6	2	0	6	2
spinalcord_1593	3337.56944444444	4026.097222222221	16.5	STARmap_plus	spinalcord	7	6	0	4	1.2475491601766	1	6	2	0	6	2
spinalcord_1594	2821.93220338983	3985.022598870061	19.4011299435028	STARmap_plus	spinalcord	7	6	0	4	1.2475491601766	1	6	2	0	6	2
spinalcord_1595	4099.2270531401	3365.37198067633	18.830917874396103	STARmap_plus	spinalcord	7	6	0	4	1.33910018423228	1	6	1	0	6	2
spinalcord_1596	3637.55555555556	3995.25925925926	18.6148148148148	STARmap_plus	spinalcord	7	6	0	4	1.33910018423228	1	6	1	0	6	2
spinalcord_1597	3408.8376068376097	3072.19658119658	14.188034188034198	STARmap_plus	spinalcord	7	6	0	4	1.44518587894808	1	2	2	0	6	2
spinalcord_1598	3194.62540716612	4042.2182410423497	12.6416938110749	STARmap_plus	spinalcord	7	6	0	4	1.2475491601766	1	6	2	0	6	2
spinalcord_1599	3883.09132420091	3128.56164383562	18.9269406392694	STARmap_plus	spinalcord	7	6	0	4	1.33910018423228	1	6	1	0	6	2
spinalcord_1600	2993.32162162162	3116.62432432432	14.6162162162162	STARmap_plus	spinalcord	7	6	0	4	1.2475491601766	1	6	2	0	6	2
spinalcord_1601	3445.83486238532	3912.816513761471	17.082568807339403	STARmap_plus	spinalcord	7	6	0	4	1.33910018423228	1	6	1	0	6	2
spinalcord_1602	3212.62276422764	3072.9235772357697	12.0439024390244	STARmap_plus	spinalcord	7	6	0	4	1.2475491601766	1	6	2	0	6	2
spinalcord_1603	3799.4953271028	3551.03738317757	18.785046728972	STARmap_plus	spinalcord	7	6	0	4	1.2475491601766	1	6	2	0	6	2
spinalcord_1604	3206.4052863436104	2905.7577092511	20.9603524229075	STARmap_plus	spinalcord	7	6	0	4	1.27661850149686	1	4	2	0	6	2
spinalcord_1605	3522.16463414634	3729.07926829268	20.390243902439	STARmap_plus	spinalcord	7	6	0	4	1.44518587894808	1	2	2	0	6	2
spinalcord_1606	3640.4	3630.04	11.68	STARmap_plus	spinalcord	7	6	0	4	1.44518587894808	1	2	2	0	6	2
spinalcord_1607	2975.9290780141805	3400.52955082742	16.8581560283688	STARmap_plus	spinalcord	7	6	0	4	1.2475491601766	1	6	2	0	6	2
spinalcord_1608	3116.88976377953	3104.0577427821504	15.908136482939598	STARmap_plus	spinalcord	7	6	0	4	1.2475491601766	1	6	2	0	6	2
spinalcord_1609	3869.71875	3833.96875	13.73125	STARmap_plus	spinalcord	7	6	0	4	1.33910018423228	1	6	1	0	6	2
spinalcord_1610	3469.5253164557	3692.1962025316498	16.4873417721519	STARmap_plus	spinalcord	7	6	0	4	1.2475491601766	1	6	2	0	6	2
spinalcord_1611	3533.8346456692893	3056.5354330708697	12.6692913385827	STARmap_plus	spinalcord	7	6	0	4	1.39214303159018	1	2	1	0	6	2
spinalcord_1612	3736.1277258567	2922.57009345794	12.2928348909657	STARmap_plus	spinalcord	7	6	0	4	1.33910018423228	1	6	1	0	6	2
spinalcord_1613	3932.06194690265	3516.9203539823	16.1769911504425	STARmap_plus	spinalcord	7	6	0	4	1.33910018423228	1	6	1	0	6	2
spinalcord_1614	3735.73622704508	3685.02504173623	17.080133555926498	STARmap_plus	spinalcord	7	6	0	4	1.2475491601766	1	6	2	0	6	2
spinalcord_1615	3903.39285714286	3548.4107142857106	15.0714285714286	STARmap_plus	spinalcord	7	6	0	4	1.33910018423228	1	6	1	0	6	2
spinalcord_1616	4014.06140350877	3770.99122807018	19.0263157894737	STARmap_plus	spinalcord	7	6	0	4	1.33910018423228	1	6	1	0	6	2
spinalcord_1617	3251.26666666667	3002.5142857142896	18.552380952381	STARmap_plus	spinalcord	7	6	0	4	1.44518587894808	1	2	2	0	6	2
spinalcord_1618	3734.08125	3240.0125	14.90625	STARmap_plus	spinalcord	7	6	0	4	1.33910018423228	1	6	1	0	6	2
spinalcord_1619	3929.2885906040297	3762.47651006711	19.5302013422819	STARmap_plus	spinalcord	7	6	0	4	1.33910018423228	1	6	1	0	6	2
spinalcord_1620	3540.1416666666705	3263.0416666666697	13.125	STARmap_plus	spinalcord	7	6	0	4	1.39214303159018	1	2	1	0	6	2
spinalcord_1621	2902.8	2956.84666666667	17.26	STARmap_plus	spinalcord	7	6	0	4	1.44518587894808	1	2	2	0	6	2
spinalcord_1622	3824.57839721254	3194.04529616725	22.7386759581882	STARmap_plus	spinalcord	7	6	0	4	1.33910018423228	1	6	1	0	6	2
spinalcord_1623	3292.44308943089	2959.47425474255	18.0094850948509	STARmap_plus	spinalcord	7	6	0	4	1.2475491601766	1	6	2	0	6	2
spinalcord_1624	3413.4512195122	3870.9512195122	18.5975609756098	STARmap_plus	spinalcord	7	6	0	4	1.33910018423228	1	6	1	0	6	2
spinalcord_1625	3327.1276595744703	3051.22340425532	20.1595744680851	STARmap_plus	spinalcord	7	6	0	4	1.2475491601766	1	6	2	0	6	2
spinalcord_1626	3898.3968253968296	2802.22222222222	13.7301587301587	STARmap_plus	spinalcord	7	6	0	4	1.39214303159018	3	2	2	0	6	2
spinalcord_1627	3791.01631701632	3830.95337995338	14.682983682983698	STARmap_plus	spinalcord	7	6	0	4	1.33910018423228	1	6	1	0	6	2
spinalcord_1628	3635.0	3431.0118577075104	18.007905138339897	STARmap_plus	spinalcord	7	6	0	4	1.33910018423228	1	6	1	0	6	2
spinalcord_1629	3981.09580838323	3128.52095808383	16.7365269461078	STARmap_plus	spinalcord	7	6	0	4	1.33910018423228	1	6	1	0	6	2
spinalcord_1630	3379.8255033557	3131.7046979865804	20.1342281879195	STARmap_plus	spinalcord	7	6	0	4	1.33910018423228	1	6	1	0	6	2
spinalcord_1631	3479.5	4090.75	15.35	STARmap_plus	spinalcord	7	6	0	4	1.33910018423228	1	6	1	0	6	2
spinalcord_1632	3384.28289473684	3024.875	15.6578947368421	STARmap_plus	spinalcord	7	6	0	4	1.44518587894808	1	2	2	0	6	2
spinalcord_1633	3797.1860465116297	3152.89534883721	18.720930232558104	STARmap_plus	spinalcord	7	6	0	4	1.33910018423228	1	6	1	0	6	2
spinalcord_1634	3921.5446623093694	3179.27668845316	18.2047930283224	STARmap_plus	spinalcord	7	6	0	4	1.33910018423228	1	6	1	0	6	2
spinalcord_1635	3592.30081300813	3051.73170731707	18.7317073170732	STARmap_plus	spinalcord	7	6	0	4	1.39214303159018	1	2	1	0	6	2
spinalcord_1636	3969.77419354839	2769.1290322580603	16.1290322580645	STARmap_plus	spinalcord	7	6	0	4	1.43065120828796	3	2	2	0	6	0
spinalcord_1637	4100.31884057971	3713.0289855072497	19.898550724637698	STARmap_plus	spinalcord	7	6	0	4	1.39214303159018	1	2	1	0	6	2
spinalcord_1638	2855.97278911565	2987.1768707483	16.0136054421769	STARmap_plus	spinalcord	7	6	0	4	1.44518587894808	1	2	2	0	6	2
spinalcord_1639	3361.0341880341903	3188.1623931623903	21.264957264957303	STARmap_plus	spinalcord	7	6	0	4	1.33910018423228	1	6	1	0	6	2
spinalcord_1640	4018.2934782608704	3695.94565217391	17.5760869565217	STARmap_plus	spinalcord	7	6	0	4	1.33910018423228	1	6	1	0	6	2
spinalcord_1641	3246.8983050847496	3982.9491525423705	21.0372881355932	STARmap_plus	spinalcord	7	6	0	4	1.2475491601766	1	6	2	0	6	2
spinalcord_1642	3532.8502024291497	3827.4089068825897	14.6072874493927	STARmap_plus	spinalcord	7	6	0	4	1.33910018423228	1	6	1	0	6	2
spinalcord_1643	4085.16525423729	3064.32203389831	15.0847457627119	STARmap_plus	spinalcord	7	6	0	4	1.33910018423228	1	6	1	0	6	2
spinalcord_1644	4043.29310344828	3398.39655172414	16.0689655172414	STARmap_plus	spinalcord	7	6	0	4	1.33910018423228	1	6	1	0	6	2
spinalcord_1645	4862.85551330798	3107.9543726235697	15.2813688212928	STARmap_plus	spinalcord	7	1	3	1	1.39214303159018	3	3	1	0	6	0
spinalcord_1646	5344.65445026178	3491.4712041884804	14.371727748691098	STARmap_plus	spinalcord	7	1	3	1	1.2004413785531	3	3	1	0	4	0
spinalcord_1647	5274.04714640198	4069.265508684861	11.7816377171216	STARmap_plus	spinalcord	7	1	3	1	1.19927164445904	3	3	1	0	4	2
spinalcord_1648	5286.92937853107	3360.9887005649703	12.5225988700565	STARmap_plus	spinalcord	7	1	3	1	1.2004413785531	3	3	1	0	4	0
spinalcord_1649	5379.878125	3893.034375	14.009375	STARmap_plus	spinalcord	7	1	3	1	1.2004413785531	3	3	1	0	4	0
spinalcord_1650	4173.96153846154	3498.7252747252696	12.7747252747253	STARmap_plus	spinalcord	7	6	0	4	1.33910018423228	1	6	1	0	6	2
spinalcord_1651	5162.0	3630.20895522388	13.1761194029851	STARmap_plus	spinalcord	7	1	0	1	1.48369405564586	3	6	1	0	6	0
spinalcord_1652	5373.7134020618605	3696.46804123711	14.5711340206186	STARmap_plus	spinalcord	7	1	3	1	1.26292306128852	3	6	1	0	4	0
spinalcord_1653	4336.775482093661	3662.1969696969695	14.7148760330579	STARmap_plus	spinalcord	7	6	0	4	1.33910018423228	1	6	1	0	6	2
spinalcord_1654	5108.3063583815	3278.77842003854	10.4836223506744	STARmap_plus	spinalcord	7	1	3	1	1.26292306128852	3	6	1	0	4	0
spinalcord_1655	4829.015625	4096.515625	17.0625	STARmap_plus	spinalcord	7	6	0	4	1.33910018423228	1	6	1	0	6	2
spinalcord_1656	5223.76838235294	3260.58455882353	15.6691176470588	STARmap_plus	spinalcord	7	1	3	1	1.26292306128852	3	6	1	0	4	0
spinalcord_1657	4991.32478632479	3282.1495726495696	19.6666666666667	STARmap_plus	spinalcord	7	1	3	1	1.33910018423228	3	6	1	0	7	0
spinalcord_1658	4909.508997429311	3300.9357326478103	16.118251928020598	STARmap_plus	spinalcord	7	1	0	1	1.48369405564586	3	6	1	0	6	0
spinalcord_1659	4190.482758620689	3973.28078817734	16.2857142857143	STARmap_plus	spinalcord	7	6	0	4	1.2475491601766	1	6	2	0	6	2
spinalcord_1660	5406.967611336029	3134.34412955466	15.0688259109312	STARmap_plus	spinalcord	7	1	3	1	1.2004413785531	3	3	1	0	4	0
spinalcord_1661	4996.06718346253	3229.33850129199	13.266149870801	STARmap_plus	spinalcord	7	1	3	1	1.35363485489241	3	2	1	0	7	0
spinalcord_1662	5355.24200913242	3129.6803652968	10.7990867579909	STARmap_plus	spinalcord	7	1	3	1	1.2004413785531	3	3	1	0	4	0
spinalcord_1663	5359.72607260726	2802.83828382838	16.7920792079208	STARmap_plus	spinalcord	7	1	3	1	1.2004413785531	3	3	1	0	4	0
spinalcord_1664	4520.11787439614	2981.0859903381606	16.8338164251208	STARmap_plus	spinalcord	7	6	0	4	1.33910018423228	3	6	1	0	6	2
spinalcord_1665	5024.64485981308	2859.1588785046697	10.5607476635514	STARmap_plus	spinalcord	7	1	3	1	1.23894955525087	3	2	1	0	4	0
spinalcord_1666	4242.80672268908	3223.09243697479	10.6953781512605	STARmap_plus	spinalcord	7	6	0	4	1.33910018423228	1	6	1	0	6	2
spinalcord_1667	5014.77186311787	3939.32699619772	14.6425855513308	STARmap_plus	spinalcord	7	6	0	1	1.32456551357215	3	2	1	0	6	2
spinalcord_1668	4480.86772486772	4110.71957671958	17.3862433862434	STARmap_plus	spinalcord	7	6	0	4	1.33910018423228	1	6	1	0	6	2
spinalcord_1669	5267.250596658711	2880.25775656325	12.0978520286396	STARmap_plus	spinalcord	7	1	3	1	1.2004413785531	3	3	1	0	4	0
spinalcord_1670	4962.98943661972	2934.60211267606	11.3802816901408	STARmap_plus	spinalcord	7	1	3	1	1.35363485489241	3	2	1	0	7	0
spinalcord_1671	4360.24057971014	3303.3652173913	16.440579710144902	STARmap_plus	spinalcord	7	6	0	4	1.33910018423228	1	6	1	0	6	2
spinalcord_1672	5162.4620462046205	2864.3630363036305	13.5775577557756	STARmap_plus	spinalcord	7	1	3	1	1.2004413785531	3	3	1	0	4	0
spinalcord_1673	4943.6142857142895	2870.3333333333303	14.609523809523802	STARmap_plus	spinalcord	7	6	0	1	1.2475491601766	3	2	1	0	7	2
spinalcord_1674	5213.88976377953	3517.34645669291	11.137795275590598	STARmap_plus	spinalcord	7	1	3	1	1.2004413785531	3	3	1	0	4	0
spinalcord_1675	5013.795206971679	3339.76034858388	11.0108932461874	STARmap_plus	spinalcord	7	1	0	1	1.48369405564586	3	6	1	0	6	0
spinalcord_1676	5050.865771812079	2791.8389261745	12.9060402684564	STARmap_plus	spinalcord	7	1	3	1	1.35363485489241	3	3	1	0	7	0
spinalcord_1677	5067.24590163934	3066.11475409836	18.2262295081967	STARmap_plus	spinalcord	7	1	3	1	1.26292306128852	3	6	1	0	4	0
spinalcord_1678	5242.96883852691	3135.26912181303	15.3229461756374	STARmap_plus	spinalcord	7	1	3	1	1.26292306128852	3	6	1	0	4	0
spinalcord_1679	5139.68100358423	3091.58064516129	11.831541218638	STARmap_plus	spinalcord	7	1	3	1	1.26292306128852	3	6	1	0	4	0
spinalcord_1680	4972.69836065574	3794.1737704918	15.4983606557377	STARmap_plus	spinalcord	7	1	0	1	1.48369405564586	3	6	1	0	6	0
spinalcord_1681	5199.34234234234	3884.1981981982	14.761261261261302	STARmap_plus	spinalcord	7	1	3	1	1.39214303159018	3	3	1	0	6	0
spinalcord_1682	4475.34988179669	3095.20094562648	14.1182033096927	STARmap_plus	spinalcord	7	6	0	4	1.33910018423228	3	6	1	0	6	2
spinalcord_1683	5197.704166666671	3746.629166666671	15.489583333333302	STARmap_plus	spinalcord	7	1	0	1	1.48369405564586	3	6	1	0	6	0
spinalcord_1684	4980.47715736041	3725.12944162437	13.916243654822305	STARmap_plus	spinalcord	7	1	0	1	1.48369405564586	3	6	1	0	6	0
spinalcord_1685	4632.06589147287	3092.42248062016	11.8662790697674	STARmap_plus	spinalcord	7	1	0	1	1.43065120828796	3	2	1	0	6	0
spinalcord_1686	4299.10612244898	3941.6693877551	14.0081632653061	STARmap_plus	spinalcord	7	6	0	4	1.33910018423228	1	6	1	0	6	2
spinalcord_1687	5099.59191919192	3799.78181818182	13.220202020202	STARmap_plus	spinalcord	7	1	0	1	1.48369405564586	3	6	1	0	6	0
spinalcord_1688	4116.81967213115	3164.6299765808003	15.3723653395785	STARmap_plus	spinalcord	7	6	0	4	1.33910018423228	1	6	1	0	6	2
spinalcord_1689	4553.49206349206	3860.1190476190495	15.5608465608466	STARmap_plus	spinalcord	7	6	0	4	1.33910018423228	1	6	1	0	6	2
spinalcord_1690	5388.90068493151	3587.43150684932	13.763698630137	STARmap_plus	spinalcord	7	1	3	1	1.2004413785531	3	3	1	0	4	0
spinalcord_1691	4948.15406162465	3579.99159663866	11.8711484593838	STARmap_plus	spinalcord	7	1	0	1	1.48369405564586	3	6	1	0	6	0
spinalcord_1692	4642.00717703349	2925.99282296651	12.111244019138802	STARmap_plus	spinalcord	7	6	0	4	1.33910018423228	3	6	1	0	6	2
spinalcord_1693	4171.69186046512	2847.71899224806	21.1007751937984	STARmap_plus	spinalcord	7	6	0	4	1.33910018423228	1	6	1	0	6	2
spinalcord_1694	4746.63657407407	2991.27314814815	9.763888888888893	STARmap_plus	spinalcord	7	1	0	1	1.48369405564586	3	6	1	0	6	0
spinalcord_1695	4662.43967828418	3359.96514745308	10.0750670241287	STARmap_plus	spinalcord	7	1	0	1	1.48369405564586	3	6	1	0	6	0
spinalcord_1696	4231.964102564099	3127.54871794872	21.1948717948718	STARmap_plus	spinalcord	7	6	0	4	1.33910018423228	1	6	1	0	6	2
spinalcord_1697	4704.01025641026	3814.6333333333296	17.2615384615385	STARmap_plus	spinalcord	7	6	0	4	1.39214303159018	1	2	1	0	6	2
spinalcord_1698	4838.5817120622605	3708.1420233463	16.8482490272374	STARmap_plus	spinalcord	7	1	0	1	1.48369405564586	3	6	1	0	6	0
spinalcord_1699	4415.25846153846	3776.00615384615	16.9969230769231	STARmap_plus	spinalcord	7	6	0	4	1.33910018423228	1	6	1	0	6	2
spinalcord_1700	4544.89655172414	3560.7394636015297	20.4980842911877	STARmap_plus	spinalcord	7	6	0	4	1.39214303159018	1	2	1	0	6	2
spinalcord_1701	4590.15789473684	3733.38721804511	18.9736842105263	STARmap_plus	spinalcord	7	6	0	4	1.33910018423228	1	6	1	0	6	2
spinalcord_1702	4712.29943502825	3911.2824858757103	16.4802259887006	STARmap_plus	spinalcord	7	6	0	4	1.33910018423228	1	6	1	0	6	2
spinalcord_1703	4133.87	2948.29	14.0	STARmap_plus	spinalcord	7	6	0	4	1.33910018423228	1	6	1	0	6	2
spinalcord_1704	4249.12423625255	3427.4765784114097	17.4969450101833	STARmap_plus	spinalcord	7	6	0	4	1.33910018423228	1	6	1	0	6	2
spinalcord_1705	5301.089430894311	3738.9837398374	13.2493224932249	STARmap_plus	spinalcord	7	1	3	1	1.26292306128852	3	6	1	0	4	0
spinalcord_1706	4391.76137931034	3400.55862068966	15.822068965517198	STARmap_plus	spinalcord	7	6	0	4	1.33910018423228	1	6	1	0	6	2
spinalcord_1707	4878.04901960784	3918.80392156863	11.8627450980392	STARmap_plus	spinalcord	7	6	0	1	1.52220223234363	1	2	1	0	6	0
spinalcord_1708	4393.45673076923	3975.13942307692	15.2740384615385	STARmap_plus	spinalcord	7	6	0	4	1.33910018423228	1	6	1	0	6	2
spinalcord_1709	4861.46907216495	3580.08762886598	15.659793814433	STARmap_plus	spinalcord	7	1	0	1	1.48369405564586	3	6	1	0	6	0
spinalcord_1710	5319.9214501510605	3220.31117824773	18.7915407854985	STARmap_plus	spinalcord	7	1	3	1	1.2004413785531	3	3	1	0	4	0
spinalcord_1711	5402.924	3983.888	15.048	STARmap_plus	spinalcord	7	1	3	1	1.2004413785531	3	3	1	0	4	0
spinalcord_1712	4922.406360424029	3394.6554770318	13.982332155477	STARmap_plus	spinalcord	7	1	0	1	1.48369405564586	3	6	1	0	6	0
spinalcord_1713	4492.59504132231	3654.49586776859	16.3388429752066	STARmap_plus	spinalcord	7	6	0	4	1.46915938498573	1	3	1	0	6	2
spinalcord_1714	4616.063829787229	3222.9829787234003	12.5659574468085	STARmap_plus	spinalcord	7	1	0	1	1.48369405564586	3	6	1	0	6	0
spinalcord_1715	5238.92276422764	2799.79268292683	12.3211382113821	STARmap_plus	spinalcord	7	1	3	1	1.2004413785531	3	3	1	0	4	0
spinalcord_1716	5031.533333333329	3581.8	10.84	STARmap_plus	spinalcord	7	1	0	1	1.48369405564586	3	6	1	0	6	0
spinalcord_1717	4517.1864406779705	2888.06779661017	21.1016949152542	STARmap_plus	spinalcord	7	6	0	4	1.33910018423228	3	6	1	0	6	2
spinalcord_1718	4779.768025078371	2909.74921630094	14.2319749216301	STARmap_plus	spinalcord	7	1	3	1	1.33910018423228	3	6	1	0	7	0
spinalcord_1719	5444.9595959596	2872.1414141414098	12.020202020202	STARmap_plus	spinalcord	7	1	3	1	1.04697613770591	3	3	1	2	4	0
spinalcord_1720	4289.43103448276	2844.4862068965504	16.4344827586207	STARmap_plus	spinalcord	7	6	0	4	1.33910018423228	1	6	1	0	6	2
spinalcord_1721	4805.21933085502	3271.89962825279	17.5055762081784	STARmap_plus	spinalcord	7	1	0	1	1.43065120828796	3	2	1	0	6	0
spinalcord_1722	4387.98657718121	3123.20805369128	14.6017897091723	STARmap_plus	spinalcord	7	6	0	4	1.33910018423228	1	6	1	0	6	2
spinalcord_1723	4866.66485013624	3210.52861035422	15.228882833787502	STARmap_plus	spinalcord	7	1	3	1	1.23894955525087	3	2	1	0	4	0
spinalcord_1724	5274.92176870748	3513.75510204082	14.051020408163302	STARmap_plus	spinalcord	7	1	3	1	1.04697613770591	3	3	1	2	4	0
spinalcord_1725	4439.69259259259	4018.9703703703694	19.3	STARmap_plus	spinalcord	7	6	0	4	1.33910018423228	1	6	1	0	6	2
spinalcord_1726	4972.4039408867	3153.3645320197	17.628078817734	STARmap_plus	spinalcord	7	1	3	1	1.2004413785531	3	3	1	0	4	0
spinalcord_1727	4940.4387254902	3013.4681372549	13.5367647058824	STARmap_plus	spinalcord	7	1	3	1	1.39214303159018	3	3	1	0	6	0
spinalcord_1728	5079.122881355929	3380.37288135593	8.36016949152542	STARmap_plus	spinalcord	7	1	0	1	1.48369405564586	3	6	1	0	6	0
spinalcord_1729	5225.09450549451	3421.79340659341	13.3362637362637	STARmap_plus	spinalcord	7	1	3	1	1.2004413785531	3	3	1	0	4	0
spinalcord_1730	4675.55421686747	3158.59036144578	12.9156626506024	STARmap_plus	spinalcord	7	1	0	1	1.43065120828796	3	2	1	0	6	0
spinalcord_1731	4757.60655737705	4048.69672131148	14.3360655737705	STARmap_plus	spinalcord	7	6	0	4	1.33910018423228	1	6	1	0	6	2
spinalcord_1732	5350.731884057971	2880.96376811594	9.81884057971014	STARmap_plus	spinalcord	7	1	3	1	1.2004413785531	3	3	1	0	4	0
spinalcord_1733	5396.76219512195	3322.0060975609804	19.0243902439024	STARmap_plus	spinalcord	7	1	3	1	1.2004413785531	3	3	1	0	4	0
spinalcord_1734	4748.25694444444	3738.75	20.7847222222222	STARmap_plus	spinalcord	7	6	0	4	1.52220223234363	1	2	1	0	6	0
spinalcord_1735	5136.57079646018	3421.4513274336305	16.5287610619469	STARmap_plus	spinalcord	7	1	0	1	1.48369405564586	3	6	1	0	6	0
spinalcord_1736	4698.53870967742	3066.52258064516	13.0516129032258	STARmap_plus	spinalcord	7	1	3	1	1.26292306128852	3	6	1	0	4	0
spinalcord_1737	5401.0	3801.7083333333294	14.930555555555598	STARmap_plus	spinalcord	7	1	3	1	1.19273974321354	3	6	1	2	4	0
spinalcord_1738	4809.041214750539	3366.84164859002	18.0	STARmap_plus	spinalcord	7	1	0	1	1.48369405564586	3	6	1	0	6	0
spinalcord_1739	4527.87567567568	3186.5027027027004	9.27027027027027	STARmap_plus	spinalcord	7	6	0	4	1.33910018423228	3	6	1	0	6	2
spinalcord_1740	4425.17204301075	3901.51612903226	15.510752688172	STARmap_plus	spinalcord	7	6	0	4	1.33910018423228	1	6	1	0	6	2
spinalcord_1741	4217.83534136546	3038.140562249	19.8674698795181	STARmap_plus	spinalcord	7	6	0	4	1.33910018423228	1	6	1	0	6	2
spinalcord_1742	4145.472924187729	3235.53790613718	14.9458483754513	STARmap_plus	spinalcord	7	6	0	4	1.33910018423228	1	6	1	0	6	2
spinalcord_1743	4378.389285714289	2824.9857142857104	14.2392857142857	STARmap_plus	spinalcord	7	6	0	4	1.33910018423228	3	6	1	0	6	2
spinalcord_1744	4140.675	3564.5285714285706	12.642857142857098	STARmap_plus	spinalcord	7	6	0	4	1.33910018423228	1	6	1	0	6	2
spinalcord_1745	4277.194871794871	3037.9692307692303	17.687179487179503	STARmap_plus	spinalcord	7	6	0	4	1.39214303159018	1	2	1	0	6	2
spinalcord_1746	5130.53846153846	4077.90384615385	13.576923076923098	STARmap_plus	spinalcord	7	1	3	1	1.19927164445904	3	3	1	0	4	2
spinalcord_1747	4509.17647058824	3769.3161764705897	17.6176470588235	STARmap_plus	spinalcord	7	6	0	4	1.33910018423228	1	6	1	0	6	2
spinalcord_1748	5324.4875	3284.4375	16.675	STARmap_plus	spinalcord	7	1	3	1	1.23894955525087	3	2	1	0	4	0
spinalcord_1749	4857.970370370371	2891.8925925925896	15.266666666666698	STARmap_plus	spinalcord	7	1	3	1	1.35363485489241	3	2	1	0	7	0
spinalcord_1750	5215.59663865546	3068.68067226891	9.93697478991597	STARmap_plus	spinalcord	7	1	3	1	1.23894955525087	3	2	1	0	4	0
spinalcord_1751	5071.45625	3512.70625	13.40625	STARmap_plus	spinalcord	7	1	0	1	1.48369405564586	3	6	1	0	6	0
spinalcord_1752	4548.902439024389	3062.4512195122	12.2317073170732	STARmap_plus	spinalcord	7	6	0	4	1.33910018423228	3	6	1	0	6	2
spinalcord_1753	5088.19402985075	2848.1144278607003	10.3283582089552	STARmap_plus	spinalcord	7	1	3	1	1.2004413785531	3	3	1	0	4	0
spinalcord_1754	4505.766949152539	4032.2372881355896	18.6101694915254	STARmap_plus	spinalcord	7	6	0	4	1.33910018423228	1	6	1	0	6	2
spinalcord_1755	4708.04255319149	3973.45531914894	13.978723404255302	STARmap_plus	spinalcord	7	6	0	4	1.33910018423228	1	6	1	0	6	2
spinalcord_1756	4700.68316831683	3213.56930693069	12.9306930693069	STARmap_plus	spinalcord	7	1	0	1	1.43065120828796	3	2	1	0	6	0
spinalcord_1757	4151.81081081081	3121.0900900900897	13.855855855855902	STARmap_plus	spinalcord	7	6	0	4	1.33910018423228	1	6	1	0	6	2
spinalcord_1758	5329.161904761911	3947.2	11.3619047619048	STARmap_plus	spinalcord	7	1	3	1	1.2004413785531	3	3	1	0	4	0
spinalcord_1759	5324.759036144579	4045.5	10.8012048192771	STARmap_plus	spinalcord	7	1	3	1	1.19927164445904	3	3	1	0	4	2
spinalcord_1760	4587.195698924729	3339.47096774194	10.7268817204301	STARmap_plus	spinalcord	7	6	0	4	1.33910018423228	3	6	1	0	6	2
spinalcord_1761	4748.25974025974	3123.7878787878803	12.0735930735931	STARmap_plus	spinalcord	7	1	3	1	1.10001898506381	3	3	1	4	4	0
spinalcord_1762	5024.18771331058	3127.9897610921503	11.8737201365188	STARmap_plus	spinalcord	7	1	3	1	1.26292306128852	3	6	1	0	4	0
spinalcord_1763	4444.62365591398	2843.7311827957	13.6881720430108	STARmap_plus	spinalcord	7	6	0	4	1.32456551357215	3	2	1	0	6	2
spinalcord_1764	4257.3379501385	3688.3628808864296	15.299168975069302	STARmap_plus	spinalcord	7	6	0	4	1.33910018423228	1	6	1	0	6	2
spinalcord_1765	4818.723716381421	3948.0757946210297	11.8312958435208	STARmap_plus	spinalcord	7	6	0	4	1.33910018423228	1	6	1	0	6	2
spinalcord_1766	4859.536	2812.8320000000003	11.056	STARmap_plus	spinalcord	7	1	3	1	1.35363485489241	3	2	1	0	7	0
spinalcord_1767	5121.00869565217	2947.1	12.6826086956522	STARmap_plus	spinalcord	7	1	3	1	1.23894955525087	3	2	1	0	4	0
spinalcord_1768	4315.73851590106	3270.57950530035	16.8551236749117	STARmap_plus	spinalcord	7	6	0	4	1.33910018423228	1	6	1	0	6	2
spinalcord_1769	4842.178571428571	3776.7261904761895	8.41666666666667	STARmap_plus	spinalcord	7	6	0	4	1.23811032479908	1	6	1	1	6	2
spinalcord_1770	4145.791390728479	3730.78476821192	14.0860927152318	STARmap_plus	spinalcord	7	6	0	4	1.41611653762783	1	2	1	3	6	2
spinalcord_1771	4942.01550387597	3956.82945736434	10.1782945736434	STARmap_plus	spinalcord	7	6	0	4	1.39214303159018	1	2	1	0	6	2
spinalcord_1772	5394.64912280702	2977.3216374269	13.8976608187135	STARmap_plus	spinalcord	7	1	3	1	1.2004413785531	3	3	1	0	4	0
spinalcord_1773	5049.08681672026	2916.1768488746	13.073954983922802	STARmap_plus	spinalcord	7	1	3	1	1.23894955525087	3	2	1	0	4	0
spinalcord_1774	4159.195876288661	3387.90206185567	18.7938144329897	STARmap_plus	spinalcord	7	6	0	4	1.33910018423228	1	6	1	0	6	2
spinalcord_1775	5315.53529411765	3419.6	12.0529411764706	STARmap_plus	spinalcord	7	1	3	1	1.2004413785531	3	3	1	0	4	0
spinalcord_1776	5380.48589341693	3437.35109717868	17.940438871473397	STARmap_plus	spinalcord	7	1	3	1	1.2004413785531	3	3	1	0	4	0
spinalcord_1777	4226.358333333329	3546.15	15.025	STARmap_plus	spinalcord	7	6	0	4	1.33910018423228	1	6	1	0	6	2
spinalcord_1778	5440.8273381295	3406.09352517986	16.949640287769803	STARmap_plus	spinalcord	7	1	3	1	1.04697613770591	3	3	1	2	4	0
spinalcord_1779	5067.28671328671	3727.1678321678296	16.1888111888112	STARmap_plus	spinalcord	7	6	0	4	1.33910018423228	3	6	1	3	6	2
spinalcord_1780	5347.83841463415	3029.3993902439	10.3323170731707	STARmap_plus	spinalcord	7	1	3	1	1.2004413785531	3	3	1	0	4	0
spinalcord_1781	5386.45070422535	4058.98591549296	17.014084507042302	STARmap_plus	spinalcord	7	1	3	1	1.2004413785531	3	3	1	0	4	0
spinalcord_1782	5103.415178571429	3194.5892857142894	11.4598214285714	STARmap_plus	spinalcord	7	1	3	1	1.26292306128852	3	6	1	0	4	0
spinalcord_1783	4801.85521885522	3109.8686868686896	10.727272727272698	STARmap_plus	spinalcord	7	1	3	1	1.2004413785531	3	3	1	0	4	0
spinalcord_1784	5066.12	3675.35	13.67	STARmap_plus	spinalcord	7	1	0	1	1.48369405564586	3	6	1	0	6	0
spinalcord_1785	4701.58928571429	3738.61607142857	8.33928571428571	STARmap_plus	spinalcord	7	6	0	4	1.39214303159018	1	2	1	0	6	2
spinalcord_1786	5161.759615384621	3347.11538461538	10.2259615384615	STARmap_plus	spinalcord	7	1	0	1	1.48369405564586	3	6	1	0	6	0
spinalcord_1787	4923.42152466368	3113.49775784753	15.3318385650224	STARmap_plus	spinalcord	7	1	3	1	1.20217857859106	3	3	1	3	4	0
spinalcord_1788	4570.49459459459	4036.8972972973	14.3216216216216	STARmap_plus	spinalcord	7	6	0	4	1.33910018423228	1	6	1	0	6	2
spinalcord_1789	5090.821428571429	3904.64285714286	14.107142857142902	STARmap_plus	spinalcord	7	1	3	1	1.39214303159018	3	3	1	0	6	0
spinalcord_1790	5417.121019108279	3643.02547770701	13.4713375796178	STARmap_plus	spinalcord	7	1	3	1	1.2004413785531	3	3	1	0	4	0
spinalcord_1791	5172.11976047904	3148.07784431138	12.5988023952096	STARmap_plus	spinalcord	7	1	0	1	1.48369405564586	3	6	1	0	6	0
spinalcord_1792	5275.43673469388	3327.00408163265	16.5387755102041	STARmap_plus	spinalcord	7	1	3	1	1.26292306128852	3	6	1	0	4	0
spinalcord_1793	4197.67948717949	4097.115384615379	14.9615384615385	STARmap_plus	spinalcord	7	6	0	4	1.44518587894808	1	2	2	0	6	2
spinalcord_1794	4983.2602739726	2795.4566210045696	16.694063926940597	STARmap_plus	spinalcord	7	6	0	1	1.2475491601766	3	2	1	0	7	2
spinalcord_1795	5454.87577639752	3102.87577639752	20.7329192546584	STARmap_plus	spinalcord	7	1	3	1	1.2004413785531	3	3	1	0	4	0
spinalcord_1796	5082.770833333329	3570.1041666666706	10.833333333333302	STARmap_plus	spinalcord	7	1	0	1	1.48369405564586	3	6	1	0	6	0
spinalcord_1797	4986.37096774194	2862.83064516129	16.3870967741935	STARmap_plus	spinalcord	7	1	3	1	1.43065120828796	3	2	1	3	7	0
spinalcord_1798	4752.91891891892	3764.37837837838	10.0	STARmap_plus	spinalcord	7	6	0	4	1.52220223234363	1	2	1	0	6	0
spinalcord_1799	4132.95402298851	3470.01149425287	9.49425287356322	STARmap_plus	spinalcord	7	6	0	4	1.33910018423228	1	6	1	0	6	2
spinalcord_1800	4387.05140186916	3223.82242990654	12.0327102803738	STARmap_plus	spinalcord	7	6	0	4	1.33910018423228	1	6	1	0	6	2
spinalcord_1801	4456.8045112782	3315.12030075188	14.9924812030075	STARmap_plus	spinalcord	7	6	0	4	1.33910018423228	1	6	1	0	6	2
spinalcord_1802	4331.72413793103	3215.69396551724	13.8836206896552	STARmap_plus	spinalcord	7	6	0	4	1.33910018423228	1	6	1	0	6	2
spinalcord_1803	4992.93063583815	3667.8034682080897	13.9826589595376	STARmap_plus	spinalcord	7	1	0	1	1.48369405564586	3	6	1	0	6	0
spinalcord_1804	4332.60555555556	3993.772222222221	18.9166666666667	STARmap_plus	spinalcord	7	6	0	4	1.33910018423228	1	6	1	0	6	2
spinalcord_1805	5045.631578947371	3278.47368421053	12.973684210526304	STARmap_plus	spinalcord	7	1	3	1	1.33910018423228	3	6	1	0	7	0
spinalcord_1806	4441.540816326529	3820.02040816327	12.7448979591837	STARmap_plus	spinalcord	7	6	0	4	1.33910018423228	1	6	1	0	6	2
spinalcord_1807	4373.70945945946	4043.5	15.2702702702703	STARmap_plus	spinalcord	7	6	0	4	1.33910018423228	1	6	1	0	6	2
spinalcord_1808	5434.23668639053	3043.905325443789	15.1005917159763	STARmap_plus	spinalcord	7	1	3	1	1.2004413785531	3	3	1	0	4	0
spinalcord_1809	4548.533333333329	3094.02	14.06	STARmap_plus	spinalcord	7	6	0	4	1.33910018423228	3	6	1	0	6	2
spinalcord_1810	5152.72357723577	3525.94512195122	18.4024390243902	STARmap_plus	spinalcord	7	1	3	1	1.23894955525087	3	2	1	0	4	0
spinalcord_1811	4276.322916666671	2789.8177083333303	18.390625	STARmap_plus	spinalcord	7	6	0	4	1.33910018423228	3	6	1	0	6	2
spinalcord_1812	5156.449152542371	2798.64406779661	15.7966101694915	STARmap_plus	spinalcord	7	1	3	1	1.2004413785531	3	3	1	0	4	0
spinalcord_1813	4622.16194331984	3785.68421052632	14.0607287449393	STARmap_plus	spinalcord	7	6	0	4	1.33910018423228	1	6	1	0	6	2
spinalcord_1814	4593.7060931899605	3037.7347670250897	16.7025089605735	STARmap_plus	spinalcord	7	6	0	4	1.33910018423228	3	6	1	0	6	2
spinalcord_1815	4157.2954545454495	3933.40909090909	20.1590909090909	STARmap_plus	spinalcord	7	6	0	4	1.44518587894808	1	2	2	0	6	2
spinalcord_1816	4582.88607594937	3156.3755274261603	10.6793248945148	STARmap_plus	spinalcord	7	6	0	4	1.32456551357215	3	2	1	0	6	2
spinalcord_1817	4817.46875	3541.7916666666706	6.96875	STARmap_plus	spinalcord	7	6	0	1	1.32456551357215	3	2	1	0	6	2
spinalcord_1818	4430.02302631579	3275.27960526316	17.0953947368421	STARmap_plus	spinalcord	7	6	0	4	1.33910018423228	1	6	1	0	6	2
spinalcord_1819	4816.90028490028	3016.96866096866	13.9088319088319	STARmap_plus	spinalcord	7	1	3	1	1.39214303159018	3	3	1	0	6	0
spinalcord_1820	5179.41758241758	3100.3406593406603	9.714285714285712	STARmap_plus	spinalcord	7	1	3	1	1.26292306128852	3	6	1	0	4	0
spinalcord_1821	5311.116071428571	3119.45535714286	14.955357142857098	STARmap_plus	spinalcord	7	1	3	1	1.04697613770591	3	3	1	2	4	0
spinalcord_1822	5137.598901098901	3706.4725274725297	10.8516483516484	STARmap_plus	spinalcord	7	1	0	1	1.48369405564586	3	6	1	0	6	0
spinalcord_1823	5174.708108108111	3252.0108108108097	10.956756756756802	STARmap_plus	spinalcord	7	1	3	1	1.26292306128852	3	6	1	0	4	0
spinalcord_1824	5027.94674556213	3836.39644970414	15.9822485207101	STARmap_plus	spinalcord	7	1	0	1	1.48369405564586	3	6	1	0	6	0
spinalcord_1825	4737.47727272727	3247.125	11.2840909090909	STARmap_plus	spinalcord	7	1	0	1	1.48369405564586	3	6	1	0	6	0
spinalcord_1826	4637.39622641509	3313.8962264150896	16.075471698113198	STARmap_plus	spinalcord	7	1	0	1	1.48369405564586	3	6	1	0	6	0
spinalcord_1827	4674.05462184874	4077.33613445378	15.5945378151261	STARmap_plus	spinalcord	7	6	0	4	1.33910018423228	1	6	1	0	6	2
spinalcord_1828	4298.4331983805705	3093.38866396761	17.4655870445344	STARmap_plus	spinalcord	7	6	0	4	1.33910018423228	1	6	1	0	6	2
spinalcord_1829	4773.6	3991.375	18.2416666666667	STARmap_plus	spinalcord	7	6	0	4	1.33910018423228	1	6	1	0	6	2
spinalcord_1830	4129.71555555556	2995.58222222222	18.7111111111111	STARmap_plus	spinalcord	7	6	0	4	1.33910018423228	1	6	1	0	6	2
spinalcord_1831	4457.23364485981	3158.5046728972	15.9953271028037	STARmap_plus	spinalcord	7	6	0	4	1.33910018423228	3	6	1	0	6	2
spinalcord_1832	5107.13432835821	2900.84328358209	16.044776119403	STARmap_plus	spinalcord	7	1	3	1	1.23894955525087	3	2	1	0	4	0
spinalcord_1833	4908.27135678392	2880.8643216080395	16.0	STARmap_plus	spinalcord	7	1	3	1	1.35363485489241	3	2	1	0	7	0
spinalcord_1834	5210.60606060606	2886.2554112554103	12.7575757575758	STARmap_plus	spinalcord	7	1	3	1	1.04697613770591	3	3	1	2	4	0
spinalcord_1835	4928.75454545455	3219.1636363636403	10.7227272727273	STARmap_plus	spinalcord	7	1	3	1	1.23894955525087	3	2	1	0	4	0
spinalcord_1836	5453.32098765432	3716.60493827161	15.1975308641975	STARmap_plus	spinalcord	7	1	3	1	1.2004413785531	3	3	1	0	4	0
spinalcord_1837	4476.125	3818.45	19.975	STARmap_plus	spinalcord	7	6	0	4	1.33910018423228	1	6	1	0	6	2
spinalcord_1838	4693.78571428571	4006.42857142857	9.39285714285714	STARmap_plus	spinalcord	7	6	0	4	1.33910018423228	1	6	1	0	6	2
spinalcord_1839	4697.422222222221	3119.8333333333303	10.8666666666667	STARmap_plus	spinalcord	7	1	3	1	1.2004413785531	3	3	1	0	4	0
spinalcord_1840	5235.21663019694	3926.44420131291	15.5185995623632	STARmap_plus	spinalcord	7	1	3	1	1.2004413785531	3	3	1	0	4	0
spinalcord_1841	4217.638766519821	4042.04405286344	17.229074889867803	STARmap_plus	spinalcord	7	6	0	4	1.33910018423228	1	6	1	0	6	2
spinalcord_1842	5286.07881773399	3060.45812807882	13.6995073891626	STARmap_plus	spinalcord	7	1	3	1	1.2004413785531	3	3	1	0	4	0
spinalcord_1843	5304.14912280702	3468.95614035088	22.5087719298246	STARmap_plus	spinalcord	7	1	3	1	1.2004413785531	3	3	1	0	4	0
spinalcord_1844	5186.77450980392	3299.50980392157	16.4509803921569	STARmap_plus	spinalcord	7	1	3	1	1.26292306128852	3	6	1	0	4	0
spinalcord_1845	5077.192771084339	3128.49397590361	13.3975903614458	STARmap_plus	spinalcord	7	1	3	1	1.23894955525087	3	2	1	0	4	0
spinalcord_1846	4420.86046511628	2984.0	6.90697674418605	STARmap_plus	spinalcord	7	6	0	4	1.33910018423228	3	6	1	0	6	2
spinalcord_1847	6280.100244498779	2961.200488997561	9.948655256723722	STARmap_plus	spinalcord	7	1	3	1	1.07125077781863	3	3	3	2	4	0
spinalcord_1848	6386.40159574468	3226.3696808510604	11.146276595744698	STARmap_plus	spinalcord	7	1	3	1	1.07125077781863	3	3	3	2	4	0
spinalcord_1849	5790.80119284294	3508.13121272366	11.707753479125198	STARmap_plus	spinalcord	7	1	3	1	1.31305897451439	3	3	3	0	4	0
spinalcord_1850	6552.84869976359	3251.50591016548	15.971631205673802	STARmap_plus	spinalcord	7	3	2	2	1.26208383083673	4	5	3	2	3	5
spinalcord_1851	6493.57692307692	3306.95857988166	13.094674556213	STARmap_plus	spinalcord	7	3	2	2	1.26208383083673	4	5	3	2	3	5
spinalcord_1852	6539.54545454545	4033.53246753247	13.5974025974026	STARmap_plus	spinalcord	7	3	2	2	1.23124791991132	3	5	3	2	4	5
spinalcord_1853	6366.52092050209	2816.1694560669503	13.3786610878661	STARmap_plus	spinalcord	7	3	2	2	1.22357565413896	3	5	3	2	3	5
spinalcord_1854	5597.7747440273	3806.37883959044	11.5255972696246	STARmap_plus	spinalcord	7	1	3	1	1.2004413785531	3	3	1	0	4	0
spinalcord_1855	6005.50491159136	3706.97445972495	17.4322200392927	STARmap_plus	spinalcord	7	1	3	1	1.31305897451439	3	3	3	0	4	0
spinalcord_1856	6267.617647058821	4023.966386554621	15.9033613445378	STARmap_plus	spinalcord	7	1	3	1	1.35363485489241	3	2	1	0	7	0
spinalcord_1857	6281.83773584906	3219.5358490565995	13.2	STARmap_plus	spinalcord	7	1	3	1	1.07125077781863	3	3	3	2	4	0
spinalcord_1858	5720.077102803741	3565.2219626168203	12.8154205607477	STARmap_plus	spinalcord	7	1	3	1	1.31305897451439	3	3	3	0	4	0
spinalcord_1859	6288.840101522839	3661.30964467005	13.4441624365482	STARmap_plus	spinalcord	7	1	3	1	1.07125077781863	3	3	3	2	4	0
spinalcord_1860	5855.265957446811	3995.45035460993	11.6170212765957	STARmap_plus	spinalcord	7	1	3	1	1.24838839062839	6	2	1	4	4	0
spinalcord_1861	6623.75517241379	3054.0224137931	18.0137931034483	STARmap_plus	spinalcord	7	3	2	2	1.22357565413896	3	5	3	2	3	5
spinalcord_1862	5817.85714285714	3444.7142857142894	12.3461538461538	STARmap_plus	spinalcord	7	1	3	1	1.2004413785531	3	3	1	0	4	0
spinalcord_1863	5475.86868686869	3682.82828282828	15.774410774410802	STARmap_plus	spinalcord	7	1	3	1	1.2004413785531	3	3	1	0	4	0
spinalcord_1864	6634.724279835389	2994.00411522634	16.7818930041152	STARmap_plus	spinalcord	7	3	2	2	1.22357565413896	3	5	3	2	3	5
spinalcord_1865	5812.1414790996805	4039.5112540192895	13.8199356913183	STARmap_plus	spinalcord	7	1	3	1	1.24838839062839	6	2	1	4	4	0
spinalcord_1866	6717.368421052629	3576.08033240997	17.9390581717452	STARmap_plus	spinalcord	7	3	2	2	1.26208383083673	4	5	3	2	3	5
spinalcord_1867	6438.830039525689	3624.984189723321	14.8063241106719	STARmap_plus	spinalcord	7	3	2	2	1.26208383083673	4	5	3	2	3	5
spinalcord_1868	6801.54678362573	3061.3567251462	15.125730994152	STARmap_plus	spinalcord	7	3	2	2	1.26208383083673	4	5	3	2	3	5
spinalcord_1869	6760.53623188406	2814.04830917874	16.4154589371981	STARmap_plus	spinalcord	7	3	2	2	1.26208383083673	4	5	3	2	3	5
spinalcord_1870	6742.46180555556	3284.02777777778	16.2708333333333	STARmap_plus	spinalcord	7	3	2	2	1.26208383083673	4	5	3	2	3	5
spinalcord_1871	6683.818897637801	3729.64566929134	19.6692913385827	STARmap_plus	spinalcord	7	3	2	2	1.26208383083673	4	5	3	2	3	5
spinalcord_1872	6797.33222591362	3674.58803986711	16.421926910299	STARmap_plus	spinalcord	7	3	2	2	1.26208383083673	4	5	3	2	3	5
spinalcord_1873	5693.53067993366	3240.20066334992	13.378109452736302	STARmap_plus	spinalcord	7	1	3	1	1.04697613770591	3	3	1	2	4	0
spinalcord_1874	6652.664864864871	3275.6594594594603	11.9081081081081	STARmap_plus	spinalcord	7	3	2	2	1.26208383083673	4	5	3	2	3	5
spinalcord_1875	6613.812154696129	3868.52486187845	16.077348066298303	STARmap_plus	spinalcord	7	3	2	2	1.26208383083673	4	5	3	2	3	5
spinalcord_1876	6239.445544554461	2903.85148514851	21.2227722772277	STARmap_plus	spinalcord	7	1	3	1	1.31305897451439	3	3	3	0	4	0
spinalcord_1877	6735.4782608695705	3146.3652173913	16.3913043478261	STARmap_plus	spinalcord	7	3	2	2	1.26208383083673	4	5	3	2	3	5
spinalcord_1878	6361.931726907629	3026.2811244979903	12.7710843373494	STARmap_plus	spinalcord	7	1	3	1	0.908491586689655	3	3	3	2	3	0
spinalcord_1879	6732.005449591279	3216.17983651226	15.7356948228883	STARmap_plus	spinalcord	7	3	2	2	1.26208383083673	4	5	3	2	3	5
spinalcord_1880	6799.9341563786	3418.02880658436	17.9835390946502	STARmap_plus	spinalcord	7	3	2	2	1.26208383083673	4	5	3	2	3	5
spinalcord_1881	6023.185567010311	2869.43298969072	10.1340206185567	STARmap_plus	spinalcord	7	1	3	1	1.07125077781863	3	3	3	2	4	0
spinalcord_1882	6003.50917431193	3329.04587155963	14.252293577981698	STARmap_plus	spinalcord	7	1	3	1	1.2004413785531	3	3	1	0	4	0
spinalcord_1883	6079.1652173913	3224.51304347826	18.4478260869565	STARmap_plus	spinalcord	7	1	3	1	1.31305897451439	3	3	3	0	4	0
spinalcord_1884	5977.62058823529	3808.52941176471	19.5382352941176	STARmap_plus	spinalcord	7	1	3	1	1.07125077781863	3	3	3	2	4	0
spinalcord_1885	6519.869127516779	3112.51006711409	12.426174496644302	STARmap_plus	spinalcord	7	3	2	2	1.23124791991132	3	5	3	2	4	5
spinalcord_1886	6086.16666666667	3016.24193548387	13.8225806451613	STARmap_plus	spinalcord	7	1	3	1	1.07125077781863	3	3	3	2	4	0
spinalcord_1887	5898.35714285714	3861.3007518797	15.2894736842105	STARmap_plus	spinalcord	7	1	3	1	1.2004413785531	3	3	1	0	4	0
spinalcord_1888	6128.93522267206	4093.44939271255	14.1983805668016	STARmap_plus	spinalcord	7	1	3	1	0.892074830895823	6	3	1	2	4	0
spinalcord_1889	6440.478632478629	3473.2264957265	13.982905982906	STARmap_plus	spinalcord	7	3	2	2	1.26208383083673	4	5	3	2	3	5
spinalcord_1890	6646.50717703349	3184.37320574163	19.9473684210526	STARmap_plus	spinalcord	7	3	2	2	1.26208383083673	4	5	3	2	3	5
spinalcord_1891	5901.27578475336	3340.39461883408	12.049327354260098	STARmap_plus	spinalcord	7	1	3	1	1.04697613770591	3	3	1	2	4	0
spinalcord_1892	6785.505263157889	3922.65263157895	13.273684210526302	STARmap_plus	spinalcord	7	3	2	2	1.26208383083673	4	5	3	2	3	5
spinalcord_1893	6246.52054794521	3804.23835616438	17.4739726027397	STARmap_plus	spinalcord	7	1	3	1	1.07125077781863	3	3	3	2	4	0
spinalcord_1894	5928.905604719761	2867.96607669617	14.665191740413	STARmap_plus	spinalcord	7	1	3	1	1.07125077781863	3	3	3	2	4	0
spinalcord_1895	6315.166007905141	3380.28458498024	13.988142292490098	STARmap_plus	spinalcord	7	1	3	1	1.31305897451439	3	3	3	0	4	0
spinalcord_1896	6333.4746835443	3622.62658227848	16.930379746835403	STARmap_plus	spinalcord	7	1	3	1	1.39298226204197	3	5	3	0	4	0
spinalcord_1897	5740.065885797951	2877.46705710102	17.133235724743802	STARmap_plus	spinalcord	7	1	3	1	1.07125077781863	3	3	3	2	4	0
spinalcord_1898	5644.35219399538	3064.02540415704	14.863741339491902	STARmap_plus	spinalcord	7	1	3	1	1.07125077781863	3	3	3	2	4	0
spinalcord_1899	6566.87700534759	2922.71122994652	14.5828877005348	STARmap_plus	spinalcord	7	3	2	2	1.22357565413896	3	5	3	2	3	5
spinalcord_1900	6678.96759259259	3865.18055555556	14.0509259259259	STARmap_plus	spinalcord	7	3	2	2	1.26208383083673	4	5	3	2	3	5
spinalcord_1901	6143.92349726776	3227.6830601092897	17.7978142076503	STARmap_plus	spinalcord	7	1	3	1	1.07125077781863	3	3	3	2	4	0
spinalcord_1902	6121.473684210529	3514.14473684211	12.9824561403509	STARmap_plus	spinalcord	7	1	3	1	1.2004413785531	3	3	1	0	4	0
spinalcord_1903	5832.70188679245	2845.63018867925	14.6264150943396	STARmap_plus	spinalcord	7	1	3	1	1.07125077781863	3	3	3	2	4	0
spinalcord_1904	6237.9125	3931.18125	12.85625	STARmap_plus	spinalcord	7	1	3	1	1.4546247143256	3	3	3	0	7	0
spinalcord_1905	6792.492647058821	3152.9485294117603	15.8602941176471	STARmap_plus	spinalcord	7	3	2	2	1.26208383083673	4	5	3	2	3	5
spinalcord_1906	6354.676056338029	3128.88169014084	10.9154929577465	STARmap_plus	spinalcord	7	1	3	1	1.07125077781863	3	3	3	2	4	0
spinalcord_1907	5630.368421052629	3399.9624060150395	10.093984962406	STARmap_plus	spinalcord	7	1	3	1	1.2004413785531	3	3	1	0	4	0
spinalcord_1908	6778.1	4079.16363636364	17.790909090909103	STARmap_plus	spinalcord	7	3	2	2	1.40667770225031	4	5	5	2	3	5
spinalcord_1909	6028.125827814571	3886.900662251661	17.3708609271523	STARmap_plus	spinalcord	7	1	3	1	1.35363485489241	3	3	1	0	7	0
spinalcord_1910	6138.279826464211	3404.25813449024	15.41431670282	STARmap_plus	spinalcord	7	1	3	1	1.07125077781863	3	3	3	2	4	0
spinalcord_1911	6613.456140350881	3954.2807017543896	17.359649122807	STARmap_plus	spinalcord	7	3	2	2	1.26208383083673	4	5	3	2	3	5
spinalcord_1912	5554.85173501577	3671.87066246057	14.7854889589905	STARmap_plus	spinalcord	7	1	3	1	1.04697613770591	3	3	1	2	4	0
spinalcord_1913	6664.39597315436	3798.42953020134	11.926174496644302	STARmap_plus	spinalcord	7	3	2	2	1.26208383083673	4	5	3	2	3	5
spinalcord_1914	5761.724489795921	3646.77551020408	15.6054421768707	STARmap_plus	spinalcord	7	1	3	1	1.07125077781863	3	3	3	2	4	0
spinalcord_1915	6341.38607594937	3878.87974683544	15.5632911392405	STARmap_plus	spinalcord	7	1	3	2	1.16759650308183	3	3	3	2	4	5
spinalcord_1916	6442.74831460674	3718.92134831461	14.0539325842697	STARmap_plus	spinalcord	7	3	2	2	1.26208383083673	4	5	3	2	3	5
spinalcord_1917	6541.83902439024	3463.3560975609803	11.009756097561	STARmap_plus	spinalcord	7	3	2	2	1.26208383083673	4	5	3	2	3	5
spinalcord_1918	6045.91803278689	2956.5	11.6311475409836	STARmap_plus	spinalcord	7	1	3	1	1.31305897451439	3	3	3	0	4	0
spinalcord_1919	5507.96486486486	4060.51351351351	14.5972972972973	STARmap_plus	spinalcord	7	1	3	1	1.10001898506381	3	3	1	4	4	0
spinalcord_1920	5559.78718535469	3565.1098398169297	19.5286041189931	STARmap_plus	spinalcord	7	1	3	1	1.2004413785531	3	3	1	0	4	0
spinalcord_1921	5528.668789808921	3048.52653927813	15.851380042462802	STARmap_plus	spinalcord	7	1	3	1	1.2004413785531	3	3	1	0	4	0
spinalcord_1922	6113.22972972973	3829.84459459459	16.108108108108098	STARmap_plus	spinalcord	7	1	3	1	1.07125077781863	3	3	3	2	4	0
spinalcord_1923	6047.6875	3959.95454545455	12.1931818181818	STARmap_plus	spinalcord	7	1	3	1	1.35363485489241	3	2	1	0	7	0
spinalcord_1924	5476.54978354978	3155.14285714286	14.878787878787902	STARmap_plus	spinalcord	7	1	3	1	1.2004413785531	3	3	1	0	4	0
spinalcord_1925	5771.6887755102	3945.1530612244896	17.6530612244898	STARmap_plus	spinalcord	7	1	3	1	1.44518587894808	3	3	1	1	1	0
spinalcord_1926	5562.35696821516	2870.7995110024394	13.889975550122198	STARmap_plus	spinalcord	7	1	3	1	1.31305897451439	3	3	3	0	4	0
spinalcord_1927	5907.707042253521	3098.3492957746503	16.8112676056338	STARmap_plus	spinalcord	7	1	3	1	1.07125077781863	3	3	3	2	4	0
spinalcord_1928	5636.3666666666695	4109.662962962961	14.337037037037	STARmap_plus	spinalcord	7	1	3	1	1.06921244370559	6	3	1	0	4	0
spinalcord_1929	5674.7299270073	3898.25182481752	14.7992700729927	STARmap_plus	spinalcord	7	1	3	1	1.31305897451439	3	3	3	0	4	0
spinalcord_1930	6025.59574468085	4064.97872340426	14.5053191489362	STARmap_plus	spinalcord	7	1	3	1	1.06921244370559	6	3	1	0	4	0
spinalcord_1931	5775.992319508449	3302.3410138248805	16.4009216589862	STARmap_plus	spinalcord	7	1	3	1	1.31305897451439	3	3	3	0	4	0
spinalcord_1932	6445.32768361582	3944.09604519774	17.954802259887	STARmap_plus	spinalcord	7	3	2	2	1.40667770225031	3	5	3	0	3	5
spinalcord_1933	5756.58128078818	3838.70443349754	11.6256157635468	STARmap_plus	spinalcord	7	1	3	1	1.2004413785531	3	3	1	0	4	0
spinalcord_1934	5492.81045751634	3831.379084967321	8.37908496732026	STARmap_plus	spinalcord	7	1	3	1	1.26292306128852	3	6	1	0	4	0
spinalcord_1935	5960.80625	3444.33958333333	9.50208333333333	STARmap_plus	spinalcord	7	1	3	1	1.04697613770591	3	3	1	2	4	0
spinalcord_1936	6527.49498327759	3900.6856187291	12.7491638795987	STARmap_plus	spinalcord	7	3	2	2	1.26208383083673	4	5	3	2	3	5
spinalcord_1937	6047.41150442478	3607.0154867256606	12.3407079646018	STARmap_plus	spinalcord	7	1	3	1	1.2004413785531	3	3	1	0	4	0
spinalcord_1938	6036.33802816901	3101.49765258216	16.0516431924883	STARmap_plus	spinalcord	7	1	3	1	1.07125077781863	3	3	3	2	4	0
spinalcord_1939	5899.3463035019495	3761.128404669261	16.3657587548638	STARmap_plus	spinalcord	7	1	3	1	1.07125077781863	3	3	3	2	4	0
spinalcord_1940	6208.472222222221	3041.8541666666697	16.4722222222222	STARmap_plus	spinalcord	7	1	3	1	1.21380631511916	3	3	3	1	4	0
spinalcord_1941	6048.63548387097	3461.55483870968	11.6677419354839	STARmap_plus	spinalcord	7	1	3	1	1.2004413785531	3	3	1	0	4	0
spinalcord_1942	5858.72	3196.968	13.192	STARmap_plus	spinalcord	7	1	3	1	1.31305897451439	3	3	3	0	4	0
spinalcord_1943	5482.3162055336	3436.69367588933	17.3577075098814	STARmap_plus	spinalcord	7	1	3	1	1.2004413785531	3	3	1	0	4	0
spinalcord_1944	6090.9792147806	3702.339491916861	14.7182448036951	STARmap_plus	spinalcord	7	1	3	1	1.07125077781863	3	3	3	2	4	0
spinalcord_1945	5753.881057268721	3142.62555066079	11.1762114537445	STARmap_plus	spinalcord	7	1	3	1	1.31305897451439	3	3	3	0	4	0
spinalcord_1946	6424.5	4106.1	13.6333333333333	STARmap_plus	spinalcord	7	3	2	2	1.22357565413896	3	5	3	2	3	5
spinalcord_1947	6214.648	3537.56	14.184	STARmap_plus	spinalcord	7	1	3	1	1.31305897451439	3	3	3	0	4	0
spinalcord_1948	5887.624223602479	3496.32608695652	13.3788819875776	STARmap_plus	spinalcord	7	1	3	1	1.07125077781863	3	3	3	2	4	0
spinalcord_1949	6519.35353535354	3027.0101010101	19.3737373737374	STARmap_plus	spinalcord	7	3	2	2	1.22357565413896	3	5	3	2	3	5
spinalcord_1950	5638.721739130429	3658.88695652174	12.178260869565198	STARmap_plus	spinalcord	7	1	3	1	1.04697613770591	3	3	1	2	4	0
spinalcord_1951	6618.28571428571	3547.670995671	13.8268398268398	STARmap_plus	spinalcord	7	3	2	2	1.26208383083673	4	5	3	2	3	5
spinalcord_1952	6405.02413793103	3831.23103448276	14.8620689655172	STARmap_plus	spinalcord	7	3	2	2	1.23124791991132	3	5	3	2	4	5
spinalcord_1953	6111.34146341463	3288.07804878049	13.463414634146302	STARmap_plus	spinalcord	7	1	3	1	1.07125077781863	3	3	3	2	4	0
spinalcord_1954	6197.012903225811	3665.78387096774	15.1387096774194	STARmap_plus	spinalcord	7	1	3	1	1.07125077781863	3	3	3	2	4	0
spinalcord_1955	6632.675	4032.1125	14.2625	STARmap_plus	spinalcord	7	3	2	2	1.33993941468407	4	5	3	2	4	5
spinalcord_1956	6403.89958158996	3360.4979079497903	16.8326359832636	STARmap_plus	spinalcord	7	3	2	2	1.23124791991132	3	5	3	2	4	5
spinalcord_1957	6477.84375	2949.65625	15.354166666666698	STARmap_plus	spinalcord	7	3	2	2	1.22357565413896	3	5	3	2	3	5
spinalcord_1958	6225.28451882845	3727.9790794979103	14.1966527196653	STARmap_plus	spinalcord	7	1	3	1	1.31305897451439	3	3	3	0	4	0
spinalcord_1959	5922.04	3972.1657142857102	16.2057142857143	STARmap_plus	spinalcord	7	1	3	1	1.35363485489241	3	2	1	0	7	0
spinalcord_1960	6457.112994350279	2823.05084745763	18.2457627118644	STARmap_plus	spinalcord	7	3	2	2	1.22357565413896	3	5	3	2	3	5
spinalcord_1961	5570.26948775056	3740.85968819599	14.806236080178198	STARmap_plus	spinalcord	7	1	3	1	1.31305897451439	3	3	3	0	4	0
spinalcord_1962	6724.529411764711	2952.09803921569	14.9901960784314	STARmap_plus	spinalcord	7	3	2	2	1.26208383083673	4	5	3	2	3	5
spinalcord_1963	6107.125	3137.0282258064503	21.560483870967698	STARmap_plus	spinalcord	7	1	3	1	1.07125077781863	3	3	3	2	4	0
spinalcord_1964	5480.139072847679	2999.60264900662	15.2516556291391	STARmap_plus	spinalcord	7	1	3	1	1.04697613770591	3	3	1	2	4	0
spinalcord_1965	6285.79220779221	3045.92207792208	17.9058441558442	STARmap_plus	spinalcord	7	1	3	1	1.07125077781863	3	3	3	2	4	0
spinalcord_1966	6767.26162790698	3506.94186046512	13.6337209302326	STARmap_plus	spinalcord	7	3	2	2	1.26208383083673	4	5	3	2	3	5
spinalcord_1967	6580.659090909089	3721.57386363636	12.3863636363636	STARmap_plus	spinalcord	7	3	2	2	1.26208383083673	4	5	3	2	3	5
spinalcord_1968	6412.97619047619	4052.0119047619	19.40476190476189	STARmap_plus	spinalcord	7	3	2	2	1.22357565413896	3	5	3	2	3	5
spinalcord_1969	5912.14606741573	4068.8651685393297	13.7359550561798	STARmap_plus	spinalcord	7	1	3	1	1.17137203723284	6	2	1	0	4	0
spinalcord_1970	6206.9121951219495	3252.5723577235804	13.3235772357724	STARmap_plus	spinalcord	7	1	3	1	1.07125077781863	3	3	3	2	4	0
spinalcord_1971	6373.04310344828	2901.35344827586	16.5258620689655	STARmap_plus	spinalcord	7	3	2	2	1.22357565413896	3	5	3	2	3	5
spinalcord_1972	6471.864628820961	3562.2532751091703	15.270742358078598	STARmap_plus	spinalcord	7	3	2	2	1.26208383083673	4	5	3	2	3	5
spinalcord_1973	6628.2972972973	2896.85810810811	20.1081081081081	STARmap_plus	spinalcord	7	3	2	2	1.48369405564586	4	5	3	0	3	5
spinalcord_1974	6371.949152542371	3467.2627118644104	16.4237288135593	STARmap_plus	spinalcord	7	3	2	2	1.22357565413896	3	5	3	2	3	5
spinalcord_1975	6349.0	4021.875	15.791666666666698	STARmap_plus	spinalcord	7	3	6	5	1.27152266621425	3	3	3	1	1	5
spinalcord_1976	6666.55102040816	3502.89795918367	14.2448979591837	STARmap_plus	spinalcord	7	3	2	2	1.26208383083673	4	5	3	2	3	5
spinalcord_1977	6584.07299270073	3118.31386861314	11.1313868613139	STARmap_plus	spinalcord	7	3	2	2	1.23124791991132	3	5	3	2	4	5
spinalcord_1978	5483.38655462185	3561.31092436975	13.3361344537815	STARmap_plus	spinalcord	7	1	3	1	1.2004413785531	3	3	1	0	4	0
spinalcord_1979	6560.50955414013	3381.89171974522	20.2738853503185	STARmap_plus	spinalcord	7	3	2	2	1.26208383083673	4	5	3	2	3	5
spinalcord_1980	6342.36186770428	3566.81712062257	14.081712062256802	STARmap_plus	spinalcord	7	3	2	2	1.22357565413896	3	5	3	2	3	5
spinalcord_1981	6137.86772486772	2855.08994708995	15.9100529100529	STARmap_plus	spinalcord	7	1	3	1	1.07125077781863	3	3	3	2	4	0
spinalcord_1982	6666.2262773722605	3414.97080291971	20.7445255474453	STARmap_plus	spinalcord	7	3	2	2	1.26208383083673	4	5	3	2	3	5
spinalcord_1983	6173.427480916031	3814.3358778626	16.175572519084	STARmap_plus	spinalcord	7	1	3	1	1.07125077781863	3	3	3	2	4	0
spinalcord_1984	5573.659090909089	3889.06818181818	6.87878787878788	STARmap_plus	spinalcord	7	1	3	1	1.2004413785531	3	3	1	0	4	0
spinalcord_1985	6092.375	3892.2708333333294	13.833333333333302	STARmap_plus	spinalcord	7	1	3	1	1.35363485489241	3	3	1	0	7	0
spinalcord_1986	6005.31282051282	3032.9025641025605	15.1282051282051	STARmap_plus	spinalcord	7	1	3	1	1.07125077781863	3	3	3	2	4	0
spinalcord_1987	5805.973293768549	3569.2581602373903	10.928783382789302	STARmap_plus	spinalcord	7	1	3	1	1.31305897451439	3	3	3	0	4	0
spinalcord_1988	5761.11181434599	2951.7805907173	16.915611814346	STARmap_plus	spinalcord	7	1	3	1	1.07125077781863	3	3	3	2	4	0
spinalcord_1989	6163.033707865171	3583.8651685393297	12.0112359550562	STARmap_plus	spinalcord	7	1	3	1	1.2004413785531	3	3	1	0	4	0
spinalcord_1990	6174.06614785992	2904.43579766537	15.692607003891	STARmap_plus	spinalcord	7	1	3	1	1.31305897451439	3	3	3	0	4	0
spinalcord_1991	5569.597883597879	3471.30158730159	17.968253968254	STARmap_plus	spinalcord	7	1	3	1	1.2004413785531	3	3	1	0	4	0
spinalcord_1992	6698.236180904521	4074.010050251261	17.5879396984925	STARmap_plus	spinalcord	7	3	2	2	1.40667770225031	4	5	5	2	3	5
spinalcord_1993	6480.25	4046.70454545455	15.9545454545455	STARmap_plus	spinalcord	7	3	2	2	1.22357565413896	3	5	3	2	3	5
spinalcord_1994	5654.187919463089	3138.91275167785	11.7852348993289	STARmap_plus	spinalcord	7	1	3	1	1.04697613770591	3	3	1	2	4	0
spinalcord_1995	6305.192771084339	3716.22489959839	13.7389558232932	STARmap_plus	spinalcord	7	1	3	1	1.31305897451439	3	3	3	0	4	0
spinalcord_1996	5673.08762886598	3339.2010309278303	11.8247422680412	STARmap_plus	spinalcord	7	1	3	1	1.2004413785531	3	3	1	0	4	0
spinalcord_1997	5983.559322033901	3875.2033898305103	14.3446327683616	STARmap_plus	spinalcord	7	1	3	1	1.2004413785531	3	3	1	0	4	0
spinalcord_1998	5979.91803278689	3957.62295081967	13.8196721311475	STARmap_plus	spinalcord	7	1	3	1	1.44518587894808	3	3	1	1	7	0
spinalcord_1999	6448.21276595745	3788.21276595745	19.7872340425532	STARmap_plus	spinalcord	7	3	2	2	1.35447408534419	4	5	3	0	4	5
spinalcord_2000	6544.238095238101	3772.0285714285706	8.54285714285714	STARmap_plus	spinalcord	7	3	2	2	1.26208383083673	4	5	3	2	3	5
spinalcord_2001	6152.202380952379	3928.916666666671	14.047619047619	STARmap_plus	spinalcord	7	1	3	1	1.35363485489241	3	3	1	0	7	0
spinalcord_2002	6104.40552995392	2917.73732718894	16.3271889400922	STARmap_plus	spinalcord	7	1	3	1	1.07125077781863	3	3	3	2	4	0
spinalcord_2003	6056.40794223827	3342.1119133574	14.4115523465704	STARmap_plus	spinalcord	7	1	3	1	1.04697613770591	3	3	1	2	4	0
spinalcord_2004	6432.1762295082	3268.92213114754	18.622950819672106	STARmap_plus	spinalcord	7	3	2	1	1.23124791991132	3	5	3	0	4	5
spinalcord_2005	5593.62222222222	3948.91111111111	11.3555555555556	STARmap_plus	spinalcord	7	1	3	1	1.2004413785531	3	3	1	0	4	0
spinalcord_2006	6416.21176470588	3015.68235294118	13.2294117647059	STARmap_plus	spinalcord	7	3	2	2	1.05500827668773	3	3	3	2	3	5
spinalcord_2007	5557.749090909089	3406.08727272727	12.5381818181818	STARmap_plus	spinalcord	7	1	3	1	1.2004413785531	3	3	1	0	4	0
spinalcord_2008	5704.6875	3793.296875	11.854166666666698	STARmap_plus	spinalcord	7	1	3	1	1.07125077781863	3	3	3	2	4	0
spinalcord_2009	6228.11224489796	2859.67346938776	15.3061224489796	STARmap_plus	spinalcord	7	1	3	1	1.28429076726922	3	3	3	0	4	5
spinalcord_2010	6291.645714285711	3470.0514285714303	17.0	STARmap_plus	spinalcord	7	1	3	1	1.07125077781863	3	3	3	2	4	0
spinalcord_2011	6021.14868804665	3223.38775510204	16.2303206997085	STARmap_plus	spinalcord	7	1	3	1	1.07125077781863	3	3	3	2	4	0
spinalcord_2012	6584.551724137929	3428.65517241379	13.6206896551724	STARmap_plus	spinalcord	7	3	2	2	1.26208383083673	4	5	3	2	3	5
spinalcord_2013	5966.9538461538505	2918.35384615385	20.9846153846154	STARmap_plus	spinalcord	7	1	3	1	1.07125077781863	3	3	3	2	4	0
spinalcord_2014	6025.377952755911	2910.14173228346	20.6377952755906	STARmap_plus	spinalcord	7	1	3	1	1.07125077781863	3	3	3	2	4	0
spinalcord_2015	6715.11904761905	3909.29761904762	18.547619047619	STARmap_plus	spinalcord	7	3	2	2	1.48369405564586	4	5	3	0	3	5
spinalcord_2016	6468.16370106762	3191.8362989323805	13.0391459074733	STARmap_plus	spinalcord	7	1	3	2	1.16759650308183	3	3	3	2	4	5
spinalcord_2017	5507.961722488039	3888.31578947368	12.2344497607655	STARmap_plus	spinalcord	7	1	3	1	1.23894955525087	3	2	1	0	4	0
spinalcord_2018	6618.0	3368.528301886789	16.8301886792453	STARmap_plus	spinalcord	7	3	2	2	1.48369405564586	4	5	3	0	3	5
spinalcord_2019	6738.25	3444.84574468085	16.6063829787234	STARmap_plus	spinalcord	7	3	2	2	1.26208383083673	4	5	3	2	3	5
spinalcord_2020	5712.879310344829	3430.81609195402	20.2586206896552	STARmap_plus	spinalcord	7	1	3	1	1.04697613770591	3	3	1	2	4	0
spinalcord_2021	6683.07608695652	3630.6684782608704	16.4266304347826	STARmap_plus	spinalcord	7	3	2	2	1.26208383083673	4	5	3	2	3	5
spinalcord_2022	6774.875776397521	3843.17391304348	16.3167701863354	STARmap_plus	spinalcord	7	3	2	2	1.26208383083673	4	5	3	2	3	5
spinalcord_2023	6291.4298245614	3135.9824561403498	10.9649122807018	STARmap_plus	spinalcord	7	1	3	1	1.07125077781863	3	3	3	2	4	0
spinalcord_2024	6739.93333333333	3065.86274509804	15.584313725490198	STARmap_plus	spinalcord	7	3	2	2	1.31512667819463	4	5	3	4	3	5
spinalcord_2025	5620.98198198198	3457.73873873874	18.4774774774775	STARmap_plus	spinalcord	7	1	3	1	1.2004413785531	3	3	1	0	4	0
spinalcord_2026	6730.1768707483	3831.83673469388	15.3673469387755	STARmap_plus	spinalcord	7	3	2	2	1.26208383083673	4	5	3	2	3	5
spinalcord_2027	5942.5331010453	3008.97909407666	18.752613240418103	STARmap_plus	spinalcord	7	1	3	1	1.07125077781863	3	3	3	2	4	0
spinalcord_2028	6764.78145695364	3346.55629139073	14.205298013245	STARmap_plus	spinalcord	7	3	2	2	1.32966134885476	4	5	3	3	3	5
spinalcord_2029	6179.440366972479	4035.80733944954	18.7064220183486	STARmap_plus	spinalcord	7	1	3	1	1.35363485489241	3	3	1	0	7	0
spinalcord_2030	6331.53488372093	3829.39534883721	9.86046511627907	STARmap_plus	spinalcord	7	1	3	1	1.28429076726922	3	3	3	0	4	5
spinalcord_2031	6390.992907801421	3745.75177304965	16.9645390070922	STARmap_plus	spinalcord	7	3	2	2	1.23124791991132	3	5	3	2	4	5
spinalcord_2032	6657.05333333333	3311.5866666666698	18.146666666666697	STARmap_plus	spinalcord	7	3	2	2	1.26208383083673	4	5	3	2	3	5
spinalcord_2033	5672.27692307692	2931.3076923076896	17.9410256410256	STARmap_plus	spinalcord	7	1	3	1	1.07125077781863	3	3	3	2	4	0
spinalcord_2034	5907.68421052632	2798.76315789474	22.7894736842105	STARmap_plus	spinalcord	7	1	3	1	1.31305897451439	3	3	3	0	4	0
spinalcord_2035	5872.4802259887	3426.8418079096	12.1525423728814	STARmap_plus	spinalcord	7	1	3	1	1.04697613770591	3	3	1	2	4	0
spinalcord_2036	6606.94696969697	3772.85606060606	13.6060606060606	STARmap_plus	spinalcord	7	3	2	2	1.26208383083673	4	5	3	2	3	5
spinalcord_2037	6733.717741935479	3767.3467741935497	14.629032258064498	STARmap_plus	spinalcord	7	3	2	2	1.26208383083673	4	5	3	2	3	5
spinalcord_2038	6422.74509803922	2918.54901960784	18.9411764705882	STARmap_plus	spinalcord	7	3	2	2	1.40667770225031	3	5	3	0	3	5
spinalcord_2039	6732.91447368421	3732.1644736842095	13.7697368421053	STARmap_plus	spinalcord	7	3	2	2	1.26208383083673	4	5	3	2	3	5
spinalcord_2040	6272.70762711864	2839.8983050847496	12.2542372881356	STARmap_plus	spinalcord	7	1	3	2	1.16759650308183	3	3	3	2	4	5
spinalcord_2041	5857.05777777778	3113.48888888889	13.1333333333333	STARmap_plus	spinalcord	7	1	3	1	1.31305897451439	3	3	3	0	4	0
spinalcord_2042	6215.428571428571	2964.8380952381	14.8666666666667	STARmap_plus	spinalcord	7	1	3	1	1.07125077781863	3	3	3	2	4	0
spinalcord_2043	5489.8023255814005	3630.51162790698	12.0872093023256	STARmap_plus	spinalcord	7	1	3	1	1.04697613770591	3	3	1	2	4	0
spinalcord_2044	5723.33333333333	4027.9806763285	15.951690821256	STARmap_plus	spinalcord	7	1	3	1	1.2004413785531	3	3	1	0	4	0
spinalcord_2045	6522.011235955059	2937.0	15.5955056179775	STARmap_plus	spinalcord	7	3	2	2	1.22357565413896	3	5	3	2	3	5
spinalcord_2046	6402.69135802469	3108.2345679012296	20.7283950617284	STARmap_plus	spinalcord	7	1	3	1	1.21380631511916	3	3	3	1	4	0
spinalcord_2047	5548.3082437276	3139.25089605735	13.555555555555598	STARmap_plus	spinalcord	7	1	3	1	1.20217857859106	3	3	1	3	4	0
spinalcord_2048	5828.17391304348	2915.3550724637703	15.1521739130435	STARmap_plus	spinalcord	7	1	3	1	1.31305897451439	3	3	3	0	4	0
spinalcord_2049	5626.8322368421	3204.30592105263	13.463815789473696	STARmap_plus	spinalcord	7	1	3	1	1.04697613770591	3	3	1	2	4	0
spinalcord_2050	6332.62162162162	3306.15540540541	17.3040540540541	STARmap_plus	spinalcord	7	1	3	2	1.16759650308183	3	3	3	2	4	5
spinalcord_2051	6760.625	3628.77976190476	18.65476190476189	STARmap_plus	spinalcord	7	3	2	2	1.26208383083673	4	5	3	2	3	5
spinalcord_2052	5982.89830508475	3923.69491525424	21.8474576271186	STARmap_plus	spinalcord	7	1	3	1	1.44518587894808	3	3	1	1	1	0
spinalcord_2053	5632.207048458149	3598.64317180617	15.2202643171806	STARmap_plus	spinalcord	7	1	3	1	1.2004413785531	3	3	1	0	4	0
spinalcord_2054	5765.71673819743	3431.3133047210304	11.6437768240343	STARmap_plus	spinalcord	7	1	3	1	1.2004413785531	3	3	1	0	4	0
spinalcord_2055	5655.59259259259	3781.43097643098	10.5521885521886	STARmap_plus	spinalcord	7	1	3	1	1.07125077781863	3	3	3	2	4	0
spinalcord_2056	6063.105691056911	2871.87804878049	18.9268292682927	STARmap_plus	spinalcord	7	1	3	1	1.31305897451439	3	3	3	0	4	0
spinalcord_2057	5512.41791044776	2954.70895522388	12.0298507462687	STARmap_plus	spinalcord	7	1	3	1	1.07125077781863	3	3	3	2	4	0
spinalcord_2058	6681.72527472528	3154.0	14.6043956043956	STARmap_plus	spinalcord	7	3	2	2	1.26208383083673	4	5	3	2	3	5
spinalcord_2059	5461.829268292679	3054.0487804878003	20.4268292682927	STARmap_plus	spinalcord	7	1	3	1	1.2004413785531	3	3	1	0	4	0
spinalcord_2060	6201.567567567571	3098.67567567568	12.641891891891902	STARmap_plus	spinalcord	7	1	3	1	1.07125077781863	3	3	3	2	4	0
spinalcord_2061	6783.0	4048.725	17.175	STARmap_plus	spinalcord	7	3	2	2	1.40667770225031	4	5	5	2	3	5
spinalcord_2062	6696.858139534879	2825.5186046511603	16.053488372093	STARmap_plus	spinalcord	7	3	2	2	1.26208383083673	4	5	3	2	3	5
spinalcord_2063	5711.629310344829	3139.61206896552	17.8793103448276	STARmap_plus	spinalcord	7	1	3	1	1.04697613770591	3	3	1	2	4	0
spinalcord_2064	6164.26627218935	3167.3609467455603	16.9704142011834	STARmap_plus	spinalcord	7	1	3	1	1.07125077781863	3	3	3	2	4	0
spinalcord_2065	6093.525	3103.325	9.825	STARmap_plus	spinalcord	7	1	3	1	1.31305897451439	3	3	3	0	4	0
spinalcord_2066	6395.45588235294	3556.26470588235	22.220588235294105	STARmap_plus	spinalcord	7	3	2	2	1.26208383083673	4	5	3	2	3	5
spinalcord_2067	6684.225	3769.9	14.25	STARmap_plus	spinalcord	7	3	2	2	1.26208383083673	4	5	3	2	3	5
spinalcord_2068	6124.132231404959	3737.70247933884	16.0909090909091	STARmap_plus	spinalcord	7	1	3	1	1.07125077781863	3	3	3	2	4	0
spinalcord_2069	6191.060975609761	3468.4024390243894	17.5365853658537	STARmap_plus	spinalcord	7	1	3	1	1.07125077781863	3	3	3	2	4	0
spinalcord_2070	5971.9537037037	3304.14814814815	11.9814814814815	STARmap_plus	spinalcord	7	1	3	1	1.2004413785531	3	3	1	0	4	0
spinalcord_2071	6545.0	3340.34482758621	15.0804597701149	STARmap_plus	spinalcord	7	3	2	2	1.26208383083673	4	5	3	2	3	5
spinalcord_2072	6568.74482758621	3836.78620689655	13.6	STARmap_plus	spinalcord	7	3	2	2	1.26208383083673	4	5	3	2	3	5
spinalcord_2073	5764.54054054054	3995.2297297297296	16.2432432432432	STARmap_plus	spinalcord	7	1	3	1	1.23894955525087	3	2	1	0	4	0
spinalcord_2074	6054.95161290323	3851.71774193548	16.5	STARmap_plus	spinalcord	7	1	3	1	1.07125077781863	3	3	3	2	4	0
spinalcord_2075	6632.668918918921	3718.89864864865	13.1148648648649	STARmap_plus	spinalcord	7	3	2	2	1.26208383083673	4	5	3	2	3	5
spinalcord_2076	6463.2523364486	3499.71962616822	20.8785046728972	STARmap_plus	spinalcord	7	3	2	2	1.26208383083673	4	5	3	2	3	5
spinalcord_2077	6392.397849462371	3041.8064516129	18.1720430107527	STARmap_plus	spinalcord	7	1	3	1	0.908491586689655	3	3	3	2	3	0
spinalcord_2078	5699.97142857143	3947.285714285711	15.9142857142857	STARmap_plus	spinalcord	7	1	3	1	1.23894955525087	3	2	1	0	4	0
spinalcord_2079	6605.765625	3323.515625	18.515625	STARmap_plus	spinalcord	7	3	2	2	1.26208383083673	4	5	3	2	3	5
spinalcord_2080	6146.48780487805	3062.63414634146	16.0365853658537	STARmap_plus	spinalcord	7	1	3	1	1.07125077781863	3	3	3	2	4	0
spinalcord_2081	6735.784090909089	4025.102272727271	18.5909090909091	STARmap_plus	spinalcord	7	3	2	2	1.26208383083673	4	5	3	2	3	5
spinalcord_2082	6034.24242424242	3288.6666666666697	17.858585858585897	STARmap_plus	spinalcord	7	1	3	1	1.31305897451439	3	3	3	0	4	0
spinalcord_2083	5826.43378995434	3817.01369863014	14.2009132420091	STARmap_plus	spinalcord	7	1	3	1	1.07125077781863	3	3	3	2	4	0
spinalcord_2084	6082.80555555556	3924.2638888888896	20.013888888888896	STARmap_plus	spinalcord	7	1	3	1	1.35363485489241	3	2	1	0	7	0
spinalcord_2085	6253.29591836735	3409.4795918367304	12.3061224489796	STARmap_plus	spinalcord	7	1	3	1	1.31305897451439	3	3	3	0	4	0
spinalcord_2086	6578.73282442748	3603.80916030534	18.0534351145038	STARmap_plus	spinalcord	7	3	2	2	1.26208383083673	4	5	3	2	3	5
spinalcord_2087	6778.615384615379	3776.8461538461497	13.1794871794872	STARmap_plus	spinalcord	7	3	2	2	1.48369405564586	4	5	3	0	3	5
spinalcord_2088	6784.973684210529	3457.52631578947	19.8157894736842	STARmap_plus	spinalcord	7	3	2	2	1.26208383083673	4	5	3	2	3	5
spinalcord_2089	5681.38020833333	3458.1822916666697	15.359375	STARmap_plus	spinalcord	7	1	3	1	1.2004413785531	3	3	1	0	4	0
spinalcord_2090	6371.14	3638.42	18.34	STARmap_plus	spinalcord	7	3	2	2	1.22357565413896	3	5	3	2	3	5
spinalcord_2091	6639.55	3769.975	13.775	STARmap_plus	spinalcord	7	3	2	2	1.26208383083673	4	5	3	2	3	5
spinalcord_2092	6684.41911764706	3342.96323529412	14.0588235294118	STARmap_plus	spinalcord	7	3	2	2	1.26208383083673	4	5	3	2	3	5
spinalcord_2093	6195.95192307692	3429.855769230769	16.3461538461538	STARmap_plus	spinalcord	7	1	3	1	1.2004413785531	3	3	1	0	4	0
spinalcord_2094	5702.206185567011	3655.71649484536	17.860824742268	STARmap_plus	spinalcord	7	1	3	1	1.31305897451439	3	3	3	0	4	0
spinalcord_2095	5538.3389830508495	3355.1525423728804	11.8474576271186	STARmap_plus	spinalcord	7	1	3	1	1.2004413785531	3	3	1	0	4	0
spinalcord_2096	7212.39821029083	3468.12527964206	19.19239373601789	STARmap_plus	spinalcord	7	2	1	5	1.06954294734786	4	1	0	1	1	5
spinalcord_2097	7127.70819672131	3483.69836065574	12.6918032786885	STARmap_plus	spinalcord	7	3	6	5	1.26208383083673	4	1	5	1	1	5
spinalcord_2098	6912.67676767677	3458.80808080808	14.329966329966302	STARmap_plus	spinalcord	7	3	2	2	1.26208383083673	4	5	3	2	3	5
spinalcord_2099	6997.22413793103	3202.41594827586	18.6400862068966	STARmap_plus	spinalcord	7	3	2	2	1.26208383083673	4	5	3	2	3	5
spinalcord_2100	7097.896373056991	3188.68393782383	20.0880829015544	STARmap_plus	spinalcord	7	3	2	2	1.36816952555253	4	5	5	1	1	5
spinalcord_2101	7249.48472505092	3715.3014256619103	16.7780040733198	STARmap_plus	spinalcord	7	2	1	5	1.10295528876303	2	1	0	1	1	5
spinalcord_2102	7441.46962616822	4047.5607476635496	16.4532710280374	STARmap_plus	spinalcord	7	2	1	5	1.30059200753451	2	1	0	1	1	4
spinalcord_2103	7067.531578947371	3309.8263157894703	14.026315789473696	STARmap_plus	spinalcord	7	3	2	2	1.40667770225031	4	5	5	2	3	5
spinalcord_2104	7227.51792828685	3007.6593625498	16.792828685259	STARmap_plus	spinalcord	7	3	6	2	1.20904098347883	4	1	5	3	1	5
spinalcord_2105	7019.65206812652	3431.07542579075	17.8077858880779	STARmap_plus	spinalcord	7	3	2	2	1.40667770225031	4	5	5	2	3	5
spinalcord_2106	6959.406593406589	3682.0192307692296	14.1236263736264	STARmap_plus	spinalcord	7	3	2	2	1.40667770225031	4	5	5	2	3	5
spinalcord_2107	7071.984819734351	2981.72865275142	15.899430740038	STARmap_plus	spinalcord	7	3	2	2	1.26208383083673	4	5	3	2	3	5
spinalcord_2108	6989.00970873786	3624.8640776699	15.5145631067961	STARmap_plus	spinalcord	7	3	2	2	1.40667770225031	4	5	5	2	3	5
spinalcord_2109	6970.529411764711	3951.8778280543	16.343891402714902	STARmap_plus	spinalcord	7	3	2	2	1.40667770225031	4	5	5	2	3	5
spinalcord_2110	6927.84836065574	4069.58606557377	16.1352459016393	STARmap_plus	spinalcord	7	3	2	2	1.40667770225031	4	5	5	2	3	5
spinalcord_2111	6891.4356846473	3547.1742738589205	14.3983402489627	STARmap_plus	spinalcord	7	3	2	2	1.26208383083673	4	5	3	2	3	5
spinalcord_2112	7196.041362530409	2880.14841849148	18.2457420924574	STARmap_plus	spinalcord	7	3	2	2	1.32966134885476	4	1	5	2	3	5
spinalcord_2113	7141.22248803828	3320.08133971292	15.0765550239234	STARmap_plus	spinalcord	7	3	2	2	1.40667770225031	4	5	5	2	3	5
spinalcord_2114	7266.90740740741	3834.0259259259296	17.344444444444402	STARmap_plus	spinalcord	7	2	1	5	1.10295528876303	2	1	0	1	1	5
spinalcord_2115	7344.804511278199	3769.54636591479	17.2781954887218	STARmap_plus	spinalcord	7	2	1	5	1.10295528876303	2	1	0	1	1	5
spinalcord_2116	7001.7956656346805	2934.17956656347	14.8699690402477	STARmap_plus	spinalcord	7	3	2	2	1.26208383083673	4	5	3	2	3	5
spinalcord_2117	6857.48148148148	3831.98765432099	18.7777777777778	STARmap_plus	spinalcord	7	3	2	2	1.26208383083673	4	5	3	2	3	5
spinalcord_2118	7195.70336391437	3301.96330275229	15.128440366972498	STARmap_plus	spinalcord	7	3	6	5	1.26208383083673	4	1	5	1	1	5
spinalcord_2119	7007.15286624204	3368.19108280255	14.9299363057325	STARmap_plus	spinalcord	7	3	2	2	1.50766756168351	4	5	5	0	3	5
spinalcord_2120	6895.130341880339	2842.7905982906	15.7435897435897	STARmap_plus	spinalcord	7	3	2	2	1.26208383083673	4	5	3	2	3	5
spinalcord_2121	7222.77049180328	3994.45901639344	13.2513661202186	STARmap_plus	spinalcord	7	2	1	5	1.10295528876303	2	1	0	1	1	5
spinalcord_2122	7169.390862944159	3175.48223350254	20.213197969543103	STARmap_plus	spinalcord	7	3	2	2	1.48369405564586	4	3	5	2	1	5
spinalcord_2123	7005.008474576271	3017.2966101694897	15.9576271186441	STARmap_plus	spinalcord	7	3	2	2	1.48369405564586	4	5	3	0	3	5
spinalcord_2124	7059.3355155482805	3107.40752864157	19.050736497545	STARmap_plus	spinalcord	7	3	2	2	1.26208383083673	4	5	3	2	3	5
spinalcord_2125	6890.2909482758605	3061.21982758621	16.2004310344828	STARmap_plus	spinalcord	7	3	2	2	1.26208383083673	4	5	3	2	3	5
spinalcord_2126	7229.5380952381	3623.0380952381	16.4571428571429	STARmap_plus	spinalcord	7	2	1	5	1.10295528876303	2	1	0	1	1	5
spinalcord_2127	7209.66666666667	3120.71014492754	17.4202898550725	STARmap_plus	spinalcord	7	3	6	5	1.26208383083673	4	1	5	1	1	5
spinalcord_2128	7279.902061855671	2773.64432989691	16.2061855670103	STARmap_plus	spinalcord	7	3	6	5	1.30059200753451	4	1	5	4	1	5
spinalcord_2129	7409.8	3548.47368421053	16.073684210526302	STARmap_plus	spinalcord	7	2	1	5	1.10295528876303	2	1	0	1	1	5
spinalcord_2130	7283.0658436214	3315.19135802469	15.878600823045302	STARmap_plus	spinalcord	7	3	6	5	1.26208383083673	4	1	5	1	1	5
spinalcord_2131	7045.09814323607	3266.1856763925703	16.816976127321	STARmap_plus	spinalcord	7	3	2	2	1.50766756168351	4	5	5	0	3	5
spinalcord_2132	7161.97350993377	2977.45364238411	18.433774834437106	STARmap_plus	spinalcord	7	3	2	2	1.39214303159018	4	1	5	0	3	5
spinalcord_2133	6979.09148264984	3558.22712933754	17.4605678233438	STARmap_plus	spinalcord	7	3	2	2	1.40667770225031	4	5	5	2	3	5
spinalcord_2134	7052.22869955157	3214.2331838565	18.744394618834104	STARmap_plus	spinalcord	7	3	2	2	1.40667770225031	4	5	5	2	3	5
spinalcord_2135	7099.06593406593	2882.0842490842497	17.906593406593398	STARmap_plus	spinalcord	7	3	2	2	1.26208383083673	4	5	3	2	3	5
spinalcord_2136	6883.82920110193	3174.4710743801697	15.8815426997245	STARmap_plus	spinalcord	7	3	2	2	1.26208383083673	4	5	3	2	3	5
spinalcord_2137	6971.27300613497	2812.3895705521504	17.7730061349693	STARmap_plus	spinalcord	7	3	2	2	1.26208383083673	4	5	3	2	3	5
spinalcord_2138	6861.59071729958	3998.5147679324896	18.5864978902954	STARmap_plus	spinalcord	7	3	2	2	1.40667770225031	4	5	5	2	3	5
spinalcord_2139	6829.59139784946	4106.1935483871	15.3763440860215	STARmap_plus	spinalcord	7	3	2	2	1.44518587894808	4	5	5	1	3	5
spinalcord_2140	6875.7037037037	3671.0	19.382716049382697	STARmap_plus	spinalcord	7	3	2	2	1.26208383083673	4	5	3	2	3	5
spinalcord_2141	6845.26543209877	3389.67901234568	16.728395061728403	STARmap_plus	spinalcord	7	3	2	2	1.26208383083673	4	5	3	2	3	5
spinalcord_2142	7101.29209621993	3761.87285223368	16.254295532646	STARmap_plus	spinalcord	7	3	6	5	1.20904098347883	4	1	5	3	1	5
spinalcord_2143	6835.06315789474	3130.07894736842	16.142105263157898	STARmap_plus	spinalcord	7	3	2	2	1.26208383083673	4	5	3	2	3	5
spinalcord_2144	7295.409722222221	3422.7552083333303	13.7934027777778	STARmap_plus	spinalcord	7	2	1	5	1.06954294734786	4	1	0	1	1	5
spinalcord_2145	7282.952830188679	4068.96698113208	14.396226415094302	STARmap_plus	spinalcord	7	2	1	5	1.10295528876303	2	1	0	1	1	5
spinalcord_2146	7132.97471910112	4035.98314606742	15.7949438202247	STARmap_plus	spinalcord	7	3	6	5	1.26208383083673	4	1	5	1	1	5
spinalcord_2147	6840.87555555556	2936.9555555555603	17.0977777777778	STARmap_plus	spinalcord	7	3	2	2	1.26208383083673	4	5	3	2	3	5
spinalcord_2148	7392.37606837607	3831.31623931624	17.9529914529915	STARmap_plus	spinalcord	7	2	1	5	1.10295528876303	2	1	0	1	1	5
spinalcord_2149	7007.28571428571	3864.75324675325	17.305194805194798	STARmap_plus	spinalcord	7	3	2	2	1.36816952555253	4	5	5	1	1	5
spinalcord_2150	6969.22797927461	3322.50777202073	17.1554404145078	STARmap_plus	spinalcord	7	3	2	2	1.40667770225031	4	5	5	2	3	5
spinalcord_2151	7179.83414634146	2807.75365853659	15.6707317073171	STARmap_plus	spinalcord	7	3	2	2	1.40667770225031	4	5	5	2	3	5
spinalcord_2152	7166.761904761899	3666.72431077694	16.0	STARmap_plus	spinalcord	7	3	6	5	1.26208383083673	4	1	5	1	1	5
spinalcord_2153	7279.42777777778	3771.95555555556	20.1722222222222	STARmap_plus	spinalcord	7	2	1	5	1.09351645338551	2	1	0	3	1	5
spinalcord_2154	6814.383928571429	3546.3526785714294	18.46875	STARmap_plus	spinalcord	7	3	2	2	1.26208383083673	4	5	3	2	3	5
spinalcord_2155	6922.816	3266.0959999999995	22.228	STARmap_plus	spinalcord	7	3	2	2	1.26208383083673	4	5	3	2	3	5
spinalcord_2156	7255.0	2923.5217391304304	18.2422360248447	STARmap_plus	spinalcord	7	3	6	5	1.26208383083673	4	1	5	1	1	5
spinalcord_2157	6973.90710382514	3136.1202185792304	13.0655737704918	STARmap_plus	spinalcord	7	3	2	2	1.26208383083673	4	5	3	2	3	5
spinalcord_2158	7147.305084745759	3222.24576271186	16.2542372881356	STARmap_plus	spinalcord	7	3	2	2	1.36816952555253	4	5	5	1	1	5
spinalcord_2159	6910.368421052629	3316.2736842105296	18.821052631578898	STARmap_plus	spinalcord	7	3	2	2	1.40667770225031	4	5	5	2	3	5
spinalcord_2160	7262.622857142859	3140.77142857143	15.1942857142857	STARmap_plus	spinalcord	7	3	6	5	1.26208383083673	4	1	5	1	1	5
spinalcord_2161	7038.77837837838	2848.13513513513	12.7243243243243	STARmap_plus	spinalcord	7	3	2	2	1.48369405564586	4	5	3	0	3	5
spinalcord_2162	6988.82383419689	4006.37823834197	15.6062176165803	STARmap_plus	spinalcord	7	3	2	2	1.40667770225031	4	5	5	2	3	5
spinalcord_2163	7296.33086876155	2999.1737523105394	14.6617375231054	STARmap_plus	spinalcord	7	3	6	5	1.26208383083673	4	1	5	1	1	5
spinalcord_2164	7135.51	3270.44	20.15	STARmap_plus	spinalcord	7	3	2	2	1.39214303159018	4	5	5	3	1	5
spinalcord_2165	6872.309012875539	3105.70815450644	18.7038626609442	STARmap_plus	spinalcord	7	3	2	2	1.26208383083673	4	5	3	2	3	5
spinalcord_2166	7252.982558139541	3199.63953488372	17.343023255814	STARmap_plus	spinalcord	7	3	6	5	1.26208383083673	4	1	5	1	1	5
spinalcord_2167	6821.71875	4042.6875	17.40625	STARmap_plus	spinalcord	7	3	2	2	1.40667770225031	4	5	5	2	3	5
spinalcord_2168	7291.47727272727	2920.84090909091	10.5909090909091	STARmap_plus	spinalcord	7	3	6	5	1.26208383083673	4	1	5	1	1	5
spinalcord_2169	6917.3928571428605	3360.2357142857104	16.4357142857143	STARmap_plus	spinalcord	7	3	2	2	1.40667770225031	4	5	5	2	3	5
spinalcord_2170	7001.94074074074	3496.19259259259	14.8592592592593	STARmap_plus	spinalcord	7	3	2	2	1.44518587894808	4	5	5	1	3	5
spinalcord_2171	6848.220588235289	3315.16176470588	18.9485294117647	STARmap_plus	spinalcord	7	3	2	2	1.32966134885476	4	5	3	3	3	5
spinalcord_2172	6891.0217391304295	3376.55434782609	11.6195652173913	STARmap_plus	spinalcord	7	3	2	2	1.40667770225031	4	5	5	2	3	5
spinalcord_2173	6934.62866449511	3002.05863192182	19.4788273615635	STARmap_plus	spinalcord	7	3	2	2	1.26208383083673	4	5	3	2	3	5
spinalcord_2174	6833.91203703704	3633.99074074074	20.5324074074074	STARmap_plus	spinalcord	7	3	2	2	1.26208383083673	4	5	3	2	3	5
spinalcord_2175	6895.60119047619	3798.93452380952	19.2559523809524	STARmap_plus	spinalcord	7	3	2	2	1.40667770225031	4	5	5	2	3	5
spinalcord_2176	6808.328947368421	3837.72368421053	17.0131578947368	STARmap_plus	spinalcord	7	3	2	2	1.40667770225031	4	5	5	2	3	5
spinalcord_2177	7083.862244897959	3371.85204081633	19.0816326530612	STARmap_plus	spinalcord	7	3	2	2	1.40667770225031	4	5	5	2	3	5
spinalcord_2178	7444.0380047505905	3535.567695962	15.1710213776722	STARmap_plus	spinalcord	7	2	1	5	1.10295528876303	2	1	0	1	1	5
spinalcord_2179	7164.240143369179	3093.3835125448	17.1433691756272	STARmap_plus	spinalcord	7	3	6	5	1.26208383083673	4	1	5	1	1	5
spinalcord_2180	7041.6203703703695	3355.8333333333303	22.8796296296296	STARmap_plus	spinalcord	7	3	2	2	1.40667770225031	4	5	5	2	3	5
spinalcord_2181	7050.16515837104	3614.0995475113104	18.737556561086	STARmap_plus	spinalcord	7	3	2	2	1.50766756168351	4	5	5	0	3	5
spinalcord_2182	6935.428571428571	2939.2040816326503	10.0204081632653	STARmap_plus	spinalcord	7	3	2	2	1.27152266621425	4	5	3	1	3	5
spinalcord_2183	6947.31578947368	3060.0	20.7017543859649	STARmap_plus	spinalcord	7	3	2	2	1.48369405564586	4	5	3	0	3	5
spinalcord_2184	6978.19587628866	3053.84536082474	15.8969072164948	STARmap_plus	spinalcord	7	3	2	2	1.48369405564586	4	5	3	0	3	5
spinalcord_2185	7205.0206185567	2977.67010309278	12.4329896907216	STARmap_plus	spinalcord	7	3	2	2	1.32966134885476	4	1	5	2	3	5
spinalcord_2186	7193.819148936171	3224.85106382979	21.4574468085106	STARmap_plus	spinalcord	7	3	6	5	1.26208383083673	4	1	5	1	1	5
spinalcord_2187	6849.68248175182	3242.74452554745	17.5948905109489	STARmap_plus	spinalcord	7	3	2	2	1.26208383083673	4	5	3	2	3	5
spinalcord_2188	6830.56598240469	3727.21700879765	20.2551319648094	STARmap_plus	spinalcord	7	3	2	2	1.26208383083673	4	5	3	2	3	5
spinalcord_2189	7173.009345794391	3350.89719626168	17.4205607476636	STARmap_plus	spinalcord	7	3	6	5	1.26208383083673	4	1	5	1	1	5
spinalcord_2190	429.821138211382	5081.1747967479705	8.642276422764231	STARmap_plus	spinalcord	7	2	1	6	1.05500827668773	2	1	0	1	2	1
spinalcord_2191	698.8076923076919	5118.5641025641	10.0641025641026	STARmap_plus	spinalcord	7	2	1	6	1.05500827668773	2	1	0	1	2	1
spinalcord_2192	1264.1265060241	4235.5421686747	13.1305220883534	STARmap_plus	spinalcord	7	4	4	4	1.2316969047044	5	2	4	0	5	3
spinalcord_2193	1126.36363636364	5378.4132231405	12.198347107438	STARmap_plus	spinalcord	7	5	1	6	1.27152266621425	5	1	0	4	2	3
spinalcord_2194	934.97005988024	5278.66766467066	13.8502994011976	STARmap_plus	spinalcord	7	5	1	6	1.09351645338551	5	1	0	1	2	1
spinalcord_2195	175.965425531915	5069.34308510638	12.0744680851064	STARmap_plus	spinalcord	7	2	1	6	1.05500827668773	2	1	0	1	2	1
spinalcord_2196	1347.59375	4379.921875	12.578125	STARmap_plus	spinalcord	7	4	4	1	1.2316969047044	5	2	4	0	5	3
spinalcord_2197	687.8129251700681	4155.5306122449	12.5544217687075	STARmap_plus	spinalcord	7	4	4	6	1.24623157536453	5	2	4	1	5	3
spinalcord_2198	749.7017045454551	4271.02272727273	12.0767045454545	STARmap_plus	spinalcord	7	4	4	6	1.24623157536453	5	2	4	1	5	3
spinalcord_2199	1372.45841995842	5022.972972972971	13.5914760914761	STARmap_plus	spinalcord	7	4	4	1	1.36175610545786	5	4	4	5	5	3
spinalcord_2200	434.88937093275496	4749.85249457701	11.1279826464208	STARmap_plus	spinalcord	7	5	1	6	1.09351645338551	5	1	0	1	2	1
spinalcord_2201	1351.14440433213	5152.51985559567	12.1480144404332	STARmap_plus	spinalcord	7	4	4	7	1.30871325809995	5	4	4	1	5	3
spinalcord_2202	444.21554770318	4575.3816254417	11.1978798586572	STARmap_plus	spinalcord	7	2	1	6	1.05500827668773	2	1	0	1	2	1
spinalcord_2203	357.446646341463	4200.466463414629	13.4969512195122	STARmap_plus	spinalcord	7	5	1	7	1.33910018423228	5	4	0	1	2	3
spinalcord_2204	674.640845070423	5301.40375586854	9.87089201877934	STARmap_plus	spinalcord	7	2	1	6	1.05500827668773	2	1	0	1	2	1
spinalcord_2205	199.63824289405704	5286.95090439276	11.6899224806202	STARmap_plus	spinalcord	7	2	1	7	1.13202463008328	2	1	0	1	2	4
spinalcord_2206	890.304054054054	4441.7195945946005	8.81081081081081	STARmap_plus	spinalcord	7	4	4	6	1.24623157536453	5	2	4	1	5	3
spinalcord_2207	843.7191780821919	5452.4417808219205	10.8219178082192	STARmap_plus	spinalcord	7	2	1	7	1.13202463008328	2	1	0	1	2	4
spinalcord_2208	1179.46728971963	4695.23364485981	18.3831775700935	STARmap_plus	spinalcord	7	4	4	1	1.40026428215563	5	4	4	0	5	3
spinalcord_2209	668.575079872204	5211.3482428115	12.1533546325879	STARmap_plus	spinalcord	7	2	1	6	1.05500827668773	2	1	0	1	2	1
spinalcord_2210	798.6117936117939	4875.1351351351295	10.3660933660934	STARmap_plus	spinalcord	7	5	4	7	1.43065120828796	5	2	4	1	2	3
spinalcord_2211	1300.72891566265	4759.45180722892	13.3373493975904	STARmap_plus	spinalcord	7	4	4	1	1.2316969047044	5	2	4	0	5	3
spinalcord_2212	139.173076923077	4537.41826923077	10.5	STARmap_plus	spinalcord	7	2	1	6	1.05500827668773	2	1	0	1	2	1
spinalcord_2213	1116.53598484848	4595.23106060606	14.9659090909091	STARmap_plus	spinalcord	7	4	4	3	1.13244424530917	5	2	4	5	5	3
spinalcord_2214	621.667796610169	4307.725423728811	14.0474576271186	STARmap_plus	spinalcord	7	4	4	6	1.22399526936485	5	2	4	0	5	1
spinalcord_2215	569.694339622642	5322.87169811321	13.3849056603774	STARmap_plus	spinalcord	7	2	1	5	1.30059200753451	2	1	0	1	1	4
spinalcord_2216	196.408163265306	5154.00816326531	11.6979591836735	STARmap_plus	spinalcord	7	2	1	6	1.05500827668773	2	1	0	1	2	1
spinalcord_2217	211.68345323741	4380.93884892086	13.3705035971223	STARmap_plus	spinalcord	7	2	1	6	1.05500827668773	2	1	0	1	2	1
spinalcord_2218	283.393728222997	4638.71777003484	12.1219512195122	STARmap_plus	spinalcord	7	2	1	6	1.05500827668773	2	1	0	1	2	1
spinalcord_2219	1351.66666666667	4816.7364341085295	10.8643410852713	STARmap_plus	spinalcord	7	4	4	4	1.40026428215563	5	4	4	0	5	3
spinalcord_2220	1016.81274900398	5214.84860557769	18.262948207171306	STARmap_plus	spinalcord	7	5	4	6	1.31003084291203	5	1	0	0	2	3
spinalcord_2221	562.741935483871	4795.25089605735	13.4731182795699	STARmap_plus	spinalcord	7	4	4	7	1.25567041074205	5	2	4	4	5	3
spinalcord_2222	843.381625441696	4295.25795053004	15.7597173144876	STARmap_plus	spinalcord	7	4	4	1	1.3010116227604	5	2	4	3	5	3
spinalcord_2223	1185.62311557789	5194.291457286429	11.7386934673367	STARmap_plus	spinalcord	7	5	4	7	1.43065120828796	5	2	4	1	2	3
spinalcord_2224	461.413145539906	4919.474178403761	10.8356807511737	STARmap_plus	spinalcord	7	5	1	6	1.09351645338551	5	1	0	1	2	1
spinalcord_2225	836.546712802768	4143.498269896189	13.155709342560598	STARmap_plus	spinalcord	7	4	4	1	1.2316969047044	5	2	4	0	5	3
spinalcord_2226	331.734082397004	5376.02621722846	12.119850187265902	STARmap_plus	spinalcord	7	2	1	5	1.30059200753451	2	1	0	1	1	4
spinalcord_2227	804.868312757202	4696.87242798354	15.962962962963	STARmap_plus	spinalcord	7	4	4	4	1.2316969047044	5	2	4	0	5	3
spinalcord_2228	1179.63358778626	4431.30534351145	14.8053435114504	STARmap_plus	spinalcord	7	4	4	5	1.3010116227604	5	2	4	3	5	3
spinalcord_2229	476.0975	4138.125	14.4225	STARmap_plus	spinalcord	7	4	4	7	1.48411367087175	5	4	4	3	5	3
spinalcord_2230	1182.92268041237	5005.275773195879	13.121134020618598	STARmap_plus	spinalcord	7	4	4	3	1.36175610545786	5	4	4	5	5	3
spinalcord_2231	541.102564102564	5014.65384615385	13.8525641025641	STARmap_plus	spinalcord	7	5	1	7	1.37760836093005	5	2	0	1	2	3
spinalcord_2232	1021.12605042017	4681.33613445378	14.5126050420168	STARmap_plus	spinalcord	7	4	4	4	1.2316969047044	5	2	4	0	5	3
spinalcord_2233	630.312775330396	4954.7268722467	15.9823788546256	STARmap_plus	spinalcord	7	4	4	5	1.34722143479773	5	2	0	0	5	3
spinalcord_2234	66.824427480916	5021.98473282443	9.3206106870229	STARmap_plus	spinalcord	7	2	1	7	1.13202463008328	2	1	0	1	2	4
spinalcord_2235	1141.40220385675	4838.98898071625	14.537190082644598	STARmap_plus	spinalcord	7	4	4	1	1.40026428215563	5	4	4	0	5	3
spinalcord_2236	1087.1954887217998	4368.99248120301	11.947368421052598	STARmap_plus	spinalcord	7	4	4	4	1.2316969047044	5	2	4	0	5	3
spinalcord_2237	637.9915254237291	4610.5988700565	13.7005649717514	STARmap_plus	spinalcord	7	4	4	1	1.2316969047044	5	2	4	0	5	3
spinalcord_2238	166.740487804878	4841.931707317071	10.4936585365854	STARmap_plus	spinalcord	7	2	1	6	1.05500827668773	2	1	0	1	2	1
spinalcord_2239	65.1897233201581	4695.04743083004	8.24110671936759	STARmap_plus	spinalcord	7	2	1	6	1.05500827668773	2	1	0	1	2	1
spinalcord_2240	809.823920265781	4496.24584717608	14.4916943521595	STARmap_plus	spinalcord	7	4	4	1	1.2316969047044	5	2	4	0	5	3
spinalcord_2241	1366.5306122449	4482.1224489795895	15.5986394557823	STARmap_plus	spinalcord	7	4	4	1	1.2316969047044	5	2	4	0	5	3
spinalcord_2242	1093.8529411764698	4274.20955882353	15.2426470588235	STARmap_plus	spinalcord	7	4	4	1	1.2316969047044	5	2	4	0	5	3
spinalcord_2243	871.148936170213	4752.87943262411	8.50354609929078	STARmap_plus	spinalcord	7	4	4	7	1.24623157536453	5	2	4	1	5	3
spinalcord_2244	1294.4911111111098	5265.951111111111	15.4311111111111	STARmap_plus	spinalcord	7	4	4	2	1.36175610545786	5	4	4	5	5	3
spinalcord_2245	392.1150793650789	5207.74603174603	12.1150793650794	STARmap_plus	spinalcord	7	2	1	5	1.22357565413896	2	1	0	1	1	1
spinalcord_2246	61.1330275229358	4885.165137614679	9.45871559633028	STARmap_plus	spinalcord	7	2	1	6	1.05500827668773	2	1	0	1	2	1
spinalcord_2247	442.837545126354	5405.758122743679	12.5162454873646	STARmap_plus	spinalcord	7	2	1	5	1.30059200753451	2	1	0	1	1	4
spinalcord_2248	299.158038147139	5276.92643051771	9.98092643051771	STARmap_plus	spinalcord	7	2	1	5	1.30059200753451	2	1	0	1	1	4
spinalcord_2249	294.2	4374.90181818182	11.36	STARmap_plus	spinalcord	7	2	1	6	1.05500827668773	2	1	0	1	2	1
spinalcord_2250	1209.36893203884	4158.30097087379	17.8834951456311	STARmap_plus	spinalcord	7	4	4	1	1.2316969047044	5	2	4	0	5	3
spinalcord_2251	1061.192	4170.6720000000005	19.872	STARmap_plus	spinalcord	7	4	4	4	1.40026428215563	5	4	4	0	5	3
spinalcord_2252	945.984455958549	4159.435233160621	17.0259067357513	STARmap_plus	spinalcord	7	4	4	1	1.2316969047044	5	2	4	0	5	3
spinalcord_2253	532.54	5125.965	11.43	STARmap_plus	spinalcord	7	2	1	6	1.05500827668773	2	1	0	1	2	1
spinalcord_2254	296.340611353712	4802.69868995633	9.62445414847162	STARmap_plus	spinalcord	7	2	1	6	1.05500827668773	2	1	0	1	2	1
spinalcord_2255	1088.19897959184	4954.94897959184	10.5765306122449	STARmap_plus	spinalcord	7	4	4	1	1.40026428215563	5	4	4	0	5	3
spinalcord_2256	863.568493150685	4619.22945205479	11.777397260274	STARmap_plus	spinalcord	7	4	4	6	1.24623157536453	5	2	4	1	5	3
spinalcord_2257	953.344	5174.868	16.832	STARmap_plus	spinalcord	7	5	4	7	1.31003084291203	5	1	0	0	2	3
spinalcord_2258	924.627906976744	4277.51937984496	14.7209302325581	STARmap_plus	spinalcord	7	4	4	4	1.2316969047044	5	2	4	0	5	3
spinalcord_2259	554.5029239766079	4897.473684210529	12.906432748538	STARmap_plus	spinalcord	7	4	4	4	1.2316969047044	5	2	4	0	5	3
spinalcord_2260	216.916030534351	4511.2366412213705	13.2748091603053	STARmap_plus	spinalcord	7	2	1	6	1.05500827668773	2	1	0	1	2	1
spinalcord_2261	180.21199143469	4289.67237687366	9.65524625267666	STARmap_plus	spinalcord	7	2	1	6	1.05500827668773	2	1	0	1	2	1
spinalcord_2262	486.415662650602	4500.68674698795	6.86144578313253	STARmap_plus	spinalcord	7	2	1	6	1.05500827668773	2	1	0	1	2	1
spinalcord_2263	646.647727272727	4729.34090909091	12.8371212121212	STARmap_plus	spinalcord	7	4	4	4	1.2316969047044	5	2	4	0	5	3
spinalcord_2264	903.8536585365848	5089.88211382114	11.906504065040698	STARmap_plus	spinalcord	7	5	1	7	1.20904098347883	5	1	0	1	2	3
spinalcord_2265	1409.50632911392	5272.34810126582	12.0569620253165	STARmap_plus	spinalcord	7	4	4	4	1.36175610545786	5	4	4	5	5	3
spinalcord_2266	328.816326530612	4436.496598639461	13.3605442176871	STARmap_plus	spinalcord	7	5	1	6	1.15599813612093	2	1	0	0	2	1
spinalcord_2267	231.888888888889	5409.2160493827205	9.25925925925926	STARmap_plus	spinalcord	7	2	1	5	1.30059200753451	2	1	0	1	1	4
spinalcord_2268	30.6630434782609	5171.760869565221	10.5217391304348	STARmap_plus	spinalcord	7	2	1	7	1.13202463008328	2	1	0	1	2	4
spinalcord_2269	403.18461538461503	5309.25384615385	9.038461538461538	STARmap_plus	spinalcord	7	2	1	5	1.30059200753451	2	1	0	1	1	4
spinalcord_2270	570.273195876289	4471.82474226804	10.7938144329897	STARmap_plus	spinalcord	7	5	1	6	1.2475491601766	5	2	0	1	2	1
spinalcord_2271	732.006944444444	4503.020833333329	15.6111111111111	STARmap_plus	spinalcord	7	4	4	6	1.24623157536453	5	2	4	1	5	3
spinalcord_2272	756.039497307002	4652.61938958707	16.770197486535	STARmap_plus	spinalcord	7	4	4	1	1.2316969047044	5	2	4	0	5	3
spinalcord_2273	992.929203539823	4433.07522123894	11.5176991150442	STARmap_plus	spinalcord	7	4	4	5	1.24623157536453	5	2	4	1	5	3
spinalcord_2274	25.912751677852302	4966.4966442953	8.838926174496642	STARmap_plus	spinalcord	7	2	1	7	1.13202463008328	2	1	0	1	2	4
spinalcord_2275	1287.91228070175	4414.973684210529	11.1578947368421	STARmap_plus	spinalcord	7	4	4	4	1.2316969047044	5	2	4	0	5	3
spinalcord_2276	1079.93333333333	4690.242105263161	14.301754385964902	STARmap_plus	spinalcord	7	4	4	1	1.2316969047044	5	2	4	0	5	3
spinalcord_2277	1125.95555555556	5439.97777777778	9.54444444444444	STARmap_plus	spinalcord	7	5	1	6	1.09351645338551	5	1	0	1	2	1
spinalcord_2278	182.90579710144905	4964.77536231884	9.68115942028986	STARmap_plus	spinalcord	7	2	1	6	1.05500827668773	2	1	0	1	2	1
spinalcord_2279	1147.6818181818198	5282.96363636364	9.46363636363636	STARmap_plus	spinalcord	7	5	1	7	1.20904098347883	5	1	0	1	2	3
spinalcord_2280	1337.14114832536	4607.6985645933	10.5382775119617	STARmap_plus	spinalcord	7	4	4	1	1.40026428215563	5	4	4	0	5	3
spinalcord_2281	408.26627218934897	4508.45562130177	11.0414201183432	STARmap_plus	spinalcord	7	2	1	6	1.05500827668773	2	1	0	1	2	1
spinalcord_2282	484.63963963964005	5210.468468468471	9.06756756756757	STARmap_plus	spinalcord	7	2	1	6	1.22357565413896	2	1	0	1	1	1
spinalcord_2283	1064.43373493976	5293.31927710843	12.710843373494	STARmap_plus	spinalcord	7	5	1	6	1.20904098347883	5	1	0	1	2	3
spinalcord_2284	547.03937007874	4550.77165354331	11.2125984251969	STARmap_plus	spinalcord	7	2	1	6	1.07898178272538	2	1	0	4	2	1
spinalcord_2285	824.525925925926	4947.5975308642	11.2074074074074	STARmap_plus	spinalcord	7	5	4	7	1.43065120828796	5	2	0	0	2	3
spinalcord_2286	1014.1985645933	4848.461722488039	13.3684210526316	STARmap_plus	spinalcord	7	4	4	1	1.13244424530917	5	2	4	5	5	3
spinalcord_2287	1255.6783919598	4963.27135678392	13.2060301507538	STARmap_plus	spinalcord	7	4	4	4	1.40026428215563	5	4	4	0	5	3
spinalcord_2288	431.5625	4821.9375	10.5	STARmap_plus	spinalcord	7	5	1	7	1.20904098347883	5	1	0	1	2	3
spinalcord_2289	48.3760683760684	5109.50427350427	7.87179487179487	STARmap_plus	spinalcord	7	2	1	7	1.13202463008328	2	1	0	1	2	4
spinalcord_2290	1160.95652173913	5119.45652173913	8.06521739130435	STARmap_plus	spinalcord	7	4	4	7	1.24623157536453	5	2	4	1	5	3
spinalcord_2291	828.4811320754719	5133.264150943401	9.226415094339618	STARmap_plus	spinalcord	7	2	1	6	1.05500827668773	2	1	0	1	2	1
spinalcord_2292	105.318407960199	5094.18407960199	10.9203980099502	STARmap_plus	spinalcord	7	2	1	7	1.13202463008328	2	1	0	1	2	4
spinalcord_2293	368.575	5041.5775	10.5075	STARmap_plus	spinalcord	7	2	1	6	1.05500827668773	2	1	0	1	2	1
spinalcord_2294	963.578947368421	4501.84210526316	10.5502392344498	STARmap_plus	spinalcord	7	4	4	1	1.2316969047044	5	2	4	0	5	3
spinalcord_2295	366.839622641509	4962.547169811321	8.81132075471698	STARmap_plus	spinalcord	7	2	1	6	1.05500827668773	2	1	0	1	2	1
spinalcord_2296	1022.14876033058	4634.02066115702	15.8842975206612	STARmap_plus	spinalcord	7	4	4	1	1.2316969047044	5	2	4	0	5	3
spinalcord_2297	662.551401869159	4280.01869158879	9.33644859813084	STARmap_plus	spinalcord	7	4	4	6	1.27703811672275	5	2	4	1	5	1
spinalcord_2298	628.08064516129	4872.87096774194	12.2298387096774	STARmap_plus	spinalcord	7	5	4	6	1.43065120828796	5	2	4	1	2	3
spinalcord_2299	1276.18098159509	4853.11042944785	13.665644171779098	STARmap_plus	spinalcord	7	4	4	4	1.40026428215563	5	4	4	0	5	3
spinalcord_2300	1072.95652173913	5013.70652173913	13.9021739130435	STARmap_plus	spinalcord	7	4	4	6	1.34722143479773	5	2	0	0	5	3
spinalcord_2301	618.9601593625499	5060.22310756972	12.9721115537849	STARmap_plus	spinalcord	7	5	1	7	1.56071040904141	2	2	0	4	2	3
spinalcord_2302	1022.66433566434	4362.5034965035	10.2027972027972	STARmap_plus	spinalcord	7	4	4	1	1.2316969047044	5	2	4	0	5	3
spinalcord_2303	115.304761904762	4975.1428571428605	8.142857142857139	STARmap_plus	spinalcord	7	2	1	6	1.05500827668773	2	1	0	1	2	1
spinalcord_2304	244.53488372093	5035.1561461794	11.691029900332198	STARmap_plus	spinalcord	7	2	1	6	1.05500827668773	2	1	0	1	2	1
spinalcord_2305	356.326409495549	4633.30267062315	12.0326409495549	STARmap_plus	spinalcord	7	2	1	6	1.05500827668773	2	1	0	1	2	1
spinalcord_2306	1231.02013422819	4367.1744966443	14.0335570469799	STARmap_plus	spinalcord	7	4	4	4	1.2316969047044	5	2	4	0	5	3
spinalcord_2307	1210.1746031746002	4798.19841269841	18.317460317460306	STARmap_plus	spinalcord	7	4	4	4	1.40026428215563	5	4	4	0	5	3
spinalcord_2308	603.211538461538	4150.65865384615	12.860576923076902	STARmap_plus	spinalcord	7	4	4	6	1.24623157536453	5	2	4	1	5	3
spinalcord_2309	898.5223880597009	4364.02985074627	12.0845771144279	STARmap_plus	spinalcord	7	4	4	4	1.2316969047044	5	2	4	0	5	3
spinalcord_2310	845.9839572192509	4230.78609625668	16.2620320855615	STARmap_plus	spinalcord	7	4	4	4	1.2316969047044	5	2	4	0	5	3
spinalcord_2311	260.389380530973	4576.24778761062	11.3097345132743	STARmap_plus	spinalcord	7	2	1	6	1.05500827668773	2	1	0	1	2	1
spinalcord_2312	813.710059171598	4778.30769230769	12.905325443787	STARmap_plus	spinalcord	7	4	4	4	1.2316969047044	5	2	4	0	5	3
spinalcord_2313	372.377049180328	4891.65901639344	8.69836065573771	STARmap_plus	spinalcord	7	5	1	6	1.09351645338551	5	1	0	1	2	1
spinalcord_2314	900.666666666667	5333.733333333329	7.85	STARmap_plus	spinalcord	7	2	1	6	1.05500827668773	2	1	0	1	2	1
spinalcord_2315	677.742105263158	4492.64736842105	14.7842105263158	STARmap_plus	spinalcord	7	4	4	6	1.36175610545786	5	4	0	0	5	1
spinalcord_2316	1307.91472868217	4708.44186046512	12.1162790697674	STARmap_plus	spinalcord	7	4	4	4	1.40026428215563	5	4	4	0	5	3
spinalcord_2317	1123.55208333333	4408.822916666671	13.510416666666698	STARmap_plus	spinalcord	7	4	4	2	1.3010116227604	5	2	4	3	5	3
spinalcord_2318	1229.94791666667	4642.401041666671	17.71875	STARmap_plus	spinalcord	7	4	4	4	1.40026428215563	5	4	4	0	5	3
spinalcord_2319	1258.95098039216	4672.637254901961	16.4313725490196	STARmap_plus	spinalcord	7	4	4	4	1.36175610545786	5	4	4	5	5	3
spinalcord_2320	377.77173913043504	4833.902173913039	7.57608695652174	STARmap_plus	spinalcord	7	5	1	6	1.09351645338551	5	1	0	1	2	1
spinalcord_2321	467.126582278481	5293.67721518987	10.2215189873418	STARmap_plus	spinalcord	7	2	1	5	1.30059200753451	2	1	0	1	1	4
spinalcord_2322	1244.390625	5081.0390625	12.359375	STARmap_plus	spinalcord	7	4	4	4	1.40026428215563	5	4	4	0	5	3
spinalcord_2323	753.046511627907	5206.40697674419	6.058139534883719	STARmap_plus	spinalcord	7	2	1	6	1.05500827668773	2	1	0	1	2	1
spinalcord_2324	930.038961038961	4751.18181818182	8.62337662337662	STARmap_plus	spinalcord	7	4	4	3	1.39256264681608	5	4	4	4	5	3
spinalcord_2325	1025.94545454545	4721.490909090911	13.727272727272698	STARmap_plus	spinalcord	7	4	4	4	1.2316969047044	5	2	4	0	5	3
spinalcord_2326	1230.94557823129	4601.81632653061	15.4829931972789	STARmap_plus	spinalcord	7	4	4	4	1.36175610545786	5	4	4	5	5	3
spinalcord_2327	980.969696969697	4687.59090909091	11.9393939393939	STARmap_plus	spinalcord	7	4	4	4	1.2316969047044	5	2	4	0	5	3
spinalcord_2328	534.025125628141	4729.62311557789	9.90452261306533	STARmap_plus	spinalcord	7	5	1	7	1.37760836093005	5	2	0	1	2	3
spinalcord_2329	299.916256157635	5089.56650246305	13.443349753694598	STARmap_plus	spinalcord	7	2	1	6	0.923026257349781	2	1	0	3	2	1
spinalcord_2330	1020.9	5376.925	10.325	STARmap_plus	spinalcord	7	5	1	6	1.07898178272538	5	1	0	4	2	1
spinalcord_2331	1292.1223404255302	4340.73936170213	16.595744680851098	STARmap_plus	spinalcord	7	4	4	1	1.2316969047044	5	2	4	0	5	3
spinalcord_2332	146.05044510385798	4624.10089020772	11.097922848664698	STARmap_plus	spinalcord	7	2	1	6	1.05500827668773	2	1	0	1	2	1
spinalcord_2333	252.14285714285705	5171.836734693879	10.0204081632653	STARmap_plus	spinalcord	7	2	1	7	1.13202463008328	2	1	0	1	2	4
spinalcord_2334	1297.50828729282	5025.060773480661	13.6685082872928	STARmap_plus	spinalcord	7	4	4	6	1.36175610545786	5	4	4	5	5	3
spinalcord_2335	579.666666666667	4957.083333333329	15.25	STARmap_plus	spinalcord	7	4	4	6	1.34722143479773	5	2	0	0	5	3
spinalcord_2336	1366.3987473904	4907.28392484342	11.7974947807933	STARmap_plus	spinalcord	7	4	4	3	1.36175610545786	5	4	4	5	5	3
spinalcord_2337	584.665	4395.0375	16.0125	STARmap_plus	spinalcord	7	4	4	6	1.36175610545786	5	4	0	0	5	1
spinalcord_2338	498.541176470588	4838.51764705882	14.1607843137255	STARmap_plus	spinalcord	7	4	4	7	1.29157278738288	5	1	0	5	5	3
spinalcord_2339	1217.57425742574	4705.53465346535	17.2772277227723	STARmap_plus	spinalcord	7	4	4	7	1.30871325809995	5	4	4	1	5	3
spinalcord_2340	916.318965517241	4220.11206896552	15.4827586206897	STARmap_plus	spinalcord	7	4	4	1	1.2316969047044	5	2	4	0	5	3
spinalcord_2341	110.039215686275	5165.57843137255	10.6666666666667	STARmap_plus	spinalcord	7	2	1	7	1.13202463008328	2	1	0	1	2	4
spinalcord_2342	604.169811320755	5216.94339622641	12.6981132075472	STARmap_plus	spinalcord	7	2	1	7	1.13202463008328	2	1	0	1	2	4
spinalcord_2343	1419.38043478261	5106.91304347826	21.2282608695652	STARmap_plus	spinalcord	7	4	4	7	1.30871325809995	5	4	4	1	5	3
spinalcord_2344	1242.53333333333	4763.033333333329	14.95	STARmap_plus	spinalcord	7	4	4	1	1.40026428215563	5	4	4	0	5	3
spinalcord_2345	973.221153846154	4740.89423076923	10.6057692307692	STARmap_plus	spinalcord	7	4	4	1	1.2316969047044	5	2	4	0	5	3
spinalcord_2346	417.066666666667	4415.14814814815	11.4740740740741	STARmap_plus	spinalcord	7	2	1	6	1.05500827668773	2	1	0	1	2	1
spinalcord_2347	1136.4793814433	4680.82474226804	14.4278350515464	STARmap_plus	spinalcord	7	4	4	4	1.40026428215563	5	4	4	0	5	3
spinalcord_2348	769.1771428571429	5112.88	9.37714285714286	STARmap_plus	spinalcord	7	5	1	6	1.17053280678105	2	1	0	1	2	3
spinalcord_2349	542.0970873786409	4334.915048543689	13.754854368932	STARmap_plus	spinalcord	7	4	4	4	1.22399526936485	5	2	4	0	5	1
spinalcord_2350	81.5714285714286	4534.47899159664	8.31932773109244	STARmap_plus	spinalcord	7	2	1	6	1.05500827668773	2	1	0	1	2	1
spinalcord_2351	1350.79591836735	4257.17346938776	11.734693877551	STARmap_plus	spinalcord	7	4	4	1	1.2316969047044	5	2	4	0	5	3
spinalcord_2352	518.674157303371	5313.05617977528	10.359550561797802	STARmap_plus	spinalcord	7	2	1	5	1.30059200753451	2	1	0	1	1	4
spinalcord_2353	1920.30337078652	5001.741573033711	16.938202247191	STARmap_plus	spinalcord	7	6	0	4	1.52220223234363	1	2	4	0	6	2
spinalcord_2354	2260.15884476534	4855.84115523466	12.4873646209386	STARmap_plus	spinalcord	7	6	0	4	1.2475491601766	1	6	2	0	6	2
spinalcord_2355	2370.6266094420603	4216.1845493562205	14.8948497854077	STARmap_plus	spinalcord	7	6	0	4	1.2475491601766	1	6	2	0	6	2
spinalcord_2356	2208.30612244898	5228.11224489796	15.1632653061224	STARmap_plus	spinalcord	7	4	4	4	1.14655930074341	1	2	4	0	7	3
spinalcord_2357	2517.5	5288.10714285714	14.4642857142857	STARmap_plus	spinalcord	7	6	0	4	1.22357565413896	1	2	2	0	7	2
spinalcord_2358	2667.46103896104	4830.11688311688	15.4350649350649	STARmap_plus	spinalcord	7	6	0	4	1.22357565413896	1	2	2	0	7	2
spinalcord_2359	2507.06382978723	5030.67659574468	19.4127659574468	STARmap_plus	spinalcord	7	6	0	4	1.22357565413896	1	2	2	0	7	2
spinalcord_2360	1862.19072164948	4317.54639175258	16.5618556701031	STARmap_plus	spinalcord	7	6	0	4	1.01650009998996	1	6	2	0	7	2
spinalcord_2361	2031.71897810219	5037.84124087591	13.456204379562	STARmap_plus	spinalcord	7	6	0	4	1.27152266621425	1	6	4	0	6	3
spinalcord_2362	1560.73737373737	5371.88888888889	10.1313131313131	STARmap_plus	spinalcord	7	4	4	7	1.24623157536453	5	2	4	1	5	3
spinalcord_2363	1780.7782805429897	4301.34389140271	14.8506787330317	STARmap_plus	spinalcord	7	6	0	4	1.01650009998996	1	6	2	0	7	2
spinalcord_2364	2729.8104693140804	4349.44223826715	12.5848375451264	STARmap_plus	spinalcord	7	6	0	4	1.22357565413896	1	2	2	0	7	2
spinalcord_2365	2705.28971962617	4951.91588785047	19.0747663551402	STARmap_plus	spinalcord	7	6	0	4	1.22357565413896	1	2	2	0	7	2
spinalcord_2366	2253.61538461538	4606.60749506903	19.096646942800803	STARmap_plus	spinalcord	7	6	0	4	1.2475491601766	1	6	2	0	6	2
spinalcord_2367	2391.57588357588	4487.305613305611	10.2286902286902	STARmap_plus	spinalcord	7	6	0	4	1.2475491601766	1	6	2	0	6	2
spinalcord_2368	2201.75	4925.78779069767	13.9302325581395	STARmap_plus	spinalcord	7	6	0	4	1.44518587894808	1	2	2	0	6	2
spinalcord_2369	1475.4923954372598	4891.36977186312	11.6596958174905	STARmap_plus	spinalcord	7	4	4	2	1.36175610545786	5	4	4	5	5	3
spinalcord_2370	2217.01923076923	4308.66923076923	16.0961538461538	STARmap_plus	spinalcord	7	6	0	4	1.2475491601766	1	6	2	0	6	2
spinalcord_2371	1825.17081850534	4813.9537366548	21.1245551601424	STARmap_plus	spinalcord	7	6	0	4	1.2475491601766	1	6	2	0	6	2
spinalcord_2372	2260.1549586776896	4759.29752066116	16.8264462809917	STARmap_plus	spinalcord	7	6	0	4	1.2475491601766	1	6	2	0	6	2
spinalcord_2373	1889.6360902255603	4727.64210526316	16.3142857142857	STARmap_plus	spinalcord	7	6	0	4	1.2475491601766	1	6	2	0	6	2
spinalcord_2374	2401.61146496815	5387.23566878981	11.7579617834395	STARmap_plus	spinalcord	7	4	4	4	1.14655930074341	1	2	4	0	7	3
spinalcord_2375	2134.08133971292	4333.33492822966	9.82296650717703	STARmap_plus	spinalcord	7	6	0	4	1.44518587894808	1	2	2	0	6	2
spinalcord_2376	2722.58273381295	4273.23021582734	13.6474820143885	STARmap_plus	spinalcord	7	6	0	4	1.30059200753451	1	2	2	4	7	2
spinalcord_2377	2081.98771498772	4694.71498771499	20.8034398034398	STARmap_plus	spinalcord	7	6	0	4	1.2475491601766	1	6	2	0	6	2
spinalcord_2378	1780.66358024691	4638.098765432101	13.2006172839506	STARmap_plus	spinalcord	7	6	0	4	1.2475491601766	1	6	2	0	6	2
spinalcord_2379	2552.7168141592897	4953.41592920354	15.7699115044248	STARmap_plus	spinalcord	7	6	0	4	1.22357565413896	1	2	2	0	7	2
spinalcord_2380	1487.92857142857	4592.70779220779	18.129870129870103	STARmap_plus	spinalcord	7	6	0	4	1.52220223234363	1	2	4	0	6	2
spinalcord_2381	2288.10802469136	4233.75617283951	19.1851851851852	STARmap_plus	spinalcord	7	6	0	4	1.2475491601766	1	6	2	0	6	2
spinalcord_2382	1957.36261261261	4808.48423423423	13.8378378378378	STARmap_plus	spinalcord	7	6	0	4	1.2475491601766	1	6	2	0	6	2
spinalcord_2383	1609.9930434782598	4421.47652173913	16.7460869565217	STARmap_plus	spinalcord	7	6	0	4	1.2475491601766	1	6	2	0	6	2
spinalcord_2384	1741.5602409638598	5373.61445783133	17.2710843373494	STARmap_plus	spinalcord	7	4	4	6	1.22399526936485	5	2	4	0	5	1
spinalcord_2385	1710.68398268398	4192.264069264071	18.4805194805195	STARmap_plus	spinalcord	7	4	4	4	1.23301448951648	5	6	4	0	7	3
spinalcord_2386	1581.3046594982095	5214.97491039426	14.114695340501802	STARmap_plus	spinalcord	7	4	4	7	1.36175610545786	5	4	4	5	5	3
spinalcord_2387	1837.0641025641	4269.52564102564	14.2948717948718	STARmap_plus	spinalcord	7	6	0	4	0.783528221218809	1	6	2	0	7	3
spinalcord_2388	2579.02166064982	4753.01805054152	12.5342960288809	STARmap_plus	spinalcord	7	6	0	4	1.22357565413896	1	2	2	0	7	2
spinalcord_2389	1918.33288227334	5205.29905277402	13.9932341001353	STARmap_plus	spinalcord	7	4	4	4	1.39214303159018	5	2	4	0	6	3
spinalcord_2390	2748.9782608695696	4218.4782608695705	18.9782608695652	STARmap_plus	spinalcord	7	6	0	4	1.22357565413896	1	2	2	0	7	2
spinalcord_2391	2450.50657894737	4702.11184210526	19.9605263157895	STARmap_plus	spinalcord	7	6	0	4	1.2475491601766	1	6	2	0	6	2
spinalcord_2392	1745.71814671815	4740.29343629344	19.6679536679537	STARmap_plus	spinalcord	7	6	0	4	1.2475491601766	1	6	2	0	6	2
spinalcord_2393	1504.86356073211	4776.961730449249	18.4492512479201	STARmap_plus	spinalcord	7	6	0	4	1.27152266621425	1	6	4	0	6	3
spinalcord_2394	1516.85098039216	4706.0313725490205	19.8274509803922	STARmap_plus	spinalcord	7	6	0	4	1.44518587894808	1	2	2	0	6	2
spinalcord_2395	2059.64214046823	5148.67335562988	14.9353400222965	STARmap_plus	spinalcord	7	6	0	4	1.27152266621425	1	6	4	0	6	3
spinalcord_2396	2608.84403669725	4157.327217125379	16.8562691131498	STARmap_plus	spinalcord	7	6	0	4	1.22357565413896	1	2	2	0	7	2
spinalcord_2397	2192.53992395437	4828.954372623571	14.003802281368802	STARmap_plus	spinalcord	7	6	0	4	1.2475491601766	1	6	2	0	6	2
spinalcord_2398	1622.9926470588198	4695.8602941176505	17.477941176470598	STARmap_plus	spinalcord	7	6	0	4	1.2475491601766	1	6	2	0	6	2
spinalcord_2399	2031.4340659340696	4258.40659340659	12.906593406593402	STARmap_plus	spinalcord	7	4	4	4	0.969540169084462	1	2	2	5	5	3
spinalcord_2400	1694.17134831461	5056.6404494382	14.3679775280899	STARmap_plus	spinalcord	7	4	4	1	1.2316969047044	5	2	4	0	5	3
spinalcord_2401	2273.7638888888896	4314.05555555556	15.7685185185185	STARmap_plus	spinalcord	7	6	0	4	1.2475491601766	1	6	2	0	6	2
spinalcord_2402	2452.3272727272697	4787.30909090909	18.3636363636364	STARmap_plus	spinalcord	7	6	0	4	1.2475491601766	1	6	2	0	6	2
spinalcord_2403	1688.72121212121	5270.490909090911	15.2878787878788	STARmap_plus	spinalcord	7	4	4	6	1.36175610545786	5	4	4	5	5	3
spinalcord_2404	1675.4408163265302	4666.16734693878	20.1061224489796	STARmap_plus	spinalcord	7	6	0	4	1.2475491601766	1	6	2	0	6	2
spinalcord_2405	1810.4966442953	4474.4966442953	16.2348993288591	STARmap_plus	spinalcord	7	6	0	4	1.2475491601766	1	6	2	0	6	2
spinalcord_2406	2719.9377990430603	5291.8947368421	11.5885167464115	STARmap_plus	spinalcord	7	4	4	4	1.14655930074341	1	2	4	0	7	3
spinalcord_2407	1899.85977859779	5315.83394833948	13.4686346863469	STARmap_plus	spinalcord	7	4	4	1	1.2316969047044	5	2	4	0	5	3
spinalcord_2408	2694.9677419354803	5115.6258064516105	16.7290322580645	STARmap_plus	spinalcord	7	6	0	4	1.2475491601766	1	6	2	0	6	2
spinalcord_2409	2437.73195876289	5451.94845360825	15.1649484536082	STARmap_plus	spinalcord	7	4	5	6	1.43065120828796	1	2	4	1	7	1
spinalcord_2410	2087.81395348837	4175.60465116279	10.6046511627907	STARmap_plus	spinalcord	7	6	0	4	1.22357565413896	1	2	2	0	7	2
spinalcord_2411	2404.04819277108	5273.22891566265	14.9518072289157	STARmap_plus	spinalcord	7	6	0	4	1.22357565413896	1	2	2	0	7	2
spinalcord_2412	2020.7272727272696	5339.3579545454495	13.0284090909091	STARmap_plus	spinalcord	7	4	4	1	1.2316969047044	5	2	4	0	5	3
spinalcord_2413	2012.43564356436	4504.43069306931	13.8168316831683	STARmap_plus	spinalcord	7	6	0	4	1.44518587894808	1	2	2	0	6	2
spinalcord_2414	2648.7446808510604	4658.90070921986	10.8510638297872	STARmap_plus	spinalcord	7	6	0	4	1.30059200753451	1	2	2	1	7	2
spinalcord_2415	2333.73684210526	5148.35789473684	16.3052631578947	STARmap_plus	spinalcord	7	6	0	4	1.22357565413896	1	2	2	0	7	2
spinalcord_2416	1512.2086092715197	5280.4238410596	15.3543046357616	STARmap_plus	spinalcord	7	4	4	3	1.36175610545786	5	4	4	5	5	3
spinalcord_2417	1683.1338028169	4913.39436619718	10.9859154929577	STARmap_plus	spinalcord	7	4	4	4	1.2479687754025	1	2	4	0	5	3
spinalcord_2418	1544.1737089201902	4973.29577464789	11.3638497652582	STARmap_plus	spinalcord	7	4	4	5	1.36175610545786	5	4	4	5	5	3
spinalcord_2419	2537.62765957447	5200.66489361702	15.228723404255302	STARmap_plus	spinalcord	7	6	0	4	1.22357565413896	1	2	2	0	7	2
spinalcord_2420	2145.39512195122	5393.409756097561	14.5024390243902	STARmap_plus	spinalcord	7	4	4	6	1.22399526936485	5	2	4	0	5	1
spinalcord_2421	1504.84552845528	4274.105691056911	19.0569105691057	STARmap_plus	spinalcord	7	4	4	4	1.44518587894808	5	6	4	0	6	3
spinalcord_2422	1570.86338797814	4617.30601092896	14.4153005464481	STARmap_plus	spinalcord	7	6	0	4	1.50766756168351	1	2	2	3	6	2
spinalcord_2423	2204.51851851852	4420.96581196581	18.3005698005698	STARmap_plus	spinalcord	7	6	0	4	1.2475491601766	1	6	2	0	6	2
spinalcord_2424	2010.89864864865	4345.60810810811	11.6824324324324	STARmap_plus	spinalcord	7	6	0	4	1.44518587894808	1	2	2	0	6	2
spinalcord_2425	2281.57421875	5019.01171875	14.7265625	STARmap_plus	spinalcord	7	6	0	4	1.22357565413896	1	2	2	0	7	2
spinalcord_2426	2315.0635451505	4686.30434782609	18.314381270903	STARmap_plus	spinalcord	7	6	0	4	1.2475491601766	1	6	2	0	6	2
spinalcord_2427	2019.9421487603304	5406.636363636359	12.0661157024793	STARmap_plus	spinalcord	7	4	4	6	1.27703811672275	5	2	4	1	5	1
spinalcord_2428	1877.0963855421696	5428.25301204819	15.3734939759036	STARmap_plus	spinalcord	7	5	4	6	1.18548709266708	5	2	0	0	5	1
spinalcord_2429	1862.84982935154	4898.01365187713	17.853242320819103	STARmap_plus	spinalcord	7	6	0	4	1.27152266621425	1	6	4	0	6	3
spinalcord_2430	2715.52898550725	4688.53623188406	20.6739130434783	STARmap_plus	spinalcord	7	6	0	4	1.22357565413896	1	2	2	0	7	2
spinalcord_2431	1956.10256410256	4256.41025641026	20.2222222222222	STARmap_plus	spinalcord	7	6	0	4	1.30059200753451	1	2	2	0	6	3
spinalcord_2432	2018.90725806452	4870.72983870968	18.0685483870968	STARmap_plus	spinalcord	7	6	0	4	1.52220223234363	1	2	4	0	6	2
spinalcord_2433	2709.77647058824	4559.65882352941	21.2470588235294	STARmap_plus	spinalcord	7	6	0	4	1.2475491601766	1	2	2	3	7	2
spinalcord_2434	2326.9797979798	4458.81818181818	15.3535353535354	STARmap_plus	spinalcord	7	6	0	4	1.2475491601766	1	6	2	0	6	2
spinalcord_2435	1916.10666666667	4644.24888888889	18.2044444444444	STARmap_plus	spinalcord	7	6	0	4	1.44518587894808	1	2	2	0	6	2
spinalcord_2436	1731.08633093525	4833.629496402879	21.1654676258993	STARmap_plus	spinalcord	7	6	0	4	1.05500827668773	1	6	2	0	6	3
spinalcord_2437	1615.87958115183	4763.80366492147	16.8429319371728	STARmap_plus	spinalcord	7	6	0	4	1.2475491601766	1	6	2	0	6	2
spinalcord_2438	2571.56043956044	5388.879120879121	16.1868131868132	STARmap_plus	spinalcord	7	4	4	4	1.14655930074341	1	2	4	0	7	3
spinalcord_2439	2193.18811881188	5144.35643564356	13.6782178217822	STARmap_plus	spinalcord	7	6	0	4	0.783528221218809	1	6	2	0	7	3
spinalcord_2440	2405.3062730627303	5037.0405904059	14.4760147601476	STARmap_plus	spinalcord	7	6	0	4	1.22357565413896	1	2	2	0	7	2
spinalcord_2441	2577.23841059603	4655.1059602649	6.715231788079469	STARmap_plus	spinalcord	7	6	0	4	1.30059200753451	1	2	2	1	7	2
spinalcord_2442	1954.68115942029	4168.67753623188	18.4927536231884	STARmap_plus	spinalcord	7	6	0	4	1.02593893536748	1	2	2	0	7	3
spinalcord_2443	2144.2037037037	4698.0	15.9876543209877	STARmap_plus	spinalcord	7	6	0	4	1.2475491601766	1	6	2	0	6	2
spinalcord_2444	2747.0818713450303	4896.0701754386	16.643274853801202	STARmap_plus	spinalcord	7	6	0	4	1.22357565413896	1	2	2	0	7	2
spinalcord_2445	1476.36507936508	5135.44973544974	14.994708994709	STARmap_plus	spinalcord	7	4	4	4	1.40026428215563	5	4	4	0	5	3
spinalcord_2446	2506.90789473684	4838.2302631579	18.1118421052632	STARmap_plus	spinalcord	7	6	0	4	1.22357565413896	1	2	2	0	7	2
spinalcord_2447	1573.17283950617	5450.17283950617	14.7037037037037	STARmap_plus	spinalcord	7	5	4	6	1.37760836093005	5	1	0	0	7	1
spinalcord_2448	2635.0208333333303	4925.67361111111	20.7916666666667	STARmap_plus	spinalcord	7	6	0	4	1.22357565413896	1	2	2	0	7	2
spinalcord_2449	1973.93333333333	4725.63333333333	12.444444444444402	STARmap_plus	spinalcord	7	6	0	4	1.2475491601766	1	6	2	0	6	2
spinalcord_2450	1641.94666666667	4598.66	12.8	STARmap_plus	spinalcord	7	6	0	4	1.44518587894808	1	2	2	0	6	2
spinalcord_2451	2026.64102564103	4178.76923076923	13.4615384615385	STARmap_plus	spinalcord	7	6	4	4	1.10295528876303	1	2	2	3	7	3
spinalcord_2452	2379.7277777777804	4772.44722222222	19.9805555555556	STARmap_plus	spinalcord	7	6	0	4	1.2475491601766	1	6	2	0	6	2
spinalcord_2453	2125.49838187702	4833.82524271845	16.9644012944984	STARmap_plus	spinalcord	7	6	0	4	1.2475491601766	1	6	2	0	6	2
spinalcord_2454	2558.31775700935	5084.38629283489	20.626168224299104	STARmap_plus	spinalcord	7	6	0	4	1.44518587894808	1	2	2	0	6	2
spinalcord_2455	1566.0	4331.74169741697	20.9409594095941	STARmap_plus	spinalcord	7	6	0	4	1.2475491601766	1	6	2	0	6	2
spinalcord_2456	2763.2098765432106	4982.098765432101	15.5925925925926	STARmap_plus	spinalcord	7	6	0	4	1.52220223234363	1	2	2	4	6	2
spinalcord_2457	2460.62127659574	4463.0340425531895	9.02978723404255	STARmap_plus	spinalcord	7	6	0	4	1.44518587894808	1	2	2	0	6	2
spinalcord_2458	1945.68292682927	4373.61585365854	12.6829268292683	STARmap_plus	spinalcord	7	6	0	4	1.05500827668773	1	6	2	0	6	3
spinalcord_2459	1727.39912280702	4528.7850877193	18.5570175438597	STARmap_plus	spinalcord	7	6	0	4	1.2475491601766	1	6	2	0	6	2
spinalcord_2460	2530.62162162162	4467.95135135135	16.6702702702703	STARmap_plus	spinalcord	7	6	0	4	1.44518587894808	1	2	2	0	6	2
spinalcord_2461	1960.45833333333	4317.6875	12.458333333333302	STARmap_plus	spinalcord	7	6	0	4	1.44518587894808	1	2	2	0	6	2
spinalcord_2462	1758.87567567568	4478.6027027027	16.727027027027	STARmap_plus	spinalcord	7	6	0	4	1.2475491601766	1	6	2	0	6	2
spinalcord_2463	2576.5737704918	5305.77049180328	22.0081967213115	STARmap_plus	spinalcord	7	4	4	4	1.14655930074341	1	2	4	0	7	3
spinalcord_2464	1614.0700934579402	4827.341121495329	16.2943925233645	STARmap_plus	spinalcord	7	6	0	4	1.27152266621425	1	6	4	0	6	3
spinalcord_2465	1843.88333333333	4420.74444444444	17.405555555555598	STARmap_plus	spinalcord	7	6	0	4	1.2475491601766	1	6	2	0	6	2
spinalcord_2466	2258.2964824120604	4136.638190954771	14.5929648241206	STARmap_plus	spinalcord	7	6	0	4	1.44518587894808	1	2	2	0	6	2
spinalcord_2467	2124.48956356736	4585.70777988615	10.4554079696395	STARmap_plus	spinalcord	7	6	0	4	1.2475491601766	1	6	2	0	6	2
spinalcord_2468	1598.86486486486	5117.22972972973	12.3648648648649	STARmap_plus	spinalcord	7	4	4	3	1.36175610545786	5	4	4	5	5	3
spinalcord_2469	2637.06488549618	4270.4427480916	11.9083969465649	STARmap_plus	spinalcord	7	6	0	4	1.22357565413896	1	2	2	0	7	2
spinalcord_2470	2340.08474576271	5306.310734463279	19.7062146892655	STARmap_plus	spinalcord	7	4	4	4	1.14655930074341	1	2	4	0	7	3
spinalcord_2471	2489.21621621622	4948.38738738739	17.2612612612613	STARmap_plus	spinalcord	7	6	0	4	1.22357565413896	1	2	2	0	7	2
spinalcord_2472	1780.92337164751	4235.3946360153295	19.1685823754789	STARmap_plus	spinalcord	7	4	4	4	1.14655930074341	1	2	4	0	7	3
spinalcord_2473	2757.46376811594	4644.20289855072	11.2028985507246	STARmap_plus	spinalcord	7	6	0	4	1.30059200753451	1	2	2	1	7	2
spinalcord_2474	1928.2296296296304	4421.75555555556	16.1481481481481	STARmap_plus	spinalcord	7	6	0	4	1.2475491601766	1	6	2	0	6	2
spinalcord_2475	2086.4358974359	4767.35897435897	11.1025641025641	STARmap_plus	spinalcord	7	6	0	4	1.2475491601766	1	6	2	0	6	2
spinalcord_2476	2502.25130890052	4251.87958115183	15.8586387434555	STARmap_plus	spinalcord	7	6	0	4	1.2475491601766	1	6	2	0	6	2
spinalcord_2477	2686.5020576131697	5012.2633744856	18.1358024691358	STARmap_plus	spinalcord	7	6	0	4	1.52220223234363	1	2	2	4	6	2
spinalcord_2478	2072.68786127168	4885.1676300578	16.8612716763006	STARmap_plus	spinalcord	7	6	0	4	1.44518587894808	1	2	2	0	6	2
spinalcord_2479	2581.0125	5125.5625	16.0	STARmap_plus	spinalcord	7	6	0	4	1.44518587894808	1	2	2	0	6	2
spinalcord_2480	1488.06382978723	4460.936170212771	14.1843971631206	STARmap_plus	spinalcord	7	6	0	4	1.2475491601766	1	6	2	0	6	2
spinalcord_2481	2157.42105263158	4248.09473684211	13.2210526315789	STARmap_plus	spinalcord	7	6	0	4	1.22357565413896	1	2	2	0	7	2
spinalcord_2482	2483.52564102564	4183.74358974359	17.884615384615397	STARmap_plus	spinalcord	7	6	0	4	1.2475491601766	1	6	2	0	6	2
spinalcord_2483	2613.72222222222	4212.6428571428605	19.3492063492063	STARmap_plus	spinalcord	7	6	0	4	1.22357565413896	1	2	2	0	7	2
spinalcord_2484	2730.95294117647	4806.4	17.847058823529398	STARmap_plus	spinalcord	7	6	0	4	1.22357565413896	1	2	2	0	7	2
spinalcord_2485	1491.7701149425302	4355.42911877395	18.570881226053604	STARmap_plus	spinalcord	7	6	0	4	1.27152266621425	1	6	4	0	6	3
spinalcord_2486	2132.94306049822	5073.35943060498	11.964412811387902	STARmap_plus	spinalcord	7	6	0	4	1.2475491601766	1	6	2	0	6	2
spinalcord_2487	1618.1617647058802	5367.42647058824	14.1838235294118	STARmap_plus	spinalcord	7	4	4	4	1.40026428215563	5	4	4	0	5	3
spinalcord_2488	2653.5632183908	4755.2183908046	11.1954022988506	STARmap_plus	spinalcord	7	6	0	4	1.22357565413896	1	2	2	0	7	2
spinalcord_2489	2493.07006369427	4309.375796178339	18.515923566879	STARmap_plus	spinalcord	7	6	0	4	1.44518587894808	1	2	2	0	6	2
spinalcord_2490	1431.55675675676	4622.67567567568	12.3243243243243	STARmap_plus	spinalcord	7	4	4	4	1.39214303159018	5	2	4	0	6	3
spinalcord_2491	1435.21212121212	4447.75757575758	11.9545454545455	STARmap_plus	spinalcord	7	4	0	4	1.39214303159018	1	2	4	0	6	3
spinalcord_2492	1693.19841269841	4566.93650793651	16.920634920634903	STARmap_plus	spinalcord	7	6	0	4	1.2475491601766	1	6	2	0	6	2
spinalcord_2493	1870.69333333333	4998.306666666671	18.2	STARmap_plus	spinalcord	7	4	0	4	1.39214303159018	1	2	4	0	6	3
spinalcord_2494	2519.5686274509803	4688.333333333329	12.2745098039216	STARmap_plus	spinalcord	7	6	0	4	1.44518587894808	1	2	2	0	6	2
spinalcord_2495	2595.0987654321	5037.93827160494	22.3333333333333	STARmap_plus	spinalcord	7	6	0	4	1.44518587894808	1	2	2	0	6	2
spinalcord_2496	2423.6666666666697	5334.62962962963	21.0462962962963	STARmap_plus	spinalcord	7	4	4	4	1.14655930074341	1	2	4	0	7	3
spinalcord_2497	1536.8417721519	4460.1582278481	17.3291139240506	STARmap_plus	spinalcord	7	6	0	4	1.2475491601766	1	6	2	0	6	2
spinalcord_2498	2698.25833333333	4212.966666666671	14.5333333333333	STARmap_plus	spinalcord	7	6	0	4	1.22357565413896	1	2	2	0	7	2
spinalcord_2499	1619.87572254335	5261.97398843931	15.9913294797688	STARmap_plus	spinalcord	7	4	4	4	1.36175610545786	5	4	4	5	5	3
spinalcord_2500	2574.98333333333	4994.93333333333	18.65	STARmap_plus	spinalcord	7	6	0	4	1.22357565413896	1	2	2	0	7	2
spinalcord_2501	1675.61538461538	4879.84615384615	15.3076923076923	STARmap_plus	spinalcord	7	4	0	4	1.39214303159018	1	2	4	0	6	3
spinalcord_2502	1802.13438735178	5000.66403162055	16.1581027667984	STARmap_plus	spinalcord	7	4	0	4	1.39214303159018	1	2	4	0	6	3
spinalcord_2503	2483.45454545455	4641.333333333329	16.5454545454545	STARmap_plus	spinalcord	7	6	0	4	1.44518587894808	1	2	2	0	6	2
spinalcord_2504	2115.4563106796104	4986.97087378641	12.631067961165	STARmap_plus	spinalcord	7	6	0	4	1.3010116227604	1	2	2	0	5	2
spinalcord_2505	1829.03846153846	4521.47692307692	15.7230769230769	STARmap_plus	spinalcord	7	6	0	4	1.2475491601766	1	6	2	0	6	2
spinalcord_2506	2446.07894736842	4974.81578947368	13.1315789473684	STARmap_plus	spinalcord	7	6	0	4	1.22357565413896	1	2	2	0	7	2
spinalcord_2507	2526.23300970874	4883.59223300971	21.4174757281553	STARmap_plus	spinalcord	7	6	0	4	1.22357565413896	1	2	2	0	7	2
spinalcord_2508	2269.45955882353	4505.6102941176505	16.1433823529412	STARmap_plus	spinalcord	7	6	0	4	1.2475491601766	1	6	2	0	6	2
spinalcord_2509	2026.11147540984	4759.99344262295	19.0459016393443	STARmap_plus	spinalcord	7	6	0	4	1.2475491601766	1	6	2	0	6	2
spinalcord_2510	2666.86274509804	4730.8431372549	21.254901960784306	STARmap_plus	spinalcord	7	6	0	4	1.22357565413896	1	2	2	0	7	2
spinalcord_2511	1662.1129568106303	5204.40199335548	12.6976744186047	STARmap_plus	spinalcord	7	4	4	7	1.36175610545786	5	4	4	5	5	3
spinalcord_2512	2492.17647058824	5343.39215686274	18.6176470588235	STARmap_plus	spinalcord	7	4	4	4	1.14655930074341	1	2	4	0	7	3
spinalcord_2513	1714.3	5184.13333333333	9.5	STARmap_plus	spinalcord	7	4	4	1	1.40026428215563	5	4	4	0	5	3
spinalcord_2514	2172.31736526946	4768.22754491018	14.7125748502994	STARmap_plus	spinalcord	7	6	0	4	1.2475491601766	1	6	2	0	6	2
spinalcord_2515	1725.9242424242402	4312.08712121212	16.780303030303	STARmap_plus	spinalcord	7	6	0	4	1.22357565413896	1	2	2	0	7	2
spinalcord_2516	2475.41904761905	5412.533333333329	19.0095238095238	STARmap_plus	spinalcord	7	4	4	4	1.14655930074341	1	2	4	0	7	3
spinalcord_2517	1851.26315789474	5332.78947368421	8.57894736842105	STARmap_plus	spinalcord	7	4	4	5	1.24623157536453	5	2	4	1	5	3
spinalcord_2518	2331.71138211382	4372.62601626016	18.658536585365898	STARmap_plus	spinalcord	7	6	0	4	1.2475491601766	1	6	2	0	6	2
spinalcord_2519	2330.3654822335	4319.92385786802	17.583756345177697	STARmap_plus	spinalcord	7	6	0	4	1.2475491601766	1	6	2	0	6	2
spinalcord_2520	2745.27619047619	5077.666666666671	13.7142857142857	STARmap_plus	spinalcord	7	6	0	4	1.2475491601766	1	6	2	0	6	2
spinalcord_2521	2269.33628318584	5180.27433628319	17.8495575221239	STARmap_plus	spinalcord	7	6	0	4	1.02593893536748	1	2	2	0	7	3
spinalcord_2522	1892.80303030303	4541.5454545454495	9.54924242424242	STARmap_plus	spinalcord	7	6	0	4	1.2475491601766	1	6	2	0	6	2
spinalcord_2523	1882.31775700935	4236.31775700935	19.4953271028037	STARmap_plus	spinalcord	7	6	0	4	1.30059200753451	1	2	2	0	6	3
spinalcord_2524	1625.40776699029	5066.0	8.52427184466019	STARmap_plus	spinalcord	7	4	4	1	1.36175610545786	5	4	4	5	5	3
spinalcord_2525	1938.9375	5042.0625	12.65625	STARmap_plus	spinalcord	7	4	0	4	1.39214303159018	1	2	4	0	6	3
spinalcord_2526	2577.06818181818	4898.954545454551	16.25	STARmap_plus	spinalcord	7	6	0	4	1.22357565413896	1	2	2	0	7	2
spinalcord_2527	2497.97297297297	4780.93243243243	16.5135135135135	STARmap_plus	spinalcord	7	6	0	4	1.01650009998996	1	6	2	0	7	2
spinalcord_2528	2559.59259259259	5265.407407407411	16.7962962962963	STARmap_plus	spinalcord	7	6	0	4	1.22357565413896	1	2	2	0	7	2
spinalcord_2529	1965.38461538462	5307.704142011829	11.2307692307692	STARmap_plus	spinalcord	7	4	4	4	1.2316969047044	5	2	4	0	5	3
spinalcord_2530	1811.90625	5369.583333333329	16.6145833333333	STARmap_plus	spinalcord	7	4	4	3	1.25567041074205	5	2	4	4	5	3
spinalcord_2531	2317.8115942029	4850.14492753623	14.7536231884058	STARmap_plus	spinalcord	7	6	0	4	1.2475491601766	1	6	2	0	6	2
spinalcord_2532	2637.09090909091	5095.53787878788	19.280303030303	STARmap_plus	spinalcord	7	6	0	4	1.44518587894808	1	2	2	0	6	2
spinalcord_2533	2060.88659793814	4349.474226804121	9.7319587628866	STARmap_plus	spinalcord	7	6	0	4	1.30059200753451	1	2	2	0	6	3
spinalcord_2534	1477.81720430108	4647.68817204301	20.7956989247312	STARmap_plus	spinalcord	7	6	0	4	1.52220223234363	1	2	4	0	6	2
spinalcord_2535	2389.45217391304	4701.4782608695705	17.504347826087	STARmap_plus	spinalcord	7	6	0	4	1.2475491601766	1	6	2	0	6	2
spinalcord_2536	2605.35795454545	4846.02840909091	16.0909090909091	STARmap_plus	spinalcord	7	6	0	4	1.22357565413896	1	2	2	0	7	2
spinalcord_2537	2715.81967213115	4755.91803278689	13.3770491803279	STARmap_plus	spinalcord	7	6	0	4	1.22357565413896	1	2	2	0	7	2
spinalcord_2538	2326.76470588235	4791.20588235294	11.529411764705902	STARmap_plus	spinalcord	7	6	0	4	1.2475491601766	1	6	2	0	6	2
spinalcord_2539	1863.63157894737	5374.84210526316	16.802631578947402	STARmap_plus	spinalcord	7	4	4	4	1.25567041074205	5	2	4	4	5	3
spinalcord_2540	2151.1523178807897	4187.324503311261	15.6092715231788	STARmap_plus	spinalcord	7	6	0	4	1.22357565413896	1	2	2	0	7	2
spinalcord_2541	1741.10112359551	4938.50561797753	12.8876404494382	STARmap_plus	spinalcord	7	4	0	4	1.39214303159018	1	2	4	0	6	3
spinalcord_2542	2426.4803493449804	4207.93449781659	19.816593886462897	STARmap_plus	spinalcord	7	6	0	4	1.2475491601766	1	6	2	0	6	2
spinalcord_2543	2357.7659574468103	5280.765957446811	11.2978723404255	STARmap_plus	spinalcord	7	6	0	4	1.02593893536748	1	2	2	0	7	3
spinalcord_2544	2229.4427480916	4214.740458015271	18.7404580152672	STARmap_plus	spinalcord	7	6	0	4	1.2475491601766	1	6	2	0	6	2
spinalcord_2545	2608.55555555556	4264.8	20.8444444444444	STARmap_plus	spinalcord	7	6	0	4	1.22357565413896	1	2	2	0	7	2
spinalcord_2546	1760.46666666667	4676.833333333329	16.6666666666667	STARmap_plus	spinalcord	7	6	0	4	1.2475491601766	1	6	2	0	6	2
spinalcord_2547	1928.21739130435	4288.10869565217	16.6086956521739	STARmap_plus	spinalcord	7	6	0	4	1.44518587894808	1	2	2	0	6	2
spinalcord_2548	2449.36666666667	4234.4	4.0	STARmap_plus	spinalcord	7	6	0	4	1.2475491601766	1	6	2	0	6	2
spinalcord_2549	2064.87179487179	4801.69230769231	14.076923076923098	STARmap_plus	spinalcord	7	6	0	4	1.2475491601766	1	6	2	0	6	2
spinalcord_2550	3786.3313253012	5055.9156626506	18.154618473895603	STARmap_plus	spinalcord	7	6	0	4	1.33910018423228	1	6	1	0	6	2
spinalcord_2551	4004.5365853658495	5031.92276422764	12.479674796747998	STARmap_plus	spinalcord	7	6	0	4	1.33910018423228	1	6	1	0	6	2
spinalcord_2552	2808.14765100671	4734.49440715884	17.290827740492198	STARmap_plus	spinalcord	7	6	0	4	1.22357565413896	1	2	2	0	7	2
spinalcord_2553	2827.14539007092	5168.5319148936205	14.4202127659574	STARmap_plus	spinalcord	7	6	0	4	1.2475491601766	1	6	2	0	6	2
spinalcord_2554	3569.82389937107	5042.6855345912	17.2704402515723	STARmap_plus	spinalcord	7	6	0	4	1.2475491601766	1	6	2	0	6	2
spinalcord_2555	3301.140625	5338.815104166671	19.2552083333333	STARmap_plus	spinalcord	7	6	0	4	1.44518587894808	1	2	2	0	6	2
spinalcord_2556	3610.8942731277502	5118.32158590308	20.3612334801762	STARmap_plus	spinalcord	7	6	0	4	1.2475491601766	1	6	2	0	6	2
spinalcord_2557	3779.19023136247	4838.34447300771	18.6426735218509	STARmap_plus	spinalcord	7	6	0	4	1.2475491601766	1	6	2	0	6	2
spinalcord_2558	2949.17365269461	4692.63473053892	16.2754491017964	STARmap_plus	spinalcord	7	6	0	4	1.22357565413896	1	2	2	0	7	2
spinalcord_2559	3886.1003236246	5237.05825242718	19.4466019417476	STARmap_plus	spinalcord	7	6	0	4	1.33910018423228	1	6	1	0	6	2
spinalcord_2560	2931.09352517986	4748.38848920863	17.122302158273403	STARmap_plus	spinalcord	7	6	0	4	1.22357565413896	1	2	2	0	7	2
spinalcord_2561	3824.015772870661	4225.05678233438	15.1072555205047	STARmap_plus	spinalcord	7	6	0	4	1.33910018423228	1	6	1	0	6	2
spinalcord_2562	4017.77987421384	4743.81132075472	15.6603773584906	STARmap_plus	spinalcord	7	6	0	4	1.33910018423228	1	6	1	0	6	2
spinalcord_2563	3174.2567567567603	5432.74594594595	15.7297297297297	STARmap_plus	spinalcord	7	6	0	4	1.35363485489241	1	2	4	0	2	2
spinalcord_2564	3406.7285067873304	4673.34389140271	18.9155354449472	STARmap_plus	spinalcord	7	6	0	4	1.2475491601766	1	6	2	0	6	2
spinalcord_2565	3158.73394495413	4927.354740061161	18.4373088685015	STARmap_plus	spinalcord	7	6	0	4	1.2475491601766	1	6	2	0	6	2
spinalcord_2566	3734.8573487031695	4916.49567723343	16.7636887608069	STARmap_plus	spinalcord	7	6	0	4	1.2475491601766	1	6	2	0	6	2
spinalcord_2567	4041.5015576324	4589.2087227414295	18.607476635514	STARmap_plus	spinalcord	7	6	0	4	1.33910018423228	1	6	1	0	6	2
spinalcord_2568	4068.8107202680094	5150.20603015075	12.5058626465662	STARmap_plus	spinalcord	7	6	0	4	1.33910018423228	1	6	1	0	6	2
spinalcord_2569	3407.2994011976	4228.65269461078	17.5568862275449	STARmap_plus	spinalcord	7	6	0	4	1.2475491601766	1	6	2	0	6	2
spinalcord_2570	3688.2014742014703	4563.90909090909	11.9066339066339	STARmap_plus	spinalcord	7	6	0	4	1.2475491601766	1	6	2	0	6	2
spinalcord_2571	3160.5069124424	4208.23502304147	18.2626728110599	STARmap_plus	spinalcord	7	6	0	4	1.2475491601766	1	6	2	0	6	2
spinalcord_2572	4076.77734375	4685.1796875	15.7421875	STARmap_plus	spinalcord	7	6	0	4	1.33910018423228	1	6	1	0	6	2
spinalcord_2573	4060.904000000001	4946.335999999999	16.916	STARmap_plus	spinalcord	7	6	0	4	1.33910018423228	1	6	1	0	6	2
spinalcord_2574	3821.7628458498	4590.75098814229	15.727272727272698	STARmap_plus	spinalcord	7	6	0	4	1.2475491601766	1	6	2	0	6	2
spinalcord_2575	3785.22889305816	5309.971857410879	17.7598499061914	STARmap_plus	spinalcord	7	6	0	4	1.39298226204197	1	6	1	0	6	6
spinalcord_2576	3430.45865834633	5315.1560062402505	14.1669266770671	STARmap_plus	spinalcord	7	6	0	4	1.2475491601766	1	6	2	0	6	2
spinalcord_2577	3516.9513274336305	4313.31415929204	18.4026548672566	STARmap_plus	spinalcord	7	6	0	4	1.33910018423228	1	6	1	0	6	2
spinalcord_2578	2981.0576923076896	4405.098901098901	18.3928571428571	STARmap_plus	spinalcord	7	6	0	4	1.22357565413896	1	2	2	0	7	2
spinalcord_2579	3587.85223367698	5370.04810996564	15.099656357388302	STARmap_plus	spinalcord	7	6	0	4	1.2475491601766	1	6	2	0	6	2
spinalcord_2580	3926.67810026385	5016.2981530343	15.4353562005277	STARmap_plus	spinalcord	7	6	0	4	1.33910018423228	1	6	1	0	6	2
spinalcord_2581	3828.5364806867	4689.5150214592295	18.1931330472103	STARmap_plus	spinalcord	7	6	0	4	1.44518587894808	1	2	2	0	6	2
spinalcord_2582	3567.5540069686404	4629.42508710801	15.780487804877998	STARmap_plus	spinalcord	7	6	0	4	1.2475491601766	1	6	2	0	6	2
spinalcord_2583	3402.02962962963	4773.2037037037	18.4259259259259	STARmap_plus	spinalcord	7	6	0	4	1.2475491601766	1	6	2	0	6	2
spinalcord_2584	3912.3	4475.1052631579	20.8789473684211	STARmap_plus	spinalcord	7	6	0	4	1.2475491601766	1	6	2	0	6	2
spinalcord_2585	3850.3884297520704	5446.96033057851	12.201652892562	STARmap_plus	spinalcord	7	6	0	4	1.19157000911948	1	6	2	0	6	6
spinalcord_2586	3307.91176470588	5066.429411764711	18.252941176470603	STARmap_plus	spinalcord	7	6	0	4	1.2475491601766	1	6	2	0	6	2
spinalcord_2587	3780.70307167235	4400.675767918089	17.307167235494898	STARmap_plus	spinalcord	7	6	0	4	1.33910018423228	1	6	1	0	6	2
spinalcord_2588	3741.48214285714	5381.35714285714	18.6160714285714	STARmap_plus	spinalcord	7	6	0	4	1.2475491601766	1	6	2	0	6	2
spinalcord_2589	3544.9631067961204	4877.365048543689	12.1417475728155	STARmap_plus	spinalcord	7	6	0	4	1.2475491601766	1	6	2	0	6	2
spinalcord_2590	3203.13191489362	5082.7829787234	15.2042553191489	STARmap_plus	spinalcord	7	6	0	4	1.44518587894808	1	2	2	0	6	2
spinalcord_2591	2919.9712918660302	4929.913875598089	20.6650717703349	STARmap_plus	spinalcord	7	6	0	4	1.2475491601766	1	6	2	0	6	2
spinalcord_2592	3943.97701149425	5159.49808429119	15.0038314176245	STARmap_plus	spinalcord	7	6	0	4	1.33910018423228	1	6	1	0	6	2
spinalcord_2593	3027.98581560284	5295.30496453901	19.354609929078	STARmap_plus	spinalcord	7	6	0	4	1.2475491601766	1	6	2	0	6	2
spinalcord_2594	3411.5139664804497	4120.927374301679	20.1117318435754	STARmap_plus	spinalcord	7	6	0	4	1.33910018423228	1	6	1	0	6	2
spinalcord_2595	3484.9606986899603	4786.08733624454	13.414847161572098	STARmap_plus	spinalcord	7	6	0	4	1.2475491601766	1	6	2	0	6	2
spinalcord_2596	2944.21118012422	5239.9813664596295	20.813664596273306	STARmap_plus	spinalcord	7	6	0	4	1.2475491601766	1	6	2	0	6	2
spinalcord_2597	2943.57294429708	5114.090185676389	17.9840848806366	STARmap_plus	spinalcord	7	6	0	4	1.2475491601766	1	6	2	0	6	2
spinalcord_2598	3140.98484848485	4375.87121212121	18.0151515151515	STARmap_plus	spinalcord	7	6	0	4	1.44518587894808	1	2	2	0	6	2
spinalcord_2599	3215.1538461538503	4273.84102564103	16.025641025641	STARmap_plus	spinalcord	7	6	0	4	1.2475491601766	1	6	2	0	6	2
spinalcord_2600	3256.7688679245302	4602.85849056604	18.2122641509434	STARmap_plus	spinalcord	7	6	0	4	1.44518587894808	1	2	2	0	6	2
spinalcord_2601	2902.9387755102	4138.69047619048	14.7244897959184	STARmap_plus	spinalcord	7	6	0	4	1.2475491601766	1	6	2	0	6	2
spinalcord_2602	3008.9008746355703	4958.88629737609	19.731778425656	STARmap_plus	spinalcord	7	6	0	4	1.2475491601766	1	6	2	0	6	2
spinalcord_2603	2804.13333333333	5063.28888888889	13.955555555555598	STARmap_plus	spinalcord	7	6	0	4	1.2475491601766	1	6	2	0	6	2
spinalcord_2604	3049.36042402827	5446.2296819788	16.2049469964664	STARmap_plus	spinalcord	7	6	0	4	1.35363485489241	1	2	4	0	2	2
spinalcord_2605	3139.63066202091	5262.32055749129	18.6829268292683	STARmap_plus	spinalcord	7	6	0	4	1.2475491601766	1	6	2	0	6	2
spinalcord_2606	3919.7425742574296	5419.96534653465	10.2772277227723	STARmap_plus	spinalcord	7	6	0	4	1.19157000911948	3	6	2	0	6	6
spinalcord_2607	2828.2930648769607	4306.84340044743	15.5212527964206	STARmap_plus	spinalcord	7	6	0	4	1.22357565413896	1	2	2	0	7	2
spinalcord_2608	3678.85483870968	4279.49596774194	15.8508064516129	STARmap_plus	spinalcord	7	6	0	4	1.33910018423228	1	6	1	0	6	2
spinalcord_2609	3412.52141057935	4948.84130982368	15.0528967254408	STARmap_plus	spinalcord	7	6	0	4	1.2475491601766	1	6	2	0	6	2
spinalcord_2610	3311.11764705882	4705.38655462185	19.1078431372549	STARmap_plus	spinalcord	7	6	0	4	1.2475491601766	1	6	2	0	6	2
spinalcord_2611	3719.6973684210498	4360.9451754386	17.267543859649102	STARmap_plus	spinalcord	7	6	0	4	1.33910018423228	1	6	1	0	6	2
spinalcord_2612	4090.95909090909	4270.95909090909	13.2363636363636	STARmap_plus	spinalcord	7	6	0	4	1.2475491601766	1	6	2	0	6	2
spinalcord_2613	3735.35204081633	4184.85204081633	22.2091836734694	STARmap_plus	spinalcord	7	6	0	4	1.33910018423228	1	6	1	0	6	2
spinalcord_2614	3829.6950672645694	5158.29596412556	14.8565022421525	STARmap_plus	spinalcord	7	6	0	4	1.33910018423228	1	6	1	0	6	2
spinalcord_2615	3146.2425742574296	4800.1897689769	18.4042904290429	STARmap_plus	spinalcord	7	6	0	4	1.2475491601766	1	6	2	0	6	2
spinalcord_2616	3300.41597796143	4230.8870523416	17.9146005509642	STARmap_plus	spinalcord	7	6	0	4	1.2475491601766	1	6	2	0	6	2
spinalcord_2617	3291.79310344828	5267.982758620689	18.465517241379303	STARmap_plus	spinalcord	7	6	0	4	1.2475491601766	1	6	2	0	6	2
spinalcord_2618	4030.472222222221	4501.86111111111	16.9722222222222	STARmap_plus	spinalcord	7	6	0	4	1.33910018423228	1	6	1	0	6	2
spinalcord_2619	3977.96200345423	4366.23143350604	12.7962003454231	STARmap_plus	spinalcord	7	6	0	4	1.33910018423228	1	6	1	0	6	2
spinalcord_2620	3583.1650943396203	4459.264150943401	17.4716981132075	STARmap_plus	spinalcord	7	6	0	4	1.2475491601766	1	6	2	0	6	2
spinalcord_2621	2875.62091503268	4413.62091503268	17.562091503268	STARmap_plus	spinalcord	7	6	0	4	1.22357565413896	1	2	2	0	7	2
spinalcord_2622	2800.89641434263	5247.88047808765	15.5338645418327	STARmap_plus	spinalcord	7	6	0	4	1.05500827668773	1	6	2	0	6	3
spinalcord_2623	3763.92372881356	4638.61016949153	18.4576271186441	STARmap_plus	spinalcord	7	6	0	4	1.2475491601766	1	6	2	0	6	2
spinalcord_2624	3236.28472222222	4388.409722222221	16.46875	STARmap_plus	spinalcord	7	6	0	4	1.44518587894808	1	2	2	0	6	2
spinalcord_2625	3308.3257142857105	5150.83428571429	19.7142857142857	STARmap_plus	spinalcord	7	6	0	4	1.44518587894808	1	2	2	0	6	2
spinalcord_2626	3440.10294117647	5073.73235294118	19.4176470588235	STARmap_plus	spinalcord	7	6	0	4	1.2475491601766	1	6	2	0	6	2
spinalcord_2627	3531.33040935673	5375.26900584795	15.9707602339181	STARmap_plus	spinalcord	7	6	0	4	1.2475491601766	1	6	2	0	6	2
spinalcord_2628	3343.76363636364	4177.01818181818	19.4606060606061	STARmap_plus	spinalcord	7	6	0	4	1.2475491601766	1	6	2	0	6	2
spinalcord_2629	3497.8864468864504	4984.6043956044	17.985347985348	STARmap_plus	spinalcord	7	6	0	4	1.2475491601766	1	6	2	0	6	2
spinalcord_2630	3848.5632653061207	4897.93673469388	16.951020408163302	STARmap_plus	spinalcord	7	6	0	4	1.2475491601766	1	6	2	0	6	2
spinalcord_2631	3531.6898148148102	4166.06944444444	22.462962962963	STARmap_plus	spinalcord	7	6	0	4	1.33910018423228	1	6	1	0	6	2
spinalcord_2632	3445.09649122807	4430.80701754386	21.2105263157895	STARmap_plus	spinalcord	7	6	0	4	1.44518587894808	1	2	2	0	6	2
spinalcord_2633	3951.97191011236	4560.19101123595	18.758426966292102	STARmap_plus	spinalcord	7	6	0	4	1.39214303159018	1	2	1	0	6	2
spinalcord_2634	3069.0814814814803	4213.65185185185	19.9555555555556	STARmap_plus	spinalcord	7	6	0	4	1.2475491601766	1	6	2	0	6	2
spinalcord_2635	4080.65040650406	4449.42276422764	19.439024390243897	STARmap_plus	spinalcord	7	6	0	4	1.33910018423228	1	6	1	0	6	2
spinalcord_2636	3713.291666666671	4778.125	18.2738095238095	STARmap_plus	spinalcord	7	6	0	4	1.2475491601766	1	6	2	0	6	2
spinalcord_2637	4009.46315789474	4803.778947368421	17.515789473684197	STARmap_plus	spinalcord	7	6	0	4	1.33910018423228	1	6	1	0	6	2
spinalcord_2638	3640.60112359551	4619.08988764045	13.752808988764	STARmap_plus	spinalcord	7	6	0	4	1.2475491601766	1	6	2	0	6	2
spinalcord_2639	3166.0816326530603	4454.68367346939	19.9183673469388	STARmap_plus	spinalcord	7	6	0	4	1.44518587894808	1	2	2	0	6	2
spinalcord_2640	3911.60283687943	4647.73758865248	16.6595744680851	STARmap_plus	spinalcord	7	6	0	4	1.44518587894808	1	2	2	0	6	2
spinalcord_2641	3485.7991452991496	4726.05555555556	18.4957264957265	STARmap_plus	spinalcord	7	6	0	4	1.2475491601766	1	6	2	0	6	2
spinalcord_2642	3775.05405405405	5202.56756756757	14.6756756756757	STARmap_plus	spinalcord	7	6	0	4	1.33910018423228	1	6	1	0	6	2
spinalcord_2643	3354.97609561753	4374.23505976096	16.115537848605598	STARmap_plus	spinalcord	7	6	0	4	1.44518587894808	1	2	2	0	6	2
spinalcord_2644	3100.70652173913	4881.17934782609	14.8369565217391	STARmap_plus	spinalcord	7	6	0	4	1.2475491601766	1	6	2	0	6	2
spinalcord_2645	3560.7266666666706	4569.68	16.746666666666698	STARmap_plus	spinalcord	7	6	0	4	1.2475491601766	1	6	2	0	6	2
spinalcord_2646	3690.14917127072	5085.30662983425	18.4944751381215	STARmap_plus	spinalcord	7	6	0	4	1.44518587894808	1	2	2	0	6	2
spinalcord_2647	3868.53990610329	5056.03051643193	15.6572769953052	STARmap_plus	spinalcord	7	6	0	4	1.33910018423228	1	6	1	0	6	2
spinalcord_2648	2906.1186440678	5057.71751412429	15.548022598870098	STARmap_plus	spinalcord	7	6	0	4	1.2475491601766	1	6	2	0	6	2
spinalcord_2649	3391.40782122905	5000.33519553073	16.7932960893855	STARmap_plus	spinalcord	7	6	0	4	1.2475491601766	1	6	2	0	6	2
spinalcord_2650	3648.20661157025	5166.14049586777	19.5123966942149	STARmap_plus	spinalcord	7	6	0	4	1.44518587894808	1	2	2	0	6	2
spinalcord_2651	3054.6666666666697	4623.333333333329	14.3453815261044	STARmap_plus	spinalcord	7	6	0	4	1.22357565413896	1	2	2	0	7	2
spinalcord_2652	2962.62204724409	5341.86614173228	16.6692913385827	STARmap_plus	spinalcord	7	6	0	4	1.48369405564586	1	6	4	0	6	2
spinalcord_2653	3382.6307692307696	5213.93846153846	12.7846153846154	STARmap_plus	spinalcord	7	6	0	4	1.2475491601766	1	6	2	0	6	2
spinalcord_2654	3554.6237623762395	5132.762376237621	12.6237623762376	STARmap_plus	spinalcord	7	6	0	4	1.2475491601766	1	6	2	0	6	2
spinalcord_2655	3977.5172413793102	4939.40086206897	17.1400862068966	STARmap_plus	spinalcord	7	6	0	4	1.33910018423228	1	6	1	0	6	2
spinalcord_2656	3080.96587030717	4374.62116040956	16.9146757679181	STARmap_plus	spinalcord	7	6	0	4	1.22357565413896	1	2	2	0	7	2
spinalcord_2657	3012.16513761468	5238.85321100917	18.9174311926606	STARmap_plus	spinalcord	7	6	0	4	1.2475491601766	1	6	2	0	6	2
spinalcord_2658	3667.39598540146	4437.15145985401	15.9762773722628	STARmap_plus	spinalcord	7	6	0	4	1.2475491601766	1	6	2	0	6	2
spinalcord_2659	3710.74834437086	5208.83112582781	19.5033112582781	STARmap_plus	spinalcord	7	6	0	4	1.33910018423228	1	6	1	0	6	2
spinalcord_2660	3934.3488372093	5315.13953488372	9.85271317829457	STARmap_plus	spinalcord	7	6	0	4	1.43149043873974	1	2	1	0	6	6
spinalcord_2661	3697.3793103448297	5325.232758620689	22.853448275862103	STARmap_plus	spinalcord	7	6	0	4	1.2475491601766	1	6	2	0	6	2
spinalcord_2662	3194.3887240356103	4126.6706231454	18.2017804154303	STARmap_plus	spinalcord	7	6	0	4	1.2475491601766	1	6	2	0	6	2
spinalcord_2663	3486.9523809523803	4572.94444444444	20.2777777777778	STARmap_plus	spinalcord	7	6	0	4	1.2475491601766	1	6	2	0	6	2
spinalcord_2664	3020.2654867256606	4436.72566371681	15.1327433628319	STARmap_plus	spinalcord	7	6	0	4	1.22357565413896	1	2	2	0	7	2
spinalcord_2665	2831.86486486487	4844.70720720721	19.031531531531503	STARmap_plus	spinalcord	7	6	0	4	1.22357565413896	1	2	2	0	7	2
spinalcord_2666	3474.95871559633	4619.77981651376	20.8669724770642	STARmap_plus	spinalcord	7	6	0	4	1.33910018423228	1	6	1	0	6	2
spinalcord_2667	3199.9166666666697	5005.56730769231	17.2275641025641	STARmap_plus	spinalcord	7	6	0	4	1.2475491601766	1	6	2	0	6	2
spinalcord_2668	3206.8602150537604	4569.709677419361	18.9139784946237	STARmap_plus	spinalcord	7	6	0	4	1.44518587894808	1	2	2	0	6	2
spinalcord_2669	3368.03529411765	5087.22352941176	15.8588235294118	STARmap_plus	spinalcord	7	6	0	4	1.2475491601766	1	6	2	0	6	2
spinalcord_2670	3331.83935742972	4795.05220883534	20.6787148594378	STARmap_plus	spinalcord	7	6	0	4	1.2475491601766	1	6	2	0	6	2
spinalcord_2671	3495.24305555556	4267.520833333329	20.1805555555556	STARmap_plus	spinalcord	7	6	0	4	1.33910018423228	1	6	1	0	6	2
spinalcord_2672	3688.8125	4843.6369047619	14.229166666666698	STARmap_plus	spinalcord	7	6	0	4	1.2475491601766	1	6	2	0	6	2
spinalcord_2673	3516.5843373494	5434.22289156627	14.6144578313253	STARmap_plus	spinalcord	7	6	0	4	1.2475491601766	1	6	2	0	6	2
spinalcord_2674	2979.49324324324	4884.239864864871	19.0743243243243	STARmap_plus	spinalcord	7	6	0	4	1.44518587894808	1	2	2	0	6	2
spinalcord_2675	3163.81333333333	4641.60666666667	16.913333333333302	STARmap_plus	spinalcord	7	6	0	4	1.44518587894808	1	2	2	0	6	2
spinalcord_2676	4084.68711656442	4750.14110429448	14.9938650306748	STARmap_plus	spinalcord	7	6	0	4	1.33910018423228	1	6	1	0	6	2
spinalcord_2677	3165.80536912752	4316.76510067114	16.4496644295302	STARmap_plus	spinalcord	7	6	0	4	1.2475491601766	1	6	2	0	6	2
spinalcord_2678	3981.67054263566	4671.36434108527	20.7015503875969	STARmap_plus	spinalcord	7	6	0	4	1.33910018423228	1	6	1	0	6	2
spinalcord_2679	3612.92156862745	5429.07843137255	15.3725490196078	STARmap_plus	spinalcord	7	6	0	4	1.2475491601766	1	6	2	0	6	2
spinalcord_2680	3155.6163522012603	4528.08805031447	16.1132075471698	STARmap_plus	spinalcord	7	6	0	4	1.44518587894808	1	2	2	0	6	2
spinalcord_2681	3694.49565217391	5412.51014492754	19.715942028985506	STARmap_plus	spinalcord	7	6	0	4	1.17053280678105	1	6	2	1	6	2
spinalcord_2682	3573.6654991243395	4725.08406304729	17.061295971979	STARmap_plus	spinalcord	7	6	0	4	1.2475491601766	1	6	2	0	6	2
spinalcord_2683	3616.33055555556	4859.94444444444	15.4138888888889	STARmap_plus	spinalcord	7	6	0	4	1.2475491601766	1	6	2	0	6	2
spinalcord_2684	3790.33513513514	5413.818918918921	17.0162162162162	STARmap_plus	spinalcord	7	6	0	4	1.19157000911948	1	6	2	0	6	6
spinalcord_2685	3106.74269005848	5390.71929824561	16.5906432748538	STARmap_plus	spinalcord	7	6	0	4	1.2475491601766	1	6	2	0	6	2
spinalcord_2686	2952.03703703704	4648.03703703704	19.2962962962963	STARmap_plus	spinalcord	7	6	0	4	1.22357565413896	1	2	2	0	7	2
spinalcord_2687	3146.56944444444	4709.26851851852	18.7685185185185	STARmap_plus	spinalcord	7	6	0	4	1.22357565413896	1	2	2	0	7	2
spinalcord_2688	3661.46585365854	4676.829268292679	13.519512195122	STARmap_plus	spinalcord	7	6	0	4	1.2475491601766	1	6	2	0	6	2
spinalcord_2689	3337.8732876712297	5389.75342465753	18.8698630136986	STARmap_plus	spinalcord	7	6	0	4	1.52220223234363	1	2	4	0	6	2
spinalcord_2690	3114.6859504132203	4265.65289256198	15.6446280991736	STARmap_plus	spinalcord	7	6	0	4	1.44518587894808	1	2	2	0	6	2
spinalcord_2691	3770.81818181818	4727.363636363641	17.727272727272698	STARmap_plus	spinalcord	7	6	0	4	1.2475491601766	1	6	2	0	6	2
spinalcord_2692	3298.99795918367	4980.79183673469	16.730612244898	STARmap_plus	spinalcord	7	6	0	4	1.2475491601766	1	6	2	0	6	2
spinalcord_2693	3537.1186440678	4946.689265536721	10.8474576271186	STARmap_plus	spinalcord	7	6	0	4	1.2475491601766	1	6	2	0	6	2
spinalcord_2694	3267.5971563981	4292.23696682464	14.791469194312802	STARmap_plus	spinalcord	7	6	0	4	1.2475491601766	1	6	2	0	6	2
spinalcord_2695	3786.67279411765	4497.661764705879	17.5882352941176	STARmap_plus	spinalcord	7	6	0	4	1.2475491601766	1	6	2	0	6	2
spinalcord_2696	3726.09	4669.42	19.36	STARmap_plus	spinalcord	7	6	0	4	1.2475491601766	1	6	2	0	6	2
spinalcord_2697	3499.6345177665003	5163.09137055838	17.5380710659898	STARmap_plus	spinalcord	7	6	0	4	1.2475491601766	1	6	2	0	6	2
spinalcord_2698	3850.9066666666704	4486.55333333333	19.8133333333333	STARmap_plus	spinalcord	7	6	0	4	1.2475491601766	1	6	2	0	6	2
spinalcord_2699	4100.10465116279	5241.5988372093	16.3546511627907	STARmap_plus	spinalcord	7	6	0	4	1.32279894396699	3	6	1	0	6	6
spinalcord_2700	3990.72881355932	5277.050847457629	11.949152542372902	STARmap_plus	spinalcord	7	6	0	4	1.32279894396699	3	6	1	0	6	6
spinalcord_2701	3620.50289017341	4555.66473988439	14.2774566473988	STARmap_plus	spinalcord	7	6	0	4	1.2475491601766	1	6	2	0	6	2
spinalcord_2702	3521.7558685446	4669.699530516429	19.272300469483604	STARmap_plus	spinalcord	7	6	0	4	1.33910018423228	1	6	1	0	6	2
spinalcord_2703	3455.7125	4215.2	13.675	STARmap_plus	spinalcord	7	6	0	4	1.33910018423228	1	6	1	0	6	2
spinalcord_2704	3473.4111675126896	4909.10659898477	15.192893401015198	STARmap_plus	spinalcord	7	6	0	4	1.2475491601766	1	6	2	0	6	2
spinalcord_2705	3405.91397849462	5151.74193548387	19.3118279569892	STARmap_plus	spinalcord	7	6	0	4	1.44518587894808	1	2	2	0	6	2
spinalcord_2706	4058.3392857142894	5414.60714285714	8.625	STARmap_plus	spinalcord	7	6	3	1	1.34386551587261	3	2	1	1	7	6
spinalcord_2707	4013.24489795918	5148.02040816327	6.49659863945578	STARmap_plus	spinalcord	7	6	0	4	1.33910018423228	1	6	1	0	6	2
spinalcord_2708	3895.54255319149	4609.22340425532	21.9148936170213	STARmap_plus	spinalcord	7	6	0	4	1.2475491601766	1	6	2	0	6	2
spinalcord_2709	3442.66949152542	4341.016949152539	22.7796610169492	STARmap_plus	spinalcord	7	6	0	4	1.26208383083673	1	6	1	4	6	2
spinalcord_2710	3524.7905405405395	5036.847972972971	15.0912162162162	STARmap_plus	spinalcord	7	6	0	4	1.2475491601766	1	6	2	0	6	2
spinalcord_2711	4003.16216216216	4708.03603603604	15.8648648648649	STARmap_plus	spinalcord	7	6	0	4	1.33910018423228	1	6	1	0	6	2
spinalcord_2712	3907.6476793248894	4215.12447257384	16.6139240506329	STARmap_plus	spinalcord	7	6	0	4	1.33910018423228	1	6	1	0	6	2
spinalcord_2713	3472.32653061224	4840.095238095239	20.6938775510204	STARmap_plus	spinalcord	7	6	0	4	1.2475491601766	1	6	2	0	6	2
spinalcord_2714	2990.42307692308	4643.94230769231	13.0961538461538	STARmap_plus	spinalcord	7	6	0	4	1.30059200753451	1	2	2	1	7	2
spinalcord_2715	3541.77631578947	4806.0197368421	15.526315789473696	STARmap_plus	spinalcord	7	6	0	4	1.2475491601766	1	6	2	0	6	2
spinalcord_2716	3942.14009661836	4745.60869565217	19.1062801932367	STARmap_plus	spinalcord	7	6	0	4	1.33910018423228	1	6	1	0	6	2
spinalcord_2717	2883.83137254902	4896.27843137255	20.3607843137255	STARmap_plus	spinalcord	7	6	0	4	1.44518587894808	1	2	2	0	6	2
spinalcord_2718	2882.6875	4703.40625	18.5	STARmap_plus	spinalcord	7	6	0	4	1.30059200753451	1	2	2	1	7	2
spinalcord_2719	3241.54255319149	4192.904255319149	17.0744680851064	STARmap_plus	spinalcord	7	6	0	4	1.2475491601766	1	6	2	0	6	2
spinalcord_2720	2954.81944444444	4492.61111111111	18.8715277777778	STARmap_plus	spinalcord	7	6	0	4	1.22357565413896	1	2	2	0	7	2
spinalcord_2721	3101.21153846154	5293.59615384615	17.442307692307697	STARmap_plus	spinalcord	7	6	0	4	1.2475491601766	1	6	2	0	6	2
spinalcord_2722	3687.80597014925	5153.01492537313	20.4179104477612	STARmap_plus	spinalcord	7	6	0	4	1.39214303159018	1	2	1	0	6	2
spinalcord_2723	2993.17647058824	5318.588235294121	17.9411764705882	STARmap_plus	spinalcord	7	6	0	4	1.2475491601766	1	6	2	0	6	2
spinalcord_2724	4705.0928961748605	5373.35519125683	8.43169398907104	STARmap_plus	spinalcord	7	6	0	4	1.43149043873974	1	2	1	0	6	6
spinalcord_2725	4950.7652733119	4722.75562700965	13.918006430868198	STARmap_plus	spinalcord	7	6	0	4	1.33910018423228	1	6	1	0	6	2
spinalcord_2726	5229.96347031963	4285.16438356164	15.0182648401826	STARmap_plus	spinalcord	7	6	0	1	1.33910018423228	6	2	1	0	7	2
spinalcord_2727	4298.80081300813	4539.91869918699	18.650406504065	STARmap_plus	spinalcord	7	6	0	4	1.2475491601766	1	6	2	0	6	2
spinalcord_2728	4844.375	5182.323863636359	14.5056818181818	STARmap_plus	spinalcord	7	6	0	4	1.39214303159018	1	2	1	0	6	2
spinalcord_2729	4792.64356435644	4992.39603960396	12.1683168316832	STARmap_plus	spinalcord	7	6	0	4	1.33910018423228	1	6	1	0	6	2
spinalcord_2730	4265.25142857143	4934.71428571429	14.097142857142902	STARmap_plus	spinalcord	7	6	0	4	1.33910018423228	1	6	1	0	6	2
spinalcord_2731	4269.470270270271	5006.23063063063	17.812612612612604	STARmap_plus	spinalcord	7	6	0	4	1.2475491601766	1	6	2	0	6	2
spinalcord_2732	4950.2781954887205	4545.99498746867	12.102756892230598	STARmap_plus	spinalcord	7	6	0	4	1.39214303159018	1	2	1	0	6	2
spinalcord_2733	5052.33858267717	4978.48031496063	16.5511811023622	STARmap_plus	spinalcord	7	6	0	4	1.12516222519551	1	6	1	0	4	2
spinalcord_2734	4990.529914529911	5331.264957264961	20.4700854700855	STARmap_plus	spinalcord	7	6	0	4	1.33910018423228	1	6	1	0	6	2
spinalcord_2735	4715.110849056599	4512.655660377361	15.228773584905698	STARmap_plus	spinalcord	7	6	0	4	1.33910018423228	1	6	1	0	6	2
spinalcord_2736	4442.46172839506	4931.45185185185	11.4740740740741	STARmap_plus	spinalcord	7	6	0	4	1.33910018423228	1	6	1	0	6	2
spinalcord_2737	4471.13333333333	4695.439393939389	15.3272727272727	STARmap_plus	spinalcord	7	6	0	4	1.33910018423228	1	6	1	0	6	2
spinalcord_2738	4752.2890625	4775.5703125	14.19140625	STARmap_plus	spinalcord	7	6	0	4	1.33910018423228	1	6	1	0	6	2
spinalcord_2739	5423.59770114943	4579.586206896551	10.2758620689655	STARmap_plus	spinalcord	7	6	0	4	1.17053280678105	1	2	2	0	7	1
spinalcord_2740	5297.3961038961	4443.454545454551	15.1298701298701	STARmap_plus	spinalcord	7	6	0	4	1.22357565413896	1	2	2	0	7	2
spinalcord_2741	4274.18287937743	5366.478599221789	13.2023346303502	STARmap_plus	spinalcord	7	6	3	1	1.22150795045872	3	2	1	0	7	6
spinalcord_2742	4713.78534031414	4877.75654450262	17.9057591623037	STARmap_plus	spinalcord	7	6	0	4	1.33910018423228	1	6	1	0	6	2
spinalcord_2743	5110.15789473684	4507.877192982461	15.4035087719298	STARmap_plus	spinalcord	7	6	0	1	1.17820507255341	1	2	1	0	4	2
spinalcord_2744	4889.64319248826	4379.16197183099	16.6267605633803	STARmap_plus	spinalcord	7	6	0	4	1.39214303159018	1	2	1	0	6	2
spinalcord_2745	5283.67127071823	4549.15193370166	18.621546961326	STARmap_plus	spinalcord	7	6	0	4	1.30059200753451	1	2	2	1	7	2
spinalcord_2746	5438.027027027029	4941.56756756757	20.1621621621622	STARmap_plus	spinalcord	7	6	0	4	1.39214303159018	6	2	2	0	7	2
spinalcord_2747	4798.33760683761	4928.6688034188	13.3311965811966	STARmap_plus	spinalcord	7	6	0	4	1.33910018423228	1	6	1	0	6	2
spinalcord_2748	4314.872785829311	4684.93719806763	16.265700483091802	STARmap_plus	spinalcord	7	6	0	4	1.33910018423228	1	6	1	0	6	2
spinalcord_2749	4151.25490196078	5452.82352941176	17.078431372548998	STARmap_plus	spinalcord	7	6	3	1	1.22150795045872	3	2	1	0	7	6
spinalcord_2750	4408.33261802575	4522.71244635193	14.2081545064378	STARmap_plus	spinalcord	7	6	0	4	1.33910018423228	1	6	1	0	6	2
spinalcord_2751	4962.689795918371	5426.783673469389	12.5755102040816	STARmap_plus	spinalcord	7	6	0	4	1.39298226204197	1	6	1	0	6	6
spinalcord_2752	4797.67934782609	4512.29347826087	17.0380434782609	STARmap_plus	spinalcord	7	6	0	4	1.33910018423228	1	6	1	0	6	2
spinalcord_2753	5315.125	5368.791666666671	21.2291666666667	STARmap_plus	spinalcord	7	1	2	2	1.23811032479908	1	5	1	2	3	2
spinalcord_2754	4879.8485915493	4564.19366197183	15.3274647887324	STARmap_plus	spinalcord	7	6	0	4	1.33910018423228	1	6	1	0	6	2
spinalcord_2755	4877.51207729469	4778.3768115942	14.0096618357488	STARmap_plus	spinalcord	7	6	0	4	1.33910018423228	1	6	1	0	6	2
spinalcord_2756	5000.1	5050.39130434783	15.4260869565217	STARmap_plus	spinalcord	7	6	0	4	1.12516222519551	1	6	1	0	4	2
spinalcord_2757	5366.85714285714	4607.7012987013	13.2597402597403	STARmap_plus	spinalcord	7	6	0	4	1.22357565413896	1	2	2	0	7	2
spinalcord_2758	4969.35915492958	4922.57042253521	16.9929577464789	STARmap_plus	spinalcord	7	6	0	4	1.33910018423228	1	6	1	0	6	2
spinalcord_2759	4349.2316602316605	4927.96911196911	15.6254826254826	STARmap_plus	spinalcord	7	6	0	4	1.2475491601766	1	6	2	0	6	2
spinalcord_2760	4812.7072368421	4777.08552631579	16.809210526315802	STARmap_plus	spinalcord	7	6	0	4	1.33910018423228	1	6	1	0	6	2
spinalcord_2761	4742.2380952381	5188.10084033613	15.8151260504202	STARmap_plus	spinalcord	7	6	0	4	1.39214303159018	1	2	1	0	6	2
spinalcord_2762	4856.14579055441	5077.114989733061	14.8911704312115	STARmap_plus	spinalcord	7	6	0	4	1.33910018423228	1	6	1	0	6	2
spinalcord_2763	4500.447916666671	4634.59375	11.34375	STARmap_plus	spinalcord	7	6	0	4	1.33910018423228	1	6	1	0	6	2
spinalcord_2764	5358.03861003861	4318.16988416988	14.6718146718147	STARmap_plus	spinalcord	7	6	0	1	1.33910018423228	6	2	1	0	7	2
spinalcord_2765	4610.87234042553	4124.202127659571	11.407801418439698	STARmap_plus	spinalcord	7	6	0	4	1.33910018423228	1	6	1	0	6	2
spinalcord_2766	4547.8488372093	4913.46802325581	11.5377906976744	STARmap_plus	spinalcord	7	6	0	4	1.39214303159018	1	2	1	0	6	2
spinalcord_2767	5027.03658536585	4912.81300813008	13.760162601626	STARmap_plus	spinalcord	7	6	0	4	1.33910018423228	1	6	1	0	6	2
spinalcord_2768	4474.10381355932	4120.7563559322	18.021186440678	STARmap_plus	spinalcord	7	6	0	4	1.33910018423228	1	6	1	0	6	2
spinalcord_2769	4157.551724137929	4144.26436781609	13.9022988505747	STARmap_plus	spinalcord	7	6	0	4	1.2475491601766	1	6	2	0	6	2
spinalcord_2770	5078.49726775956	4317.5683060109295	17.1256830601093	STARmap_plus	spinalcord	7	6	0	4	1.33910018423228	6	2	1	0	7	2
spinalcord_2771	4353.92405063291	4265.995780590721	15.0337552742616	STARmap_plus	spinalcord	7	6	0	4	1.33910018423228	1	6	1	0	6	2
spinalcord_2772	5072.5325670498105	5442.659003831421	16.2260536398467	STARmap_plus	spinalcord	7	6	0	4	1.33910018423228	1	6	1	0	6	2
spinalcord_2773	4907.333333333329	4641.453125	17.390625	STARmap_plus	spinalcord	7	6	0	4	1.33910018423228	1	6	1	0	6	2
spinalcord_2774	4196.81881533101	4666.36933797909	15.8850174216028	STARmap_plus	spinalcord	7	6	0	4	1.33910018423228	1	6	1	0	6	2
spinalcord_2775	5069.35197368421	4798.03947368421	13.2927631578947	STARmap_plus	spinalcord	7	6	0	4	1.33910018423228	1	6	1	0	6	2
spinalcord_2776	4560.104166666671	5144.40178571429	11.1994047619048	STARmap_plus	spinalcord	7	6	0	4	1.43149043873974	1	2	1	0	6	6
spinalcord_2777	4734.43258426966	4296.52247191011	12.3483146067416	STARmap_plus	spinalcord	7	6	0	4	1.39214303159018	1	2	1	0	6	2
spinalcord_2778	4196.15463917526	4376.31958762887	21.49484536082469	STARmap_plus	spinalcord	7	6	0	4	1.33910018423228	1	6	1	0	6	2
spinalcord_2779	5130.8281573499	4127.12008281574	17.668737060041398	STARmap_plus	spinalcord	7	1	3	1	1.19927164445904	3	3	1	0	4	2
spinalcord_2780	4547.6734006734005	4252.81144781145	15.959595959596	STARmap_plus	spinalcord	7	6	0	4	1.33910018423228	1	6	1	0	6	2
spinalcord_2781	4299.428571428571	5241.35714285714	14.798136645962698	STARmap_plus	spinalcord	7	6	0	4	1.32456551357215	3	2	1	0	6	2
spinalcord_2782	4405.414847161571	4339.31441048035	8.77292576419214	STARmap_plus	spinalcord	7	6	0	4	1.23811032479908	1	6	1	1	6	2
spinalcord_2783	4180.56216216216	5099.335135135129	8.2972972972973	STARmap_plus	spinalcord	7	6	0	4	1.33910018423228	1	6	1	0	6	2
spinalcord_2784	4519.113636363641	4430.363636363641	12.977272727272698	STARmap_plus	spinalcord	7	6	0	4	1.39214303159018	1	2	1	0	6	2
spinalcord_2785	4296.04268292683	5450.23780487805	9.15853658536585	STARmap_plus	spinalcord	7	6	3	1	1.22150795045872	3	2	1	0	7	6
spinalcord_2786	4665.333333333329	4407.19047619048	17.4047619047619	STARmap_plus	spinalcord	7	6	0	4	1.23811032479908	1	6	1	1	6	2
spinalcord_2787	5216.226415094339	4418.05660377359	13.3679245283019	STARmap_plus	spinalcord	7	6	0	4	1.37760836093005	6	2	1	0	6	2
spinalcord_2788	4810.74561403509	5387.7149122807	15.0043859649123	STARmap_plus	spinalcord	7	6	0	4	1.43149043873974	1	2	1	0	6	6
spinalcord_2789	4166.42350332594	4969.84478935698	14.5831485587583	STARmap_plus	spinalcord	7	6	0	4	1.33910018423228	1	6	1	0	6	2
spinalcord_2790	5023.59842519685	4588.33858267717	17.2677165354331	STARmap_plus	spinalcord	7	6	0	4	1.39214303159018	1	2	1	0	6	2
spinalcord_2791	4432.83458646617	5215.18796992481	7.91729323308271	STARmap_plus	spinalcord	7	6	0	4	1.43149043873974	1	2	1	0	6	6
spinalcord_2792	4610.313807531379	4797.78242677824	11.4100418410042	STARmap_plus	spinalcord	7	6	0	4	1.33910018423228	1	6	1	0	6	2
spinalcord_2793	5174.9964028777	4839.12589928058	17.9460431654676	STARmap_plus	spinalcord	7	6	0	4	1.33910018423228	1	6	1	0	6	2
spinalcord_2794	4163.64615384615	5228.54358974359	14.0974358974359	STARmap_plus	spinalcord	7	6	0	1	1.32279894396699	3	6	1	0	6	6
spinalcord_2795	4706.01449275362	5025.25603864734	17.4975845410628	STARmap_plus	spinalcord	7	6	0	4	1.33910018423228	1	6	1	0	6	2
spinalcord_2796	5055.35049504951	5264.455445544551	12.160396039604	STARmap_plus	spinalcord	7	6	0	4	1.39214303159018	1	2	1	0	6	2
spinalcord_2797	4917.55702479339	4126.78181818182	15.7917355371901	STARmap_plus	spinalcord	7	6	0	4	1.39214303159018	1	2	1	0	6	2
spinalcord_2798	5380.13368983957	4154.1871657754	16.283422459893	STARmap_plus	spinalcord	7	1	3	1	1.35363485489241	3	3	1	0	7	0
spinalcord_2799	5300.71721311475	4207.5450819672105	18.061475409836103	STARmap_plus	spinalcord	7	6	0	1	1.33910018423228	6	2	1	0	7	2
spinalcord_2800	4624.663003663	5448.369963369961	9.89377289377289	STARmap_plus	spinalcord	7	6	0	4	1.43149043873974	1	2	1	0	6	6
spinalcord_2801	4391.095238095239	4641.02267573696	13.0702947845805	STARmap_plus	spinalcord	7	6	0	4	1.33910018423228	1	6	1	0	6	2
spinalcord_2802	4177.166666666671	4289.85238095238	18.9595238095238	STARmap_plus	spinalcord	7	6	0	4	1.33910018423228	1	6	1	0	6	2
spinalcord_2803	4803.50574712644	4386.97126436782	16.816091954022998	STARmap_plus	spinalcord	7	6	0	4	1.33910018423228	1	6	1	0	6	2
spinalcord_2804	4305.456603773579	5086.49433962264	14.4301886792453	STARmap_plus	spinalcord	7	6	0	4	1.19157000911948	1	6	2	0	6	6
spinalcord_2805	4455.61594202899	5394.847826086961	14.3768115942029	STARmap_plus	spinalcord	7	6	0	4	1.39298226204197	1	6	1	0	6	6
spinalcord_2806	5056.50355871886	4437.991103202849	16.3113879003559	STARmap_plus	spinalcord	7	1	3	1	1.31596590864642	1	2	1	2	4	2
spinalcord_2807	5150.38308457711	4936.29353233831	19.452736318408	STARmap_plus	spinalcord	7	6	0	4	1.33910018423228	1	6	1	0	6	2
spinalcord_2808	4618.30303030303	4213.67676767677	17.1414141414141	STARmap_plus	spinalcord	7	6	0	4	1.33910018423228	1	6	1	0	6	2
spinalcord_2809	4257.39795918367	4175.4693877551	16.571428571428598	STARmap_plus	spinalcord	7	6	0	4	1.33910018423228	1	6	1	0	6	2
spinalcord_2810	4585.8128205128205	4705.4717948718	14.774358974359	STARmap_plus	spinalcord	7	6	0	4	1.33910018423228	1	6	1	0	6	2
spinalcord_2811	5075.329545454551	5124.1704545454495	17.6761363636364	STARmap_plus	spinalcord	7	6	0	4	1.12516222519551	1	6	1	0	4	2
spinalcord_2812	5272.245353159849	4813.13197026022	16.6003717472119	STARmap_plus	spinalcord	7	6	0	4	1.33910018423228	1	6	1	0	6	2
spinalcord_2813	4624.0660919540205	4881.30459770115	14.2011494252874	STARmap_plus	spinalcord	7	6	0	4	1.33910018423228	1	6	1	0	6	2
spinalcord_2814	4763.288	4147.56	17.896	STARmap_plus	spinalcord	7	6	0	4	1.33910018423228	1	6	1	0	6	2
spinalcord_2815	4809.3231441048	4616.11790393013	17.5152838427948	STARmap_plus	spinalcord	7	6	0	4	1.33910018423228	1	6	1	0	6	2
spinalcord_2816	4142.73015873016	5373.333333333329	14.6349206349206	STARmap_plus	spinalcord	7	6	3	1	1.22150795045872	3	2	1	0	7	6
spinalcord_2817	4672.4342291372	4743.3847241867	15.3125884016973	STARmap_plus	spinalcord	7	6	0	4	1.33910018423228	1	6	1	0	6	2
spinalcord_2818	4479.94617563739	4489.65722379603	14.8300283286119	STARmap_plus	spinalcord	7	6	0	4	1.33910018423228	1	6	1	0	6	2
spinalcord_2819	4583.02807017544	4596.831578947371	15.1333333333333	STARmap_plus	spinalcord	7	6	0	4	1.33910018423228	1	6	1	0	6	2
spinalcord_2820	5424.9802631579	4678.51315789474	20.2960526315789	STARmap_plus	spinalcord	7	6	0	4	1.22357565413896	1	2	1	0	7	2
spinalcord_2821	4497.98547215496	4803.55205811138	15.1307506053269	STARmap_plus	spinalcord	7	6	0	4	1.33910018423228	1	6	1	0	6	2
spinalcord_2822	4285.174603174601	4337.11111111111	17.120634920634902	STARmap_plus	spinalcord	7	6	0	4	1.33910018423228	1	6	1	0	6	2
spinalcord_2823	4362.44289693593	4994.490250696379	12.1727019498607	STARmap_plus	spinalcord	7	6	0	4	1.2475491601766	1	6	2	0	6	2
spinalcord_2824	4897.99371069182	5375.34591194969	17.5911949685535	STARmap_plus	spinalcord	7	6	0	4	1.39298226204197	1	6	1	0	6	6
spinalcord_2825	4975.90598290598	4362.79487179487	13.7179487179487	STARmap_plus	spinalcord	7	6	3	4	1.20904098347883	1	2	1	3	7	2
spinalcord_2826	4850.62264150943	4205.46226415094	14.5471698113208	STARmap_plus	spinalcord	7	6	0	4	1.33910018423228	1	6	1	0	6	2
spinalcord_2827	4583.980645161289	5377.2	11.5225806451613	STARmap_plus	spinalcord	7	6	0	4	1.43149043873974	1	2	1	0	6	6
spinalcord_2828	5341.25	4235.93902439024	17.134146341463403	STARmap_plus	spinalcord	7	1	3	1	1.35363485489241	6	3	1	0	7	2
spinalcord_2829	5294.5488721804495	4329.84962406015	18.390977443609	STARmap_plus	spinalcord	7	6	0	4	1.33910018423228	6	2	1	0	7	2
spinalcord_2830	4234.85714285714	4718.92063492064	16.788359788359802	STARmap_plus	spinalcord	7	6	0	4	1.33910018423228	1	6	1	0	6	2
spinalcord_2831	5248.2647058823495	4980.02941176471	23.7647058823529	STARmap_plus	spinalcord	7	6	0	4	1.39214303159018	1	2	1	0	6	2
spinalcord_2832	5127.71573604061	4361.725888324871	17.8832487309645	STARmap_plus	spinalcord	7	6	0	4	1.33910018423228	6	2	1	0	7	2
spinalcord_2833	4878.15384615385	4846.80371352785	15.509283819628598	STARmap_plus	spinalcord	7	6	0	4	1.33910018423228	1	6	1	0	6	2
spinalcord_2834	4752.94560669456	5110.77824267782	18.6652719665272	STARmap_plus	spinalcord	7	6	0	4	1.33910018423228	1	6	1	0	6	2
spinalcord_2835	4648.19867549669	4594.1655629139095	13.7284768211921	STARmap_plus	spinalcord	7	6	0	4	1.33910018423228	1	6	1	0	6	2
spinalcord_2836	4923.44768856448	5055.367396593671	13.012165450121698	STARmap_plus	spinalcord	7	6	0	4	1.39214303159018	1	2	1	0	6	2
spinalcord_2837	4925.2962962963	5276.07407407407	18.462962962963	STARmap_plus	spinalcord	7	6	0	4	1.39214303159018	1	2	1	0	6	2
spinalcord_2838	4642.44285714286	5032.064285714289	10.0571428571429	STARmap_plus	spinalcord	7	6	0	4	1.39214303159018	1	2	1	0	6	2
spinalcord_2839	5390.67142857143	4822.485714285711	15.6571428571429	STARmap_plus	spinalcord	7	6	0	4	1.39214303159018	1	2	1	0	6	2
spinalcord_2840	4347.69581749049	5343.152091254749	18.8174904942966	STARmap_plus	spinalcord	7	6	3	1	1.08076489671492	3	6	1	0	4	6
spinalcord_2841	4509.71428571429	4371.2298136646	19.5776397515528	STARmap_plus	spinalcord	7	6	0	4	1.33910018423228	1	6	1	0	6	2
spinalcord_2842	4676.26732673267	5127.737623762379	11.0148514851485	STARmap_plus	spinalcord	7	6	0	4	1.33910018423228	1	6	1	0	6	2
spinalcord_2843	5079.224489795921	4888.4387755102	15.9438775510204	STARmap_plus	spinalcord	7	6	0	4	1.33910018423228	1	6	1	0	6	2
spinalcord_2844	4188.35114503817	4590.961832061071	15.793893129770998	STARmap_plus	spinalcord	7	6	0	4	1.33910018423228	1	6	1	0	6	2
spinalcord_2845	5370.1	5432.08571428571	7.828571428571429	STARmap_plus	spinalcord	7	1	2	2	1.21413681876143	3	5	1	2	3	2
spinalcord_2846	4798.0	4189.51798561151	16.1151079136691	STARmap_plus	spinalcord	7	6	0	4	1.33910018423228	1	6	1	0	6	2
spinalcord_2847	5054.04929577465	5032.97887323944	18.035211267605604	STARmap_plus	spinalcord	7	6	0	4	1.12516222519551	1	6	1	0	4	2
spinalcord_2848	4974.13833992095	4777.67588932806	14.766798418972302	STARmap_plus	spinalcord	7	6	0	4	1.43065120828796	1	6	1	2	6	2
spinalcord_2849	4214.72142857143	4519.83928571429	17.8571428571429	STARmap_plus	spinalcord	7	6	0	4	1.2475491601766	1	6	2	0	6	2
spinalcord_2850	5172.1	4310.65	17.559375	STARmap_plus	spinalcord	7	6	5	5	1.40667770225031	6	2	1	1	7	2
spinalcord_2851	4370.214634146339	5076.00975609756	13.8975609756098	STARmap_plus	spinalcord	7	6	0	4	1.39298226204197	1	6	1	0	6	6
spinalcord_2852	4528.8041958042	5194.07692307692	13.5874125874126	STARmap_plus	spinalcord	7	6	0	4	1.43149043873974	1	2	1	0	6	6
spinalcord_2853	4304.365384615379	4743.32692307692	9.44230769230769	STARmap_plus	spinalcord	7	6	0	4	1.33910018423228	1	6	1	0	6	2
spinalcord_2854	4962.414239482199	4837.30097087379	13.0711974110032	STARmap_plus	spinalcord	7	6	0	4	1.33910018423228	1	6	1	0	6	2
spinalcord_2855	4927.6987179487205	4976.897435897439	21.217948717948698	STARmap_plus	spinalcord	7	6	0	4	1.33910018423228	1	6	1	0	6	2
spinalcord_2856	5418.09090909091	4432.279220779221	12.7402597402597	STARmap_plus	spinalcord	7	6	0	4	1.22357565413896	1	2	1	0	7	2
spinalcord_2857	4406.37090909091	4855.407272727271	12.0109090909091	STARmap_plus	spinalcord	7	6	0	4	1.33910018423228	1	6	1	0	6	2
spinalcord_2858	4464.95692307692	4259.39384615385	17.9015384615385	STARmap_plus	spinalcord	7	6	0	4	1.33910018423228	1	6	1	0	6	2
spinalcord_2859	5208.42553191489	4165.297872340429	16.689361702127698	STARmap_plus	spinalcord	7	1	3	1	1.19927164445904	3	3	1	0	4	2
spinalcord_2860	5017.979166666671	5456.8125	21.9375	STARmap_plus	spinalcord	7	6	0	4	1.39298226204197	1	6	1	0	6	6
spinalcord_2861	4802.464601769911	4297.69469026549	16.101769911504398	STARmap_plus	spinalcord	7	6	0	4	1.39214303159018	1	2	1	0	6	2
spinalcord_2862	4264.54275092937	4591.84014869889	12.724907063197	STARmap_plus	spinalcord	7	6	0	4	1.2475491601766	1	6	2	0	6	2
spinalcord_2863	4700.15384615385	5449.68461538462	11.6461538461538	STARmap_plus	spinalcord	7	6	0	4	1.43149043873974	1	2	1	0	6	6
spinalcord_2864	4676.13821138211	4462.39837398374	20.8455284552846	STARmap_plus	spinalcord	7	6	0	4	1.33910018423228	1	6	1	0	6	2
spinalcord_2865	4798.51923076923	5228.58653846154	13.9903846153846	STARmap_plus	spinalcord	7	6	0	4	1.41611653762783	1	2	1	3	6	2
spinalcord_2866	5372.65	4881.1	17.983333333333302	STARmap_plus	spinalcord	7	6	0	4	1.44518587894808	1	2	2	0	6	2
spinalcord_2867	4171.4643734643705	4730.658476658479	20.955773955774	STARmap_plus	spinalcord	7	6	0	4	1.33910018423228	1	6	1	0	6	2
spinalcord_2868	5023.23255813954	4687.3023255814005	10.7790697674419	STARmap_plus	spinalcord	7	6	0	4	1.39214303159018	1	2	1	0	6	2
spinalcord_2869	4885.975	4959.3	8.0	STARmap_plus	spinalcord	7	6	0	4	1.33910018423228	1	6	1	0	6	2
spinalcord_2870	4883.77419354839	4712.829493087561	12.6267281105991	STARmap_plus	spinalcord	7	6	0	4	1.33910018423228	1	6	1	0	6	2
spinalcord_2871	5290.655462184871	4282.68067226891	16.9411764705882	STARmap_plus	spinalcord	7	6	0	4	1.33910018423228	6	2	1	0	7	2
spinalcord_2872	4276.81666666667	4872.443333333329	16.5833333333333	STARmap_plus	spinalcord	7	6	0	4	1.33910018423228	1	6	1	0	6	2
spinalcord_2873	5056.283333333329	4648.225	14.583333333333302	STARmap_plus	spinalcord	7	6	0	4	1.39214303159018	1	2	1	0	6	2
spinalcord_2874	4755.7982832618	4686.457081545061	15.293991416309	STARmap_plus	spinalcord	7	6	0	4	1.33910018423228	1	6	1	0	6	2
spinalcord_2875	4939.41791044776	5353.64179104478	16.8208955223881	STARmap_plus	spinalcord	7	6	0	4	1.39298226204197	1	6	1	0	6	6
spinalcord_2876	5305.98780487805	4588.35365853659	17.8658536585366	STARmap_plus	spinalcord	7	6	0	4	1.22357565413896	1	2	2	0	7	2
spinalcord_2877	5025.467153284671	4853.87591240876	18.4160583941606	STARmap_plus	spinalcord	7	6	0	4	1.33910018423228	1	6	1	0	6	2
spinalcord_2878	4480.15714285714	4880.771428571429	14.7428571428571	STARmap_plus	spinalcord	7	6	0	4	1.33910018423228	1	6	1	0	6	2
spinalcord_2879	4119.26804123711	4657.615120274911	20.446735395189	STARmap_plus	spinalcord	7	6	0	4	1.33910018423228	1	6	1	0	6	2
spinalcord_2880	4857.61437908497	4633.88888888889	18.7843137254902	STARmap_plus	spinalcord	7	6	0	4	1.33910018423228	1	6	1	0	6	2
spinalcord_2881	4683.678571428571	4564.61904761905	11.732142857142902	STARmap_plus	spinalcord	7	6	0	4	1.33910018423228	1	6	1	0	6	2
spinalcord_2882	5355.414814814821	4424.029629629629	14.8074074074074	STARmap_plus	spinalcord	7	6	0	4	1.30059200753451	1	2	2	1	7	2
spinalcord_2883	4687.140625	5077.890625	9.21875	STARmap_plus	spinalcord	7	6	0	4	1.33910018423228	1	6	1	0	6	2
spinalcord_2884	5248.98449612403	4216.19379844961	15.4263565891473	STARmap_plus	spinalcord	7	1	3	1	1.35363485489241	6	3	1	0	7	2
spinalcord_2885	5153.68695652174	4427.739130434779	13.8	STARmap_plus	spinalcord	7	6	0	1	1.17820507255341	1	2	1	0	4	2
spinalcord_2886	4705.192513368979	4940.850267379679	15.0748663101604	STARmap_plus	spinalcord	7	6	0	4	1.33910018423228	1	6	1	0	6	2
spinalcord_2887	4612.71480144404	4492.49458483755	18.4368231046931	STARmap_plus	spinalcord	7	6	0	4	1.33910018423228	1	6	1	0	6	2
spinalcord_2888	4999.98	5371.22	21.02	STARmap_plus	spinalcord	7	6	0	4	1.33910018423228	1	6	1	0	6	2
spinalcord_2889	5316.8051948052	4636.8051948052	12.2207792207792	STARmap_plus	spinalcord	7	6	0	4	1.22357565413896	1	2	1	0	7	2
spinalcord_2890	4748.885416666671	5023.854166666671	18.9479166666667	STARmap_plus	spinalcord	7	6	0	4	1.33910018423228	1	6	1	0	6	2
spinalcord_2891	5224.5798319327705	4558.02521008403	11.8151260504202	STARmap_plus	spinalcord	7	6	0	4	1.22357565413896	1	2	2	0	7	2
spinalcord_2892	5183.39357429719	4507.56626506024	7.76706827309237	STARmap_plus	spinalcord	7	6	0	4	1.39214303159018	1	2	1	0	6	2
spinalcord_2893	5127.18181818182	5091.870129870129	20.038961038961	STARmap_plus	spinalcord	7	6	0	4	1.17820507255341	1	2	1	0	4	2
spinalcord_2894	4181.0303030303	5383.18181818182	15.666666666666698	STARmap_plus	spinalcord	7	6	3	1	1.22150795045872	3	2	1	0	7	6
spinalcord_2895	5034.88596491228	4357.24561403509	16.3070175438597	STARmap_plus	spinalcord	7	6	0	4	1.22357565413896	1	2	1	0	7	2
spinalcord_2896	4787.736	4461.36	15.792	STARmap_plus	spinalcord	7	6	0	4	1.33910018423228	1	6	1	0	6	2
spinalcord_2897	4286.38053097345	4253.12389380531	17.429203539823	STARmap_plus	spinalcord	7	6	0	4	1.33910018423228	1	6	1	0	6	2
spinalcord_2898	4534.329629629629	4723.63333333333	15.1851851851852	STARmap_plus	spinalcord	7	6	0	4	1.33910018423228	1	6	1	0	6	2
spinalcord_2899	5132.28260869565	4864.7717391304295	12.945652173913	STARmap_plus	spinalcord	7	6	0	4	1.33910018423228	1	6	1	0	6	2
spinalcord_2900	4682.48901098901	4312.32967032967	11.8626373626374	STARmap_plus	spinalcord	7	6	0	4	1.33910018423228	1	6	1	0	6	2
spinalcord_2901	4802.31578947368	5040.85964912281	23.5964912280702	STARmap_plus	spinalcord	7	6	0	4	1.33910018423228	1	6	1	0	6	2
spinalcord_2902	4471.896414342629	4590.46215139442	14.035856573705198	STARmap_plus	spinalcord	7	6	0	4	1.33910018423228	1	6	1	0	6	2
spinalcord_2903	4200.877192982461	5423.122807017539	16.1929824561403	STARmap_plus	spinalcord	7	6	3	1	1.22150795045872	3	2	1	0	7	6
spinalcord_2904	4311.83417085427	4502.075376884421	15.743718592964802	STARmap_plus	spinalcord	7	6	0	4	1.2475491601766	1	6	2	0	6	2
spinalcord_2905	4870.75555555556	4905.466666666671	17.1	STARmap_plus	spinalcord	7	6	0	4	1.39214303159018	1	2	1	0	6	2
spinalcord_2906	5094.626506024099	4933.975903614461	20.5361445783133	STARmap_plus	spinalcord	7	6	0	4	1.33910018423228	1	6	1	0	6	2
spinalcord_2907	5457.67647058824	4235.88235294118	8.67647058823529	STARmap_plus	spinalcord	7	1	3	1	1.17050343721386	6	3	1	0	4	2
spinalcord_2908	4975.0736196319	5090.83435582822	19.8343558282209	STARmap_plus	spinalcord	7	6	0	4	1.12516222519551	1	6	1	0	4	2
spinalcord_2909	5391.54320987654	4540.64197530864	16.8395061728395	STARmap_plus	spinalcord	7	6	0	4	1.2475491601766	1	2	2	3	7	2
spinalcord_2910	5354.916666666671	4571.152777777779	20.9027777777778	STARmap_plus	spinalcord	7	6	0	4	1.22357565413896	1	2	2	0	7	2
spinalcord_2911	4536.72093023256	4605.04651162791	8.34883720930233	STARmap_plus	spinalcord	7	6	0	4	1.33910018423228	1	6	1	0	6	2
spinalcord_2912	4865.55367231638	4997.80225988701	17.418079096045197	STARmap_plus	spinalcord	7	6	0	4	1.28605733687438	1	6	1	3	6	2
spinalcord_2913	4408.1560283687895	4944.5319148936205	12.0070921985816	STARmap_plus	spinalcord	7	6	0	4	1.2475491601766	1	6	2	0	6	2
spinalcord_2914	4762.40789473684	4557.973684210529	14.416666666666698	STARmap_plus	spinalcord	7	6	0	4	1.33910018423228	1	6	1	0	6	2
spinalcord_2915	5431.93220338983	4886.52542372881	16.9322033898305	STARmap_plus	spinalcord	7	6	0	4	1.22357565413896	1	2	2	0	7	2
spinalcord_2916	4844.578125	4749.53125	17.6875	STARmap_plus	spinalcord	7	6	0	4	1.33910018423228	1	6	1	0	6	2
spinalcord_2917	5108.37640449438	4595.24719101124	12.8932584269663	STARmap_plus	spinalcord	7	6	0	4	1.39214303159018	1	2	1	0	6	2
spinalcord_2918	6278.81714285714	4353.81714285714	21.3085714285714	STARmap_plus	spinalcord	7	2	1	6	1.05500827668773	2	1	0	1	2	1
spinalcord_2919	6263.21981981982	4840.2972972973	21.3423423423423	STARmap_plus	spinalcord	7	2	1	6	1.05500827668773	2	1	0	1	2	1
spinalcord_2920	6127.491935483871	4491.12096774194	18.2338709677419	STARmap_plus	spinalcord	7	2	1	6	1.05500827668773	2	1	0	1	2	1
spinalcord_2921	6565.86507936508	5162.86507936508	19.5793650793651	STARmap_plus	spinalcord	7	2	1	7	1.13202463008328	2	1	0	1	2	4
spinalcord_2922	6211.716101694909	5066.25847457627	16.7669491525424	STARmap_plus	spinalcord	7	2	1	6	1.05500827668773	2	1	0	1	2	1
spinalcord_2923	5732.280071813289	4736.73608617594	17.100538599640903	STARmap_plus	spinalcord	7	1	3	1	1.06921244370559	6	3	1	0	4	0
spinalcord_2924	6055.08239700375	4930.14606741573	16.6629213483146	STARmap_plus	spinalcord	7	2	1	6	1.05500827668773	2	1	0	1	2	1
spinalcord_2925	6451.6234676007	4837.2819614711	20.1488616462347	STARmap_plus	spinalcord	7	2	1	7	1.13202463008328	2	1	0	1	2	4
spinalcord_2926	6085.27368421053	5285.221052631579	17.7052631578947	STARmap_plus	spinalcord	7	2	1	7	1.13202463008328	2	1	0	1	2	4
spinalcord_2927	6309.59514170041	4232.331983805671	21.1012145748988	STARmap_plus	spinalcord	7	5	6	7	1.33910018423228	6	1	5	0	2	5
spinalcord_2928	6420.917948717951	5261.374358974361	20.89743589743589	STARmap_plus	spinalcord	7	2	1	7	1.13202463008328	2	1	0	1	2	4
spinalcord_2929	5918.51929824561	5172.27368421053	21.2736842105263	STARmap_plus	spinalcord	7	2	1	6	1.05500827668773	2	1	0	1	2	1
spinalcord_2930	5702.52671755725	4647.77099236641	14.309160305343498	STARmap_plus	spinalcord	7	1	3	1	1.06921244370559	6	3	1	0	4	0
spinalcord_2931	5750.904214559389	4594.48659003831	17.509578544061302	STARmap_plus	spinalcord	7	1	3	1	1.06921244370559	6	3	1	0	4	0
spinalcord_2932	5927.20930232558	4447.965116279071	18.046511627907	STARmap_plus	spinalcord	7	5	5	6	1.23811032479908	6	1	4	4	2	1
spinalcord_2933	5872.16759776536	4597.4217877095	20.122905027933	STARmap_plus	spinalcord	7	1	3	1	0.969091184291373	6	3	4	2	4	5
spinalcord_2934	5825.237623762379	4535.10891089109	15.9240924092409	STARmap_plus	spinalcord	7	1	3	1	1.06921244370559	6	3	1	0	4	0
spinalcord_2935	5875.976645435239	4488.783439490449	16.0891719745223	STARmap_plus	spinalcord	7	1	5	1	1.04814587179996	6	2	4	0	4	0
spinalcord_2936	6800.42434210526	5026.40460526316	16.4506578947368	STARmap_plus	spinalcord	7	2	1	5	1.30059200753451	2	1	0	1	1	4
spinalcord_2937	6560.13370473538	4794.59888579387	17.938718662952603	STARmap_plus	spinalcord	7	2	1	6	1.05500827668773	2	1	0	1	2	1
spinalcord_2938	6695.4693877551	4999.89795918367	18.0897959183673	STARmap_plus	spinalcord	7	2	1	5	1.39214303159018	2	1	0	0	1	4
spinalcord_2939	5503.33333333333	4579.40314136126	14.3228621291449	STARmap_plus	spinalcord	7	6	0	4	1.22357565413896	1	2	1	0	7	2
spinalcord_2940	5888.470588235289	4651.7647058823495	19.0470588235294	STARmap_plus	spinalcord	7	5	5	1	1.15683736657272	6	2	4	0	4	1
spinalcord_2941	6469.67639902676	4535.48905109489	19.7518248175182	STARmap_plus	spinalcord	7	2	1	6	0.923026257349781	2	1	0	3	2	1
spinalcord_2942	6638.735449735451	4859.78306878307	19.915343915343897	STARmap_plus	spinalcord	7	2	1	5	1.30059200753451	2	1	0	1	1	4
spinalcord_2943	6647.196242171191	4294.10647181628	16.7620041753653	STARmap_plus	spinalcord	7	3	1	7	1.05500827668773	4	1	5	1	2	5
spinalcord_2944	6594.20779220779	4573.704545454551	18.8961038961039	STARmap_plus	spinalcord	7	2	1	6	1.05500827668773	2	1	0	1	2	1
spinalcord_2945	5786.32608695652	4927.69565217391	19.097826086956506	STARmap_plus	spinalcord	7	1	5	1	1.04523893766794	6	3	4	0	4	1
spinalcord_2946	6105.920731707321	4592.80182926829	21.189024390243897	STARmap_plus	spinalcord	7	2	1	6	1.05500827668773	2	1	0	1	2	1
spinalcord_2947	6589.855421686751	4181.44578313253	19.3373493975904	STARmap_plus	spinalcord	7	3	1	7	1.27661850149686	3	1	5	1	2	5
spinalcord_2948	6492.9842519685	5044.464566929129	23.5511811023622	STARmap_plus	spinalcord	7	2	1	7	1.13202463008328	2	1	0	1	2	4
spinalcord_2949	6119.69346733668	4200.82663316583	20.874371859296502	STARmap_plus	spinalcord	7	1	3	1	0.892074830895823	6	3	1	2	4	0
spinalcord_2950	6312.908878504671	4538.22196261682	21.01168224299069	STARmap_plus	spinalcord	7	2	1	6	1.05500827668773	2	1	0	1	2	1
spinalcord_2951	5545.98795180723	5121.1686746988	20.1325301204819	STARmap_plus	spinalcord	7	5	5	6	1.30059200753451	6	2	4	0	7	1
spinalcord_2952	6006.7237237237205	4226.23123123123	19.012012012012	STARmap_plus	spinalcord	7	1	3	1	1.06921244370559	6	3	1	0	4	0
spinalcord_2953	6787.31360946746	5411.9349112426	19.2307692307692	STARmap_plus	spinalcord	7	2	1	7	1.13202463008328	2	1	0	1	2	4
spinalcord_2954	6590.55844155844	5417.64935064935	20.4805194805195	STARmap_plus	spinalcord	7	2	1	7	1.13202463008328	2	1	0	1	2	4
spinalcord_2955	6411.188311688311	4118.363636363641	17.6720779220779	STARmap_plus	spinalcord	7	3	2	2	1.11748995942315	3	5	3	2	3	0
spinalcord_2956	5908.83569405099	5028.32577903683	20.1359773371105	STARmap_plus	spinalcord	7	2	1	6	1.05500827668773	2	1	0	1	2	1
spinalcord_2957	5636.88519637462	4208.6163141994	14.9274924471299	STARmap_plus	spinalcord	7	1	3	1	1.06921244370559	6	3	1	0	4	0
spinalcord_2958	6433.052966101701	4225.87923728814	19.9385593220339	STARmap_plus	spinalcord	7	3	2	2	1.23301448951648	3	3	5	2	3	5
spinalcord_2959	5556.23188405797	4282.31400966184	22.3333333333333	STARmap_plus	spinalcord	7	1	3	1	1.17050343721386	6	3	1	0	4	2
spinalcord_2960	5837.14678899083	4129.07798165138	19.032110091743103	STARmap_plus	spinalcord	7	1	3	1	1.06921244370559	6	3	1	0	4	0
spinalcord_2961	6243.31104651163	5394.71220930233	21.031976744186	STARmap_plus	spinalcord	7	2	1	7	1.13202463008328	2	1	0	1	2	4
spinalcord_2962	5670.2774566474	4348.01734104046	17.404624277456602	STARmap_plus	spinalcord	7	1	3	1	1.17053280678105	6	3	1	0	2	2
spinalcord_2963	5760.53092783505	4245.355670103089	19.6572164948454	STARmap_plus	spinalcord	7	1	3	1	1.06921244370559	6	3	1	0	4	0
spinalcord_2964	5774.853125	4365.90625	16.721875	STARmap_plus	spinalcord	7	1	3	1	1.08374711436571	6	2	1	2	4	0
spinalcord_2965	5683.89045936396	4511.0212014134295	22.2049469964664	STARmap_plus	spinalcord	7	1	3	1	1.06921244370559	6	3	1	0	4	0
spinalcord_2966	6378.56179775281	4640.078651685391	16.7865168539326	STARmap_plus	spinalcord	7	2	1	6	1.05500827668773	2	1	0	1	2	1
spinalcord_2967	5782.162790697671	5182.930232558139	21.4418604651163	STARmap_plus	spinalcord	7	2	1	6	1.05500827668773	2	1	0	1	2	1
spinalcord_2968	5609.92817679558	4514.7320441988895	19.9419889502762	STARmap_plus	spinalcord	7	1	5	1	1.1790736725724	6	2	1	0	4	1
spinalcord_2969	6112.613941018771	4805.07774798928	19.1823056300268	STARmap_plus	spinalcord	7	2	1	6	0.923026257349781	2	1	0	3	2	1
spinalcord_2970	6498.5023923445	4642.46411483254	19.9425837320574	STARmap_plus	spinalcord	7	2	1	6	1.05500827668773	2	1	0	1	2	1
spinalcord_2971	5725.05833333333	4138.345833333329	17.525	STARmap_plus	spinalcord	7	1	3	1	1.06921244370559	6	3	1	0	4	0
spinalcord_2972	5629.041025641031	5074.79487179487	19.9333333333333	STARmap_plus	spinalcord	7	5	5	1	1.30059200753451	6	2	4	0	7	1
spinalcord_2973	6155.75	4301.2954545454495	17.3106060606061	STARmap_plus	spinalcord	7	5	1	6	1.30059200753451	6	1	4	1	2	1
spinalcord_2974	6032.66666666667	4482.97058823529	19.0392156862745	STARmap_plus	spinalcord	7	5	1	6	1.17053280678105	6	1	0	1	2	1
spinalcord_2975	5465.82242990654	4208.869158878511	18.719626168224305	STARmap_plus	spinalcord	7	1	3	1	1.06921244370559	6	3	1	0	4	0
spinalcord_2976	6108.64485981308	5100.42056074766	17.7102803738318	STARmap_plus	spinalcord	7	2	1	6	1.05500827668773	2	1	0	1	2	1
spinalcord_2977	5487.62921348315	4369.35393258427	18.1404494382022	STARmap_plus	spinalcord	7	5	5	7	1.2475491601766	6	2	1	1	2	2
spinalcord_2978	6286.377952755911	4447.90157480315	20.2834645669291	STARmap_plus	spinalcord	7	2	1	6	1.05500827668773	2	1	0	1	2	1
spinalcord_2979	5946.0737704918	4140.40983606557	21.8524590163934	STARmap_plus	spinalcord	7	1	3	1	1.06921244370559	6	3	1	0	4	0
spinalcord_2980	6362.97551020408	5392.59183673469	20.2204081632653	STARmap_plus	spinalcord	7	2	1	7	1.13202463008328	2	1	0	1	2	4
spinalcord_2981	6506.977099236639	5432.129770992371	20.343511450381698	STARmap_plus	spinalcord	7	2	1	7	1.05500827668773	2	1	0	3	2	4
spinalcord_2982	5818.10501193317	4854.517899761339	20.126491646778	STARmap_plus	spinalcord	7	1	3	1	0.890036496782781	6	3	4	0	4	0
spinalcord_2983	6393.12666666667	5321.94666666667	20.16	STARmap_plus	spinalcord	7	2	1	7	1.13202463008328	2	1	0	1	2	4
spinalcord_2984	6060.0645161290295	4304.72580645161	18.4032258064516	STARmap_plus	spinalcord	7	5	1	6	1.30059200753451	6	1	4	1	2	1
spinalcord_2985	6470.38741721854	5199.44039735099	21.3245033112583	STARmap_plus	spinalcord	7	2	1	7	1.13202463008328	2	1	0	1	2	4
spinalcord_2986	6725.59315589354	4872.566539923951	15.600760456273802	STARmap_plus	spinalcord	7	2	1	5	1.30059200753451	2	1	0	1	1	4
spinalcord_2987	5601.65865384615	4367.125	19.961538461538503	STARmap_plus	spinalcord	7	5	1	6	1.13202463008328	6	1	1	1	2	2
spinalcord_2988	5633.624113475179	4637.93971631206	18.436170212766	STARmap_plus	spinalcord	7	1	3	1	1.17050343721386	6	3	1	0	4	2
spinalcord_2989	5466.76945244957	4645.337175792511	17.536023054755002	STARmap_plus	spinalcord	7	6	0	4	1.22357565413896	1	2	1	0	7	2
spinalcord_2990	5595.0775862069	4991.87068965517	24.112068965517203	STARmap_plus	spinalcord	7	5	5	4	1.30059200753451	6	2	4	0	7	1
spinalcord_2991	6133.92405063291	4417.30379746835	17.3291139240506	STARmap_plus	spinalcord	7	2	1	6	1.05500827668773	2	1	0	1	2	1
spinalcord_2992	6365.41967213115	5136.8262295082	20.8196721311475	STARmap_plus	spinalcord	7	2	1	7	1.13202463008328	2	1	0	1	2	4
spinalcord_2993	6766.37172774869	5320.20418848168	20.9214659685864	STARmap_plus	spinalcord	7	2	1	7	1.13202463008328	2	1	0	1	2	4
spinalcord_2994	6692.02469135802	5403.771604938271	22.8765432098765	STARmap_plus	spinalcord	7	2	1	7	1.13202463008328	2	1	0	1	2	4
spinalcord_2995	6172.3	5145.275	22.35	STARmap_plus	spinalcord	7	2	1	7	1.23301448951648	2	1	0	4	2	4
spinalcord_2996	6380.12658227848	4496.9746835443	21.9556962025316	STARmap_plus	spinalcord	7	2	1	6	1.05500827668773	2	1	0	1	2	1
spinalcord_2997	5845.04402515723	4405.18238993711	16.2767295597484	STARmap_plus	spinalcord	7	1	5	1	1.04814587179996	6	2	4	0	4	0
spinalcord_2998	6312.77966101695	4771.050847457629	19.5593220338983	STARmap_plus	spinalcord	7	2	1	6	0.923026257349781	2	1	0	3	2	1
spinalcord_2999	6320.541284403671	4659.899082568811	20.605504587156	STARmap_plus	spinalcord	7	2	1	6	1.05500827668773	2	1	0	1	2	1
spinalcord_3000	6011.0	5252.71428571429	23.4711246200608	STARmap_plus	spinalcord	7	2	1	6	1.05500827668773	2	1	0	1	2	1
spinalcord_3001	6252.465753424661	4651.68493150685	19.6164383561644	STARmap_plus	spinalcord	7	5	1	6	1.15599813612093	2	1	0	0	2	1
spinalcord_3002	5875.66363636364	4260.70909090909	15.8045454545455	STARmap_plus	spinalcord	7	1	3	1	1.19927164445904	6	3	1	1	4	0
spinalcord_3003	6428.55833333333	4160.033333333329	14.725	STARmap_plus	spinalcord	7	3	2	2	1.23301448951648	3	3	5	2	3	5
spinalcord_3004	5710.00819672131	4303.08196721311	14.0	STARmap_plus	spinalcord	7	5	5	6	1.35363485489241	6	2	1	1	2	0
spinalcord_3005	5755.85398230089	4478.69911504425	18.7699115044248	STARmap_plus	spinalcord	7	1	3	1	1.06921244370559	6	3	1	0	4	0
spinalcord_3006	6670.96	4167.744000000001	19.328	STARmap_plus	spinalcord	7	3	1	6	1.05500827668773	4	1	5	1	2	5
spinalcord_3007	6197.06474820144	4765.460431654679	20.615107913669103	STARmap_plus	spinalcord	7	2	1	6	0.923026257349781	2	1	0	3	2	1
spinalcord_3008	6085.2535211267605	5215.43661971831	20.422535211267604	STARmap_plus	spinalcord	7	2	1	6	1.05500827668773	2	1	0	1	2	1
spinalcord_3009	6216.5365853658495	4439.03658536585	18.69512195121949	STARmap_plus	spinalcord	7	2	1	6	1.05500827668773	2	1	0	1	2	1
spinalcord_3010	6187.76642335766	4262.43795620438	21.0802919708029	STARmap_plus	spinalcord	7	5	1	6	1.30059200753451	6	1	4	1	2	1
spinalcord_3011	6380.461538461539	4791.333333333329	21.39743589743589	STARmap_plus	spinalcord	7	2	1	6	1.05500827668773	2	1	0	1	2	1
spinalcord_3012	5509.62903225806	4959.5	20.5806451612903	STARmap_plus	spinalcord	7	6	5	4	1.48369405564586	6	2	2	1	7	2
spinalcord_3013	6663.88148148148	4810.466666666671	18.733333333333302	STARmap_plus	spinalcord	7	2	1	5	1.2475491601766	2	1	0	3	1	4
spinalcord_3014	5700.765089722671	4802.97879282219	19.3327895595432	STARmap_plus	spinalcord	7	1	3	1	1.06921244370559	6	3	1	0	4	0
spinalcord_3015	6284.285067873299	5119.402714932129	21.4162895927602	STARmap_plus	spinalcord	7	2	1	7	1.23301448951648	2	1	0	4	2	4
spinalcord_3016	5942.26056338028	4199.7816901408505	23.669014084507	STARmap_plus	spinalcord	7	1	3	1	0.892074830895823	6	3	1	2	4	0
spinalcord_3017	5940.175141242939	4723.80225988701	20.0282485875706	STARmap_plus	spinalcord	7	5	5	6	1.39214303159018	6	2	4	1	2	1
spinalcord_3018	6532.187050359711	5066.39568345324	19.424460431654698	STARmap_plus	spinalcord	7	2	1	7	1.13202463008328	2	1	0	1	2	4
spinalcord_3019	5545.386904761899	5058.38095238095	21.797619047619	STARmap_plus	spinalcord	7	5	5	6	1.30059200753451	6	2	4	0	7	1
spinalcord_3020	5791.49019607843	4596.833333333329	17.715686274509803	STARmap_plus	spinalcord	7	1	3	1	1.06921244370559	6	3	1	0	4	0
spinalcord_3021	5744.75163398693	4942.43137254902	20.7843137254902	STARmap_plus	spinalcord	7	1	5	1	1.14622879710114	6	3	4	1	4	1
spinalcord_3022	5556.37185929648	4587.86432160804	16.6381909547739	STARmap_plus	spinalcord	7	1	0	1	1.20217857859106	6	2	1	0	4	2
spinalcord_3023	5547.985714285711	4186.55238095238	18.7952380952381	STARmap_plus	spinalcord	7	1	3	1	1.06921244370559	6	3	1	0	4	0
spinalcord_3024	5872.84771573604	4807.19289340102	19.4111675126904	STARmap_plus	spinalcord	7	5	5	1	1.15683736657272	6	2	4	0	4	1
spinalcord_3025	5962.44285714286	4500.514285714289	20.3142857142857	STARmap_plus	spinalcord	7	5	5	6	1.39214303159018	6	2	4	1	2	1
spinalcord_3026	5706.315	4548.785	20.07	STARmap_plus	spinalcord	7	1	3	1	1.06921244370559	6	3	1	0	4	0
spinalcord_3027	5601.87301587302	4301.12698412698	20.3333333333333	STARmap_plus	spinalcord	7	1	3	1	1.20904098347883	6	3	1	0	2	0
spinalcord_3028	5697.07112970711	4971.523012552299	22.0794979079498	STARmap_plus	spinalcord	7	5	5	6	1.39214303159018	6	2	4	1	7	1
spinalcord_3029	5601.15625	4577.541666666671	16.7395833333333	STARmap_plus	spinalcord	7	1	3	1	1.17137203723284	6	2	1	0	4	0
spinalcord_3030	5941.0	4263.6779661017	17.2118644067797	STARmap_plus	spinalcord	7	1	3	1	1.06921244370559	6	3	1	0	4	0
spinalcord_3031	6450.455384615379	5061.28615384615	21.8984615384615	STARmap_plus	spinalcord	7	2	1	7	1.13202463008328	2	1	0	1	2	4
spinalcord_3032	6219.86597938144	4380.62886597938	21.0721649484536	STARmap_plus	spinalcord	7	2	1	6	1.05500827668773	2	1	0	1	2	1
spinalcord_3033	5709.234800838571	4870.559748427671	19.737945492662497	STARmap_plus	spinalcord	7	1	3	1	0.637167780200069	6	3	4	2	4	0
spinalcord_3034	5460.09511568123	4309.53213367609	17.0951156812339	STARmap_plus	spinalcord	7	1	0	1	1.20217857859106	6	2	1	0	4	2
spinalcord_3035	6537.91304347826	4191.847826086961	18.054347826087	STARmap_plus	spinalcord	7	3	6	2	1.39214303159018	3	5	5	3	2	5
spinalcord_3036	6261.39583333333	4262.84375	19.25	STARmap_plus	spinalcord	7	5	1	6	1.30059200753451	6	1	4	1	2	1
spinalcord_3037	5836.37096774194	5062.97580645161	23.387096774193505	STARmap_plus	spinalcord	7	2	1	6	1.05500827668773	2	1	0	1	2	1
spinalcord_3038	5794.3937007874	4457.77952755906	16.0787401574803	STARmap_plus	spinalcord	7	1	3	1	0.981587520838457	6	3	4	1	4	0
spinalcord_3039	6237.18787878788	4196.612121212121	22.315151515151506	STARmap_plus	spinalcord	7	1	3	1	1.06921244370559	6	3	1	0	4	0
spinalcord_3040	6025.35714285714	4628.3928571428605	18.6309523809524	STARmap_plus	spinalcord	7	5	1	6	1.17053280678105	6	1	0	1	2	1
spinalcord_3041	5883.17910447761	4173.0447761194	22.597014925373102	STARmap_plus	spinalcord	7	1	3	1	1.06921244370559	6	3	1	0	4	0
spinalcord_3042	5824.965753424661	4198.8904109589	19.5205479452055	STARmap_plus	spinalcord	7	1	3	1	1.06921244370559	6	3	1	0	4	0
spinalcord_3043	6341.438596491229	4378.24561403509	20.4561403508772	STARmap_plus	spinalcord	7	2	1	6	0.895879734614027	2	1	0	1	2	5
spinalcord_3044	5913.70731707317	4129.731707317071	12.2439024390244	STARmap_plus	spinalcord	7	1	3	1	1.06921244370559	6	3	1	0	4	0
spinalcord_3045	6016.90721649485	4717.17525773196	19.2886597938144	STARmap_plus	spinalcord	7	2	1	6	1.05500827668773	2	1	0	1	2	1
spinalcord_3046	7352.70454545455	4632.975206611571	17.1115702479339	STARmap_plus	spinalcord	7	2	1	5	1.30059200753451	2	1	0	1	1	4
spinalcord_3047	7491.421368547421	4637.4237695078	15.8655462184874	STARmap_plus	spinalcord	7	2	1	5	1.30059200753451	2	1	0	1	1	4
spinalcord_3048	7286.24694708277	4672.36906377205	17.6919945725916	STARmap_plus	spinalcord	7	2	1	5	1.30059200753451	2	1	0	1	1	4
spinalcord_3049	7028.270125223609	4738.87298747764	15.3184257602862	STARmap_plus	spinalcord	7	2	1	5	1.30059200753451	2	1	0	1	1	4
spinalcord_3050	7005.0730994152	4181.27192982456	18.478070175438603	STARmap_plus	spinalcord	7	2	6	5	1.17053280678105	4	1	0	4	1	5
spinalcord_3051	7382.629955947141	4150.33920704846	18.1453744493392	STARmap_plus	spinalcord	7	2	1	5	1.10295528876303	2	1	0	1	1	5
spinalcord_3052	7531.706935123041	4371.15883668904	17.5257270693512	STARmap_plus	spinalcord	7	2	1	5	1.30059200753451	2	1	0	1	1	4
spinalcord_3053	7582.2936802974	5340.743494423789	15.204460966542802	STARmap_plus	spinalcord	7	2	1	5	1.2475491601766	2	1	0	3	1	4
spinalcord_3054	6867.696	4483.516	15.296	STARmap_plus	spinalcord	7	2	1	5	1.26208383083673	2	1	0	4	1	1
spinalcord_3055	7352.1	4871.975471698111	15.2443396226415	STARmap_plus	spinalcord	7	2	1	5	1.30059200753451	2	1	0	1	1	4
spinalcord_3056	7399.81967213115	4432.133879781421	16.3142076502732	STARmap_plus	spinalcord	7	2	1	5	1.30059200753451	2	1	0	1	1	4
spinalcord_3057	7186.619365609351	4165.35392320534	17.7429048414023	STARmap_plus	spinalcord	7	2	1	5	1.10295528876303	2	1	0	1	1	5
spinalcord_3058	7178.49934123847	5272.894598155471	15.6192358366271	STARmap_plus	spinalcord	7	2	1	5	1.30059200753451	2	1	0	1	1	4
spinalcord_3059	7125.617977528091	4235.48876404494	17.5168539325843	STARmap_plus	spinalcord	7	2	1	5	1.10295528876303	2	1	0	1	1	5
spinalcord_3060	7400.19654427646	4252.56371490281	18.9200863930886	STARmap_plus	spinalcord	7	2	1	5	1.30059200753451	2	1	0	1	1	4
spinalcord_3061	7397.37164179104	5173.84029850746	16.9955223880597	STARmap_plus	spinalcord	7	2	1	5	1.30059200753451	2	1	0	1	1	4
spinalcord_3062	6950.67804878049	4851.03414634146	16.414634146341502	STARmap_plus	spinalcord	7	2	1	5	1.39214303159018	2	1	0	4	1	4
spinalcord_3063	7511.290625	5258.453125	16.5125	STARmap_plus	spinalcord	7	2	1	5	1.30059200753451	2	1	0	1	1	4
spinalcord_3064	6824.65030674847	4129.38650306748	17.8036809815951	STARmap_plus	spinalcord	7	3	2	2	1.44518587894808	4	5	5	1	3	5
spinalcord_3065	6831.854415274461	5227.4200477327	17.4391408114558	STARmap_plus	spinalcord	7	2	1	7	1.13202463008328	2	1	0	1	2	4
spinalcord_3066	6930.12683578104	4648.55941255007	16.4619492656876	STARmap_plus	spinalcord	7	2	1	5	1.2475491601766	2	1	0	3	1	4
spinalcord_3067	6996.065573770489	5161.21038251366	15.6366120218579	STARmap_plus	spinalcord	7	2	1	5	1.2475491601766	2	1	0	3	1	4
spinalcord_3068	7377.25429553265	5356.15807560137	15.257731958762902	STARmap_plus	spinalcord	7	2	1	5	1.30059200753451	2	1	0	1	1	4
spinalcord_3069	7347.466248037679	5067.962323390901	16.4568288854003	STARmap_plus	spinalcord	7	2	1	5	1.30059200753451	2	1	0	1	1	4
spinalcord_3070	7513.1498470948	4238.48012232416	17.4220183486239	STARmap_plus	spinalcord	7	2	1	5	1.30059200753451	2	1	0	1	1	4
spinalcord_3071	7564.0985915493	4792.71267605634	17.073239436619698	STARmap_plus	spinalcord	7	2	1	5	1.30059200753451	2	1	0	1	1	4
spinalcord_3072	7022.369402985071	5319.02985074627	16.1902985074627	STARmap_plus	spinalcord	7	2	1	5	1.30059200753451	2	1	0	1	1	4
spinalcord_3073	7409.6329305136	4531.85347432024	17.7839879154079	STARmap_plus	spinalcord	7	2	1	5	1.30059200753451	2	1	0	1	1	4
spinalcord_3074	7170.1376146789	4736.2003058104	17.4525993883792	STARmap_plus	spinalcord	7	2	1	5	1.30059200753451	2	1	0	1	1	4
spinalcord_3075	6961.31343283582	4484.97014925373	14.099502487562198	STARmap_plus	spinalcord	7	2	1	5	1.30059200753451	2	1	0	1	1	4
spinalcord_3076	7301.310572687221	4266.37004405286	18.9339207048458	STARmap_plus	spinalcord	7	2	1	5	1.30059200753451	2	1	0	1	1	4
spinalcord_3077	7453.235483870971	4742.5645161290295	19.4225806451613	STARmap_plus	spinalcord	7	2	1	5	1.30059200753451	2	1	0	1	1	4
spinalcord_3078	6836.988721804511	4748.26691729323	20.4172932330827	STARmap_plus	spinalcord	7	2	1	5	1.30059200753451	2	1	0	1	1	4
spinalcord_3079	6960.33442622951	4283.7377049180295	15.4393442622951	STARmap_plus	spinalcord	7	2	1	5	1.10295528876303	2	1	0	1	1	5
spinalcord_3080	7056.727668845319	4336.45969498911	16.7385620915033	STARmap_plus	spinalcord	7	2	1	5	1.10295528876303	2	1	0	1	1	5
spinalcord_3081	7216.50902527076	4265.23104693141	18.530685920577604	STARmap_plus	spinalcord	7	2	1	5	1.30059200753451	2	1	0	1	1	4
spinalcord_3082	7564.929292929291	5215.613636363641	15.3737373737374	STARmap_plus	spinalcord	7	2	1	5	1.30059200753451	2	1	0	1	1	4
spinalcord_3083	7633.1238095238095	5375.580952380949	12.1904761904762	STARmap_plus	spinalcord	7	2	1	5	1.30059200753451	2	1	0	1	1	4
spinalcord_3084	6831.46354166667	4948.723958333329	19.6302083333333	STARmap_plus	spinalcord	7	2	1	5	1.30059200753451	2	1	0	1	1	4
spinalcord_3085	6972.44585987261	4549.700636942679	17.3503184713376	STARmap_plus	spinalcord	7	2	1	5	1.30059200753451	2	1	0	1	1	4
spinalcord_3086	7124.189024390241	4124.664634146339	18.6524390243902	STARmap_plus	spinalcord	7	2	1	5	1.10295528876303	2	1	0	1	1	5
spinalcord_3087	7463.83636363636	4406.72727272727	15.9681818181818	STARmap_plus	spinalcord	7	2	1	5	1.30059200753451	2	1	0	1	1	4
spinalcord_3088	6926.068656716421	4812.07164179104	17.853731343283602	STARmap_plus	spinalcord	7	2	1	5	1.39214303159018	2	1	0	4	1	4
spinalcord_3089	7477.93333333333	4309.38518518519	16.874074074074098	STARmap_plus	spinalcord	7	2	1	5	1.30059200753451	2	1	0	1	1	4
spinalcord_3090	7504.35114503817	5328.34860050891	17.1730279898219	STARmap_plus	spinalcord	7	2	1	5	1.39214303159018	2	1	0	4	1	4
spinalcord_3091	1226.57464788732	5623.67887323944	10.2056338028169	STARmap_plus	spinalcord	7	2	1	6	1.05500827668773	2	1	0	1	2	1
spinalcord_3092	818.2860360360361	5663.48198198198	11.5923423423423	STARmap_plus	spinalcord	7	2	1	7	1.13202463008328	2	1	0	1	2	4
spinalcord_3093	659.02729528536	6056.08933002481	9.84863523573201	STARmap_plus	spinalcord	7	2	1	5	1.30059200753451	2	1	0	1	1	4
spinalcord_3094	144.48484848484802	5796.369696969699	10.7030303030303	STARmap_plus	spinalcord	7	2	1	5	1.30059200753451	2	1	0	1	1	4
spinalcord_3095	1041.4453125	6546.8359375	11.765625	STARmap_plus	spinalcord	7	2	1	5	1.30059200753451	2	1	0	1	1	4
spinalcord_3096	1172.13043478261	5872.4574669187095	13.9111531190926	STARmap_plus	spinalcord	7	2	1	5	1.30059200753451	2	1	0	1	1	4
spinalcord_3097	270.911157024793	5655.67768595041	11.349173553719	STARmap_plus	spinalcord	7	2	1	5	1.30059200753451	2	1	0	1	1	4
spinalcord_3098	914.706611570248	6449.376033057851	10.1880165289256	STARmap_plus	spinalcord	7	2	1	5	1.30059200753451	2	1	0	1	1	4
spinalcord_3099	1209.45077720207	6282.58549222798	9.13730569948187	STARmap_plus	spinalcord	7	2	1	5	1.30059200753451	2	1	0	1	1	4
spinalcord_3100	1279.77959183673	5958.78775510204	13.3714285714286	STARmap_plus	spinalcord	7	2	1	5	1.30059200753451	2	1	0	1	1	4
spinalcord_3101	778.22633744856	6114.271604938271	11.90329218107	STARmap_plus	spinalcord	7	2	1	5	1.30059200753451	2	1	0	1	1	4
spinalcord_3102	894.230046948357	6317.96478873239	13.7206572769953	STARmap_plus	spinalcord	7	2	1	5	1.30059200753451	2	1	0	1	1	4
spinalcord_3103	237.68278529980705	6355.93810444874	7.98646034816248	STARmap_plus	spinalcord	7	2	1	5	1.30059200753451	2	1	0	1	1	4
spinalcord_3104	349.284403669725	6210.66666666667	9.45565749235474	STARmap_plus	spinalcord	7	2	1	5	1.30059200753451	2	1	0	1	1	4
spinalcord_3105	1333.47733333333	6055.52533333333	12.015999999999998	STARmap_plus	spinalcord	7	2	1	5	1.30059200753451	2	1	0	1	1	4
spinalcord_3106	999.88785046729	6310.48598130841	13.6168224299065	STARmap_plus	spinalcord	7	2	1	5	1.30059200753451	2	1	0	1	1	4
spinalcord_3107	382.459627329193	6751.57763975155	6.62732919254658	STARmap_plus	spinalcord	7	2	1	5	1.30059200753451	2	1	0	1	1	4
spinalcord_3108	57.09623430962339	6174.6610878661095	7.28033472803347	STARmap_plus	spinalcord	7	2	1	5	1.30059200753451	2	1	0	1	1	4
spinalcord_3109	1421.09712230216	6488.43525179856	8.1726618705036	STARmap_plus	spinalcord	7	2	1	5	1.30059200753451	2	1	0	1	1	4
spinalcord_3110	942.60546875	6686.92578125	11.734375	STARmap_plus	spinalcord	7	2	1	5	1.30059200753451	2	1	0	1	1	4
spinalcord_3111	647.72972972973	6784.85135135135	6.45945945945946	STARmap_plus	spinalcord	7	2	1	5	1.30059200753451	2	1	0	1	1	4
spinalcord_3112	1096.85321100917	6754.201834862391	9.220183486238527	STARmap_plus	spinalcord	7	2	1	5	1.30059200753451	2	1	0	1	1	4
spinalcord_3113	1378.69421487603	5709.00826446281	14.0330578512397	STARmap_plus	spinalcord	7	2	1	6	1.05500827668773	2	1	0	1	2	1
spinalcord_3114	634.07	6378.83	7.14	STARmap_plus	spinalcord	7	2	1	5	1.30059200753451	2	1	0	1	1	4
spinalcord_3115	1417.70243902439	5937.819512195121	12.0780487804878	STARmap_plus	spinalcord	7	2	1	5	1.22357565413896	2	1	0	1	1	1
spinalcord_3116	1204.40873015873	6500.162698412701	8.928571428571429	STARmap_plus	spinalcord	7	2	1	5	1.30059200753451	2	1	0	1	1	4
spinalcord_3117	726.956158663883	6268.114822546971	8.07933194154488	STARmap_plus	spinalcord	7	2	1	5	1.30059200753451	2	1	0	1	1	4
spinalcord_3118	1291.86956521739	6702.993478260871	12.0108695652174	STARmap_plus	spinalcord	7	2	1	5	1.30059200753451	2	1	0	1	1	4
spinalcord_3119	272.625235404896	5879.86252354049	9.011299435028253	STARmap_plus	spinalcord	7	2	1	5	1.30059200753451	2	1	0	1	1	4
spinalcord_3120	56.7285714285714	5622.6142857142895	10.9857142857143	STARmap_plus	spinalcord	7	2	1	5	1.30059200753451	2	1	0	1	1	4
spinalcord_3121	1216.80660377358	5737.43632075472	11.7382075471698	STARmap_plus	spinalcord	7	2	1	5	1.30059200753451	2	1	0	1	1	4
spinalcord_3122	53.51658767772511	5881.82938388626	8.99526066350711	STARmap_plus	spinalcord	7	2	1	5	1.30059200753451	2	1	0	1	1	4
spinalcord_3123	943.23	5770.865	12.46	STARmap_plus	spinalcord	7	2	1	7	1.13202463008328	2	1	0	1	2	4
spinalcord_3124	531.772925764192	5501.49344978166	11.6986899563319	STARmap_plus	spinalcord	7	2	1	5	1.2475491601766	2	1	0	3	1	4
spinalcord_3125	564.628450106157	5864.36518046709	11.8704883227176	STARmap_plus	spinalcord	7	2	1	5	1.30059200753451	2	1	0	1	1	4
spinalcord_3126	953.449275362319	5528.16666666667	12.9927536231884	STARmap_plus	spinalcord	7	2	1	7	1.13202463008328	2	1	0	1	2	4
spinalcord_3127	1398.35233160622	6309.284974093261	6.6943005181347095	STARmap_plus	spinalcord	7	2	1	5	1.39214303159018	2	1	0	4	1	4
spinalcord_3128	1333.6267605633802	5533.327464788729	13.3098591549296	STARmap_plus	spinalcord	7	5	1	6	1.09351645338551	5	1	0	1	2	1
spinalcord_3129	53.104347826087	5991.917391304351	10.1739130434783	STARmap_plus	spinalcord	7	2	1	5	1.30059200753451	2	1	0	1	1	4
spinalcord_3130	320.607894736842	5524.994736842111	15.226315789473698	STARmap_plus	spinalcord	7	2	1	5	1.30059200753451	2	1	0	1	1	4
spinalcord_3131	434.795454545455	6057.470454545451	11.1159090909091	STARmap_plus	spinalcord	7	2	1	5	1.30059200753451	2	1	0	1	1	4
spinalcord_3132	553.9123931623931	6022.03205128205	6.5982905982906	STARmap_plus	spinalcord	7	2	1	5	1.30059200753451	2	1	0	1	1	4
spinalcord_3133	76.2222222222222	5765.707070707071	9.218855218855222	STARmap_plus	spinalcord	7	2	1	5	1.30059200753451	2	1	0	1	1	4
spinalcord_3134	970.252100840336	5645.21848739496	12.252100840336098	STARmap_plus	spinalcord	7	2	1	7	1.13202463008328	2	1	0	1	2	4
spinalcord_3135	1408.28	5476.92	14.82	STARmap_plus	spinalcord	7	5	1	7	1.20904098347883	5	1	0	1	2	3
spinalcord_3136	1139.73255813953	6039.48062015504	11.1317829457364	STARmap_plus	spinalcord	7	2	1	5	1.30059200753451	2	1	0	1	1	4
spinalcord_3137	1314.28235294118	6184.04705882353	16.5647058823529	STARmap_plus	spinalcord	7	2	1	5	1.30059200753451	2	1	0	1	1	4
spinalcord_3138	1020.42134831461	6772.62359550562	8.49438202247191	STARmap_plus	spinalcord	7	2	1	5	1.30059200753451	2	1	0	1	1	4
spinalcord_3139	846.402597402597	5750.74025974026	13.7792207792208	STARmap_plus	spinalcord	7	2	1	7	1.13202463008328	2	1	0	1	2	4
spinalcord_3140	647.881720430108	5472.12903225806	14.0	STARmap_plus	spinalcord	7	2	1	5	1.2475491601766	2	1	0	3	1	4
spinalcord_3141	707.6626213592231	5956.70145631068	11.745145631068	STARmap_plus	spinalcord	7	2	1	5	1.30059200753451	2	1	0	1	1	4
spinalcord_3142	729.4242424242419	6607.606060606059	5.06060606060606	STARmap_plus	spinalcord	7	2	1	5	1.30059200753451	2	1	0	1	1	4
spinalcord_3143	816.0769230769231	5605.26068376068	14.0213675213675	STARmap_plus	spinalcord	7	2	1	7	1.13202463008328	2	1	0	1	2	4
spinalcord_3144	332.758620689655	6020.27586206897	13.3965517241379	STARmap_plus	spinalcord	7	2	1	5	1.30059200753451	2	1	0	1	1	4
spinalcord_3145	272.601694915254	5774.37711864407	9.631355932203393	STARmap_plus	spinalcord	7	2	1	5	1.30059200753451	2	1	0	1	1	4
spinalcord_3146	1073.2474916388	6486.20735785953	9.337792642140473	STARmap_plus	spinalcord	7	2	1	5	1.30059200753451	2	1	0	1	1	4
spinalcord_3147	442.913793103448	6781.46551724138	9.1551724137931	STARmap_plus	spinalcord	7	2	1	5	1.30059200753451	2	1	0	1	1	4
spinalcord_3148	834.096153846154	6224.67307692308	10.3557692307692	STARmap_plus	spinalcord	7	2	1	5	1.30059200753451	2	1	0	1	1	4
spinalcord_3149	162.613636363636	5679.511363636359	10.477272727272698	STARmap_plus	spinalcord	7	2	1	5	1.30059200753451	2	1	0	1	1	4
spinalcord_3150	768.8481012658231	5731.0253164557	9.69620253164557	STARmap_plus	spinalcord	7	2	1	7	1.13202463008328	2	1	0	1	2	4
spinalcord_3151	394.328990228013	5688.10749185668	15.791530944625402	STARmap_plus	spinalcord	7	2	1	5	1.30059200753451	2	1	0	1	1	4
spinalcord_3152	1242.62077922078	6012.11948051948	12.412987012987	STARmap_plus	spinalcord	7	2	1	5	1.30059200753451	2	1	0	1	1	4
spinalcord_3153	399.800458715596	5797.4633027522905	12.7155963302752	STARmap_plus	spinalcord	7	2	1	5	1.30059200753451	2	1	0	1	1	4
spinalcord_3154	1093.8622222222198	5899.04	9.55555555555556	STARmap_plus	spinalcord	7	2	1	5	1.30059200753451	2	1	0	1	1	4
spinalcord_3155	874.122448979592	6618.48979591837	5.59183673469388	STARmap_plus	spinalcord	7	2	1	5	1.30059200753451	2	1	0	1	1	4
spinalcord_3156	1272.0599078341	6343.571428571429	10.2811059907834	STARmap_plus	spinalcord	7	2	1	5	1.30059200753451	2	1	0	1	1	4
spinalcord_3157	1342.8061224489802	5992.02040816327	14.5612244897959	STARmap_plus	spinalcord	7	2	1	5	1.30059200753451	2	1	0	1	1	4
spinalcord_3158	1069.10526315789	6322.84586466165	8.04135338345865	STARmap_plus	spinalcord	7	2	1	5	1.30059200753451	2	1	0	1	1	4
spinalcord_3159	1014.29192546584	6407.74534161491	11.7639751552795	STARmap_plus	spinalcord	7	2	1	5	1.30059200753451	2	1	0	1	1	4
spinalcord_3160	1004.12955465587	5814.5668016194295	15.6396761133603	STARmap_plus	spinalcord	7	2	1	7	1.13202463008328	2	1	0	1	2	4
spinalcord_3161	669.5590778097979	6131.008645533139	10.6484149855908	STARmap_plus	spinalcord	7	2	1	5	1.30059200753451	2	1	0	1	1	4
spinalcord_3162	216.748792270531	5498.69082125604	11.7874396135266	STARmap_plus	spinalcord	7	2	1	5	1.2475491601766	2	1	0	3	1	4
spinalcord_3163	452.744245524297	6174.040920716109	8.0306905370844	STARmap_plus	spinalcord	7	2	1	5	1.30059200753451	2	1	0	1	1	4
spinalcord_3164	398.91788856305	5880.697947214079	11.1876832844575	STARmap_plus	spinalcord	7	2	1	5	1.30059200753451	2	1	0	1	1	4
spinalcord_3165	1374.53571428571	6667.696428571429	10.3928571428571	STARmap_plus	spinalcord	7	2	1	5	1.30059200753451	2	1	0	1	1	4
spinalcord_3166	653.687150837989	5857.21787709497	11.2793296089385	STARmap_plus	spinalcord	7	2	1	7	1.13202463008328	2	1	0	1	2	4
spinalcord_3167	719.3234200743491	5726.758364312271	10.9442379182156	STARmap_plus	spinalcord	7	2	1	7	1.13202463008328	2	1	0	1	2	4
spinalcord_3168	914.059322033898	5720.991525423729	12.6779661016949	STARmap_plus	spinalcord	7	2	1	7	1.13202463008328	2	1	0	1	2	4
spinalcord_3169	1249.28169014085	5891.13615023474	14.281690140845098	STARmap_plus	spinalcord	7	2	1	5	1.30059200753451	2	1	0	1	1	4
spinalcord_3170	448.0315186246421	6276.229226361031	7.94269340974212	STARmap_plus	spinalcord	7	2	1	5	1.30059200753451	2	1	0	1	1	4
spinalcord_3171	1326.86341463415	6799.36097560976	11.0048780487805	STARmap_plus	spinalcord	7	2	1	5	1.30059200753451	2	1	0	1	1	4
spinalcord_3172	724.0657894736839	5466.18421052632	12.2368421052632	STARmap_plus	spinalcord	7	2	1	7	1.13202463008328	2	1	0	1	2	4
spinalcord_3173	197.049808429119	5797.75478927203	10.8850574712644	STARmap_plus	spinalcord	7	2	1	5	1.30059200753451	2	1	0	1	1	4
spinalcord_3174	1319.20134228188	6296.7516778523495	9.5503355704698	STARmap_plus	spinalcord	7	2	1	5	1.30059200753451	2	1	0	1	1	4
spinalcord_3175	384.266355140187	5726.5841121495305	14.322429906542098	STARmap_plus	spinalcord	7	2	1	5	1.30059200753451	2	1	0	1	1	4
spinalcord_3176	962.363636363636	6303.840909090911	13.9659090909091	STARmap_plus	spinalcord	7	2	1	5	1.30059200753451	2	1	0	1	1	4
spinalcord_3177	1274.79775280899	6479.56179775281	8.1123595505618	STARmap_plus	spinalcord	7	2	1	5	1.30059200753451	2	1	0	1	1	4
spinalcord_3178	795.841584158416	5756.16831683168	12.9306930693069	STARmap_plus	spinalcord	7	2	1	7	1.13202463008328	2	1	0	1	2	4
spinalcord_3179	871.305732484076	5532.51592356688	16.3694267515924	STARmap_plus	spinalcord	7	2	1	7	1.13202463008328	2	1	0	1	2	4
spinalcord_3180	671.032258064516	5762.64516129032	12.4193548387097	STARmap_plus	spinalcord	7	2	1	7	1.13202463008328	2	1	0	1	2	4
spinalcord_3181	1338.76315789474	5472.65789473684	9.92105263157895	STARmap_plus	spinalcord	7	5	1	7	1.20904098347883	5	1	0	1	2	3
spinalcord_3182	1910.77607361963	6440.6840490797495	11.1717791411043	STARmap_plus	spinalcord	7	2	1	7	1.13202463008328	2	1	0	1	2	4
spinalcord_3183	2020.3622291021693	6488.36222910217	9.622291021671831	STARmap_plus	spinalcord	7	2	1	7	1.13202463008328	2	1	0	1	2	4
spinalcord_3184	1623.4104234527697	5909.69706840391	13.1563517915309	STARmap_plus	spinalcord	7	2	1	6	1.05500827668773	2	1	0	1	2	1
spinalcord_3185	2734.4020618556697	6505.855670103089	11.639175257732	STARmap_plus	spinalcord	7	2	1	5	1.30059200753451	2	1	0	1	1	4
spinalcord_3186	2652.05479452055	5659.267123287671	17.609589041095898	STARmap_plus	spinalcord	7	4	4	7	1.37760836093005	5	2	0	0	7	3
spinalcord_3187	1769.25490196078	5570.3790849673205	15.9019607843137	STARmap_plus	spinalcord	7	5	1	6	1.09351645338551	5	1	0	1	2	1
spinalcord_3188	2045.35225048924	6785.058708414871	10.9980430528376	STARmap_plus	spinalcord	7	2	1	5	1.30059200753451	2	1	0	1	1	4
spinalcord_3189	2467.43216080402	6687.44221105528	13.6633165829146	STARmap_plus	spinalcord	7	2	1	5	1.30059200753451	2	1	0	1	1	4
spinalcord_3190	2570.4510309278303	6273.152061855671	14.1159793814433	STARmap_plus	spinalcord	7	2	1	7	1.13202463008328	2	1	0	1	2	4
spinalcord_3191	2329.4755043227697	5849.63400576369	16.6541786743516	STARmap_plus	spinalcord	7	2	1	7	1.13202463008328	2	1	0	1	2	4
spinalcord_3192	2158.3146067415696	5621.857677902621	16.0411985018727	STARmap_plus	spinalcord	7	2	1	6	1.05500827668773	2	1	0	1	2	1
spinalcord_3193	2460.04032258065	5628.70161290323	16.395161290322598	STARmap_plus	spinalcord	7	5	1	6	1.2475491601766	5	2	0	1	2	1
spinalcord_3194	1633.55511811024	5976.78346456693	13.0433070866142	STARmap_plus	spinalcord	7	2	1	6	1.05500827668773	2	1	0	1	2	1
spinalcord_3195	1940.5652173913	5889.32298136646	11.1863354037267	STARmap_plus	spinalcord	7	2	1	6	1.05500827668773	2	1	0	1	2	1
spinalcord_3196	1554.5799522673	5770.32935560859	13.145584725537	STARmap_plus	spinalcord	7	2	1	6	1.05500827668773	2	1	0	1	2	1
spinalcord_3197	2633.6025641025603	5529.692307692309	15.6858974358974	STARmap_plus	spinalcord	7	4	4	6	1.30059200753451	5	2	4	3	7	3
spinalcord_3198	2218.47867298578	6348.61611374408	14.8641390205371	STARmap_plus	spinalcord	7	2	1	7	1.13202463008328	2	1	0	1	2	4
spinalcord_3199	1458.00527704485	6694.1398416886495	12.4406332453826	STARmap_plus	spinalcord	7	2	1	5	1.30059200753451	2	1	0	1	1	4
spinalcord_3200	2369.77528089888	5562.20224719101	16.2696629213483	STARmap_plus	spinalcord	7	4	4	6	1.37760836093005	5	2	4	0	7	1
spinalcord_3201	2195.9304174950303	6552.51689860835	13.6322067594433	STARmap_plus	spinalcord	7	2	1	7	1.13202463008328	2	1	0	1	2	4
spinalcord_3202	1842.68600682594	5960.06484641638	15.539249146757696	STARmap_plus	spinalcord	7	5	1	6	1.41611653762783	2	1	0	0	7	1
spinalcord_3203	2326.94246575342	6159.95616438356	16.9041095890411	STARmap_plus	spinalcord	7	2	1	7	1.13202463008328	2	1	0	1	2	4
spinalcord_3204	2074.8093220339	6003.45338983051	16.75	STARmap_plus	spinalcord	7	2	1	6	1.05500827668773	2	1	0	1	2	1
spinalcord_3205	2439.02777777778	5938.85833333333	17.2916666666667	STARmap_plus	spinalcord	7	2	1	7	1.13202463008328	2	1	0	1	2	4
spinalcord_3206	1799.76835236542	6697.6264274062	12.7047308319739	STARmap_plus	spinalcord	7	2	1	7	1.13202463008328	2	1	0	1	2	4
spinalcord_3207	2561.82233502538	5965.28680203046	15.5355329949239	STARmap_plus	spinalcord	7	2	1	7	1.13202463008328	2	1	0	1	2	4
spinalcord_3208	1453.03571428571	5549.727678571429	16.3303571428571	STARmap_plus	spinalcord	7	5	1	6	1.15599813612093	5	1	0	0	2	1
spinalcord_3209	2282.8780487804897	6034.58536585366	16.8292682926829	STARmap_plus	spinalcord	7	2	1	7	1.13202463008328	2	1	0	1	2	4
spinalcord_3210	2620.64516129032	5773.39032258065	19.141935483871	STARmap_plus	spinalcord	7	4	4	5	1.37760836093005	5	2	0	0	7	3
spinalcord_3211	1813.1244635193104	6243.23175965665	11.3519313304721	STARmap_plus	spinalcord	7	2	1	6	1.05500827668773	2	1	0	1	2	1
spinalcord_3212	1961.9888059701505	5772.26119402985	12.2276119402985	STARmap_plus	spinalcord	7	2	1	6	1.05500827668773	2	1	0	1	2	1
spinalcord_3213	2651.04203539823	6102.34513274336	17.0597345132743	STARmap_plus	spinalcord	7	2	1	6	1.05500827668773	2	1	0	1	2	1
spinalcord_3214	2473.14444444444	6506.05555555556	8.955555555555561	STARmap_plus	spinalcord	7	2	1	7	1.13202463008328	2	1	0	1	2	4
spinalcord_3215	2050.99693251534	5523.708588957061	12.1901840490798	STARmap_plus	spinalcord	7	5	1	6	1.09351645338551	5	1	0	1	2	1
spinalcord_3216	2704.264	5955.371999999999	13.716	STARmap_plus	spinalcord	7	2	1	6	1.05500827668773	2	1	0	1	2	1
spinalcord_3217	1711.40939597315	6453.791946308721	10.795302013422802	STARmap_plus	spinalcord	7	2	1	7	1.13202463008328	2	1	0	1	2	4
spinalcord_3218	2514.49450549451	5522.6978021978	17.967032967033	STARmap_plus	spinalcord	7	4	4	7	1.2475491601766	5	2	4	1	7	3
spinalcord_3219	2088.69879518072	6279.46987951807	13.0843373493976	STARmap_plus	spinalcord	7	2	1	7	1.13202463008328	2	1	0	1	2	4
spinalcord_3220	2358.68439716312	6598.265957446811	11.287234042553198	STARmap_plus	spinalcord	7	2	1	5	1.30059200753451	2	1	0	1	1	4
spinalcord_3221	2672.51744186047	6206.854651162789	17.7151162790698	STARmap_plus	spinalcord	7	2	1	7	1.13202463008328	2	1	0	1	2	4
spinalcord_3222	2250.04320987654	5512.98148148148	14.7777777777778	STARmap_plus	spinalcord	7	5	5	6	1.43065120828796	5	2	4	1	2	1
spinalcord_3223	2735.33770491803	6667.73442622951	14.4360655737705	STARmap_plus	spinalcord	7	2	1	5	1.30059200753451	2	1	0	1	1	4
spinalcord_3224	1718.19884169884	5665.245173745171	18.1486486486486	STARmap_plus	spinalcord	7	2	1	6	1.05500827668773	2	1	0	1	2	1
spinalcord_3225	2745.12582781457	5535.60927152318	16.205298013245002	STARmap_plus	spinalcord	7	4	4	4	1.2475491601766	5	2	4	0	7	3
spinalcord_3226	1866.82971014493	5786.29347826087	12.5434782608696	STARmap_plus	spinalcord	7	2	1	6	1.05500827668773	2	1	0	1	2	1
spinalcord_3227	2402.77008928571	6235.7678571428605	12.875	STARmap_plus	spinalcord	7	2	1	7	1.13202463008328	2	1	0	1	2	4
spinalcord_3228	2493.04218362283	5757.280397022329	18.1290322580645	STARmap_plus	spinalcord	7	5	4	6	1.23811032479908	5	2	0	4	2	1
spinalcord_3229	2218.0831099195702	5821.402144772121	16.415549597855197	STARmap_plus	spinalcord	7	2	1	6	1.05500827668773	2	1	0	1	2	1
spinalcord_3230	2223.0089285714303	5981.9553571428605	16.75	STARmap_plus	spinalcord	7	2	1	7	1.13202463008328	2	1	0	1	2	4
spinalcord_3231	2224.2114942528697	6242.377011494251	13.4459770114943	STARmap_plus	spinalcord	7	2	1	7	1.13202463008328	2	1	0	1	2	4
spinalcord_3232	1826.83333333333	6457.97154471545	10.8170731707317	STARmap_plus	spinalcord	7	2	1	7	1.13202463008328	2	1	0	1	2	4
spinalcord_3233	2385.859375	6086.609375	14.1875	STARmap_plus	spinalcord	7	2	1	7	1.13202463008328	2	1	0	1	2	4
spinalcord_3234	1745.60574948665	5819.91991786448	15.5995893223819	STARmap_plus	spinalcord	7	2	1	6	1.05500827668773	2	1	0	1	2	1
spinalcord_3235	2450.91176470588	6060.13529411765	15.0529411764706	STARmap_plus	spinalcord	7	2	1	7	1.13202463008328	2	1	0	1	2	4
spinalcord_3236	2615.70410958904	6523.10410958904	12.487671232876698	STARmap_plus	spinalcord	7	2	1	5	1.30059200753451	2	1	0	1	1	4
spinalcord_3237	2136.3430962343105	6009.1129707113005	17.0878661087866	STARmap_plus	spinalcord	7	2	1	7	1.13202463008328	2	1	0	1	2	4
spinalcord_3238	1734.21848739496	5943.19327731092	14.2913165266106	STARmap_plus	spinalcord	7	2	1	6	1.05500827668773	2	1	0	1	2	1
spinalcord_3239	2546.1328125	6051.8359375	17.2578125	STARmap_plus	spinalcord	7	2	1	7	1.13202463008328	2	1	0	1	2	4
spinalcord_3240	2086.88505747126	5588.1724137931005	14.1494252873563	STARmap_plus	spinalcord	7	5	1	6	1.09351645338551	5	1	0	1	2	1
spinalcord_3241	1850.22702702703	5612.683783783779	17.5513513513514	STARmap_plus	spinalcord	7	2	1	6	1.05500827668773	2	1	0	1	2	1
spinalcord_3242	2364.89	6708.1	10.87	STARmap_plus	spinalcord	7	2	1	5	1.30059200753451	2	1	0	1	1	4
spinalcord_3243	2625.89243027888	5854.924302788841	15.5776892430279	STARmap_plus	spinalcord	7	5	1	6	0.923026257349781	5	1	0	3	2	1
spinalcord_3244	2441.67	6132.26	12.75	STARmap_plus	spinalcord	7	2	1	7	1.13202463008328	2	1	0	1	2	4
spinalcord_3245	2681.00289017341	5727.653179190749	19.985549132948	STARmap_plus	spinalcord	7	4	4	7	1.43065120828796	5	2	0	4	7	3
spinalcord_3246	2363.11009174312	5478.27064220183	14.8669724770642	STARmap_plus	spinalcord	7	4	4	4	1.37760836093005	5	2	4	0	7	1
spinalcord_3247	2004.08387096774	6568.57419354839	9.60645161290323	STARmap_plus	spinalcord	7	2	1	7	1.13202463008328	2	1	0	1	2	4
spinalcord_3248	1928.59114583333	5982.79427083333	14.528645833333302	STARmap_plus	spinalcord	7	5	1	6	1.32456551357215	2	1	0	1	7	1
spinalcord_3249	2349.3324099723	5925.25761772853	17.869806094182803	STARmap_plus	spinalcord	7	2	1	7	1.13202463008328	2	1	0	1	2	4
spinalcord_3250	1852.96875	5873.7678571428605	13.8125	STARmap_plus	spinalcord	7	2	1	6	1.05500827668773	2	1	0	1	2	1
spinalcord_3251	2644.31282051282	5617.0461538461495	18.189743589743603	STARmap_plus	spinalcord	7	4	4	1	1.2475491601766	5	2	4	0	7	3
spinalcord_3252	1601.08996539792	5675.882352941179	16.3044982698962	STARmap_plus	spinalcord	7	2	1	6	0.923026257349781	2	1	0	3	2	1
spinalcord_3253	1992.4752851711	5973.89353612167	15.114068441064598	STARmap_plus	spinalcord	7	2	1	6	1.05500827668773	2	1	0	1	2	1
spinalcord_3254	2550.25	6349.429411764711	16.923529411764697	STARmap_plus	spinalcord	7	2	1	7	1.13202463008328	2	1	0	1	2	4
spinalcord_3255	2059.0	5774.78481012658	14.1012658227848	STARmap_plus	spinalcord	7	2	1	6	1.05500827668773	2	1	0	1	2	1
spinalcord_3256	1897.44915254237	6647.60593220339	8.97881355932203	STARmap_plus	spinalcord	7	2	1	7	1.13202463008328	2	1	0	1	2	4
spinalcord_3257	1800.6060606060605	5773.52272727273	15.0909090909091	STARmap_plus	spinalcord	7	2	1	6	1.05500827668773	2	1	0	1	2	1
spinalcord_3258	1775.31715210356	6027.97087378641	13.3656957928803	STARmap_plus	spinalcord	7	2	1	6	1.05500827668773	2	1	0	1	2	1
spinalcord_3259	2103.0	6582.66507177034	13.2296650717703	STARmap_plus	spinalcord	7	2	1	7	1.13202463008328	2	1	0	1	2	4
spinalcord_3260	1935.4398826979505	5600.28152492669	17.2697947214076	STARmap_plus	spinalcord	7	5	1	6	1.09351645338551	5	1	0	1	2	1
spinalcord_3261	2534.59459459459	5671.2972972973	14.4054054054054	STARmap_plus	spinalcord	7	5	1	7	1.37760836093005	5	2	0	1	2	3
spinalcord_3262	2355.78823529412	6057.84117647059	19.1411764705882	STARmap_plus	spinalcord	7	2	1	7	1.13202463008328	2	1	0	1	2	4
spinalcord_3263	2476.42585551331	6319.39163498099	12.7832699619772	STARmap_plus	spinalcord	7	2	1	7	1.13202463008328	2	1	0	1	2	4
spinalcord_3264	1634.51318944844	5839.268585131889	16.0911270983213	STARmap_plus	spinalcord	7	2	1	6	0.923026257349781	2	1	0	3	2	1
spinalcord_3265	2239.24870466321	5621.09326424871	13.8549222797927	STARmap_plus	spinalcord	7	5	1	6	1.09351645338551	5	1	0	1	2	1
spinalcord_3266	2205.22875816993	5544.2352941176505	15.176470588235302	STARmap_plus	spinalcord	7	5	1	6	1.09351645338551	5	1	0	1	2	1
spinalcord_3267	1877.9	6018.994736842111	17.6736842105263	STARmap_plus	spinalcord	7	5	1	6	1.32456551357215	2	1	0	1	7	1
spinalcord_3268	2034.85714285714	5975.62337662338	15.0	STARmap_plus	spinalcord	7	2	1	6	1.05500827668773	2	1	0	1	2	1
spinalcord_3269	3787.8647798742095	5953.88050314465	10.141509433962302	STARmap_plus	spinalcord	7	5	5	6	1.26208383083673	6	2	4	1	2	2
spinalcord_3270	3112.11142857143	6430.5	10.2514285714286	STARmap_plus	spinalcord	7	2	1	5	1.22357565413896	2	1	0	1	1	1
spinalcord_3271	2961.73821989529	6276.63089005236	14.0235602094241	STARmap_plus	spinalcord	7	2	1	5	1.30059200753451	2	1	0	1	1	4
spinalcord_3272	3977.0	6248.103125	19.153125	STARmap_plus	spinalcord	7	7	5	4	1.24721865653433	6	2	2	0	4	6
spinalcord_3273	3491.4190800681395	6178.77853492334	9.91141396933561	STARmap_plus	spinalcord	7	2	1	5	1.22357565413896	2	1	0	1	1	1
spinalcord_3274	3128.31851851852	5930.42962962963	12.2543209876543	STARmap_plus	spinalcord	7	2	1	6	1.05500827668773	2	1	0	1	2	1
spinalcord_3275	3643.11976047904	5942.532934131739	15.3053892215569	STARmap_plus	spinalcord	7	5	1	6	1.17053280678105	6	1	0	1	2	1
spinalcord_3276	3228.65022421525	6195.87443946188	10.6031390134529	STARmap_plus	spinalcord	7	2	1	6	1.22357565413896	2	1	0	1	1	1
spinalcord_3277	3832.0295081967206	5763.0196721311495	11.455737704918	STARmap_plus	spinalcord	7	6	5	4	1.33910018423228	6	2	4	0	7	2
spinalcord_3278	3822.38288288288	6442.67567567568	11.472972972973	STARmap_plus	spinalcord	7	6	0	4	1.39298226204197	1	2	2	0	6	6
spinalcord_3279	3715.72685185185	6525.15509259259	9.14583333333333	STARmap_plus	spinalcord	7	6	0	4	1.44518587894808	1	2	2	0	6	2
spinalcord_3280	3260.51282051282	5979.435897435899	14.3641025641026	STARmap_plus	spinalcord	7	5	1	6	1.48369405564586	2	1	4	1	7	1
spinalcord_3281	3418.50390625	5815.3828125	16.6875	STARmap_plus	spinalcord	7	5	1	6	1.30059200753451	2	1	4	1	2	1
spinalcord_3282	3699.40280561122	6035.19839679359	14.8837675350701	STARmap_plus	spinalcord	7	5	1	6	0.884518080652007	6	1	0	3	2	1
spinalcord_3283	3322.2380952381	5813.80952380952	16.136054421768698	STARmap_plus	spinalcord	7	5	1	6	1.30059200753451	2	1	4	1	2	1
spinalcord_3284	3751.18260869565	5570.76811594203	19.205797101449303	STARmap_plus	spinalcord	7	6	0	4	1.44518587894808	1	2	2	0	6	2
spinalcord_3285	3792.61478599222	6070.10116731518	13.408560311284	STARmap_plus	spinalcord	7	5	1	7	1.29765570383528	6	1	4	1	2	6
spinalcord_3286	4084.491428571429	5911.228571428571	17.48	STARmap_plus	spinalcord	7	7	3	3	1.15853136897863	6	2	2	6	4	6
spinalcord_3287	2834.5150554675106	6507.1632329635495	13.0174326465927	STARmap_plus	spinalcord	7	2	1	5	1.30059200753451	2	1	0	1	1	4
spinalcord_3288	3730.3793103448297	5494.448275862071	17.4103448275862	STARmap_plus	spinalcord	7	6	0	4	1.17053280678105	1	6	2	1	6	2
spinalcord_3289	3046.9342105263204	6038.078947368421	10.482456140350902	STARmap_plus	spinalcord	7	2	1	6	1.05500827668773	2	1	0	1	2	1
spinalcord_3290	3364.57230769231	6560.09230769231	11.8461538461538	STARmap_plus	spinalcord	7	5	0	4	1.43065120828796	2	6	4	0	6	1
spinalcord_3291	3441.0	5587.64596273292	17.3291925465839	STARmap_plus	spinalcord	7	4	0	4	1.52220223234363	1	2	4	0	6	1
spinalcord_3292	2966.3411764705897	5562.970588235289	16.223529411764698	STARmap_plus	spinalcord	7	5	4	7	1.43065120828796	5	2	4	1	2	3
spinalcord_3293	3501.98913043478	6283.98369565217	11.5027173913043	STARmap_plus	spinalcord	7	2	1	6	1.22357565413896	2	1	0	1	1	1
spinalcord_3294	3260.37777777778	6512.162962962961	10.7296296296296	STARmap_plus	spinalcord	7	5	1	6	1.39214303159018	2	2	0	1	1	1
spinalcord_3295	3606.59803921569	5775.637254901961	16.647058823529402	STARmap_plus	spinalcord	7	5	5	6	1.33910018423228	6	2	4	0	2	1
spinalcord_3296	4048.9519774011296	6659.78248587571	17.6327683615819	STARmap_plus	spinalcord	7	6	0	4	1.39298226204197	1	6	1	0	6	6
spinalcord_3297	3839.98645320197	5468.03571428571	14.0849753694581	STARmap_plus	spinalcord	7	6	0	4	1.19157000911948	1	6	2	0	6	6
spinalcord_3298	3810.4174528301896	6239.90801886792	12.8702830188679	STARmap_plus	spinalcord	7	5	5	3	1.3331063793635	6	2	4	0	2	6
spinalcord_3299	3940.17844522968	6579.16431095406	17.3233215547703	STARmap_plus	spinalcord	7	6	0	4	1.19157000911948	1	6	2	0	6	6
spinalcord_3300	3153.01904761905	5752.761904761899	13.7936507936508	STARmap_plus	spinalcord	7	5	1	6	1.30059200753451	2	1	4	1	2	1
spinalcord_3301	3928.58052434457	6128.25468164794	12.198501872659198	STARmap_plus	spinalcord	7	5	5	6	1.36217572068375	6	2	4	4	2	6
spinalcord_3302	2826.28265524625	5982.91220556745	16.3233404710921	STARmap_plus	spinalcord	7	2	1	6	1.05500827668773	2	1	0	1	2	1
spinalcord_3303	3942.49034749035	6418.521235521241	12.841698841698802	STARmap_plus	spinalcord	7	6	0	4	1.19157000911948	1	6	2	0	6	6
spinalcord_3304	3543.6166666666704	5707.99333333333	15.61	STARmap_plus	spinalcord	7	5	5	4	1.30059200753451	6	2	4	0	7	1
spinalcord_3305	4033.17391304348	6804.24901185771	17.8458498023715	STARmap_plus	spinalcord	7	6	0	4	1.39214303159018	1	2	1	0	6	2
spinalcord_3306	2833.81376518219	5742.78137651822	13.5910931174089	STARmap_plus	spinalcord	7	5	1	6	1.20904098347883	5	1	0	1	2	3
spinalcord_3307	3928.881632653061	6804.81632653061	17.4938775510204	STARmap_plus	spinalcord	7	6	0	4	1.39298226204197	1	6	1	0	6	6
spinalcord_3308	3490.66524216524	6590.3660968661	15.0940170940171	STARmap_plus	spinalcord	7	6	0	4	1.2475491601766	1	6	2	0	6	2
spinalcord_3309	2976.93989071038	6757.718579234971	12.603825136612	STARmap_plus	spinalcord	7	2	1	6	1.22357565413896	2	1	0	1	1	1
spinalcord_3310	2814.62396694215	5508.81818181818	14.5619834710744	STARmap_plus	spinalcord	7	4	4	1	1.2475491601766	5	2	4	0	7	3
spinalcord_3311	3228.54044117647	5518.8602941176505	17.3272058823529	STARmap_plus	spinalcord	7	4	0	4	1.43065120828796	5	2	4	0	6	2
spinalcord_3312	3042.9171842650103	5463.8198757764	15.935817805383	STARmap_plus	spinalcord	7	4	5	4	1.48369405564586	1	2	4	0	2	1
spinalcord_3313	3112.8081395348804	6535.78488372093	7.17441860465116	STARmap_plus	spinalcord	7	2	1	6	1.22357565413896	2	1	0	1	1	1
spinalcord_3314	3309.31850117096	5656.98829039813	17.5878220140515	STARmap_plus	spinalcord	7	5	5	6	1.31512667819463	2	2	4	0	6	1
spinalcord_3315	3856.01655629139	5580.91390728477	16.837748344370898	STARmap_plus	spinalcord	7	6	0	4	1.19157000911948	3	6	2	0	6	6
spinalcord_3316	3586.2307692307704	6140.84615384615	13.1447963800905	STARmap_plus	spinalcord	7	2	1	6	1.05500827668773	2	1	0	1	2	1
spinalcord_3317	3948.81003584229	6688.12186379928	15.1971326164875	STARmap_plus	spinalcord	7	6	0	4	1.39298226204197	1	6	1	0	6	6
spinalcord_3318	2925.5549738219897	6572.4502617801	9.52356020942408	STARmap_plus	spinalcord	7	2	1	5	1.30059200753451	2	1	0	1	1	4
spinalcord_3319	2936.9251700680297	5812.1156462585	13.7142857142857	STARmap_plus	spinalcord	7	2	1	6	1.05500827668773	2	1	0	1	2	1
spinalcord_3320	2936.6899696048604	5688.115501519761	11.626139817629198	STARmap_plus	spinalcord	7	5	1	6	1.37760836093005	5	1	4	1	2	1
spinalcord_3321	3438.76309794989	5672.74259681093	15.4214123006834	STARmap_plus	spinalcord	7	5	5	4	1.44518587894808	6	1	4	0	6	1
spinalcord_3322	3039.71022727273	5636.28977272727	15.5795454545455	STARmap_plus	spinalcord	7	5	4	6	1.43065120828796	5	2	4	1	2	3
spinalcord_3323	4033.93414211438	6433.52339688042	12.2131715771231	STARmap_plus	spinalcord	7	6	0	4	1.19157000911948	1	6	2	0	6	6
spinalcord_3324	3390.2040816326503	6158.37959183674	13.2959183673469	STARmap_plus	spinalcord	7	2	1	5	1.22357565413896	2	1	0	1	1	1
spinalcord_3325	3795.0149253731297	6629.044776119399	11.4179104477612	STARmap_plus	spinalcord	7	6	0	4	1.2475491601766	1	6	2	0	6	2
spinalcord_3326	3365.45588235294	5538.799019607839	11.9019607843137	STARmap_plus	spinalcord	7	4	0	4	1.52220223234363	1	2	4	0	6	1
spinalcord_3327	2922.23505976096	6185.41434262948	12.0199203187251	STARmap_plus	spinalcord	7	2	1	5	1.30059200753451	2	1	0	1	1	4
spinalcord_3328	4006.50156739812	6306.836990595611	10.2194357366771	STARmap_plus	spinalcord	7	6	0	4	1.01711347988544	1	6	2	0	4	6
spinalcord_3329	3446.4206896551696	5486.3517241379295	17.8068965517241	STARmap_plus	spinalcord	7	6	0	4	1.52220223234363	1	2	4	0	6	2
spinalcord_3330	3680.9702970297	6634.80198019802	12.019801980198	STARmap_plus	spinalcord	7	6	0	4	1.2475491601766	1	6	2	0	6	2
spinalcord_3331	3514.3211678832104	5486.2700729927	15.8175182481752	STARmap_plus	spinalcord	7	6	0	4	1.2475491601766	1	6	2	0	6	2
spinalcord_3332	2953.4122807017498	5465.94736842105	15.8991228070175	STARmap_plus	spinalcord	7	5	5	7	1.37760836093005	6	2	4	1	2	3
spinalcord_3333	3352.77419354839	5917.193548387099	14.4926686217009	STARmap_plus	spinalcord	7	2	1	6	1.05500827668773	2	1	0	1	2	1
spinalcord_3334	3232.0208333333303	5847.52604166667	15.958333333333302	STARmap_plus	spinalcord	7	5	1	6	1.30059200753451	2	1	4	1	2	1
spinalcord_3335	3739.683333333329	5897.45	13.416666666666698	STARmap_plus	spinalcord	7	5	5	6	1.39214303159018	6	2	4	1	2	1
spinalcord_3336	4045.02912621359	5534.17475728155	17.0	STARmap_plus	spinalcord	7	6	3	1	1.22150795045872	3	2	1	0	7	6
spinalcord_3337	3266.50476190476	6054.42380952381	13.3857142857143	STARmap_plus	spinalcord	7	2	1	6	1.05500827668773	2	1	0	1	2	1
spinalcord_3338	3834.84858044164	6784.656151419561	16.3817034700315	STARmap_plus	spinalcord	7	6	0	4	1.39214303159018	1	2	1	0	6	2
spinalcord_3339	3121.4403973509898	5691.9039735099295	16.0695364238411	STARmap_plus	spinalcord	7	5	5	6	1.48369405564586	2	2	4	0	2	1
spinalcord_3340	3186.08024691358	5950.54320987654	14.4753086419753	STARmap_plus	spinalcord	7	2	1	6	1.05500827668773	2	1	0	1	2	1
spinalcord_3341	4101.04188481675	6385.04712041885	14.5602094240838	STARmap_plus	spinalcord	7	6	0	4	1.19157000911948	1	6	2	0	6	6
spinalcord_3342	3492.49825783972	5790.28571428571	16.104529616724697	STARmap_plus	spinalcord	7	5	1	6	1.31512667819463	2	1	4	4	2	1
spinalcord_3343	4032.102362204721	5604.77165354331	16.157480314960598	STARmap_plus	spinalcord	7	6	3	1	1.22150795045872	3	2	1	0	7	6
spinalcord_3344	3964.473214285711	6058.8616071428605	9.35714285714286	STARmap_plus	spinalcord	7	7	5	1	1.15479903245967	6	2	4	0	4	6
spinalcord_3345	3855.52	6163.577777777779	8.03111111111111	STARmap_plus	spinalcord	7	5	5	4	1.3331063793635	6	2	4	0	2	6
spinalcord_3346	3869.8099173553705	6076.04958677686	11.2561983471074	STARmap_plus	spinalcord	7	5	5	3	1.36217572068375	6	2	4	4	2	6
spinalcord_3347	3621.445544554461	5499.118811881191	13.019801980198	STARmap_plus	spinalcord	7	6	0	4	1.2475491601766	1	6	2	0	6	2
spinalcord_3348	3834.09508196721	6676.8918032786905	18.7377049180328	STARmap_plus	spinalcord	7	6	0	4	1.2475491601766	1	6	2	0	6	2
spinalcord_3349	3039.3125	6155.00694444444	10.3611111111111	STARmap_plus	spinalcord	7	2	1	6	1.22357565413896	2	1	0	1	1	1
spinalcord_3350	4022.8306010929	5920.8907103825095	9.601092896174858	STARmap_plus	spinalcord	7	7	5	3	1.35919350303296	6	2	2	1	4	6
spinalcord_3351	2990.1282051282105	5950.57692307692	12.2051282051282	STARmap_plus	spinalcord	7	2	1	6	1.05500827668773	2	1	0	1	2	1
spinalcord_3352	3798.3501048218	5828.002096436059	13.987421383647805	STARmap_plus	spinalcord	7	6	0	4	1.37760836093005	6	2	4	0	6	2
spinalcord_3353	3978.2796610169503	5740.47881355932	16.9406779661017	STARmap_plus	spinalcord	7	6	5	4	1.30913287332585	6	2	2	0	7	6
spinalcord_3354	3969.3888888888896	5996.814814814809	12.7546296296296	STARmap_plus	spinalcord	7	7	5	3	1.15479903245967	6	2	4	0	4	6
spinalcord_3355	4044.1623616236207	6004.40221402214	11.1365313653137	STARmap_plus	spinalcord	7	7	3	3	1.19922573050746	6	7	2	0	4	6
spinalcord_3356	4033.92783505155	6741.591065292099	16.8384879725086	STARmap_plus	spinalcord	7	6	0	4	1.39298226204197	1	6	1	0	6	6
spinalcord_3357	4035.25	6204.199152542371	10.9152542372881	STARmap_plus	spinalcord	7	7	5	1	1.24721865653433	6	2	2	0	4	6
spinalcord_3358	3066.73575129534	6285.16062176166	10.937823834196902	STARmap_plus	spinalcord	7	2	1	5	1.26208383083673	2	1	0	4	1	1
spinalcord_3359	3289.36144578313	6573.34337349398	11.6746987951807	STARmap_plus	spinalcord	7	5	1	6	1.44518587894808	2	2	4	1	1	1
spinalcord_3360	3103.73053892216	5839.26347305389	15.7215568862275	STARmap_plus	spinalcord	7	5	1	6	1.30059200753451	2	2	0	1	2	1
spinalcord_3361	3277.71788413098	5921.47607052897	15.3350125944584	STARmap_plus	spinalcord	7	5	1	6	1.39214303159018	2	1	4	0	2	1
spinalcord_3362	3184.7246376811604	5827.7004830917895	13.6763285024155	STARmap_plus	spinalcord	7	2	1	6	1.05500827668773	2	1	0	1	2	1
spinalcord_3363	3030.7643678160903	6515.13218390805	7.70114942528736	STARmap_plus	spinalcord	7	2	1	6	1.22357565413896	2	1	0	1	1	1
spinalcord_3364	2921.14189189189	5953.7027027027	12.3716216216216	STARmap_plus	spinalcord	7	2	1	6	1.05500827668773	2	1	0	1	2	1
spinalcord_3365	3339.64285714286	5744.8956043956005	16.1758241758242	STARmap_plus	spinalcord	7	5	1	6	1.30059200753451	2	1	4	1	2	1
spinalcord_3366	3940.6834862385294	6495.46788990826	15.2064220183486	STARmap_plus	spinalcord	7	6	0	4	1.19157000911948	1	6	2	0	6	6
spinalcord_3367	3984.7166666666703	6379.0625	10.8833333333333	STARmap_plus	spinalcord	7	6	0	4	1.19157000911948	1	6	2	0	6	6
spinalcord_3368	2774.4634146341496	6476.47154471545	15.6829268292683	STARmap_plus	spinalcord	7	2	1	5	1.30059200753451	2	1	0	1	1	4
spinalcord_3369	2800.9777777777804	6759.20740740741	12.985185185185198	STARmap_plus	spinalcord	7	2	1	5	1.30059200753451	2	1	0	1	1	4
spinalcord_3370	4068.675324675321	6573.05844155844	17.870129870129897	STARmap_plus	spinalcord	7	6	0	4	1.39298226204197	1	6	1	0	6	6
spinalcord_3371	3889.20731707317	6266.097560975611	9.219512195121949	STARmap_plus	spinalcord	7	7	5	3	1.37844759138184	6	2	2	6	2	6
spinalcord_3372	3989.42741935484	5497.35080645161	16.1129032258065	STARmap_plus	spinalcord	7	6	3	1	1.22150795045872	3	2	1	0	7	6
spinalcord_3373	3920.75598086124	5866.21052631579	11.488038277512	STARmap_plus	spinalcord	7	5	5	1	1.24838839062839	6	2	4	0	7	6
spinalcord_3374	3999.92941176471	5837.147058823531	17.9647058823529	STARmap_plus	spinalcord	7	5	5	6	1.52304146279542	6	2	2	1	2	6
spinalcord_3375	3742.24217118998	6136.275574112729	13.1127348643006	STARmap_plus	spinalcord	7	5	1	6	1.33910018423228	6	2	0	1	2	1
spinalcord_3376	3676.03787878788	5739.74242424242	17.462121212121197	STARmap_plus	spinalcord	7	5	4	4	1.22399526936485	6	2	4	0	5	2
spinalcord_3377	3018.34437086093	6326.0	12.476821192053	STARmap_plus	spinalcord	7	2	1	5	1.39214303159018	2	1	0	4	1	4
spinalcord_3378	3363.92105263158	5805.671052631579	14.7171052631579	STARmap_plus	spinalcord	7	5	1	6	1.30059200753451	2	1	4	1	2	1
spinalcord_3379	3172.02666666667	6371.41714285714	10.1542857142857	STARmap_plus	spinalcord	7	2	1	6	1.22357565413896	2	1	0	1	1	1
spinalcord_3380	3587.2277777777795	6613.41666666667	13.3722222222222	STARmap_plus	spinalcord	7	6	0	4	1.2475491601766	1	6	2	0	6	2
spinalcord_3381	3243.98969072165	5582.52577319588	16.2886597938144	STARmap_plus	spinalcord	7	5	5	6	1.43065120828796	5	2	4	1	2	1
spinalcord_3382	4044.33	5870.06	18.51	STARmap_plus	spinalcord	7	7	3	3	1.15853136897863	6	2	2	6	4	6
spinalcord_3383	2979.60204081633	6186.84693877551	12.0816326530612	STARmap_plus	spinalcord	7	2	1	5	1.30059200753451	2	1	0	1	1	4
spinalcord_3384	3028.96590909091	6225.70454545455	9.35227272727273	STARmap_plus	spinalcord	7	2	1	5	1.22357565413896	2	1	0	1	1	1
spinalcord_3385	3052.03629032258	5927.830645161291	11.1048387096774	STARmap_plus	spinalcord	7	2	1	6	1.05500827668773	2	1	0	1	2	1
spinalcord_3386	4018.97637795276	6073.69291338583	18.0944881889764	STARmap_plus	spinalcord	7	7	3	3	1.22143266693995	6	2	2	2	4	6
spinalcord_3387	3666.28404669261	6537.08560311284	8.83268482490272	STARmap_plus	spinalcord	7	6	0	4	1.2475491601766	1	6	2	0	6	2
spinalcord_3388	4007.223214285711	6150.09821428571	11.217261904761902	STARmap_plus	spinalcord	7	7	5	3	1.24721865653433	6	2	2	0	4	6
spinalcord_3389	3203.3508771929805	6553.61403508772	5.228070175438599	STARmap_plus	spinalcord	7	2	1	5	1.22357565413896	2	1	0	1	1	1
spinalcord_3390	3986.57009345794	6516.20560747664	13.6822429906542	STARmap_plus	spinalcord	7	6	0	4	1.16076346776126	1	6	2	1	6	6
spinalcord_3391	3424.77564102564	5907.92948717949	14.8205128205128	STARmap_plus	spinalcord	7	2	1	6	1.05500827668773	2	1	0	1	2	1
spinalcord_3392	4092.14903846154	6220.615384615379	12.0913461538462	STARmap_plus	spinalcord	7	7	5	3	1.05208394145259	6	2	6	0	4	6
spinalcord_3393	4094.77304964539	5865.765957446811	14.6950354609929	STARmap_plus	spinalcord	7	7	5	4	1.24721865653433	6	2	2	0	4	6
spinalcord_3394	3688.73758865248	5537.91489361702	19.4042553191489	STARmap_plus	spinalcord	7	6	0	4	1.52220223234363	1	2	4	0	6	2
spinalcord_3395	3532.25217391304	6236.70434782609	9.59130434782609	STARmap_plus	spinalcord	7	2	1	7	0.884518080652007	2	1	0	1	2	2
spinalcord_3396	3278.01865671642	5796.82835820896	16.8694029850746	STARmap_plus	spinalcord	7	5	1	6	1.30059200753451	2	1	4	1	2	1
spinalcord_3397	3981.47058823529	6120.04705882353	16.2470588235294	STARmap_plus	spinalcord	7	5	5	3	1.23298511994928	6	2	4	4	4	6
spinalcord_3398	3566.62737642586	5543.30038022814	17.4182509505703	STARmap_plus	spinalcord	7	4	0	4	1.52220223234363	1	2	4	0	6	1
spinalcord_3399	4537.74842767296	5821.06289308176	8.16981132075472	STARmap_plus	spinalcord	7	7	3	3	0.487321824524552	7	7	6	6	4	6
spinalcord_3400	4588.27705627706	5791.17748917749	6.913419913419911	STARmap_plus	spinalcord	7	7	3	3	0.487321824524552	7	7	6	6	4	6
spinalcord_3401	5187.630831643	6194.6957403651095	12.606490872211	STARmap_plus	spinalcord	7	6	0	4	1.33910018423228	1	6	1	0	6	2
spinalcord_3402	4590.711229946521	6211.37700534759	12.192513368984	STARmap_plus	spinalcord	7	7	3	3	0.487321824524552	7	7	6	6	4	6
spinalcord_3403	4361.40049751244	5809.609452736321	11.0174129353234	STARmap_plus	spinalcord	7	7	3	3	0.487321824524552	7	7	6	6	4	6
spinalcord_3404	4381.5648312611	6231.516873889879	12.3250444049734	STARmap_plus	spinalcord	7	7	3	3	0.487321824524552	7	7	6	6	4	6
spinalcord_3405	4556.536734693879	6439.646938775511	12.791836734693902	STARmap_plus	spinalcord	7	6	0	4	1.30826427330686	1	6	1	4	6	6
spinalcord_3406	4532.61139896373	5882.95336787565	15.398963730569902	STARmap_plus	spinalcord	7	7	3	3	0.487321824524552	7	7	6	6	4	6
spinalcord_3407	5360.84042553191	5779.90957446809	6.497340425531911	STARmap_plus	spinalcord	7	6	0	4	1.26208383083673	3	6	1	0	1	2
spinalcord_3408	5382.666666666671	6139.829268292679	11.3886178861789	STARmap_plus	spinalcord	7	6	0	4	1.21671324925119	1	6	1	2	4	2
spinalcord_3409	4702.94491525424	6123.173728813559	14.4872881355932	STARmap_plus	spinalcord	7	7	3	3	0.487321824524552	7	7	6	6	4	6
spinalcord_3410	4634.16022099447	5865.187845303871	8.89502762430939	STARmap_plus	spinalcord	7	7	3	3	0.487321824524552	7	7	6	6	4	6
spinalcord_3411	4718.921052631579	6012.87969924812	16.1315789473684	STARmap_plus	spinalcord	7	7	3	3	0.487321824524552	7	7	6	6	4	6
spinalcord_3412	4374.3834422658	6098.760348583879	12.0435729847495	STARmap_plus	spinalcord	7	7	3	3	0.487321824524552	7	7	6	6	4	6
spinalcord_3413	4153.00980392157	5955.637254901961	11.9052287581699	STARmap_plus	spinalcord	7	7	3	3	0.963457252632055	6	7	6	6	4	6
spinalcord_3414	4526.42307692308	6176.689102564101	15.1923076923077	STARmap_plus	spinalcord	7	7	3	3	0.487321824524552	7	7	6	6	4	6
spinalcord_3415	5151.2337228714505	5771.8347245409	11.322203672788	STARmap_plus	spinalcord	7	6	0	4	1.39298226204197	1	6	1	0	6	6
spinalcord_3416	4798.9919168591205	5959.27944572748	10.1224018475751	STARmap_plus	spinalcord	7	6	0	4	1.53074309813497	6	6	1	0	6	6
spinalcord_3417	4213.15789473684	6048.26860254083	14.176043557168802	STARmap_plus	spinalcord	7	7	3	3	0.487321824524552	7	7	6	6	4	6
spinalcord_3418	4682.29866666667	5895.37866666667	12.976	STARmap_plus	spinalcord	7	7	3	3	0.487321824524552	7	7	6	6	4	6
spinalcord_3419	4575.5802919708	6136.95620437956	14.5948905109489	STARmap_plus	spinalcord	7	7	3	3	0.487321824524552	7	7	6	6	4	6
spinalcord_3420	4466.8560885608895	5889.72693726937	13.8856088560886	STARmap_plus	spinalcord	7	7	3	3	0.487321824524552	7	7	6	6	4	6
spinalcord_3421	4302.29661016949	6100.923728813559	20.228813559322	STARmap_plus	spinalcord	7	7	3	3	0.487321824524552	7	7	6	6	4	6
spinalcord_3422	4437.60191082803	6530.10191082803	15.8025477707006	STARmap_plus	spinalcord	7	6	0	4	1.39298226204197	1	6	1	0	6	6
spinalcord_3423	4176.3963963964	6007.932432432429	15.4324324324324	STARmap_plus	spinalcord	7	7	3	3	0.487321824524552	7	7	6	6	4	6
spinalcord_3424	4926.64977973568	6264.82599118943	11.801762114537402	STARmap_plus	spinalcord	7	6	0	4	1.39298226204197	1	6	1	0	6	6
spinalcord_3425	5274.78919491525	6077.21292372881	10.1218220338983	STARmap_plus	spinalcord	7	6	0	4	1.33910018423228	1	6	1	0	6	2
spinalcord_3426	4486.29818181818	6262.64363636364	14.487272727272698	STARmap_plus	spinalcord	7	7	3	3	0.487321824524552	7	7	6	6	4	6
spinalcord_3427	4662.15577889447	6067.56783919598	16.005025125628098	STARmap_plus	spinalcord	7	7	3	3	0.487321824524552	7	7	6	6	4	6
spinalcord_3428	4405.16929133858	5970.5157480315	13.4291338582677	STARmap_plus	spinalcord	7	7	3	3	0.487321824524552	7	7	6	6	4	6
spinalcord_3429	4354.32474226804	5927.21391752577	15.6469072164948	STARmap_plus	spinalcord	7	7	3	3	0.487321824524552	7	7	6	6	4	6
spinalcord_3430	4266.61481481481	6133.6148148148095	16.9407407407407	STARmap_plus	spinalcord	7	7	3	3	0.487321824524552	7	7	6	6	4	6
spinalcord_3431	4270.62096774194	6075.34677419355	14.9516129032258	STARmap_plus	spinalcord	7	7	3	3	0.487321824524552	7	7	6	6	4	6
spinalcord_3432	5061.21981424149	6626.1052631579005	13.7708978328173	STARmap_plus	spinalcord	7	6	0	4	1.39214303159018	1	2	1	0	6	2
spinalcord_3433	4571.01937984496	5948.12403100775	12.7906976744186	STARmap_plus	spinalcord	7	7	3	3	0.487321824524552	7	7	6	6	4	6
spinalcord_3434	4651.82835820896	6033.91044776119	16.7835820895522	STARmap_plus	spinalcord	7	7	3	3	0.487321824524552	7	7	6	6	4	6
spinalcord_3435	4421.33898305085	5884.02259887006	13.1412429378531	STARmap_plus	spinalcord	7	7	3	3	0.487321824524552	7	7	6	6	4	6
spinalcord_3436	4902.32027027027	5521.81216216216	10.8797297297297	STARmap_plus	spinalcord	7	6	0	4	1.39298226204197	1	6	1	0	6	6
spinalcord_3437	4345.479381443301	6048.5567010309305	16.3505154639175	STARmap_plus	spinalcord	7	7	3	3	0.487321824524552	7	7	6	6	4	6
spinalcord_3438	4504.6034063260295	5567.386861313871	8.96350364963504	STARmap_plus	spinalcord	7	6	0	4	1.39298226204197	1	6	1	0	6	6
spinalcord_3439	4617.98387096774	5966.95161290323	19.435483870967698	STARmap_plus	spinalcord	7	7	3	3	0.487321824524552	7	7	6	6	4	6
spinalcord_3440	4785.28096118299	6095.598890942701	11.2070240295749	STARmap_plus	spinalcord	7	6	0	4	1.53074309813497	6	6	1	0	6	6
spinalcord_3441	4282.87894736842	6019.415789473679	12.7631578947368	STARmap_plus	spinalcord	7	7	3	3	0.487321824524552	7	7	6	6	4	6
spinalcord_3442	4785.03092783505	6179.0824742268005	10.6202749140893	STARmap_plus	spinalcord	7	6	0	4	1.53074309813497	6	6	1	0	6	6
spinalcord_3443	4914.13723150358	6381.21957040573	14.8961813842482	STARmap_plus	spinalcord	7	6	0	4	1.39298226204197	1	6	1	0	6	6
spinalcord_3444	4311.57608695652	5976.13043478261	12.6195652173913	STARmap_plus	spinalcord	7	7	3	3	0.487321824524552	7	7	6	6	4	6
spinalcord_3445	4633.0	5975.1052631579005	13.052631578947402	STARmap_plus	spinalcord	7	7	3	3	0.487321824524552	7	7	6	6	4	6
spinalcord_3446	4777.06529209622	6667.120274914089	18.1855670103093	STARmap_plus	spinalcord	7	6	0	4	1.33910018423228	1	6	1	0	6	2
spinalcord_3447	5083.038240917779	5669.510516252391	9.67686424474187	STARmap_plus	spinalcord	7	6	0	4	1.39298226204197	1	6	1	0	6	6
spinalcord_3448	5313.30487804878	6194.92926829268	13.348780487804898	STARmap_plus	spinalcord	7	6	0	4	1.33910018423228	1	6	1	0	6	2
spinalcord_3449	4522.26744186046	6556.8992248062	13.0174418604651	STARmap_plus	spinalcord	7	6	0	4	1.39298226204197	1	6	1	0	6	6
spinalcord_3450	4939.79779917469	6025.3507565337	8.27922971114168	STARmap_plus	spinalcord	7	6	0	4	1.39298226204197	1	6	1	0	6	6
spinalcord_3451	4796.668085106379	6355.32056737589	12.0411347517731	STARmap_plus	spinalcord	7	6	0	4	1.39298226204197	1	6	1	0	6	6
spinalcord_3452	5167.55511811024	6792.944881889761	12.1968503937008	STARmap_plus	spinalcord	7	6	0	4	1.33910018423228	1	6	1	0	6	2
spinalcord_3453	5390.269076305221	6432.811244979921	13.6224899598394	STARmap_plus	spinalcord	7	6	0	4	1.33910018423228	1	6	1	0	6	2
spinalcord_3454	4376.023255813951	6764.558139534879	16.651162790697697	STARmap_plus	spinalcord	7	6	0	4	1.39214303159018	1	2	1	0	6	2
spinalcord_3455	4882.50297619048	6733.80654761905	18.4821428571429	STARmap_plus	spinalcord	7	6	0	4	1.33910018423228	1	6	1	0	6	2
spinalcord_3456	4644.54523227384	6800.08557457213	18.012224938875303	STARmap_plus	spinalcord	7	6	0	4	1.33910018423228	1	6	1	0	6	2
spinalcord_3457	5147.206896551721	6404.93333333333	12.2275862068966	STARmap_plus	spinalcord	7	6	0	4	1.12516222519551	1	6	1	0	4	2
spinalcord_3458	5396.30263157895	6647.381578947371	16.9035087719298	STARmap_plus	spinalcord	7	6	0	4	1.2475491601766	1	6	2	0	6	2
spinalcord_3459	5214.258823529411	6402.29019607843	14.0274509803922	STARmap_plus	spinalcord	7	6	0	4	1.33910018423228	1	6	1	0	6	2
spinalcord_3460	5299.14569536424	6386.03973509934	16.4105960264901	STARmap_plus	spinalcord	7	6	0	4	1.33910018423228	1	6	1	0	6	2
spinalcord_3461	4941.9375	6534.5546875	13.1953125	STARmap_plus	spinalcord	7	6	0	4	1.33910018423228	1	6	1	0	6	2
spinalcord_3462	4983.72807017544	6761.28947368421	11.9795321637427	STARmap_plus	spinalcord	7	6	0	4	1.33910018423228	1	6	1	0	6	2
spinalcord_3463	4879.16506024096	5855.03855421687	8.085542168674701	STARmap_plus	spinalcord	7	6	0	4	1.53074309813497	6	6	1	0	6	6
spinalcord_3464	5051.3227953411	6416.8419301164695	13.6555740432612	STARmap_plus	spinalcord	7	6	0	4	1.21671324925119	1	6	1	2	4	2
spinalcord_3465	4351.16465863454	6650.959839357429	13.1084337349398	STARmap_plus	spinalcord	7	6	0	4	1.39298226204197	1	6	1	0	6	6
spinalcord_3466	5396.75287356322	5586.47701149425	18.8850574712644	STARmap_plus	spinalcord	7	6	0	1	1.32456551357215	3	2	1	0	6	2
spinalcord_3467	5189.37735849057	5974.8867924528295	5.11792452830189	STARmap_plus	spinalcord	7	6	0	4	1.33910018423228	1	6	1	0	6	2
spinalcord_3468	4282.478723404261	5462.52836879433	10.7482269503546	STARmap_plus	spinalcord	7	6	3	1	1.22150795045872	3	2	1	0	7	6
spinalcord_3469	4770.38624338624	6507.21693121693	19.3544973544974	STARmap_plus	spinalcord	7	6	0	4	1.43149043873974	1	2	1	0	6	6
spinalcord_3470	4233.145714285711	5730.734285714289	12.9314285714286	STARmap_plus	spinalcord	7	7	5	3	1.22324515049669	6	2	6	0	7	6
spinalcord_3471	5431.85915492958	6553.74647887324	16.014084507042302	STARmap_plus	spinalcord	7	6	0	4	1.33910018423228	1	6	1	0	6	2
spinalcord_3472	5059.93103448276	6721.8275862069	13.4291187739464	STARmap_plus	spinalcord	7	6	0	4	1.33910018423228	1	6	1	0	6	2
spinalcord_3473	4207.68503937008	6656.87401574803	17.1732283464567	STARmap_plus	spinalcord	7	6	0	4	1.33910018423228	1	6	1	0	6	2
spinalcord_3474	4160.206666666671	5604.25333333333	14.64	STARmap_plus	spinalcord	7	6	3	1	1.22150795045872	3	2	1	0	7	6
spinalcord_3475	5369.5	6528.708108108111	15.4216216216216	STARmap_plus	spinalcord	7	6	0	4	1.33910018423228	1	6	1	0	6	2
spinalcord_3476	4487.3470790378005	6402.90721649485	10.020618556701	STARmap_plus	spinalcord	7	7	5	4	1.21554351515713	6	2	6	0	6	6
spinalcord_3477	4631.790322580639	5466.74462365591	10.8387096774194	STARmap_plus	spinalcord	7	6	0	4	1.43149043873974	1	2	1	0	6	6
spinalcord_3478	4541.37380191693	6683.156549520771	14.3833865814696	STARmap_plus	spinalcord	7	6	0	4	1.33910018423228	1	6	1	0	6	2
spinalcord_3479	5125.815028901729	6000.6011560693605	5.96531791907514	STARmap_plus	spinalcord	7	6	0	4	1.39298226204197	1	6	1	0	6	6
spinalcord_3480	5096.611738148979	5568.04063205418	16.3769751693002	STARmap_plus	spinalcord	7	6	0	4	1.33910018423228	1	6	1	0	6	2
spinalcord_3481	5102.99290780142	6323.751773049649	13.2553191489362	STARmap_plus	spinalcord	7	6	0	4	1.21671324925119	1	6	1	2	4	2
spinalcord_3482	4825.8773006135	6612.46012269939	16.1533742331288	STARmap_plus	spinalcord	7	6	0	4	1.33910018423228	1	6	1	0	6	2
spinalcord_3483	4461.60080645161	5485.71370967742	13.717741935483902	STARmap_plus	spinalcord	7	6	0	4	1.39298226204197	1	6	1	0	6	6
spinalcord_3484	4459.15254237288	5814.305084745761	7.745762711864411	STARmap_plus	spinalcord	7	7	3	3	0.487321824524552	7	7	6	6	4	6
spinalcord_3485	4165.4	6407.84	13.375	STARmap_plus	spinalcord	7	6	0	4	1.27447551429785	1	6	6	0	6	6
spinalcord_3486	4222.05945945946	5669.75675675676	10.3783783783784	STARmap_plus	spinalcord	7	6	3	1	1.22150795045872	3	2	1	0	7	6
spinalcord_3487	4845.67892976589	6031.1003344481605	8.40468227424749	STARmap_plus	spinalcord	7	6	0	4	1.53074309813497	6	6	1	0	6	6
spinalcord_3488	5059.00234741784	6038.255868544599	7.73943661971831	STARmap_plus	spinalcord	7	6	0	4	1.39298226204197	1	6	1	0	6	6
spinalcord_3489	4893.20731707317	6626.38414634146	17.670731707317103	STARmap_plus	spinalcord	7	6	0	4	1.33910018423228	1	6	1	0	6	2
spinalcord_3490	4816.24568965517	5518.086206896551	6.987068965517241	STARmap_plus	spinalcord	7	6	0	4	1.39298226204197	1	6	1	0	6	6
spinalcord_3491	4971.19170984456	6652.352331606221	14.5336787564767	STARmap_plus	spinalcord	7	6	0	4	1.33910018423228	1	6	1	0	6	2
spinalcord_3492	4969.09659090909	5553.174242424239	12.6950757575758	STARmap_plus	spinalcord	7	6	0	4	1.39298226204197	1	6	1	0	6	6
spinalcord_3493	5316.472222222221	6297.33888888889	18.7277777777778	STARmap_plus	spinalcord	7	6	0	4	1.33910018423228	1	6	1	0	6	2
spinalcord_3494	5289.62663185379	6549.06005221932	18.2114882506527	STARmap_plus	spinalcord	7	6	0	4	1.33910018423228	1	6	1	0	6	2
spinalcord_3495	4122.0540540540505	5524.662162162161	16.5	STARmap_plus	spinalcord	7	6	3	1	1.22150795045872	3	2	1	0	7	6
spinalcord_3496	4558.50862068965	5488.37068965517	10.1163793103448	STARmap_plus	spinalcord	7	6	0	4	1.39298226204197	1	6	1	0	6	6
spinalcord_3497	4658.37941176471	6680.673529411761	14.3970588235294	STARmap_plus	spinalcord	7	6	0	4	1.33910018423228	1	6	1	0	6	2
spinalcord_3498	5413.92888888889	6710.02666666667	19.1555555555556	STARmap_plus	spinalcord	7	6	0	4	1.2475491601766	1	6	2	0	6	2
spinalcord_3499	4621.65306122449	6432.16909620991	16.5860058309038	STARmap_plus	spinalcord	7	6	0	4	1.43149043873974	1	2	1	0	6	6
spinalcord_3500	4321.5442477876095	6245.199115044251	11.225663716814198	STARmap_plus	spinalcord	7	7	3	3	0.650296003767253	7	7	6	0	4	6
spinalcord_3501	4310.26465028355	6593.96975425331	13.3780718336484	STARmap_plus	spinalcord	7	6	0	4	1.33910018423228	1	6	1	0	6	2
spinalcord_3502	4873.654485049829	6511.89368770764	12.0764119601329	STARmap_plus	spinalcord	7	6	0	4	1.33910018423228	1	6	1	0	6	2
spinalcord_3503	4289.333333333329	6400.53205128205	12.7051282051282	STARmap_plus	spinalcord	7	7	5	4	1.21554351515713	6	2	6	0	6	6
spinalcord_3504	4755.0303030303	5472.166666666671	7.46212121212121	STARmap_plus	spinalcord	7	6	0	4	1.43149043873974	1	2	1	0	6	6
spinalcord_3505	5028.56578947368	5615.192105263161	15.2842105263158	STARmap_plus	spinalcord	7	6	0	4	1.39298226204197	1	6	1	0	6	6
spinalcord_3506	5285.57877813505	5772.63987138264	7.929260450160769	STARmap_plus	spinalcord	7	6	0	1	1.32279894396699	3	6	1	0	6	6
spinalcord_3507	4899.060606060611	6448.85858585859	12.8888888888889	STARmap_plus	spinalcord	7	6	0	4	1.39298226204197	1	6	1	0	6	6
spinalcord_3508	4643.17647058824	6626.07352941176	18.8088235294118	STARmap_plus	spinalcord	7	6	0	4	1.33910018423228	1	6	1	0	6	2
spinalcord_3509	4120.47397260274	6070.052054794521	12.7835616438356	STARmap_plus	spinalcord	7	7	3	3	0.944203164283168	6	2	6	6	4	6
spinalcord_3510	5394.67567567568	6781.9459459459495	19.3513513513514	STARmap_plus	spinalcord	7	6	0	4	1.33910018423228	1	6	1	0	6	2
spinalcord_3511	4195.05727923628	6508.825775656321	9.67780429594272	STARmap_plus	spinalcord	7	6	0	4	1.39298226204197	1	6	1	0	6	6
spinalcord_3512	5394.55905511811	6744.26771653543	16.740157480315002	STARmap_plus	spinalcord	7	6	0	4	1.2475491601766	1	6	2	0	6	2
spinalcord_3513	5003.450184501839	6552.05904059041	18.110701107011103	STARmap_plus	spinalcord	7	6	0	4	1.33910018423228	1	6	1	0	6	2
spinalcord_3514	4166.252136752139	6717.773504273499	17.0	STARmap_plus	spinalcord	7	6	0	4	1.33910018423228	1	6	1	0	6	2
spinalcord_3515	4973.9801980198	5949.68316831683	4.55445544554455	STARmap_plus	spinalcord	7	6	0	4	1.39298226204197	1	6	1	0	6	6
spinalcord_3516	5017.3410852713205	5469.47286821705	22.348837209302303	STARmap_plus	spinalcord	7	6	0	4	1.39298226204197	1	6	1	0	6	6
spinalcord_3517	4169.34117647059	5672.29411764706	17.5411764705882	STARmap_plus	spinalcord	7	6	3	1	1.22150795045872	3	2	1	0	7	6
spinalcord_3518	4284.13953488372	6698.6976744186	13.1627906976744	STARmap_plus	spinalcord	7	6	0	4	1.33910018423228	1	6	1	0	6	2
spinalcord_3519	5264.213872832371	6229.479768786129	8.48554913294798	STARmap_plus	spinalcord	7	6	0	4	1.33910018423228	1	6	1	0	6	2
spinalcord_3520	5225.33405639913	6331.054229934921	12.587852494577	STARmap_plus	spinalcord	7	6	0	4	1.33910018423228	1	6	1	0	6	2
spinalcord_3521	4502.24705882353	5933.282352941179	9.70588235294118	STARmap_plus	spinalcord	7	7	3	3	0.487321824524552	7	7	6	6	4	6
spinalcord_3522	4608.777777777779	6554.13611111111	15.8777777777778	STARmap_plus	spinalcord	7	6	0	4	1.39298226204197	1	6	1	0	6	6
spinalcord_3523	4350.18909090909	5873.19636363636	12.2836363636364	STARmap_plus	spinalcord	7	7	3	3	0.487321824524552	7	7	6	6	4	6
spinalcord_3524	5107.21686746988	6700.51807228916	11.9518072289157	STARmap_plus	spinalcord	7	6	0	4	1.33910018423228	1	6	1	0	6	2
spinalcord_3525	4612.527363184079	6097.84577114428	14.184079601989998	STARmap_plus	spinalcord	7	7	3	3	0.487321824524552	7	7	6	6	4	6
spinalcord_3526	4849.21867321867	6146.2457002457	11.0737100737101	STARmap_plus	spinalcord	7	6	0	4	1.53074309813497	6	6	1	0	6	6
spinalcord_3527	4372.37543859649	6548.694736842111	14.259649122807	STARmap_plus	spinalcord	7	6	0	4	1.39298226204197	1	6	1	0	6	6
spinalcord_3528	4495.35545023697	6207.630331753549	18.345971563981	STARmap_plus	spinalcord	7	7	3	3	0.487321824524552	7	7	6	6	4	6
spinalcord_3529	4429.8908045977005	6191.05747126437	17.6666666666667	STARmap_plus	spinalcord	7	7	3	3	0.487321824524552	7	7	6	6	4	6
spinalcord_3530	5284.08383233533	6321.766467065871	8.88023952095808	STARmap_plus	spinalcord	7	6	0	4	1.33910018423228	1	6	1	0	6	2
spinalcord_3531	4667.472222222221	6136.15	10.1777777777778	STARmap_plus	spinalcord	7	7	3	3	0.487321824524552	7	7	6	6	4	6
spinalcord_3532	4626.08064516129	6146.456989247309	13.370967741935502	STARmap_plus	spinalcord	7	7	3	3	0.487321824524552	7	7	6	6	4	6
spinalcord_3533	4600.722222222221	5929.93333333333	19.111111111111104	STARmap_plus	spinalcord	7	7	3	3	0.487321824524552	7	7	6	6	4	6
spinalcord_3534	4122.93949044586	6606.754777070059	13.8089171974522	STARmap_plus	spinalcord	7	6	0	4	1.39298226204197	1	6	1	0	6	6
spinalcord_3535	4283.090277777779	5887.2013888888905	11.635416666666698	STARmap_plus	spinalcord	7	7	3	3	0.650296003767253	7	7	6	0	4	6
spinalcord_3536	4599.1170212766	5849.78723404255	12.7659574468085	STARmap_plus	spinalcord	7	7	3	3	0.487321824524552	7	7	6	6	4	6
spinalcord_3537	4243.72532188841	6173.077253218879	13.4077253218884	STARmap_plus	spinalcord	7	7	3	3	0.487321824524552	7	7	6	6	4	6
spinalcord_3538	4352.3359375	5994.03125	19.359375	STARmap_plus	spinalcord	7	7	3	3	0.487321824524552	7	7	6	6	4	6
spinalcord_3539	4140.2990654205605	6169.717757009351	11.328971962616802	STARmap_plus	spinalcord	7	7	5	3	1.05208394145259	6	2	6	0	4	6
spinalcord_3540	4727.838095238089	6074.02857142857	16.485714285714298	STARmap_plus	spinalcord	7	7	3	3	0.785451039803307	7	7	6	0	6	6
spinalcord_3541	4306.277777777779	6160.55555555556	16.074074074074097	STARmap_plus	spinalcord	7	7	3	3	0.487321824524552	7	7	6	6	4	6
spinalcord_3542	4634.801724137929	6006.13793103448	15.3362068965517	STARmap_plus	spinalcord	7	7	3	3	0.487321824524552	7	7	6	6	4	6
spinalcord_3543	4327.83606557377	6170.03278688525	15.016393442623	STARmap_plus	spinalcord	7	7	3	3	0.487321824524552	7	7	6	6	4	6
spinalcord_3544	4455.7302631579	6151.51315789474	9.01973684210526	STARmap_plus	spinalcord	7	7	3	3	0.487321824524552	7	7	6	6	4	6
spinalcord_3545	5366.11678832117	6317.12408759124	13.058394160583902	STARmap_plus	spinalcord	7	6	0	4	1.33910018423228	1	6	1	0	6	2
spinalcord_3546	5097.91414141414	6596.12626262626	14.3181818181818	STARmap_plus	spinalcord	7	6	0	4	1.39214303159018	1	2	1	0	6	2
spinalcord_3547	4227.68695652174	6118.93043478261	16.495652173913	STARmap_plus	spinalcord	7	7	3	3	0.487321824524552	7	7	6	6	4	6
spinalcord_3548	4417.166666666671	5930.0	16.690476190476197	STARmap_plus	spinalcord	7	7	3	3	0.487321824524552	7	7	6	6	4	6
spinalcord_3549	5178.56310679612	6139.53155339806	11.4635922330097	STARmap_plus	spinalcord	7	6	0	4	1.39298226204197	1	6	1	0	6	6
spinalcord_3550	4438.04838709677	5926.45161290323	14.5806451612903	STARmap_plus	spinalcord	7	7	3	3	0.487321824524552	7	7	6	6	4	6
spinalcord_3551	5433.93103448276	5611.120689655171	20.2758620689655	STARmap_plus	spinalcord	7	1	0	1	1.48369405564586	3	6	1	0	6	0
spinalcord_3552	4321.84210526316	6017.94736842105	19.1842105263158	STARmap_plus	spinalcord	7	7	3	3	0.487321824524552	7	7	6	6	4	6
spinalcord_3553	4582.79411764706	5886.2352941176505	22.558823529411804	STARmap_plus	spinalcord	7	7	3	3	0.487321824524552	7	7	6	6	4	6
spinalcord_3554	4719.1345177665	5943.75126903553	14.2842639593909	STARmap_plus	spinalcord	7	7	3	3	0.487321824524552	7	7	6	6	4	6
spinalcord_3555	4478.85	6215.83333333333	12.6	STARmap_plus	spinalcord	7	7	3	3	0.487321824524552	7	7	6	6	4	6
spinalcord_3556	4723.636363636359	5512.109090909089	8.07272727272727	STARmap_plus	spinalcord	7	6	3	4	1.4075169327021	1	2	1	1	6	6
spinalcord_3557	5494.14449541284	6058.052752293579	12.8142201834862	STARmap_plus	spinalcord	7	1	3	1	1.17050343721386	6	3	1	0	4	2
spinalcord_3558	6498.87096774194	6744.602150537629	15.247311827957	STARmap_plus	spinalcord	7	1	3	1	1.2475491601766	6	3	1	0	7	0
spinalcord_3559	6299.44782608696	6434.38260869565	18.1	STARmap_plus	spinalcord	7	2	1	6	1.05500827668773	2	1	0	1	2	1
spinalcord_3560	6427.578125	5901.23828125	20.58203125	STARmap_plus	spinalcord	7	2	1	5	1.30059200753451	2	1	0	1	1	4
spinalcord_3561	6548.78597785978	5945.64944649447	19.8819188191882	STARmap_plus	spinalcord	7	2	1	5	1.30059200753451	2	1	0	1	1	4
spinalcord_3562	5560.378313253011	5979.93734939759	11.0578313253012	STARmap_plus	spinalcord	7	5	5	6	1.33910018423228	6	2	4	0	2	1
spinalcord_3563	6615.748148148149	6690.91111111111	18.7851851851852	STARmap_plus	spinalcord	7	1	5	1	1.30059200753451	6	2	1	0	7	0
spinalcord_3564	6779.93867924528	5539.60849056604	21.3207547169811	STARmap_plus	spinalcord	7	2	1	7	1.13202463008328	2	1	0	1	2	4
spinalcord_3565	6301.053864168621	5602.2037470726	20.615925058548	STARmap_plus	spinalcord	7	2	1	6	1.05500827668773	2	1	0	1	2	1
spinalcord_3566	5663.93636363636	6275.52272727273	17.709090909090897	STARmap_plus	spinalcord	7	5	5	6	1.39214303159018	6	2	4	1	7	1
spinalcord_3567	6203.56310679612	6358.6456310679605	17.932038834951502	STARmap_plus	spinalcord	7	2	1	6	1.05500827668773	2	1	0	1	2	1
spinalcord_3568	6109.7124600639	5480.76038338658	19.4632587859425	STARmap_plus	spinalcord	7	2	1	6	1.05500827668773	2	1	0	1	2	1
spinalcord_3569	5595.090476190479	5895.96666666667	14.3547619047619	STARmap_plus	spinalcord	7	5	1	6	1.44518587894808	2	2	4	1	2	1
spinalcord_3570	5502.42670157068	6242.08115183246	17.1910994764398	STARmap_plus	spinalcord	7	1	0	1	1.20217857859106	6	2	1	0	4	2
spinalcord_3571	6707.43471810089	6139.35014836795	18.5623145400593	STARmap_plus	spinalcord	7	2	1	6	1.22357565413896	2	1	0	1	1	1
spinalcord_3572	6001.91558441558	6329.55844155844	20.025974025974	STARmap_plus	spinalcord	7	2	1	6	1.05500827668773	2	1	0	1	2	1
spinalcord_3573	5599.73378076063	6134.26174496644	15.82774049217	STARmap_plus	spinalcord	7	1	3	1	0.988420556159029	6	3	2	2	4	1
spinalcord_3574	6597.61603375527	6087.5358649789005	19.7215189873418	STARmap_plus	spinalcord	7	2	1	6	1.22357565413896	2	1	0	1	1	1
spinalcord_3575	6719.580645161291	6574.264516129029	19.7032258064516	STARmap_plus	spinalcord	7	1	5	1	1.30059200753451	6	2	1	0	7	0
spinalcord_3576	5928.731707317071	5656.15853658537	20.08536585365849	STARmap_plus	spinalcord	7	2	1	7	1.13202463008328	2	1	0	1	2	4
spinalcord_3577	6431.60591133005	5793.27093596059	20.423645320197	STARmap_plus	spinalcord	7	2	1	6	1.26208383083673	2	1	0	4	1	1
spinalcord_3578	6155.07766990291	6251.74757281553	17.7766990291262	STARmap_plus	spinalcord	7	2	1	6	1.05500827668773	2	1	0	1	2	1
spinalcord_3579	6567.79213483146	5526.23033707865	19.2921348314607	STARmap_plus	spinalcord	7	2	1	7	1.13202463008328	2	1	0	1	2	4
spinalcord_3580	5862.2064516129	5659.52903225806	20.9290322580645	STARmap_plus	spinalcord	7	2	1	6	1.05500827668773	2	1	0	1	2	1
spinalcord_3581	5845.23333333333	6313.58888888889	20.033333333333303	STARmap_plus	spinalcord	7	2	1	6	0.923026257349781	2	1	0	3	2	1
spinalcord_3582	6473.8724137931	6636.879310344829	19.151724137931	STARmap_plus	spinalcord	7	5	5	6	1.44518587894808	6	1	4	0	7	1
spinalcord_3583	5854.25149700599	6697.50499001996	17.946107784431103	STARmap_plus	spinalcord	7	6	0	4	1.2475491601766	1	6	2	0	6	2
spinalcord_3584	6056.58214285714	6449.05	19.0571428571429	STARmap_plus	spinalcord	7	5	1	6	1.30059200753451	2	1	4	1	2	1
spinalcord_3585	6661.009661835749	5509.7053140096605	21.5555555555556	STARmap_plus	spinalcord	7	2	1	7	1.13202463008328	2	1	0	1	2	4
spinalcord_3586	6177.944250871079	5588.937282229971	19.8501742160279	STARmap_plus	spinalcord	7	2	1	6	1.05500827668773	2	1	0	1	2	1
spinalcord_3587	5735.060606060611	5944.52525252525	21.5959595959596	STARmap_plus	spinalcord	7	2	1	6	1.05500827668773	2	1	0	1	2	1
spinalcord_3588	5850.88505747126	5825.26436781609	21.034482758620697	STARmap_plus	spinalcord	7	2	1	6	1.05500827668773	2	1	0	1	2	1
spinalcord_3589	5743.42084942085	6676.91505791506	19.4826254826255	STARmap_plus	spinalcord	7	6	0	4	1.44518587894808	1	2	2	0	6	2
spinalcord_3590	6531.3021978022	6511.39010989011	18.637362637362603	STARmap_plus	spinalcord	7	5	1	6	1.17053280678105	6	1	0	1	2	1
spinalcord_3591	6337.955752212391	6159.45132743363	18.2743362831858	STARmap_plus	spinalcord	7	2	1	6	1.05500827668773	2	1	0	1	2	1
spinalcord_3592	6433.798283261801	6447.23175965665	21.004291845493604	STARmap_plus	spinalcord	7	5	1	6	1.17053280678105	6	1	0	1	2	1
spinalcord_3593	6638.47663551402	6599.58878504673	20.5046728971963	STARmap_plus	spinalcord	7	5	5	4	1.30059200753451	6	2	4	0	7	1
spinalcord_3594	5530.416326530611	6395.64489795918	14.9183673469388	STARmap_plus	spinalcord	7	6	0	4	1.33910018423228	1	6	1	0	6	2
spinalcord_3595	6127.8904109589	5882.228310502281	19.0867579908676	STARmap_plus	spinalcord	7	2	1	7	1.13202463008328	2	1	0	1	2	4
spinalcord_3596	5763.28301886792	5723.79245283019	23.63396226415089	STARmap_plus	spinalcord	7	2	1	6	1.05500827668773	2	1	0	1	2	1
spinalcord_3597	5913.0783132530105	6594.783132530121	19.259036144578303	STARmap_plus	spinalcord	7	6	0	4	1.50766756168351	6	2	2	0	6	2
spinalcord_3598	6027.0913043478295	5945.79565217391	21.0434782608696	STARmap_plus	spinalcord	7	2	1	7	1.13202463008328	2	1	0	1	2	4
spinalcord_3599	5793.33333333333	6789.121212121209	19.9141414141414	STARmap_plus	spinalcord	7	6	0	4	1.2475491601766	1	6	2	0	6	2
spinalcord_3600	6026.21576763486	6571.041493775931	21.0746887966805	STARmap_plus	spinalcord	7	5	5	6	1.39214303159018	6	2	4	1	2	1
spinalcord_3601	6177.57692307692	6686.26923076923	16.478021978022	STARmap_plus	spinalcord	7	1	3	1	1.06921244370559	6	3	1	0	4	0
spinalcord_3602	6639.35849056604	5676.59119496855	21.6981132075472	STARmap_plus	spinalcord	7	2	1	7	1.13202463008328	2	1	0	1	2	4
spinalcord_3603	5507.39130434783	5622.86956521739	21.6086956521739	STARmap_plus	spinalcord	7	6	0	4	1.30059200753451	3	6	1	3	6	1
spinalcord_3604	5907.82608695652	5513.2	20.304347826087	STARmap_plus	spinalcord	7	2	1	6	1.05500827668773	2	1	0	1	2	1
spinalcord_3605	5500.934306569339	5761.262773722629	12.1094890510949	STARmap_plus	spinalcord	7	6	0	4	1.32456551357215	6	6	4	0	6	0
spinalcord_3606	6105.40350877193	5769.456140350881	15.9649122807018	STARmap_plus	spinalcord	7	2	1	6	1.05500827668773	2	1	0	1	2	1
spinalcord_3607	6029.8567251462	6705.31871345029	20.5409356725146	STARmap_plus	spinalcord	7	1	0	1	1.32366754398597	1	2	1	0	4	0
spinalcord_3608	5841.11009174312	6190.46788990826	20.14678899082569	STARmap_plus	spinalcord	7	2	1	6	1.05500827668773	2	1	0	1	2	1
spinalcord_3609	6319.13942307692	5714.61057692308	19.3461538461538	STARmap_plus	spinalcord	7	2	1	6	1.05500827668773	2	1	0	1	2	1
spinalcord_3610	6210.58849557522	6182.013274336279	18.9203539823009	STARmap_plus	spinalcord	7	2	1	6	1.05500827668773	2	1	0	1	2	1
spinalcord_3611	5812.74468085106	6589.63829787234	16.5212765957447	STARmap_plus	spinalcord	7	6	5	4	1.48369405564586	6	2	2	1	6	2
spinalcord_3612	6395.11956521739	6021.5652173913	19.8913043478261	STARmap_plus	spinalcord	7	2	1	7	1.13202463008328	2	1	0	1	2	4
spinalcord_3613	6007.652482269499	5635.93617021277	20.1063829787234	STARmap_plus	spinalcord	7	2	1	7	1.13202463008328	2	1	0	1	2	4
spinalcord_3614	6605.80701754386	6442.19298245614	18.5614035087719	STARmap_plus	spinalcord	7	5	1	6	1.17053280678105	6	1	0	1	2	1
spinalcord_3615	6417.6111111111095	6183.636363636359	20.4292929292929	STARmap_plus	spinalcord	7	2	1	6	1.05500827668773	2	1	0	1	2	1
spinalcord_3616	5733.99609375	6138.10546875	17.43359375	STARmap_plus	spinalcord	7	5	1	6	1.17053280678105	6	1	0	1	2	1
spinalcord_3617	6006.58904109589	6082.00913242009	20.6849315068493	STARmap_plus	spinalcord	7	2	1	6	1.05500827668773	2	1	0	1	2	1
spinalcord_3618	6156.54594594595	6067.989189189189	20.535135135135103	STARmap_plus	spinalcord	7	2	1	6	1.05500827668773	2	1	0	1	2	1
spinalcord_3619	6259.96214511041	6776.25867507886	19.2870662460568	STARmap_plus	spinalcord	7	1	3	1	1.04697613770591	3	3	1	2	4	0
spinalcord_3620	5503.430894308941	5899.956639566401	11.0054200542005	STARmap_plus	spinalcord	7	5	5	1	1.17053280678105	6	2	4	0	6	0
spinalcord_3621	6155.64081632653	5973.7387755102	19.1591836734694	STARmap_plus	spinalcord	7	2	1	7	1.13202463008328	2	1	0	1	2	4
spinalcord_3622	5837.98692810457	6032.07843137255	20.1633986928105	STARmap_plus	spinalcord	7	2	1	6	1.05500827668773	2	1	0	1	2	1
spinalcord_3623	6629.83582089552	5945.20895522388	12.2537313432836	STARmap_plus	spinalcord	7	2	1	5	1.30059200753451	2	1	0	1	1	4
spinalcord_3624	5816.78205128205	6406.3782051282105	21.0064102564103	STARmap_plus	spinalcord	7	5	5	6	1.48369405564586	2	2	4	0	2	1
spinalcord_3625	5875.22344322344	6095.24175824176	21.007326007326	STARmap_plus	spinalcord	7	2	1	6	1.05500827668773	2	1	0	1	2	1
spinalcord_3626	6757.304216867471	6657.057228915661	19.5331325301205	STARmap_plus	spinalcord	7	1	3	1	1.1097589545164	6	3	3	0	4	0
spinalcord_3627	6290.76543209877	6045.7037037037	18.4691358024691	STARmap_plus	spinalcord	7	2	1	7	1.13202463008328	2	1	0	1	2	4
spinalcord_3628	5461.1833030853	6427.1107078039895	15.0362976406534	STARmap_plus	spinalcord	7	6	0	4	1.43065120828796	1	6	1	2	6	2
spinalcord_3629	6768.41217798595	5928.90398126464	20.5948477751756	STARmap_plus	spinalcord	7	2	1	5	1.30059200753451	2	1	0	1	1	4
spinalcord_3630	5950.45108695652	6167.57608695652	18.2880434782609	STARmap_plus	spinalcord	7	2	1	6	1.05500827668773	2	1	0	1	2	1
spinalcord_3631	5717.2868852459	6775.696721311479	18.483606557377	STARmap_plus	spinalcord	7	6	0	4	1.44518587894808	1	2	2	0	6	2
spinalcord_3632	5948.1734417344205	6755.22493224932	15.6287262872629	STARmap_plus	spinalcord	7	6	0	4	1.2475491601766	1	6	2	0	6	2
spinalcord_3633	6758.349489795921	5632.9974489795895	18.5637755102041	STARmap_plus	spinalcord	7	2	1	7	1.13202463008328	2	1	0	1	2	4
spinalcord_3634	6105.016620498621	5628.213296398891	18.1024930747922	STARmap_plus	spinalcord	7	2	1	6	1.05500827668773	2	1	0	1	2	1
spinalcord_3635	6524.40625	6037.3515625	19.859375	STARmap_plus	spinalcord	7	2	1	7	1.13202463008328	2	1	0	1	2	4
spinalcord_3636	6145.026217228461	6499.149812734079	18.1310861423221	STARmap_plus	spinalcord	7	5	1	6	1.30059200753451	2	1	4	1	2	1
spinalcord_3637	6456.50655021834	6800.790393013101	18.2139737991266	STARmap_plus	spinalcord	7	1	3	1	1.20217857859106	3	3	1	3	4	0
spinalcord_3638	5791.91919191919	5983.0858585858605	21.5252525252525	STARmap_plus	spinalcord	7	2	1	6	1.05500827668773	2	1	0	1	2	1
spinalcord_3639	5506.36533333333	6552.52266666667	20.370666666666697	STARmap_plus	spinalcord	7	6	0	4	1.33910018423228	1	6	1	0	6	2
spinalcord_3640	6672.64583333333	6506.5	18.4583333333333	STARmap_plus	spinalcord	7	5	1	6	1.30059200753451	6	1	4	1	2	1
spinalcord_3641	6492.33834586466	5830.26315789474	19.6691729323308	STARmap_plus	spinalcord	7	2	1	5	1.2475491601766	2	1	0	3	1	4
spinalcord_3642	5965.599236641221	5949.488549618321	22.824427480916	STARmap_plus	spinalcord	7	2	1	6	1.05500827668773	2	1	0	1	2	1
spinalcord_3643	6393.98387096774	6535.3145161290295	20.4516129032258	STARmap_plus	spinalcord	7	5	1	6	1.17053280678105	6	1	0	1	2	1
spinalcord_3644	6247.84644194757	6637.490636704119	19.5692883895131	STARmap_plus	spinalcord	7	1	3	1	0.637167780200069	6	3	4	2	4	0
spinalcord_3645	5775.805882352939	6248.758823529411	18.6176470588235	STARmap_plus	spinalcord	7	5	1	6	1.17053280678105	6	1	0	1	2	1
spinalcord_3646	5983.311111111109	5470.38518518519	22.4814814814815	STARmap_plus	spinalcord	7	2	1	7	1.13202463008328	2	1	0	1	2	4
spinalcord_3647	5550.83098591549	6092.58309859155	14.1098591549296	STARmap_plus	spinalcord	7	1	0	1	1.20217857859106	6	2	1	0	4	2
spinalcord_3648	5517.46209386282	6704.227436823101	19.0180505415162	STARmap_plus	spinalcord	7	6	0	4	1.2475491601766	1	6	2	0	6	2
spinalcord_3649	6612.30434782609	5854.5597826087	22.5163043478261	STARmap_plus	spinalcord	7	2	1	5	1.30059200753451	2	1	0	1	1	4
spinalcord_3650	5684.32240437158	5947.502732240439	19.5846994535519	STARmap_plus	spinalcord	7	5	1	6	1.30059200753451	2	1	4	1	2	1
spinalcord_3651	5646.0841121495305	5735.24299065421	23.785046728972	STARmap_plus	spinalcord	7	5	1	6	1.30059200753451	2	1	4	1	2	1
spinalcord_3652	6681.283088235289	6677.20588235294	19.2132352941176	STARmap_plus	spinalcord	7	1	3	2	0.908491586689655	6	2	1	2	3	0
spinalcord_3653	5603.693877551021	6294.428571428571	15.5986394557823	STARmap_plus	spinalcord	7	6	0	4	1.50766756168351	6	2	2	0	6	2
spinalcord_3654	5651.39	5892.22	21.91	STARmap_plus	spinalcord	7	5	1	6	1.30059200753451	2	2	0	1	2	1
spinalcord_3655	5912.85520361991	6458.34389140271	20.6696832579186	STARmap_plus	spinalcord	7	5	5	6	1.48369405564586	2	2	4	0	2	1
spinalcord_3656	6505.78062678063	6102.34188034188	21.1880341880342	STARmap_plus	spinalcord	7	2	1	6	1.05500827668773	2	1	0	1	2	1
spinalcord_3657	6545.9783783783805	6659.859459459461	18.4054054054054	STARmap_plus	spinalcord	7	5	5	1	1.13202463008328	6	2	4	0	7	0
spinalcord_3658	5942.5748031496105	6321.44881889764	21.98425196850389	STARmap_plus	spinalcord	7	2	1	6	1.05500827668773	2	1	0	1	2	1
spinalcord_3659	6383.189873417719	6101.227848101271	21.5316455696203	STARmap_plus	spinalcord	7	2	1	7	1.23301448951648	2	1	0	4	2	4
spinalcord_3660	6013.670658682629	6385.2035928143705	20.0658682634731	STARmap_plus	spinalcord	7	5	1	6	1.30059200753451	2	1	4	1	2	1
spinalcord_3661	6052.25714285714	6314.1542857142895	17.411428571428598	STARmap_plus	spinalcord	7	2	1	6	1.05500827668773	2	1	0	1	2	1
spinalcord_3662	6699.703557312249	5534.707509881421	18.442687747035603	STARmap_plus	spinalcord	7	2	1	7	1.13202463008328	2	1	0	1	2	4
spinalcord_3663	5586.79	6224.71	17.84	STARmap_plus	spinalcord	7	6	0	4	1.35363485489241	6	3	2	0	7	2
spinalcord_3664	5884.26666666667	6749.8470588235305	18.466666666666697	STARmap_plus	spinalcord	7	6	0	4	1.2475491601766	1	6	2	0	6	2
spinalcord_3665	5534.684981684979	5721.816849816851	19.2344322344322	STARmap_plus	spinalcord	7	5	5	1	1.17053280678105	6	2	4	0	6	0
spinalcord_3666	5621.68095238095	5820.1428571428605	20.0285714285714	STARmap_plus	spinalcord	7	5	1	6	1.30059200753451	2	2	0	1	2	1
spinalcord_3667	5809.560975609761	5702.75609756098	20.8536585365854	STARmap_plus	spinalcord	7	2	1	6	1.05500827668773	2	1	0	1	2	1
spinalcord_3668	6045.36567164179	6007.5671641791005	21.1716417910448	STARmap_plus	spinalcord	7	2	1	6	1.05500827668773	2	1	0	1	2	1
spinalcord_3669	6412.12359550562	5555.985018726589	20.8352059925094	STARmap_plus	spinalcord	7	2	1	7	1.13202463008328	2	1	0	1	2	4
spinalcord_3670	6068.4125	5892.84375	20.85	STARmap_plus	spinalcord	7	2	1	7	1.13202463008328	2	1	0	1	2	4
spinalcord_3671	6234.27388535032	6425.51592356688	17.3630573248408	STARmap_plus	spinalcord	7	5	1	6	1.30059200753451	2	1	4	1	2	1
spinalcord_3672	5653.59649122807	6173.35087719298	22.3859649122807	STARmap_plus	spinalcord	7	5	5	4	1.30059200753451	6	2	4	0	7	1
spinalcord_3673	6602.511811023621	6594.85826771654	18.2992125984252	STARmap_plus	spinalcord	7	5	1	6	1.30059200753451	6	1	4	1	2	1
spinalcord_3674	6262.1324200913205	5557.95433789954	19.648401826484	STARmap_plus	spinalcord	7	2	1	6	1.05500827668773	2	1	0	1	2	1
spinalcord_3675	5965.607594936711	6592.898734177221	22.2911392405063	STARmap_plus	spinalcord	7	5	5	6	1.39214303159018	6	2	4	1	2	1
spinalcord_3676	6562.41463414634	6599.024390243901	21.414634146341506	STARmap_plus	spinalcord	7	5	5	6	1.44518587894808	6	1	4	0	7	1
spinalcord_3677	6039.0	5492.631578947371	21.3026315789474	STARmap_plus	spinalcord	7	2	1	7	1.13202463008328	2	1	0	1	2	4
spinalcord_3678	6274.8611111111095	6138.777777777779	22.1666666666667	STARmap_plus	spinalcord	7	2	1	6	1.05500827668773	2	1	0	1	2	1
spinalcord_3679	5789.280487804879	5864.81707317073	20.9756097560976	STARmap_plus	spinalcord	7	2	1	6	1.05500827668773	2	1	0	1	2	1
spinalcord_3680	6231.30833333333	5703.75	19.608333333333302	STARmap_plus	spinalcord	7	2	1	7	1.13202463008328	2	1	0	1	2	4
spinalcord_3681	6667.27927927928	5957.30630630631	23.3693693693694	STARmap_plus	spinalcord	7	2	1	5	1.30059200753451	2	1	0	1	1	4
spinalcord_3682	6668.472222222221	6606.56944444444	18.263888888888896	STARmap_plus	spinalcord	7	5	5	6	1.46915938498573	6	2	1	1	7	1
spinalcord_3683	5930.35114503817	6371.64885496183	21.236641221374	STARmap_plus	spinalcord	7	5	1	6	1.39214303159018	2	1	4	0	2	1
spinalcord_3684	5647.896265560171	6088.9917012448095	19.041493775933603	STARmap_plus	spinalcord	7	1	5	6	1.04523893766794	6	2	4	2	4	1
spinalcord_3685	5708.330708661421	6275.96062992126	23.4015748031496	STARmap_plus	spinalcord	7	5	5	6	1.39214303159018	6	2	4	1	7	1
spinalcord_3686	5986.53305785124	6457.52479338843	17.4090909090909	STARmap_plus	spinalcord	7	5	1	6	1.30059200753451	2	1	4	1	2	1
spinalcord_3687	5552.16444444444	6441.857777777779	16.28	STARmap_plus	spinalcord	7	6	0	4	1.33910018423228	1	6	1	0	6	2
spinalcord_3688	6320.10791366907	6108.26618705036	21.4676258992806	STARmap_plus	spinalcord	7	2	1	6	1.07898178272538	2	1	0	4	2	1
spinalcord_3689	7583.40517241379	6618.913793103449	12.5603448275862	STARmap_plus	spinalcord	7	3	2	2	1.48369405564586	4	5	3	0	3	5
spinalcord_3690	7518.14414414414	5955.03003003003	16.1891891891892	STARmap_plus	spinalcord	7	2	1	5	1.22357565413896	2	1	0	1	1	1
spinalcord_3691	7809.564102564101	6711.15384615385	12.666666666666698	STARmap_plus	spinalcord	7	3	2	2	1.26208383083673	4	5	3	2	3	5
spinalcord_3692	7663.27130044843	6177.72421524664	15.8789237668161	STARmap_plus	spinalcord	7	2	1	5	1.10295528876303	2	1	0	1	1	5
spinalcord_3693	7310.521367521371	6667.542735042739	13.3247863247863	STARmap_plus	spinalcord	7	1	3	1	1.07125077781863	3	3	3	2	4	0
spinalcord_3694	7134.74904942966	6676.3346007604605	12.5874524714829	STARmap_plus	spinalcord	7	1	3	1	1.31305897451439	3	3	3	0	4	0
spinalcord_3695	7378.410493827159	6760.40740740741	18.4783950617284	STARmap_plus	spinalcord	7	1	3	1	1.31305897451439	3	3	3	0	4	0
spinalcord_3696	7579.921875	6424.621875	13.434375	STARmap_plus	spinalcord	7	3	2	2	1.26208383083673	4	5	3	2	3	5
spinalcord_3697	7179.44265232975	5644.37813620072	15.458781362007198	STARmap_plus	spinalcord	7	2	1	5	1.30059200753451	2	1	0	1	1	4
spinalcord_3698	7663.699175824179	6386.24725274725	15.3447802197802	STARmap_plus	spinalcord	7	3	2	2	1.40667770225031	4	5	5	2	3	5
spinalcord_3699	7594.873170731709	5875.36097560976	20.2243902439024	STARmap_plus	spinalcord	7	2	1	5	1.30059200753451	2	1	0	1	1	4
spinalcord_3700	7370.76109936575	6295.24524312896	15.6680761099366	STARmap_plus	spinalcord	7	3	2	2	1.36816952555253	4	5	5	1	1	5
spinalcord_3701	7617.194852941179	6784.58823529412	12.9227941176471	STARmap_plus	spinalcord	7	3	2	2	1.26208383083673	4	5	3	2	3	5
spinalcord_3702	7304.479885057471	6438.63505747126	13.212643678160902	STARmap_plus	spinalcord	7	3	2	2	1.26208383083673	4	5	3	2	3	5
spinalcord_3703	7353.176470588241	6134.64495798319	16.7079831932773	STARmap_plus	spinalcord	7	5	1	5	1.33910018423228	6	1	0	1	1	5
spinalcord_3704	6987.042735042739	5505.8358974359	18.2615384615385	STARmap_plus	spinalcord	7	2	1	5	1.30059200753451	2	1	0	1	1	4
spinalcord_3705	7591.22461538462	5529.443076923079	18.5507692307692	STARmap_plus	spinalcord	7	2	1	5	1.30059200753451	2	1	0	1	1	4
spinalcord_3706	7873.89010989011	6051.21611721612	18.5897435897436	STARmap_plus	spinalcord	7	2	1	5	1.2475491601766	2	1	0	3	1	4
spinalcord_3707	7572.290322580641	6509.18996415771	13.4623655913978	STARmap_plus	spinalcord	7	3	2	2	1.26208383083673	4	5	3	2	3	5
spinalcord_3708	7905.590909090909	6472.76060606061	14.7484848484848	STARmap_plus	spinalcord	7	3	6	5	1.26208383083673	4	1	5	1	1	5
spinalcord_3709	7618.54545454545	5620.24199743918	19.4238156209987	STARmap_plus	spinalcord	7	2	1	5	1.30059200753451	2	1	0	1	1	4
spinalcord_3710	7442.96306818182	6344.41477272727	19.5142045454545	STARmap_plus	spinalcord	7	3	2	2	1.40667770225031	4	5	5	2	3	5
spinalcord_3711	7766.8904109589	6789.11415525114	17.0821917808219	STARmap_plus	spinalcord	7	3	2	2	1.26208383083673	4	5	3	2	3	5
spinalcord_3712	6842.18059299191	5944.299191374661	19.2048517520216	STARmap_plus	spinalcord	7	2	1	5	1.22357565413896	2	1	0	1	1	1
spinalcord_3713	7888.375796178341	6603.866242038221	13.7579617834395	STARmap_plus	spinalcord	7	3	2	2	1.40667770225031	4	5	5	2	3	5
spinalcord_3714	7089.791773778921	5502.7840616966605	16.257069408740403	STARmap_plus	spinalcord	7	2	1	5	1.30059200753451	2	1	0	1	1	4
spinalcord_3715	6886.32653061224	6733.087463556851	16.723032069970802	STARmap_plus	spinalcord	7	1	3	1	1.07125077781863	3	3	3	2	4	0
spinalcord_3716	8067.040816326529	6348.42653061225	17.724489795918398	STARmap_plus	spinalcord	7	2	1	5	1.10295528876303	2	1	0	1	1	5
spinalcord_3717	7942.4	6221.71529411765	18.3905882352941	STARmap_plus	spinalcord	7	2	1	5	1.10295528876303	2	1	0	1	1	5
spinalcord_3718	7385.20512820513	6571.26780626781	16.0712250712251	STARmap_plus	spinalcord	7	3	2	2	1.26208383083673	4	5	3	2	3	5
spinalcord_3719	7153.320680628271	6297.534031413609	13.091623036649198	STARmap_plus	spinalcord	7	3	2	2	1.15599813612093	6	5	5	2	3	5
spinalcord_3720	6906.664556962031	6379.79905063291	17.9161392405063	STARmap_plus	spinalcord	7	3	2	2	1.1945063128187	6	5	5	2	3	1
spinalcord_3721	7470.20848708487	5516.913284132839	19.1365313653137	STARmap_plus	spinalcord	7	2	1	5	1.30059200753451	2	1	0	1	1	4
spinalcord_3722	7815.61386138614	6523.40594059406	16.757425742574302	STARmap_plus	spinalcord	7	3	2	2	1.32966134885476	4	1	5	2	3	5
spinalcord_3723	7869.982332155479	6711.47349823322	17.5017667844523	STARmap_plus	spinalcord	7	3	2	2	1.26208383083673	4	5	3	2	3	5
spinalcord_3724	7156.09482758621	6064.028325123149	12.5049261083744	STARmap_plus	spinalcord	7	2	1	5	1.22357565413896	2	1	0	1	1	1
spinalcord_3725	8013.92307692308	6238.2	15.9384615384615	STARmap_plus	spinalcord	7	2	1	5	1.10295528876303	2	1	0	1	1	5
spinalcord_3726	7446.912772585671	6532.68224299065	18.7165109034268	STARmap_plus	spinalcord	7	3	2	2	1.26208383083673	4	5	3	2	3	5
spinalcord_3727	7266.388157894741	5723.348684210529	16.296052631578902	STARmap_plus	spinalcord	7	2	1	5	1.30059200753451	2	1	0	1	1	4
spinalcord_3728	7149.582524271841	5730.700416088771	17.3342579750347	STARmap_plus	spinalcord	7	2	1	5	1.2475491601766	2	1	0	3	1	4
spinalcord_3729	6943.571428571429	6026.87991718426	17.7184265010352	STARmap_plus	spinalcord	7	2	1	6	1.22357565413896	2	1	0	1	1	1
spinalcord_3730	7519.202197802199	6376.72087912088	18.4065934065934	STARmap_plus	spinalcord	7	3	2	2	1.40667770225031	4	5	5	2	3	5
spinalcord_3731	7467.966867469879	6249.316265060239	16.632530120481903	STARmap_plus	spinalcord	7	3	2	2	1.44518587894808	4	5	5	1	3	5
spinalcord_3732	6879.31464174455	5620.51401869159	18.0	STARmap_plus	spinalcord	7	2	1	7	1.13202463008328	2	1	0	1	2	4
spinalcord_3733	7014.596205962061	6348.19647696477	15.440379403794	STARmap_plus	spinalcord	7	3	2	2	1.1945063128187	6	5	5	2	3	1
spinalcord_3734	7031.49639546859	5936.3017507724	15.8506694129763	STARmap_plus	spinalcord	7	2	1	5	1.30059200753451	2	1	0	1	1	4
spinalcord_3735	7637.95454545455	6472.71678321678	17.363636363636402	STARmap_plus	spinalcord	7	3	2	2	1.40667770225031	4	5	5	2	3	5
spinalcord_3736	7709.82991202346	6650.753665689151	17.2903225806452	STARmap_plus	spinalcord	7	3	2	2	1.26208383083673	4	5	3	2	3	5
spinalcord_3737	6828.08333333333	5496.189393939389	18.9393939393939	STARmap_plus	spinalcord	7	2	1	7	1.27152266621425	2	1	0	0	2	4
spinalcord_3738	7471.325732899019	6484.322475570029	17.609120521172603	STARmap_plus	spinalcord	7	3	2	2	1.26208383083673	4	5	3	2	3	5
spinalcord_3739	7835.82962962963	5823.594444444439	19.18148148148149	STARmap_plus	spinalcord	7	2	1	5	1.30059200753451	2	1	0	1	1	4
spinalcord_3740	7391.96330275229	6425.133027522939	15.0366972477064	STARmap_plus	spinalcord	7	3	2	2	1.26208383083673	4	5	3	2	3	5
spinalcord_3741	7270.08008658009	6607.4025974026	15.857142857142902	STARmap_plus	spinalcord	7	1	3	1	1.16759650308183	3	3	3	2	4	5
spinalcord_3742	7283.00597014925	5541.45373134328	16.0477611940298	STARmap_plus	spinalcord	7	2	1	5	1.30059200753451	2	1	0	1	1	4
spinalcord_3743	7721.529239766079	5769.6111111111095	20.9473684210526	STARmap_plus	spinalcord	7	2	1	5	1.30059200753451	2	1	0	1	1	4
spinalcord_3744	7881.76608187134	6804.97660818713	18.9473684210526	STARmap_plus	spinalcord	7	3	2	2	1.26208383083673	4	5	3	2	3	5
spinalcord_3745	8140.88510638298	6700.753191489361	16.931914893617	STARmap_plus	spinalcord	7	2	6	5	0.985507940085204	4	1	0	3	1	5
spinalcord_3746	7304.21030927835	6231.94020618557	14.8226804123711	STARmap_plus	spinalcord	7	3	6	5	1.26208383083673	4	1	5	1	1	5
spinalcord_3747	7024.003257328989	6624.98045602606	13.8990228013029	STARmap_plus	spinalcord	7	1	3	1	1.07125077781863	3	3	3	2	4	0
spinalcord_3748	6864.27118644068	6622.56355932203	18.639830508474603	STARmap_plus	spinalcord	7	1	3	1	1.07125077781863	3	3	3	2	4	0
spinalcord_3749	7964.42376681614	6778.226457399101	17.331838565022398	STARmap_plus	spinalcord	7	3	2	2	1.40667770225031	4	5	5	2	3	5
spinalcord_3750	7462.54275092937	6791.24907063197	18.56877323420069	STARmap_plus	spinalcord	7	1	3	1	1.16759650308183	3	3	3	2	4	5
spinalcord_3751	6837.42013129103	6199.72210065646	20.623632385120303	STARmap_plus	spinalcord	7	2	1	6	1.22357565413896	2	1	0	1	1	1
spinalcord_3752	7203.52130681818	5871.31392045455	17.303977272727302	STARmap_plus	spinalcord	7	2	1	5	1.30059200753451	2	1	0	1	1	4
spinalcord_3753	7053.063157894741	5806.81578947368	16.7526315789474	STARmap_plus	spinalcord	7	2	1	5	1.30059200753451	2	1	0	1	1	4
spinalcord_3754	8173.148571428571	6515.69714285714	17.657142857142897	STARmap_plus	spinalcord	7	2	1	5	1.06954294734786	4	1	0	1	1	5
spinalcord_3755	7110.904587155959	6563.0990825688095	15.4697247706422	STARmap_plus	spinalcord	7	1	3	2	1.16759650308183	3	3	3	2	4	5
spinalcord_3756	7663.38427947598	6019.28820960699	15.0480349344978	STARmap_plus	spinalcord	7	2	1	5	1.10295528876303	2	1	0	1	1	5
spinalcord_3757	7803.901098901099	6271.003663003659	15.4798534798535	STARmap_plus	spinalcord	7	2	1	5	1.10295528876303	2	1	0	1	1	5
spinalcord_3758	7816.63066954644	6395.84881209503	16.1295896328294	STARmap_plus	spinalcord	7	3	6	5	1.26208383083673	4	1	5	1	1	5
spinalcord_3759	7363.47154471545	6018.560975609761	15.967479674796698	STARmap_plus	spinalcord	7	2	1	5	1.22357565413896	2	1	0	1	1	1
spinalcord_3760	8023.70247933884	6677.1404958677695	11.3140495867769	STARmap_plus	spinalcord	7	3	6	5	1.26208383083673	4	1	5	1	1	5
spinalcord_3761	6912.414965986391	6467.58163265306	16.4761904761905	STARmap_plus	spinalcord	7	1	3	1	1.07125077781863	3	3	3	2	4	0
spinalcord_3762	7368.07	5526.86	17.86	STARmap_plus	spinalcord	7	2	1	5	1.39214303159018	2	1	0	0	1	4
spinalcord_3763	7967.82631578947	6044.18421052632	18.9421052631579	STARmap_plus	spinalcord	7	2	1	5	1.30059200753451	2	1	0	1	1	4
spinalcord_3764	8208.25490196078	6655.215686274511	21.8823529411765	STARmap_plus	spinalcord	7	2	1	5	1.06954294734786	4	1	0	1	1	5
spinalcord_3765	7698.3201754386	6571.12719298246	17.9035087719298	STARmap_plus	spinalcord	7	3	2	2	1.44518587894808	4	5	5	3	3	5
spinalcord_3766	7432.722891566271	6633.30120481928	18.6385542168675	STARmap_plus	spinalcord	7	3	2	2	1.44518587894808	3	5	3	3	3	5
spinalcord_3767	6844.40285714286	6548.02285714286	20.2257142857143	STARmap_plus	spinalcord	7	1	3	1	1.07125077781863	3	3	3	2	4	0
spinalcord_3768	7809.76047904192	5665.862275449101	15.0838323353293	STARmap_plus	spinalcord	7	2	1	5	1.30059200753451	2	1	0	1	1	4
spinalcord_3769	7543.66390041494	6695.47302904564	13.261410788381696	STARmap_plus	spinalcord	7	3	2	2	1.26208383083673	4	5	3	2	3	5
spinalcord_3770	7156.04526748971	5537.49382716049	16.8600823045267	STARmap_plus	spinalcord	7	2	1	5	1.30059200753451	2	1	0	1	1	4
spinalcord_3771	7073.8653061224495	6220.87346938775	15.2775510204082	STARmap_plus	spinalcord	7	3	6	5	1.39214303159018	6	1	5	3	1	5
spinalcord_3772	7757.6015037594	6487.330827067671	19.086466165413498	STARmap_plus	spinalcord	7	3	2	2	1.40667770225031	4	5	5	2	3	5
spinalcord_3773	7838.74331550802	6144.8609625668505	19.0588235294118	STARmap_plus	spinalcord	7	2	1	5	1.10295528876303	2	1	0	1	1	5
spinalcord_3774	7869.50746268657	6207.699004975121	18.5348258706468	STARmap_plus	spinalcord	7	2	1	5	1.10295528876303	2	1	0	1	1	5
spinalcord_3775	7001.59210526316	6493.1359649122805	14.1052631578947	STARmap_plus	spinalcord	7	1	3	1	1.07125077781863	3	3	3	2	4	0
spinalcord_3776	7235.85970149254	6402.002985074631	15.3761194029851	STARmap_plus	spinalcord	7	3	2	2	1.26208383083673	4	5	3	2	3	5
spinalcord_3777	7266.03870967742	6159.22580645161	13.064516129032302	STARmap_plus	spinalcord	7	5	1	5	1.33910018423228	6	1	0	1	1	1
spinalcord_3778	8050.68464052288	6442.90196078431	17.964052287581698	STARmap_plus	spinalcord	7	2	1	5	1.10295528876303	2	1	0	1	1	5
spinalcord_3779	6957.858757062149	6574.62994350282	16.081920903954803	STARmap_plus	spinalcord	7	1	3	1	1.07125077781863	3	3	3	2	4	0
spinalcord_3780	7720.39325842697	5578.61797752809	13.7303370786517	STARmap_plus	spinalcord	7	2	1	5	1.30059200753451	2	1	0	1	1	4
spinalcord_3781	7666.99492385787	6740.28934010152	15.7360406091371	STARmap_plus	spinalcord	7	3	2	2	1.26208383083673	4	5	3	2	3	5
spinalcord_3782	7376.25414364641	6666.16574585635	13.8618784530387	STARmap_plus	spinalcord	7	1	3	1	1.28429076726922	3	3	3	0	4	5
spinalcord_3783	7641.240282685509	6514.02120141343	17.759717314487602	STARmap_plus	spinalcord	7	3	2	2	1.40667770225031	4	5	5	2	3	5
spinalcord_3784	7298.29147982063	6497.16591928251	14.9484304932735	STARmap_plus	spinalcord	7	3	2	2	1.26208383083673	4	5	3	2	3	5
spinalcord_3785	7308.279569892471	6737.193548387099	14.1774193548387	STARmap_plus	spinalcord	7	1	3	1	1.07125077781863	3	3	3	2	4	0
spinalcord_3786	8037.670212765959	6173.606382978721	16.686170212765997	STARmap_plus	spinalcord	7	2	1	5	1.10295528876303	2	1	0	1	1	5
spinalcord_3787	6863.77245508982	6691.185628742521	19.251497005988	STARmap_plus	spinalcord	7	1	3	1	1.07125077781863	3	3	3	2	4	0
spinalcord_3788	7831.7	6622.2647058823495	18.4647058823529	STARmap_plus	spinalcord	7	3	2	2	1.40667770225031	4	5	5	2	3	5
spinalcord_3789	7899.338797814209	5856.65027322404	17.5027322404372	STARmap_plus	spinalcord	7	2	1	5	1.30059200753451	2	1	0	1	1	4
spinalcord_3790	7771.627906976741	6626.9906976744205	16.8232558139535	STARmap_plus	spinalcord	7	3	2	2	1.26208383083673	4	5	3	2	3	5
spinalcord_3791	7529.21611721612	6520.46886446886	15.8205128205128	STARmap_plus	spinalcord	7	3	2	2	1.26208383083673	4	5	3	2	3	5
spinalcord_3792	7594.26291079812	5931.20187793427	17.295774647887303	STARmap_plus	spinalcord	7	2	1	5	1.2475491601766	2	1	0	3	1	4
spinalcord_3793	7392.306034482759	6371.47413793103	17.4827586206897	STARmap_plus	spinalcord	7	3	2	2	1.40667770225031	4	5	5	2	3	5
spinalcord_3794	7172.63793103448	6185.461206896551	10.6810344827586	STARmap_plus	spinalcord	7	3	6	5	1.44518587894808	6	1	5	1	1	5
spinalcord_3795	7099.01492537313	6787.7910447761205	16.4253731343284	STARmap_plus	spinalcord	7	1	3	1	1.31305897451439	3	3	3	0	4	0
spinalcord_3796	7535.59471365639	6585.960352422911	13.9162995594714	STARmap_plus	spinalcord	7	3	2	2	1.26208383083673	4	5	3	2	3	5
spinalcord_3797	7798.28333333333	6076.6958333333305	19.5083333333333	STARmap_plus	spinalcord	7	2	1	5	1.10295528876303	2	1	0	1	1	5
spinalcord_3798	7904.25688073394	6096.871559633029	17.0642201834862	STARmap_plus	spinalcord	7	2	1	5	1.30059200753451	2	1	0	1	1	4
spinalcord_3799	7175.79746835443	6758.8354430379695	13.0253164556962	STARmap_plus	spinalcord	7	1	3	1	1.31305897451439	3	3	3	0	4	0
spinalcord_3800	7793.32841328413	6744.365313653139	17.1660516605166	STARmap_plus	spinalcord	7	3	2	2	1.26208383083673	4	5	3	2	3	5
spinalcord_3801	7995.6501650165	6347.904290429039	17.2640264026403	STARmap_plus	spinalcord	7	2	1	5	1.10295528876303	2	1	0	1	1	5
spinalcord_3802	6926.226495726501	6171.60256410256	16.2478632478632	STARmap_plus	spinalcord	7	2	1	6	1.39214303159018	2	1	5	1	1	1
spinalcord_3803	7104.23333333333	6732.34848484848	12.3515151515152	STARmap_plus	spinalcord	7	1	3	1	1.07125077781863	3	3	3	2	4	0
spinalcord_3804	7757.52	6335.5	13.42	STARmap_plus	spinalcord	7	3	6	5	1.26208383083673	4	1	5	1	1	5
spinalcord_3805	7772.192170818509	5732.80427046263	17.327402135231303	STARmap_plus	spinalcord	7	2	1	5	1.30059200753451	2	1	0	1	1	4
spinalcord_3806	7058.745	5463.215	17.975	STARmap_plus	spinalcord	7	2	1	5	1.30059200753451	2	1	0	1	1	4
spinalcord_3807	7304.426966292141	6347.64419475655	13.3932584269663	STARmap_plus	spinalcord	7	3	2	2	1.40667770225031	4	5	5	2	3	5
spinalcord_3808	6957.491379310351	6801.31896551724	18.1206896551724	STARmap_plus	spinalcord	7	1	3	1	1.31305897451439	3	3	3	0	4	0
spinalcord_3809	6853.58928571429	5549.71428571429	20.244047619047603	STARmap_plus	spinalcord	7	2	1	7	1.13202463008328	2	1	0	1	2	4
spinalcord_3810	7074.998430141291	6416.55102040816	13.883830455258998	STARmap_plus	spinalcord	7	3	2	2	1.23124791991132	3	5	3	2	4	5
spinalcord_3811	1134.7513321492	7020.20781527531	8.916518650088811	STARmap_plus	spinalcord	7	2	1	5	1.30059200753451	2	1	0	1	1	4
spinalcord_3812	768.59186746988	7199.3237951807205	7.620481927710839	STARmap_plus	spinalcord	7	2	1	5	1.2475491601766	2	1	0	3	1	4
spinalcord_3813	1119.29649595687	7396.169811320749	10.5929919137466	STARmap_plus	spinalcord	7	2	1	5	1.30059200753451	2	1	0	1	1	4
spinalcord_3814	865.646706586826	7852.7559880239505	9.950598802395213	STARmap_plus	spinalcord	7	2	1	5	1.30059200753451	2	1	0	1	1	4
spinalcord_3815	1222.82567353407	7938.207606973059	11.9825673534073	STARmap_plus	spinalcord	7	2	1	5	1.30059200753451	2	1	0	1	1	4
spinalcord_3816	1296.8204134366902	6806.848837209301	11.109819121447	STARmap_plus	spinalcord	7	2	1	5	1.30059200753451	2	1	0	1	1	4
spinalcord_3817	1263.69791666667	7696.02604166667	9.64322916666667	STARmap_plus	spinalcord	7	2	1	7	1.13202463008328	2	1	0	1	2	4
spinalcord_3818	1345.79964850615	7589.83479789104	12.390158172232	STARmap_plus	spinalcord	7	2	1	7	1.13202463008328	2	1	0	1	2	4
spinalcord_3819	695.135496183206	7774.751908396949	11.956106870229002	STARmap_plus	spinalcord	7	2	1	5	1.30059200753451	2	1	0	1	1	4
spinalcord_3820	806.8196721311481	7584.47358834244	11.4171220400729	STARmap_plus	spinalcord	7	2	1	5	1.2475491601766	2	1	0	3	1	4
spinalcord_3821	513.209677419355	8128.801075268821	11.2688172043011	STARmap_plus	spinalcord	7	2	1	5	1.30059200753451	2	1	0	1	1	4
spinalcord_3822	1057.17605633803	8128.169014084509	13.8802816901408	STARmap_plus	spinalcord	7	2	1	5	1.30059200753451	2	1	0	1	1	4
spinalcord_3823	530.394366197183	7907.136150234741	9.66666666666667	STARmap_plus	spinalcord	7	2	1	5	1.30059200753451	2	1	0	1	1	4
spinalcord_3824	699.481393507522	7489.53127474268	8.25178147268409	STARmap_plus	spinalcord	7	2	1	5	1.39214303159018	2	1	0	4	1	4
spinalcord_3825	1207.3	8050.829411764709	14.6647058823529	STARmap_plus	spinalcord	7	2	1	5	1.30059200753451	2	1	0	1	1	4
spinalcord_3826	554.521276595745	7454.57446808511	8.372340425531911	STARmap_plus	spinalcord	7	2	1	5	1.39214303159018	2	1	0	4	1	4
spinalcord_3827	907.696808510638	6913.930851063829	7.23404255319149	STARmap_plus	spinalcord	7	2	1	5	1.30059200753451	2	1	0	1	1	4
spinalcord_3828	327.033898305085	7975.13898305085	6.96271186440678	STARmap_plus	spinalcord	7	2	1	5	1.30059200753451	2	1	0	1	1	4
spinalcord_3829	548.632432432432	7099.643243243241	6.91351351351351	STARmap_plus	spinalcord	7	2	1	5	1.30059200753451	2	1	0	1	1	4
spinalcord_3830	995.934865900383	7311.906130268199	8.65134099616858	STARmap_plus	spinalcord	7	2	1	5	1.30059200753451	2	1	0	1	1	4
spinalcord_3831	1315.86604361371	6987.65420560748	10.0560747663551	STARmap_plus	spinalcord	7	2	1	5	1.30059200753451	2	1	0	1	1	4
spinalcord_3832	643.6532663316581	7205.28894472362	9.34422110552764	STARmap_plus	spinalcord	7	2	1	5	1.30059200753451	2	1	0	1	1	4
spinalcord_3833	515.118143459916	7205.388185654008	7.033755274261599	STARmap_plus	spinalcord	7	2	1	5	1.30059200753451	2	1	0	1	1	4
spinalcord_3834	1138.02659574468	7718.4946808510595	10.3244680851064	STARmap_plus	spinalcord	7	2	1	5	1.30059200753451	2	1	0	1	1	4
spinalcord_3835	1065.20869565217	7911.717391304351	10.8304347826087	STARmap_plus	spinalcord	7	2	1	5	1.30059200753451	2	1	0	1	1	4
spinalcord_3836	1036.71598639456	7107.58843537415	7.18367346938776	STARmap_plus	spinalcord	7	2	1	5	1.30059200753451	2	1	0	1	1	4
spinalcord_3837	1294.23043478261	7431.23043478261	12.5739130434783	STARmap_plus	spinalcord	7	2	1	7	1.13202463008328	2	1	0	1	2	4
spinalcord_3838	1224.5384615384598	7331.622377622379	10.5431235431235	STARmap_plus	spinalcord	7	2	1	5	1.30059200753451	2	1	0	1	1	4
spinalcord_3839	948.207894736842	7962.286842105259	12.4710526315789	STARmap_plus	spinalcord	7	2	1	5	1.30059200753451	2	1	0	1	1	4
spinalcord_3840	1384.4719764011802	7765.22713864307	13.784660766961698	STARmap_plus	spinalcord	7	2	1	7	1.13202463008328	2	1	0	1	2	4
spinalcord_3841	1351.7472826087	7896.11956521739	10.7065217391304	STARmap_plus	spinalcord	7	2	1	5	1.2475491601766	2	1	0	3	1	4
spinalcord_3842	670.1708542713569	7857.695979899499	11.0979899497487	STARmap_plus	spinalcord	7	2	1	5	1.30059200753451	2	1	0	1	1	4
spinalcord_3843	916.204620462046	7546.118811881191	10.4752475247525	STARmap_plus	spinalcord	7	2	1	5	1.30059200753451	2	1	0	1	1	4
spinalcord_3844	1355.0737704918	6916.647540983609	9.13934426229508	STARmap_plus	spinalcord	7	2	1	5	1.30059200753451	2	1	0	1	1	4
spinalcord_3845	1406.17109144543	7425.08554572271	11.5250737463127	STARmap_plus	spinalcord	7	2	1	7	1.13202463008328	2	1	0	1	2	4
spinalcord_3846	1417.98076923077	8067.557692307691	12.0961538461538	STARmap_plus	spinalcord	7	2	1	5	1.30059200753451	2	1	0	1	1	4
spinalcord_3847	1138.87096774194	8134.870967741941	10.967741935483902	STARmap_plus	spinalcord	7	2	1	5	1.30059200753451	2	1	0	1	1	4
spinalcord_3848	1061.83571428571	7317.775	9.689285714285711	STARmap_plus	spinalcord	7	2	1	5	1.30059200753451	2	1	0	1	1	4
spinalcord_3849	1194.03012048193	7406.09337349398	8.10843373493976	STARmap_plus	spinalcord	7	2	1	5	1.30059200753451	2	1	0	1	1	4
spinalcord_3850	1158.07194244604	8076.27338129496	15.8920863309353	STARmap_plus	spinalcord	7	2	1	5	1.30059200753451	2	1	0	1	1	4
spinalcord_3851	587.882352941176	7875.529411764709	8.30252100840336	STARmap_plus	spinalcord	7	2	1	5	1.30059200753451	2	1	0	1	1	4
spinalcord_3852	835.3979591836729	6854.6224489795895	6.668367346938781	STARmap_plus	spinalcord	7	2	1	5	1.30059200753451	2	1	0	1	1	4
spinalcord_3853	584.878839590444	7503.279863481229	7.59215017064846	STARmap_plus	spinalcord	7	2	1	5	1.39214303159018	2	1	0	4	1	4
spinalcord_3854	944.358490566038	7791.459119496859	10.6918238993711	STARmap_plus	spinalcord	7	2	1	5	1.30059200753451	2	1	0	1	1	4
spinalcord_3855	1373.77528089888	8073.14606741573	14.247191011236	STARmap_plus	spinalcord	7	2	1	5	1.30059200753451	2	1	0	1	1	4
spinalcord_3856	472.052631578947	7068.118421052629	6.53947368421053	STARmap_plus	spinalcord	7	2	1	5	1.30059200753451	2	1	0	1	1	4
spinalcord_3857	1576.94758064516	7411.09879032258	13.9576612903226	STARmap_plus	spinalcord	7	2	1	7	1.13202463008328	2	1	0	1	2	4
spinalcord_3858	2542.30982905983	7099.064102564101	13.3482905982906	STARmap_plus	spinalcord	7	2	1	7	1.13202463008328	2	1	0	1	2	4
spinalcord_3859	1911.52763819095	7194.37939698492	11.678391959799	STARmap_plus	spinalcord	7	2	1	7	1.13202463008328	2	1	0	1	2	4
spinalcord_3860	2704.4204851752	7124.099730458221	16.7816711590296	STARmap_plus	spinalcord	7	2	1	6	1.05500827668773	2	1	0	1	2	1
spinalcord_3861	2412.19594594595	7044.233108108109	16.027027027027	STARmap_plus	spinalcord	7	2	1	5	1.30059200753451	2	1	0	1	1	4
spinalcord_3862	2217.3216374269	7760.30994152047	17.2573099415205	STARmap_plus	spinalcord	7	5	1	6	1.09351645338551	5	1	0	1	2	1
spinalcord_3863	2229.58781362007	7607.150537634409	15.2078853046595	STARmap_plus	spinalcord	7	2	1	6	1.05500827668773	2	1	0	1	2	1
spinalcord_3864	2477.35362318841	7229.73333333333	11.5536231884058	STARmap_plus	spinalcord	7	2	1	6	1.05500827668773	2	1	0	1	2	1
spinalcord_3865	2311.1985472155	6902.52542372881	15.8934624697337	STARmap_plus	spinalcord	7	2	1	5	1.30059200753451	2	1	0	1	1	4
spinalcord_3866	1665.5374800638	7477.704944178629	13.1993620414673	STARmap_plus	spinalcord	7	2	1	7	1.13202463008328	2	1	0	1	2	4
spinalcord_3867	1482.08888888889	7541.156944444441	11.8875	STARmap_plus	spinalcord	7	2	1	7	1.13202463008328	2	1	0	1	2	4
spinalcord_3868	2347.50347222222	7614.128472222221	14.4201388888889	STARmap_plus	spinalcord	7	5	1	6	1.2475491601766	5	2	0	1	2	1
spinalcord_3869	2606.7643504531698	7782.054380664649	16.7552870090634	STARmap_plus	spinalcord	7	4	4	1	1.2316969047044	5	2	4	0	5	3
spinalcord_3870	2689.45481049563	6823.25947521866	11.600583090379	STARmap_plus	spinalcord	7	2	1	5	1.30059200753451	2	1	0	1	1	4
spinalcord_3871	2452.19444444444	7331.82407407407	12.2685185185185	STARmap_plus	spinalcord	7	2	1	6	1.05500827668773	2	1	0	1	2	1
spinalcord_3872	1741.4457831325303	7955.184738955821	16.3734939759036	STARmap_plus	spinalcord	7	2	1	6	1.05500827668773	2	1	0	1	2	1
spinalcord_3873	2505.57086614173	7800.749343832021	17.746719160105	STARmap_plus	spinalcord	7	4	4	1	1.2316969047044	5	2	4	0	5	3
spinalcord_3874	2556.46092503987	6904.21212121212	15.2312599681021	STARmap_plus	spinalcord	7	2	1	5	1.39214303159018	2	1	0	4	1	4
spinalcord_3875	1838.82627118644	7513.6144067796595	11.0423728813559	STARmap_plus	spinalcord	7	2	1	7	1.13202463008328	2	1	0	1	2	4
spinalcord_3876	2219.40909090909	8022.944444444441	20.7323232323232	STARmap_plus	spinalcord	7	4	4	4	1.40026428215563	5	4	4	0	5	3
spinalcord_3877	1943.88636363636	7825.18181818182	14.0909090909091	STARmap_plus	spinalcord	7	2	1	6	1.05500827668773	2	1	0	1	2	1
spinalcord_3878	2765.44520547945	7628.643835616441	20.404109589041106	STARmap_plus	spinalcord	7	4	4	1	1.2475491601766	5	2	4	0	7	3
spinalcord_3879	1618.81954887218	8140.18045112782	17.7518796992481	STARmap_plus	spinalcord	7	2	1	5	1.22357565413896	2	1	0	1	1	1
spinalcord_3880	2255.34355828221	8111.119631901841	19.207055214723898	STARmap_plus	spinalcord	7	4	4	7	1.36175610545786	5	4	4	5	5	3
spinalcord_3881	1547.52155172414	8002.0775862068995	16.9310344827586	STARmap_plus	spinalcord	7	2	1	6	1.22357565413896	2	1	0	1	1	1
spinalcord_3882	2727.50980392157	8068.32679738562	18.202614379085	STARmap_plus	spinalcord	7	4	4	6	1.3010116227604	5	2	4	3	5	3
spinalcord_3883	2085.53766233766	7114.16103896104	14.5220779220779	STARmap_plus	spinalcord	7	2	1	7	1.13202463008328	2	1	0	1	2	4
spinalcord_3884	2045.92761394102	7655.0053619303	14.3203753351206	STARmap_plus	spinalcord	7	2	1	6	1.05500827668773	2	1	0	1	2	1
spinalcord_3885	2083.73295454545	7796.6875	15.5454545454545	STARmap_plus	spinalcord	7	2	1	6	1.05500827668773	2	1	0	1	2	1
spinalcord_3886	2442.30543933054	8143.87029288703	15.907949790795	STARmap_plus	spinalcord	7	4	4	4	1.2316969047044	5	2	4	0	5	3
spinalcord_3887	2384.5493827160503	8003.15740740741	19.2808641975309	STARmap_plus	spinalcord	7	4	4	4	1.40026428215563	5	4	4	0	5	3
spinalcord_3888	2694.0754385964897	7817.99298245614	16.6140350877193	STARmap_plus	spinalcord	7	4	4	2	1.25567041074205	5	2	4	4	5	3
spinalcord_3889	1677.88	7679.91333333333	16.536666666666697	STARmap_plus	spinalcord	7	2	1	7	1.13202463008328	2	1	0	1	2	4
spinalcord_3890	1864.94303797468	7845.84810126582	16.490506329113902	STARmap_plus	spinalcord	7	2	1	6	1.05500827668773	2	1	0	1	2	1
spinalcord_3891	2759.141176470589	7847.670588235291	14.8941176470588	STARmap_plus	spinalcord	7	4	4	4	1.2316969047044	5	2	4	0	5	3
spinalcord_3892	1855.1277056277104	7664.66233766234	12.4415584415584	STARmap_plus	spinalcord	7	2	1	7	1.13202463008328	2	1	0	1	2	4
spinalcord_3893	1568.78017241379	7698.7025862068995	15.8103448275862	STARmap_plus	spinalcord	7	2	1	7	1.13202463008328	2	1	0	1	2	4
spinalcord_3894	2339.9202898550698	6981.961352656999	16.4975845410628	STARmap_plus	spinalcord	7	2	1	5	1.30059200753451	2	1	0	1	1	4
spinalcord_3895	1709.9083155650303	7104.781449893391	12.9317697228145	STARmap_plus	spinalcord	7	2	1	7	1.13202463008328	2	1	0	1	2	4
spinalcord_3896	1577.3781512605	6823.49019607843	11.2801120448179	STARmap_plus	spinalcord	7	2	1	5	1.30059200753451	2	1	0	1	1	4
spinalcord_3897	1505.0173697270498	7284.816377171221	12.8560794044665	STARmap_plus	spinalcord	7	2	1	7	1.13202463008328	2	1	0	1	2	4
spinalcord_3898	1655.71955128205	7807.929487179491	17.692307692307697	STARmap_plus	spinalcord	7	2	1	6	1.05500827668773	2	1	0	1	2	1
spinalcord_3899	2193.6043046357604	7281.42549668874	14.9403973509934	STARmap_plus	spinalcord	7	2	1	7	1.13202463008328	2	1	0	1	2	4
spinalcord_3900	1526.54591836735	7119.956632653059	11.8954081632653	STARmap_plus	spinalcord	7	2	1	7	1.13202463008328	2	1	0	1	2	4
spinalcord_3901	1682.73825503356	7257.06711409396	13.7248322147651	STARmap_plus	spinalcord	7	2	1	7	1.13202463008328	2	1	0	1	2	4
spinalcord_3902	1873.79651162791	6935.20930232558	16.2383720930233	STARmap_plus	spinalcord	7	2	1	7	1.13202463008328	2	1	0	1	2	4
spinalcord_3903	1866.2732558139496	8011.627906976741	18.8895348837209	STARmap_plus	spinalcord	7	5	1	6	1.30059200753451	2	2	0	1	2	1
spinalcord_3904	2034.5652173913	6945.88405797101	9.76811594202899	STARmap_plus	spinalcord	7	2	1	7	1.13202463008328	2	1	0	1	2	4
spinalcord_3905	2303.6629464285697	7893.080357142859	19.9620535714286	STARmap_plus	spinalcord	7	4	4	4	1.2316969047044	5	2	4	0	5	3
spinalcord_3906	2724.73246753247	7367.3974025974	16.5558441558442	STARmap_plus	spinalcord	7	5	1	6	1.2475491601766	5	2	0	1	2	1
spinalcord_3907	2585.88104089219	7364.91821561338	16.8252788104089	STARmap_plus	spinalcord	7	2	1	6	1.05500827668773	2	1	0	1	2	1
spinalcord_3908	2588.79919678715	7574.445783132529	16.7469879518072	STARmap_plus	spinalcord	7	5	1	7	1.37760836093005	5	2	0	1	2	3
spinalcord_3909	1628.81382978723	7922.234042553191	14.0691489361702	STARmap_plus	spinalcord	7	2	1	6	1.05500827668773	2	1	0	1	2	1
spinalcord_3910	1904.93170731707	6824.71219512195	17.629268292682898	STARmap_plus	spinalcord	7	2	1	5	1.30059200753451	2	1	0	1	1	4
spinalcord_3911	2400.3984375	6854.1484375	15.75	STARmap_plus	spinalcord	7	2	1	5	1.30059200753451	2	1	0	1	1	4
spinalcord_3912	2116.46006389776	7915.214057507991	18.444089456869	STARmap_plus	spinalcord	7	5	1	6	1.37760836093005	5	2	0	1	2	3
spinalcord_3913	2496.44373673036	7983.89596602972	17.7452229299363	STARmap_plus	spinalcord	7	4	4	2	1.36175610545786	5	4	4	5	5	3
spinalcord_3914	1935.18689320388	7610.145631067959	17.672330097087396	STARmap_plus	spinalcord	7	2	1	7	1.13202463008328	2	1	0	1	2	4
spinalcord_3915	1482.60089686099	7456.0672645739905	14.6591928251121	STARmap_plus	spinalcord	7	2	1	7	1.13202463008328	2	1	0	1	2	4
spinalcord_3916	2500.8958333333303	6832.83333333333	15.25	STARmap_plus	spinalcord	7	2	1	5	1.30059200753451	2	1	0	1	1	4
spinalcord_3917	1891.80084745763	7284.5127118644095	12.978813559322	STARmap_plus	spinalcord	7	2	1	7	1.13202463008328	2	1	0	1	2	4
spinalcord_3918	2759.36784140969	7728.51101321586	18.8502202643172	STARmap_plus	spinalcord	7	4	4	4	1.2479687754025	1	2	4	0	5	3
spinalcord_3919	2433.37431693989	7116.17486338798	15.724043715847	STARmap_plus	spinalcord	7	2	1	7	1.13202463008328	2	1	0	1	2	4
spinalcord_3920	2530.45751633987	8131.084967320259	18.1764705882353	STARmap_plus	spinalcord	7	4	4	4	1.2316969047044	5	2	4	0	5	3
spinalcord_3921	2004.53846153846	7870.42735042735	18.9529914529915	STARmap_plus	spinalcord	7	5	1	6	1.15599813612093	2	1	0	0	2	1
spinalcord_3922	1476.6222222222198	8066.93333333333	17.5777777777778	STARmap_plus	spinalcord	7	2	1	5	1.22357565413896	2	1	0	1	1	1
spinalcord_3923	2581.31800766284	8090.13793103448	16.7969348659004	STARmap_plus	spinalcord	7	4	4	1	1.40026428215563	5	4	4	0	5	3
spinalcord_3924	1777.4189723320198	7813.233201581031	17.2569169960474	STARmap_plus	spinalcord	7	2	1	6	1.05500827668773	2	1	0	1	2	1
spinalcord_3925	2620.2959183673497	7037.775510204079	13.7040816326531	STARmap_plus	spinalcord	7	2	1	5	1.30059200753451	2	1	0	1	1	4
spinalcord_3926	2647.74576271186	8078.440677966099	18.9830508474576	STARmap_plus	spinalcord	7	4	4	4	1.2316969047044	5	2	4	0	5	3
spinalcord_3927	2757.5900621118	8133.360248447199	20.0869565217391	STARmap_plus	spinalcord	7	4	4	1	1.2316969047044	5	2	4	0	5	3
spinalcord_3928	2306.455	7523.17	13.79	STARmap_plus	spinalcord	7	2	1	6	1.05500827668773	2	1	0	1	2	1
spinalcord_3929	1621.7975708502	7265.307692307691	14.8987854251012	STARmap_plus	spinalcord	7	2	1	7	1.13202463008328	2	1	0	1	2	4
spinalcord_3930	1438.17924528302	8131.64150943396	20.188679245283	STARmap_plus	spinalcord	7	2	1	6	1.22357565413896	2	1	0	1	1	1
spinalcord_3931	2468.44619422572	7565.8031496063	14.6062992125984	STARmap_plus	spinalcord	7	5	1	6	1.2475491601766	5	2	0	1	2	1
spinalcord_3932	2401.20434782609	7525.613043478259	13.1695652173913	STARmap_plus	spinalcord	7	5	1	6	1.2475491601766	5	2	0	1	2	1
spinalcord_3933	2395.3661971831	7299.53521126761	15.338028169014098	STARmap_plus	spinalcord	7	2	1	7	1.27152266621425	2	1	0	0	2	4
spinalcord_3934	2725.3399339934	6887.10891089109	13.1518151815182	STARmap_plus	spinalcord	7	2	1	5	1.30059200753451	2	1	0	1	1	4
spinalcord_3935	2171.72809667674	7080.006042296071	13.2356495468278	STARmap_plus	spinalcord	7	2	1	7	1.13202463008328	2	1	0	1	2	4
spinalcord_3936	2420.7512437810897	6946.58208955224	18.4278606965174	STARmap_plus	spinalcord	7	2	1	5	1.30059200753451	2	1	0	1	1	4
spinalcord_3937	1940.71698113208	7982.349056603771	18.6792452830189	STARmap_plus	spinalcord	7	5	1	6	1.30059200753451	2	2	0	1	2	1
spinalcord_3938	2464.29787234043	6990.72340425532	20.0851063829787	STARmap_plus	spinalcord	7	2	1	5	1.30059200753451	2	1	0	1	1	4
spinalcord_3939	2662.2757201646104	7617.6049382716	19.395061728395103	STARmap_plus	spinalcord	7	4	4	4	1.2475491601766	5	2	4	0	7	3
spinalcord_3940	2477.40517241379	7185.586206896551	15.4698275862069	STARmap_plus	spinalcord	7	2	1	7	1.13202463008328	2	1	0	1	2	4
spinalcord_3941	2644.78021978022	7321.604395604399	13.8131868131868	STARmap_plus	spinalcord	7	2	1	6	1.05500827668773	2	1	0	1	2	1
spinalcord_3942	1848.90376569038	7765.33891213389	14.7824267782427	STARmap_plus	spinalcord	7	2	1	6	1.05500827668773	2	1	0	1	2	1
spinalcord_3943	1767.23157894737	7650.07105263158	16.094736842105302	STARmap_plus	spinalcord	7	2	1	7	1.13202463008328	2	1	0	1	2	4
spinalcord_3944	2227.65714285714	7535.11428571429	18.266666666666698	STARmap_plus	spinalcord	7	2	1	7	1.13202463008328	2	1	0	1	2	4
spinalcord_3945	2140.88965517241	7628.551724137929	18.1931034482759	STARmap_plus	spinalcord	7	2	1	6	1.05500827668773	2	1	0	1	2	1
spinalcord_3946	1913.51239669421	7768.9421487603295	15.4462809917355	STARmap_plus	spinalcord	7	2	1	6	1.05500827668773	2	1	0	1	2	1
spinalcord_3947	2712.28395061728	7864.839506172841	15.135802469135802	STARmap_plus	spinalcord	7	4	4	1	1.2316969047044	5	2	4	0	5	3
spinalcord_3948	1536.4089456869	7629.338658146959	14.2747603833866	STARmap_plus	spinalcord	7	2	1	7	1.13202463008328	2	1	0	1	2	4
spinalcord_3949	2456.32679738562	7369.676470588241	17.7875816993464	STARmap_plus	spinalcord	7	2	1	6	1.05500827668773	2	1	0	1	2	1
spinalcord_3950	1989.75	7099.38068181818	12.5482954545455	STARmap_plus	spinalcord	7	2	1	7	1.13202463008328	2	1	0	1	2	4
spinalcord_3951	2007.84013605442	7197.09863945578	13.095238095238098	STARmap_plus	spinalcord	7	2	1	7	1.13202463008328	2	1	0	1	2	4
spinalcord_3952	1687.91666666667	7736.2	17.4	STARmap_plus	spinalcord	7	2	1	7	1.13202463008328	2	1	0	1	2	4
spinalcord_3953	2709.38775510204	8022.183673469391	16.0612244897959	STARmap_plus	spinalcord	7	4	4	1	1.2316969047044	5	2	4	0	5	3
spinalcord_3954	1952.4925925925893	7735.97777777778	13.7592592592593	STARmap_plus	spinalcord	7	2	1	6	1.05500827668773	2	1	0	1	2	1
spinalcord_3955	1741.66923076923	7289.4153846153795	10.4346153846154	STARmap_plus	spinalcord	7	2	1	7	1.13202463008328	2	1	0	1	2	4
spinalcord_3956	1777.6883116883105	7724.77922077922	15.3766233766234	STARmap_plus	spinalcord	7	2	1	7	1.13202463008328	2	1	0	1	2	4
spinalcord_3957	1735.53125	8132.484375	18.3984375	STARmap_plus	spinalcord	7	2	1	6	1.22357565413896	2	1	0	1	1	1
spinalcord_3958	3178.32045088567	7917.77133655394	18.6151368760064	STARmap_plus	spinalcord	7	6	0	4	1.2475491601766	1	6	2	0	6	2
spinalcord_3959	2924.2040816326503	7475.428571428571	18.8448979591837	STARmap_plus	spinalcord	7	4	4	1	1.37760836093005	5	2	4	0	7	1
spinalcord_3960	3213.91546391753	7260.06391752577	14.6783505154639	STARmap_plus	spinalcord	7	5	4	4	1.44518587894808	5	6	4	0	7	1
spinalcord_3961	2806.65948275862	6833.02586206897	15.0775862068966	STARmap_plus	spinalcord	7	2	1	5	1.30059200753451	2	1	0	1	1	4
spinalcord_3962	2898.2539184953	7854.22257053292	15.5266457680251	STARmap_plus	spinalcord	7	6	0	4	1.05500827668773	1	6	2	0	6	3
spinalcord_3963	3000.4526315789503	6993.347368421049	14.8842105263158	STARmap_plus	spinalcord	7	2	1	6	0.923026257349781	2	1	0	3	2	1
spinalcord_3964	3695.3125	7132.97395833333	12.760416666666698	STARmap_plus	spinalcord	7	6	0	4	1.01650009998996	1	6	2	0	7	2
spinalcord_3965	2858.83519553073	7338.83519553073	17.835195530726303	STARmap_plus	spinalcord	7	5	5	6	1.26208383083673	5	2	0	0	2	1
spinalcord_3966	2972.4243902439	6907.721951219511	13.209756097561	STARmap_plus	spinalcord	7	5	1	6	1.15599813612093	2	1	0	0	2	1
spinalcord_3967	3831.8173076923104	6949.28205128205	17.5641025641026	STARmap_plus	spinalcord	7	6	0	4	1.2475491601766	1	6	2	0	6	2
spinalcord_3968	3983.05016722408	7450.09364548495	14.5685618729097	STARmap_plus	spinalcord	7	6	0	4	1.23301448951648	1	6	2	4	6	2
spinalcord_3969	3924.43243243243	7995.562162162159	15.1243243243243	STARmap_plus	spinalcord	7	6	0	4	1.2475491601766	1	6	2	0	6	2
spinalcord_3970	3836.69426751592	7910.90021231423	13.4331210191083	STARmap_plus	spinalcord	7	6	0	4	1.2475491601766	1	6	2	0	6	2
spinalcord_3971	3782.22676579926	7507.35687732342	13.4498141263941	STARmap_plus	spinalcord	7	6	0	4	1.2475491601766	1	6	2	0	6	2
spinalcord_3972	3253.0056980057	7532.737891737891	17.917378917378898	STARmap_plus	spinalcord	7	6	0	4	1.22357565413896	1	2	2	0	7	2
spinalcord_3973	3157.90588235294	7663.162352941179	18.776470588235306	STARmap_plus	spinalcord	7	6	0	4	1.44518587894808	1	2	2	0	6	2
spinalcord_3974	3756.54437869823	7869.59763313609	19.207100591716	STARmap_plus	spinalcord	7	6	0	4	1.44518587894808	1	2	2	0	6	2
spinalcord_3975	3714.70503597122	7819.143884892091	16.2446043165468	STARmap_plus	spinalcord	7	6	0	4	1.44518587894808	1	2	2	0	6	2
spinalcord_3976	3317.0951557093395	6960.821799307961	18.2664359861592	STARmap_plus	spinalcord	7	6	0	4	1.27152266621425	1	6	4	0	7	2
spinalcord_3977	3794.52422145329	7162.247404844291	20.3269896193772	STARmap_plus	spinalcord	7	6	0	4	1.22357565413896	1	2	2	0	7	2
spinalcord_3978	2974.53250773994	7669.845201238391	15.9164086687307	STARmap_plus	spinalcord	7	6	0	4	1.30059200753451	1	2	2	0	6	3
spinalcord_3979	2964.51306413302	7905.296912114009	16.6722090261283	STARmap_plus	spinalcord	7	6	0	4	1.05500827668773	1	6	2	0	6	3
spinalcord_3980	3709.5450980392206	7244.501960784309	18.7411764705882	STARmap_plus	spinalcord	7	6	0	4	1.22357565413896	1	2	2	0	7	2
spinalcord_3981	3234.9821882951696	6918.111959287529	14.6412213740458	STARmap_plus	spinalcord	7	5	5	1	1.30059200753451	6	2	4	0	7	1
spinalcord_3982	3560.52436194896	7444.081206496519	21.619489559164705	STARmap_plus	spinalcord	7	6	0	4	1.2475491601766	1	6	2	0	6	2
spinalcord_3983	3285.37905236908	8012.28927680798	16.4862842892768	STARmap_plus	spinalcord	7	6	0	4	1.2475491601766	1	6	2	0	6	2
spinalcord_3984	2978.02797202797	7245.465034965029	17.692307692307697	STARmap_plus	spinalcord	7	5	1	6	1.09351645338551	5	1	0	1	2	1
spinalcord_3985	3222.4635193133004	7793.545064377679	14.3519313304721	STARmap_plus	spinalcord	7	6	0	4	1.2475491601766	1	6	2	0	6	2
spinalcord_3986	3042.7027027027	7473.493243243241	14.3243243243243	STARmap_plus	spinalcord	7	4	4	6	1.37760836093005	5	2	4	0	7	1
spinalcord_3987	3969.91975308642	7028.09670781893	17.2181069958848	STARmap_plus	spinalcord	7	6	0	4	1.2475491601766	1	6	2	0	6	2
spinalcord_3988	3410.94163424125	7536.29961089494	18.1089494163424	STARmap_plus	spinalcord	7	6	0	4	1.01650009998996	1	6	2	0	7	2
spinalcord_3989	4030.7493261455497	6817.102425876011	19.7196765498652	STARmap_plus	spinalcord	7	6	0	4	1.33910018423228	1	6	1	0	6	2
spinalcord_3990	3324.9803921568605	7647.33333333333	18.2326797385621	STARmap_plus	spinalcord	7	6	0	4	1.01650009998996	1	6	2	0	7	2
spinalcord_3991	3460.29260450161	7513.594855305469	16.3987138263666	STARmap_plus	spinalcord	7	6	0	4	1.01650009998996	1	6	2	0	7	2
spinalcord_3992	4021.765625	7202.2265625	17.984375	STARmap_plus	spinalcord	7	6	0	4	1.44518587894808	1	2	2	0	6	2
spinalcord_3993	3469.30784313726	7431.650980392159	20.143137254902	STARmap_plus	spinalcord	7	6	0	4	1.2475491601766	1	6	2	0	6	2
spinalcord_3994	2861.90410958904	7640.8602739726	19.2301369863014	STARmap_plus	spinalcord	7	4	4	4	1.14655930074341	1	2	4	0	7	3
spinalcord_3995	4092.64761904762	7173.6476190476205	17.3666666666667	STARmap_plus	spinalcord	7	6	0	4	1.50766756168351	1	2	2	3	6	2
spinalcord_3996	3397.41436464088	7682.03867403315	17.0441988950276	STARmap_plus	spinalcord	7	6	0	4	1.22357565413896	1	2	2	0	7	2
spinalcord_3997	3859.629870129871	7290.094155844159	14.2694805194805	STARmap_plus	spinalcord	7	6	0	4	1.44518587894808	1	2	2	0	6	2
spinalcord_3998	2987.27559055118	7756.872047244091	17.4507874015748	STARmap_plus	spinalcord	7	6	0	4	1.05500827668773	1	6	2	0	6	3
spinalcord_3999	3980.30864197531	7096.35185185185	15.2592592592593	STARmap_plus	spinalcord	7	6	0	4	1.2475491601766	1	6	2	0	6	2
spinalcord_4000	3010.7621359223303	7394.25242718447	18.3834951456311	STARmap_plus	spinalcord	7	4	4	6	1.37760836093005	5	2	4	0	7	1
spinalcord_4001	4081.59274193548	7779.30241935484	18.383064516129	STARmap_plus	spinalcord	7	6	0	4	1.2475491601766	1	6	2	0	6	2
spinalcord_4002	2786.1666666666697	7955.055555555559	15.416666666666698	STARmap_plus	spinalcord	7	4	4	6	1.24623157536453	5	2	4	1	5	3
spinalcord_4003	2796.72903225806	7847.361290322579	18.0129032258065	STARmap_plus	spinalcord	7	4	4	4	1.2316969047044	5	2	4	0	5	3
spinalcord_4004	3915.41192411924	6821.31707317073	19.2574525745257	STARmap_plus	spinalcord	7	6	0	4	1.33910018423228	1	6	1	0	6	2
spinalcord_4005	3012.35785953177	8017.254180602009	19.9866220735786	STARmap_plus	spinalcord	7	6	0	4	1.30059200753451	1	2	2	0	6	3
spinalcord_4006	3290.6202020202004	7407.232323232321	18.3535353535354	STARmap_plus	spinalcord	7	4	4	4	1.14655930074341	1	2	4	0	7	3
spinalcord_4007	3537.01836734694	6954.00408163265	15.1959183673469	STARmap_plus	spinalcord	7	6	0	4	1.01650009998996	1	6	2	0	7	2
spinalcord_4008	3201.39285714286	7076.400793650792	15.0740740740741	STARmap_plus	spinalcord	7	5	4	4	1.44518587894808	5	6	4	0	7	1
spinalcord_4009	3896.35830618892	7812.952768729641	12.2100977198697	STARmap_plus	spinalcord	7	6	0	4	1.2475491601766	1	6	2	0	6	2
spinalcord_4010	3861.99234693878	7710.267857142859	12.198979591836698	STARmap_plus	spinalcord	7	6	0	4	1.44518587894808	1	2	2	0	6	2
spinalcord_4011	2866.18604651163	7745.69302325581	20.9767441860465	STARmap_plus	spinalcord	7	6	0	4	1.27152266621425	1	6	4	0	6	3
spinalcord_4012	3556.12747875354	7122.691218130309	20.5779036827195	STARmap_plus	spinalcord	7	6	0	4	1.22357565413896	1	2	2	0	7	2
spinalcord_4013	3904.9638118214702	7038.489746682751	16.4475271411339	STARmap_plus	spinalcord	7	6	0	4	1.2475491601766	1	6	2	0	6	2
spinalcord_4014	4053.64734299517	7069.4782608695705	19.125603864734305	STARmap_plus	spinalcord	7	6	0	4	1.2475491601766	1	6	2	0	6	2
spinalcord_4015	3571.9159663865503	7986.899159663871	16.2605042016807	STARmap_plus	spinalcord	7	6	0	4	1.44518587894808	1	2	2	0	6	2
spinalcord_4016	3836.5870646766207	8117.33333333333	20.5223880597015	STARmap_plus	spinalcord	7	6	0	4	1.2475491601766	1	6	2	0	6	2
spinalcord_4017	3566.6390197926503	7759.71630537229	18.675777568331803	STARmap_plus	spinalcord	7	6	0	4	1.2475491601766	1	6	2	0	6	2
spinalcord_4018	3985.35159817352	7562.858447488579	20.7100456621005	STARmap_plus	spinalcord	7	6	0	4	1.2475491601766	1	6	2	0	6	2
spinalcord_4019	3796.24113475177	7402.63829787234	17.645390070922	STARmap_plus	spinalcord	7	6	0	4	1.44518587894808	1	2	2	0	6	2
spinalcord_4020	4010.25724637681	7291.65942028986	21.7065217391304	STARmap_plus	spinalcord	7	6	0	4	1.44518587894808	1	2	2	0	6	2
spinalcord_4021	3456.7345132743394	7208.097345132741	15.8672566371681	STARmap_plus	spinalcord	7	6	0	4	1.22357565413896	1	2	2	0	7	2
spinalcord_4022	3949.79020979021	6941.58741258741	14.9685314685315	STARmap_plus	spinalcord	7	6	0	4	1.2475491601766	1	6	2	0	6	2
spinalcord_4023	4099.21	6890.185	18.71	STARmap_plus	spinalcord	7	6	0	4	1.2475491601766	1	6	2	0	6	2
spinalcord_4024	3399.33457943925	8034.53644859813	13.547663551401902	STARmap_plus	spinalcord	7	6	0	4	1.2475491601766	1	6	2	0	6	2
spinalcord_4025	3870.74637681159	7148.413043478259	20.021739130434803	STARmap_plus	spinalcord	7	6	0	4	1.2475491601766	1	6	2	0	6	2
spinalcord_4026	3433.07427536232	8100.556159420291	10.9565217391304	STARmap_plus	spinalcord	7	6	0	4	1.2475491601766	1	6	2	0	6	2
spinalcord_4027	3127.62544169611	6923.455830388691	14.2862190812721	STARmap_plus	spinalcord	7	5	4	6	1.41611653762783	5	2	4	1	7	1
spinalcord_4028	4099.68794326241	8029.170212765959	16.7730496453901	STARmap_plus	spinalcord	7	6	0	4	1.44518587894808	1	2	2	0	6	2
spinalcord_4029	3142.6372881355896	8024.955932203391	20.9796610169492	STARmap_plus	spinalcord	7	6	0	4	1.2475491601766	1	6	2	0	6	2
spinalcord_4030	2867.0813008130103	7563.9512195122	17.471544715447198	STARmap_plus	spinalcord	7	4	4	5	1.2475491601766	5	2	4	1	7	3
spinalcord_4031	3621.477218225421	6930.9448441247	20.4892086330935	STARmap_plus	spinalcord	7	6	0	4	1.01650009998996	1	6	2	0	7	2
spinalcord_4032	3668.53072625698	7705.798882681559	16.2309124767225	STARmap_plus	spinalcord	7	6	0	4	1.2475491601766	1	6	2	0	6	2
spinalcord_4033	3201.86750788644	7727.21135646688	16.5772870662461	STARmap_plus	spinalcord	7	6	0	4	1.2475491601766	1	6	2	0	6	2
spinalcord_4034	3989.92307692308	8083.469230769229	20.0153846153846	STARmap_plus	spinalcord	7	6	0	4	1.2475491601766	1	6	2	0	6	2
spinalcord_4035	3656.20216049383	7529.6296296296305	17.9243827160494	STARmap_plus	spinalcord	7	6	0	4	1.2475491601766	1	6	2	0	6	2
spinalcord_4036	2935.68263473054	7405.179640718559	16.3652694610778	STARmap_plus	spinalcord	7	5	4	6	1.32456551357215	5	2	0	3	7	1
spinalcord_4037	4099.0	6965.015761821371	20.7898423817863	STARmap_plus	spinalcord	7	6	0	4	1.2475491601766	1	6	2	0	6	2
spinalcord_4038	3185.20735785953	7474.32775919732	13.3076923076923	STARmap_plus	spinalcord	7	4	4	4	1.41611653762783	5	2	4	0	7	2
spinalcord_4039	3079.02777777778	7802.479797979799	14.871212121212098	STARmap_plus	spinalcord	7	6	0	4	1.2475491601766	1	6	2	0	6	2
spinalcord_4040	3687.2010869565206	7050.8097826087	20.8152173913043	STARmap_plus	spinalcord	7	6	0	4	1.01650009998996	1	6	2	0	7	2
spinalcord_4041	3424.5745454545504	7375.31636363636	16.7090909090909	STARmap_plus	spinalcord	7	6	0	4	1.22357565413896	1	2	2	0	7	2
spinalcord_4042	3852.47674418605	7552.70930232558	20.6308139534884	STARmap_plus	spinalcord	7	6	0	4	1.2475491601766	1	6	2	0	6	2
spinalcord_4043	4012.5235457063695	8006.82825484765	14.8614958448753	STARmap_plus	spinalcord	7	6	0	4	1.44518587894808	1	2	2	0	6	2
spinalcord_4044	3802.05494505495	7658.20879120879	19.73626373626369	STARmap_plus	spinalcord	7	6	0	4	1.2475491601766	1	6	2	0	6	2
spinalcord_4045	3124.8030888030894	7429.37837837838	13.7799227799228	STARmap_plus	spinalcord	7	4	4	1	1.2475491601766	5	2	4	0	7	3
spinalcord_4046	3260.60792951542	7861.440528634359	14.528634361233498	STARmap_plus	spinalcord	7	6	0	4	1.2475491601766	1	6	2	0	6	2
spinalcord_4047	3574.5729166666706	7197.109375	19.7552083333333	STARmap_plus	spinalcord	7	6	0	4	1.2475491601766	1	2	2	3	7	2
spinalcord_4048	3025.7335329341304	7932.017964071859	18.0778443113772	STARmap_plus	spinalcord	7	6	0	4	1.2475491601766	1	6	2	0	6	2
spinalcord_4049	3621.7736318408	7387.228855721391	19.405472636815897	STARmap_plus	spinalcord	7	6	0	4	1.2475491601766	1	6	2	0	6	2
spinalcord_4050	3116.01682692308	7551.42067307692	16.141826923076902	STARmap_plus	spinalcord	7	4	4	4	1.14655930074341	1	2	4	0	7	3
spinalcord_4051	2933.65771812081	7037.231543624159	15.1241610738255	STARmap_plus	spinalcord	7	2	1	6	1.05500827668773	2	1	0	1	2	1
spinalcord_4052	3072.7192982456104	7875.024561403509	16.6631578947368	STARmap_plus	spinalcord	7	6	0	4	1.2475491601766	1	6	2	0	6	2
spinalcord_4053	3405.86046511628	6966.90161001789	16.6833631484794	STARmap_plus	spinalcord	7	6	0	4	1.01650009998996	1	6	2	0	7	2
spinalcord_4054	3774.03521126761	8149.922535211271	20.9788732394366	STARmap_plus	spinalcord	7	6	0	4	1.2475491601766	1	6	2	0	6	2
spinalcord_4055	4040.75903614458	6984.10240963855	19.8493975903614	STARmap_plus	spinalcord	7	6	0	4	1.2475491601766	1	6	2	0	6	2
spinalcord_4056	3047.25510204082	6933.428571428571	15.9387755102041	STARmap_plus	spinalcord	7	5	1	6	1.15599813612093	5	1	0	0	2	1
spinalcord_4057	3895.984375	8105.446875	20.4875	STARmap_plus	spinalcord	7	6	0	4	1.2475491601766	1	6	2	0	6	2
spinalcord_4058	3923.875912408761	7237.40875912409	20.7591240875912	STARmap_plus	spinalcord	7	6	0	4	1.44518587894808	1	2	2	0	6	2
spinalcord_4059	3621.3294797687895	7047.872832369941	21.179190751445105	STARmap_plus	spinalcord	7	6	0	4	1.01650009998996	1	6	2	0	7	2
spinalcord_4060	3700.92307692308	7182.6742081448	20.497737556561106	STARmap_plus	spinalcord	7	6	0	4	1.22357565413896	1	2	2	0	7	2
spinalcord_4061	2936.50617283951	7558.444444444441	17.7530864197531	STARmap_plus	spinalcord	7	4	4	4	1.2475491601766	5	2	4	0	7	3
spinalcord_4062	3842.53676470588	6878.022058823531	17.838235294117602	STARmap_plus	spinalcord	7	6	0	4	1.2475491601766	1	6	2	0	6	2
spinalcord_4063	2917.2594936708897	7742.727848101271	15.7658227848101	STARmap_plus	spinalcord	7	6	0	4	1.05500827668773	1	6	2	0	6	3
spinalcord_4064	4017.3398692810497	7377.87581699346	16.9542483660131	STARmap_plus	spinalcord	7	6	0	4	1.2475491601766	1	6	2	0	6	2
spinalcord_4065	3936.16417910448	7167.28358208955	19.5223880597015	STARmap_plus	spinalcord	7	6	0	4	1.2475491601766	1	6	2	0	6	2
spinalcord_4066	3078.9677419354803	7373.67741935484	18.0	STARmap_plus	spinalcord	7	5	4	6	1.39214303159018	5	2	4	3	7	1
spinalcord_4067	2953.6625	6834.0875	11.9375	STARmap_plus	spinalcord	7	2	1	7	1.13202463008328	2	1	0	1	2	4
spinalcord_4068	3784.791855203621	7812.93665158371	16.2307692307692	STARmap_plus	spinalcord	7	6	0	4	1.2475491601766	1	6	2	0	6	2
spinalcord_4069	3343.2619047619	7562.25396825397	18.4920634920635	STARmap_plus	spinalcord	7	6	0	4	1.22357565413896	1	2	2	0	7	2
spinalcord_4070	3731.3030303030296	7559.72727272727	14.8181818181818	STARmap_plus	spinalcord	7	6	0	4	1.2475491601766	1	6	2	0	6	2
spinalcord_4071	3041.02777777778	7692.990740740741	19.2222222222222	STARmap_plus	spinalcord	7	6	0	4	1.2475491601766	1	6	2	0	6	2
spinalcord_4072	3342.8125	7486.953947368421	13.4440789473684	STARmap_plus	spinalcord	7	6	0	4	1.22357565413896	1	2	2	0	7	2
spinalcord_4073	3743.8	7650.275	22.775	STARmap_plus	spinalcord	7	6	0	4	1.2475491601766	1	6	2	0	6	2
spinalcord_4074	3768.5	6904.0178571428605	16.4821428571429	STARmap_plus	spinalcord	7	6	0	4	1.44518587894808	1	2	2	0	6	2
spinalcord_4075	3655.84971098266	7266.71098265896	17.630057803468198	STARmap_plus	spinalcord	7	6	0	4	1.22357565413896	1	2	2	0	7	2
spinalcord_4076	3787.578125	7242.1875	18.9140625	STARmap_plus	spinalcord	7	6	0	4	1.22357565413896	1	2	2	0	7	2
spinalcord_4077	2912.8241379310302	7258.882758620691	17.8448275862069	STARmap_plus	spinalcord	7	5	1	6	1.09351645338551	5	1	0	1	2	1
spinalcord_4078	3766.549180327871	7274.918032786891	13.672131147541	STARmap_plus	spinalcord	7	6	0	4	1.22357565413896	1	2	2	0	7	2
spinalcord_4079	3688.4512195122	7309.378048780491	19.7682926829268	STARmap_plus	spinalcord	7	6	0	4	1.01650009998996	1	6	2	0	7	2
spinalcord_4080	3302.81088825215	7930.41260744986	17.1948424068768	STARmap_plus	spinalcord	7	6	0	4	1.2475491601766	1	6	2	0	6	2
spinalcord_4081	3633.06306306306	7225.990990990991	19.8378378378378	STARmap_plus	spinalcord	7	6	0	4	1.22357565413896	1	2	2	0	7	2
spinalcord_4082	3534.54716981132	7170.6037735849095	17.377358490566	STARmap_plus	spinalcord	7	6	0	4	1.22357565413896	1	2	2	0	7	2
spinalcord_4083	3138.55555555556	7478.33333333333	9.16666666666667	STARmap_plus	spinalcord	7	4	4	4	1.2475491601766	5	2	4	0	7	3
spinalcord_4084	2916.77528089888	7165.887640449441	17.1460674157303	STARmap_plus	spinalcord	7	5	1	6	1.09351645338551	5	1	0	1	2	1
spinalcord_4085	4854.8606271777	8107.0487804878	11.0836236933798	STARmap_plus	spinalcord	7	6	0	4	1.44518587894808	1	2	2	0	6	2
spinalcord_4086	4579.578947368421	7934.7485380117	15.684210526315802	STARmap_plus	spinalcord	7	6	0	4	1.2475491601766	1	6	2	0	6	2
spinalcord_4087	4792.98536585366	7553.33658536585	15.1341463414634	STARmap_plus	spinalcord	7	6	0	4	1.2475491601766	1	6	2	0	6	2
spinalcord_4088	4992.354466858789	7401.567723342941	18.1037463976945	STARmap_plus	spinalcord	7	6	0	4	1.2475491601766	1	6	2	0	6	2
spinalcord_4089	5337.72033898305	7618.216101694909	18.2923728813559	STARmap_plus	spinalcord	7	6	0	4	1.27661850149686	1	6	1	0	1	2
spinalcord_4090	4606.385416666671	7516.91041666667	15.86875	STARmap_plus	spinalcord	7	6	0	4	1.2475491601766	1	6	2	0	6	2
spinalcord_4091	4973.83529411765	6835.83823529412	15.494117647058802	STARmap_plus	spinalcord	7	6	0	4	1.33910018423228	1	6	1	0	6	2
spinalcord_4092	4586.652631578951	8090.8947368420995	20.5578947368421	STARmap_plus	spinalcord	7	6	0	4	1.44518587894808	1	2	2	0	6	2
spinalcord_4093	4958.47854785479	7218.82508250825	14.8580858085809	STARmap_plus	spinalcord	7	6	0	4	1.33910018423228	1	6	1	0	6	2
spinalcord_4094	4583.35078534031	7315.57591623037	20.020942408377	STARmap_plus	spinalcord	7	6	0	4	1.2475491601766	1	6	2	0	6	2
spinalcord_4095	4783.474264705879	7639.452205882349	18.4963235294118	STARmap_plus	spinalcord	7	6	0	4	1.44518587894808	1	2	2	0	6	2
spinalcord_4096	5327.85542168675	7776.22891566265	17.6746987951807	STARmap_plus	spinalcord	7	6	0	4	1.22357565413896	1	2	1	0	7	2
spinalcord_4097	4885.60784313726	7347.834967320259	17.009803921568597	STARmap_plus	spinalcord	7	6	0	4	1.33910018423228	1	6	1	0	6	2
spinalcord_4098	5279.09779179811	7044.271293375391	20.2460567823344	STARmap_plus	spinalcord	7	6	0	4	1.39214303159018	1	2	1	0	6	2
spinalcord_4099	5207.777777777779	7006.425287356321	15.8122605363985	STARmap_plus	spinalcord	7	6	0	4	1.33910018423228	1	6	1	0	6	2
spinalcord_4100	4914.481132075471	7485.503144654091	16.7389937106918	STARmap_plus	spinalcord	7	6	0	4	1.2475491601766	1	6	2	0	6	2
spinalcord_4101	5115.21276595745	8133.72340425532	20.6382978723404	STARmap_plus	spinalcord	7	6	0	4	1.44518587894808	1	2	2	0	6	2
spinalcord_4102	4895.38147138965	7057.02452316076	17.662125340599502	STARmap_plus	spinalcord	7	6	0	4	1.33910018423228	1	6	1	0	6	2
spinalcord_4103	4979.03686635945	7776.54838709677	14.705069124424	STARmap_plus	spinalcord	7	6	0	4	1.44518587894808	1	2	2	0	6	2
spinalcord_4104	4802.87372013652	7817.15699658703	20.7679180887372	STARmap_plus	spinalcord	7	6	0	4	1.44518587894808	1	2	2	0	6	2
spinalcord_4105	5342.42307692308	7317.01153846154	15.357692307692302	STARmap_plus	spinalcord	7	6	0	4	1.33910018423228	1	6	1	0	6	2
spinalcord_4106	4723.7697674418605	7529.51162790698	16.4325581395349	STARmap_plus	spinalcord	7	6	0	4	1.2475491601766	1	6	2	0	6	2
spinalcord_4107	4220.87044534413	7624.17813765182	16.9352226720648	STARmap_plus	spinalcord	7	6	0	4	1.50766756168351	1	2	2	3	6	2
spinalcord_4108	4549.32095490716	7249.80636604775	21.7586206896552	STARmap_plus	spinalcord	7	6	0	4	1.2475491601766	1	6	2	0	6	2
spinalcord_4109	4735.01744186046	6983.06395348837	18.4941860465116	STARmap_plus	spinalcord	7	6	0	4	1.33910018423228	1	6	1	0	6	2
spinalcord_4110	4235.57512953368	7833.715025906741	21.3056994818653	STARmap_plus	spinalcord	7	6	0	4	1.44518587894808	1	2	2	0	6	2
spinalcord_4111	5299.73931623932	7702.232905982909	20.8824786324786	STARmap_plus	spinalcord	7	6	0	4	1.22357565413896	1	2	1	0	7	2
spinalcord_4112	4930.86931818182	7985.06818181818	19.6875	STARmap_plus	spinalcord	7	6	0	4	1.44518587894808	1	2	2	0	6	2
spinalcord_4113	4203.77099236641	6843.04580152672	19.9503816793893	STARmap_plus	spinalcord	7	6	0	4	1.33910018423228	1	6	1	0	6	2
spinalcord_4114	4386.023255813951	7132.953488372091	20.7441860465116	STARmap_plus	spinalcord	7	6	0	4	1.2475491601766	1	6	2	0	6	2
spinalcord_4115	4794.92634560906	6837.59773371105	21.1954674220963	STARmap_plus	spinalcord	7	6	0	4	1.33910018423228	1	6	1	0	6	2
spinalcord_4116	4510.462555066079	7083.40088105727	22.1674008810573	STARmap_plus	spinalcord	7	6	0	4	1.2475491601766	1	6	2	0	6	2
spinalcord_4117	4881.08208955224	7901.89179104478	19.233208955223898	STARmap_plus	spinalcord	7	6	0	4	1.44518587894808	1	2	2	0	6	2
spinalcord_4118	5220.74809160305	7584.97709923664	18.178117048346103	STARmap_plus	spinalcord	7	6	0	4	1.2475491601766	1	6	2	0	6	2
spinalcord_4119	5154.612631578951	6902.084210526321	15.652631578947402	STARmap_plus	spinalcord	7	6	0	4	1.33910018423228	1	6	1	0	6	2
spinalcord_4120	4754.9377593361	7083.14937759336	18.3983402489627	STARmap_plus	spinalcord	7	6	0	4	1.33910018423228	1	6	1	0	6	2
spinalcord_4121	4858.82269503546	7564.007092198579	19.6666666666667	STARmap_plus	spinalcord	7	6	0	4	1.2475491601766	1	6	2	0	6	2
spinalcord_4122	5252.18895348837	7801.20639534884	20.095930232558104	STARmap_plus	spinalcord	7	6	0	4	1.2475491601766	1	2	2	3	7	2
spinalcord_4123	5448.00823045267	7111.18930041152	17.4156378600823	STARmap_plus	spinalcord	7	6	0	4	1.33910018423228	1	6	1	0	6	2
spinalcord_4124	4641.51752921536	6811.04841402337	21.0767946577629	STARmap_plus	spinalcord	7	6	0	4	1.33910018423228	1	6	1	0	6	2
spinalcord_4125	5373.88327526132	7479.16550522648	18.623693379790897	STARmap_plus	spinalcord	7	6	0	4	1.33910018423228	1	6	1	0	6	2
spinalcord_4126	4498.83973288815	7932.73121869783	20.864774624374	STARmap_plus	spinalcord	7	6	0	4	1.2475491601766	1	6	2	0	6	2
spinalcord_4127	5181.24	7508.33818181818	16.4472727272727	STARmap_plus	spinalcord	7	6	0	4	1.2475491601766	1	6	2	0	6	2
spinalcord_4128	4587.1981981982	7027.081081081079	18.2072072072072	STARmap_plus	spinalcord	7	6	0	4	1.2475491601766	1	6	2	0	6	2
spinalcord_4129	4700.34351145038	8072.30534351145	18.625954198473305	STARmap_plus	spinalcord	7	6	0	4	1.44518587894808	1	2	2	0	6	2
spinalcord_4130	4203.44471153846	7445.24759615385	18.865384615384603	STARmap_plus	spinalcord	7	6	0	4	1.2475491601766	1	6	2	0	6	2
spinalcord_4131	5036.55555555556	7129.146953405021	19.0286738351254	STARmap_plus	spinalcord	7	6	0	4	1.33910018423228	1	6	1	0	6	2
spinalcord_4132	5361.63723608445	7203.36468330134	22.2706333973129	STARmap_plus	spinalcord	7	6	0	4	1.33910018423228	1	6	1	0	6	2
spinalcord_4133	5117.94166666667	7251.27083333333	18.220833333333303	STARmap_plus	spinalcord	7	6	0	4	1.33910018423228	1	6	1	0	6	2
spinalcord_4134	4406.25848563969	7245.365535248041	21.3446475195822	STARmap_plus	spinalcord	7	6	0	4	1.2475491601766	1	6	2	0	6	2
spinalcord_4135	4816.07978723404	7021.48936170213	23.3723404255319	STARmap_plus	spinalcord	7	6	0	4	1.33910018423228	1	6	1	0	6	2
spinalcord_4136	5176.223021582729	7939.323741007191	16.7769784172662	STARmap_plus	spinalcord	7	6	0	4	1.30059200753451	1	2	2	1	7	2
spinalcord_4137	5449.61924686192	7551.4853556485405	18.8953974895398	STARmap_plus	spinalcord	7	6	0	4	1.33910018423228	1	6	1	0	6	2
spinalcord_4138	4861.79325842697	6946.8808988764	21.182022471910106	STARmap_plus	spinalcord	7	6	0	4	1.33910018423228	1	6	1	0	6	2
spinalcord_4139	4663.28360957643	7252.064456721921	15.7219152854512	STARmap_plus	spinalcord	7	6	0	4	1.33910018423228	1	6	1	0	6	2
spinalcord_4140	5350.66375545851	8013.668122270741	18.6637554585153	STARmap_plus	spinalcord	7	6	0	4	1.33910018423228	1	6	1	0	6	2
spinalcord_4141	4626.52857142857	7658.82857142857	13.1285714285714	STARmap_plus	spinalcord	7	6	0	4	1.44518587894808	1	2	2	0	6	2
spinalcord_4142	4715.98058252427	7339.74757281553	14.0825242718447	STARmap_plus	spinalcord	7	6	0	4	1.33910018423228	1	6	1	0	6	2
spinalcord_4143	5355.2533333333295	8108.69333333333	18.126666666666697	STARmap_plus	spinalcord	7	6	0	4	1.33910018423228	1	6	1	0	6	2
spinalcord_4144	4337.01166180758	7014.61224489796	18.6443148688047	STARmap_plus	spinalcord	7	6	0	4	1.2475491601766	1	6	2	0	6	2
spinalcord_4145	4316.48148148148	7651.555555555559	14.8703703703704	STARmap_plus	spinalcord	7	6	0	4	1.40667770225031	1	2	2	1	6	2
spinalcord_4146	5219.30149253731	7147.7343283582095	15.3582089552239	STARmap_plus	spinalcord	7	6	0	4	1.33910018423228	1	6	1	0	6	2
spinalcord_4147	4265.966457023061	7149.706498951779	21.5911949685535	STARmap_plus	spinalcord	7	6	0	4	1.44518587894808	1	2	2	0	6	2
spinalcord_4148	4324.13836477987	7943.2641509434	24.748427672956	STARmap_plus	spinalcord	7	6	0	4	1.44518587894808	1	2	2	0	6	2
spinalcord_4149	4438.2380952381	8108.49404761905	14.5892857142857	STARmap_plus	spinalcord	7	6	0	4	1.44518587894808	1	2	2	0	6	2
spinalcord_4150	4466.73622047244	6980.8031496063	20.4724409448819	STARmap_plus	spinalcord	7	6	0	4	1.2475491601766	1	6	2	0	6	2
spinalcord_4151	5379.005128205129	7821.384615384621	16.3538461538462	STARmap_plus	spinalcord	7	6	0	4	1.22357565413896	1	2	1	0	7	2
spinalcord_4152	4699.586666666671	7750.68444444444	19.9066666666667	STARmap_plus	spinalcord	7	6	0	4	1.44518587894808	1	2	2	0	6	2
spinalcord_4153	4976.588235294121	7585.04171122995	13.385026737967902	STARmap_plus	spinalcord	7	6	0	4	1.2475491601766	1	6	2	0	6	2
spinalcord_4154	4524.43577981651	7629.064220183491	17.0917431192661	STARmap_plus	spinalcord	7	6	0	4	1.44518587894808	1	2	2	0	6	2
spinalcord_4155	5408.13009708738	7693.590291262141	17.5766990291262	STARmap_plus	spinalcord	7	6	0	4	1.37760836093005	1	6	1	0	3	2
spinalcord_4156	4317.17346938776	8059.74489795918	27.1938775510204	STARmap_plus	spinalcord	7	6	0	4	1.50766756168351	1	2	2	3	6	2
spinalcord_4157	5161.85333333333	8019.866666666669	20.6866666666667	STARmap_plus	spinalcord	7	6	0	4	1.22357565413896	1	2	2	0	7	2
spinalcord_4158	4949.493333333329	6947.51555555556	16.4311111111111	STARmap_plus	spinalcord	7	6	0	4	1.33910018423228	1	6	1	0	6	2
spinalcord_4159	4689.35211267606	6893.018779342719	18.0046948356808	STARmap_plus	spinalcord	7	6	0	4	1.33910018423228	1	6	1	0	6	2
spinalcord_4160	5280.92805755396	8151.992805755401	18.201438848920898	STARmap_plus	spinalcord	7	6	0	4	1.33910018423228	1	6	1	0	6	2
spinalcord_4161	4615.37593984962	7839.84962406015	16.6015037593985	STARmap_plus	spinalcord	7	6	0	4	1.2475491601766	1	6	2	0	6	2
spinalcord_4162	4379.75494071146	7335.92490118577	22.442687747035603	STARmap_plus	spinalcord	7	6	0	4	1.39214303159018	1	2	1	0	6	2
spinalcord_4163	4506.59493670886	7189.01898734177	20.5189873417722	STARmap_plus	spinalcord	7	6	0	4	1.2475491601766	1	6	2	0	6	2
spinalcord_4164	4910.5189189189205	7692.335135135129	14.7783783783784	STARmap_plus	spinalcord	7	6	0	4	1.40667770225031	1	2	2	1	6	2
spinalcord_4165	5193.35789473684	7861.405263157891	21.8157894736842	STARmap_plus	spinalcord	7	6	0	4	1.22357565413896	1	2	2	0	7	2
spinalcord_4166	5103.59953161593	7108.187353629979	18.9227166276347	STARmap_plus	spinalcord	7	6	0	4	1.33910018423228	1	6	1	0	6	2
spinalcord_4167	5142.7540983606605	7766.393442622951	22.9672131147541	STARmap_plus	spinalcord	7	6	0	4	1.22357565413896	1	2	2	0	7	2
spinalcord_4168	4990.80829015544	7310.54404145078	17.176165803108802	STARmap_plus	spinalcord	7	6	0	4	1.33910018423228	1	6	1	0	6	2
spinalcord_4169	4447.7265625	7319.37890625	14.65625	STARmap_plus	spinalcord	7	6	0	4	1.2475491601766	1	6	2	0	6	2
spinalcord_4170	4737.48888888889	7917.162962962959	21.9407407407407	STARmap_plus	spinalcord	7	6	0	4	1.44518587894808	1	2	2	0	6	2
spinalcord_4171	4630.07766990291	7007.21359223301	16.5	STARmap_plus	spinalcord	7	6	0	4	1.33910018423228	1	6	1	0	6	2
spinalcord_4172	4515.0664556962	7314.28797468354	16.996835443038	STARmap_plus	spinalcord	7	6	0	4	1.2475491601766	1	6	2	0	6	2
spinalcord_4173	4693.75862068965	7453.517241379309	22.3189655172414	STARmap_plus	spinalcord	7	6	0	4	1.2475491601766	1	6	2	0	6	2
spinalcord_4174	5141.12851405622	7312.720883534141	21.074297188755	STARmap_plus	spinalcord	7	6	0	4	1.2475491601766	1	6	2	0	6	2
spinalcord_4175	5245.68060836502	7501.10646387833	17.8212927756654	STARmap_plus	spinalcord	7	6	0	4	1.33910018423228	1	6	1	0	6	2
spinalcord_4176	4642.14912280702	8151.508771929821	23.868421052631604	STARmap_plus	spinalcord	7	6	0	4	1.44518587894808	1	2	2	0	6	2
spinalcord_4177	4692.2027833002	7168.63717693837	16.9821073558648	STARmap_plus	spinalcord	7	6	0	4	1.2475491601766	1	6	2	0	6	2
spinalcord_4178	4851.29319371728	7748.32460732984	21.3193717277487	STARmap_plus	spinalcord	7	6	0	4	1.50766756168351	1	2	2	3	6	2
spinalcord_4179	5100.792929292929	6827.371212121209	15.0126262626263	STARmap_plus	spinalcord	7	6	0	4	1.33910018423228	1	6	1	0	6	2
spinalcord_4180	5121.768722466961	7549.63656387665	18.0638766519824	STARmap_plus	spinalcord	7	6	0	4	1.2475491601766	1	6	2	0	6	2
spinalcord_4181	4206.973684210529	8042.592105263159	21.4736842105263	STARmap_plus	spinalcord	7	6	0	4	1.44518587894808	1	2	2	0	6	2
spinalcord_4182	4383.97487437186	7083.24623115578	22.8391959798995	STARmap_plus	spinalcord	7	6	0	4	1.2475491601766	1	6	2	0	6	2
spinalcord_4183	4270.75174825175	7561.839160839159	23.2307692307692	STARmap_plus	spinalcord	7	6	0	4	1.2475491601766	1	6	2	0	6	2
spinalcord_4184	5409.98717948718	6987.35256410256	19.878205128205103	STARmap_plus	spinalcord	7	6	0	4	1.39214303159018	1	2	1	0	6	2
spinalcord_4185	4466.524390243901	7123.176829268291	18.5243902439024	STARmap_plus	spinalcord	7	6	0	4	1.2475491601766	1	6	2	0	6	2
spinalcord_4186	4812.086206896551	7104.679802955659	18.4704433497537	STARmap_plus	spinalcord	7	6	0	4	1.33910018423228	1	6	1	0	6	2
spinalcord_4187	5339.42391304348	7062.11956521739	17.7391304347826	STARmap_plus	spinalcord	7	6	0	4	1.39214303159018	1	2	1	0	6	2
spinalcord_4188	5116.81151832461	7403.429319371729	19.4240837696335	STARmap_plus	spinalcord	7	6	0	4	1.2475491601766	1	6	2	0	6	2
spinalcord_4189	4912.1693989071	7155.93989071038	21.9016393442623	STARmap_plus	spinalcord	7	6	0	4	1.33910018423228	1	6	1	0	6	2
spinalcord_4190	5418.58	7312.33	19.685	STARmap_plus	spinalcord	7	6	0	4	1.33910018423228	1	6	1	0	6	2
spinalcord_4191	4635.120879120879	7355.293040293041	21.4908424908425	STARmap_plus	spinalcord	7	6	0	4	1.33910018423228	1	6	1	0	6	2
spinalcord_4192	4236.35616438356	8072.698630136991	22.8082191780822	STARmap_plus	spinalcord	7	6	0	4	1.44518587894808	1	2	2	0	6	2
spinalcord_4193	5452.99526066351	7178.37914691943	18.5260663507109	STARmap_plus	spinalcord	7	6	0	4	1.33910018423228	1	6	1	0	6	2
spinalcord_4194	4932.67375886525	7404.801418439721	14.070921985815598	STARmap_plus	spinalcord	7	6	0	4	1.2475491601766	1	6	2	0	6	2
spinalcord_4195	4414.33974358974	8068.307692307691	24.224358974359003	STARmap_plus	spinalcord	7	6	0	4	1.44518587894808	1	2	2	0	6	2
spinalcord_4196	5448.21897810219	8041.8856447688595	13.1873479318735	STARmap_plus	spinalcord	7	6	0	4	1.33910018423228	1	6	1	0	6	2
spinalcord_4197	4483.08695652174	7261.271739130429	16.4239130434783	STARmap_plus	spinalcord	7	6	0	4	1.2475491601766	1	6	2	0	6	2
spinalcord_4198	4916.22596153846	7772.932692307691	20.629807692307697	STARmap_plus	spinalcord	7	6	0	4	1.44518587894808	1	2	2	0	6	2
spinalcord_4199	4630.60465116279	7783.224806201551	23.7131782945736	STARmap_plus	spinalcord	7	6	0	4	1.44518587894808	1	2	2	0	6	2
spinalcord_4200	5003.41221374046	6941.60305343511	19.7480916030534	STARmap_plus	spinalcord	7	6	0	4	1.33910018423228	1	6	1	0	6	2
spinalcord_4201	5268.54347826087	7864.152173913041	16.9130434782609	STARmap_plus	spinalcord	7	6	0	4	1.22357565413896	1	2	2	0	7	2
spinalcord_4202	4629.12745098039	6934.808823529411	14.279411764705902	STARmap_plus	spinalcord	7	6	0	4	1.2475491601766	1	6	2	0	6	2
spinalcord_4203	5397.865384615379	7987.961538461541	14.0096153846154	STARmap_plus	spinalcord	7	6	0	4	1.33910018423228	1	6	1	0	6	2
spinalcord_4204	4621.61639344262	7452.32786885246	18.4426229508197	STARmap_plus	spinalcord	7	6	0	4	1.2475491601766	1	6	2	0	6	2
spinalcord_4205	4869.2908496732	7433.973856209151	18.7385620915033	STARmap_plus	spinalcord	7	6	0	4	1.2475491601766	1	6	2	0	6	2
spinalcord_4206	4522.14569536424	7017.43708609272	24.052980132450298	STARmap_plus	spinalcord	7	6	0	4	1.2475491601766	1	6	2	0	6	2
spinalcord_4207	5379.14371257485	7551.688622754491	19.3353293413174	STARmap_plus	spinalcord	7	6	0	4	1.33910018423228	1	6	1	0	6	2
spinalcord_4208	5181.868852459021	7214.524590163929	18.622950819672106	STARmap_plus	spinalcord	7	6	0	4	1.33910018423228	1	6	1	0	6	2
spinalcord_4209	5382.21875	7260.9375	14.4765625	STARmap_plus	spinalcord	7	6	0	4	1.33910018423228	1	6	1	0	6	2
spinalcord_4210	4893.77475247525	7629.586633663371	22.210396039604	STARmap_plus	spinalcord	7	6	0	4	1.2475491601766	1	6	2	0	6	2
spinalcord_4211	5283.85964912281	7300.681286549709	18.345029239766102	STARmap_plus	spinalcord	7	6	0	4	1.33910018423228	1	6	1	0	6	2
spinalcord_4212	5061.25301204819	7402.777108433729	17.8885542168675	STARmap_plus	spinalcord	7	6	0	4	1.2475491601766	1	6	2	0	6	2
spinalcord_4213	5170.0	7698.64179104478	22.641791044776102	STARmap_plus	spinalcord	7	6	0	4	1.22357565413896	1	2	2	0	7	2
spinalcord_4214	5118.74137931035	8082.568965517241	25.6206896551724	STARmap_plus	spinalcord	7	6	0	4	1.22357565413896	1	2	2	0	7	2
spinalcord_4215	4654.55271565495	7599.766773162941	15.0127795527157	STARmap_plus	spinalcord	7	6	0	4	1.2475491601766	1	6	2	0	6	2
spinalcord_4216	4686.35680751174	7085.460093896709	16.812206572770002	STARmap_plus	spinalcord	7	6	0	4	1.2475491601766	1	6	2	0	6	2
spinalcord_4217	4305.64150943396	7802.2358490566	23.4528301886792	STARmap_plus	spinalcord	7	6	0	4	1.44518587894808	1	2	2	0	6	2
spinalcord_4218	4283.027777777779	7193.444444444441	15.5277777777778	STARmap_plus	spinalcord	7	6	0	4	1.33910018423228	1	6	1	0	6	2
spinalcord_4219	4604.17721518987	7212.156118143459	19.9620253164557	STARmap_plus	spinalcord	7	6	0	4	1.2475491601766	1	6	2	0	6	2
spinalcord_4220	4801.232323232321	7354.58585858586	20.7171717171717	STARmap_plus	spinalcord	7	6	0	4	1.33910018423228	1	6	1	0	6	2
spinalcord_4221	5023.14871794872	7336.52307692308	23.3897435897436	STARmap_plus	spinalcord	7	6	0	4	1.2475491601766	1	6	2	0	6	2
spinalcord_4222	4588.7037037037	7632.915343915341	22.89947089947089	STARmap_plus	spinalcord	7	6	0	4	1.44518587894808	1	2	2	0	6	2
spinalcord_4223	4164.235042735039	7200.79487179487	19.5811965811966	STARmap_plus	spinalcord	7	6	0	4	1.44518587894808	1	2	2	0	6	2
spinalcord_4224	4724.92561983471	7104.19008264463	15.5454545454545	STARmap_plus	spinalcord	7	6	0	4	1.33910018423228	1	6	1	0	6	2
spinalcord_4225	5032.34848484848	7190.75757575758	17.719696969697	STARmap_plus	spinalcord	7	6	0	4	1.33910018423228	1	6	1	0	6	2
spinalcord_4226	4141.875	8042.775	21.1	STARmap_plus	spinalcord	7	6	0	4	1.50766756168351	1	2	2	3	6	2
spinalcord_4227	4406.39898989899	6994.2171717171705	15.5606060606061	STARmap_plus	spinalcord	7	6	0	4	1.2475491601766	1	6	2	0	6	2
spinalcord_4228	4845.511363636359	7666.67045454545	23.1818181818182	STARmap_plus	spinalcord	7	6	0	4	1.44518587894808	1	2	2	0	6	2
spinalcord_4229	4376.0	7176.6605504587205	21.2844036697248	STARmap_plus	spinalcord	7	6	0	4	1.2475491601766	1	6	2	0	6	2
spinalcord_4230	5444.68965517241	7234.3908045977	20.6781609195402	STARmap_plus	spinalcord	7	6	0	4	1.33910018423228	1	6	1	0	6	2
spinalcord_4231	4823.5304347826095	7600.80869565217	18.5304347826087	STARmap_plus	spinalcord	7	6	0	4	1.44518587894808	1	2	2	0	6	2
spinalcord_4232	5382.4907063197	7054.40148698885	19.9033457249071	STARmap_plus	spinalcord	7	6	0	4	1.39214303159018	1	2	1	0	6	2
spinalcord_4233	5144.71978021978	7033.63186813187	19.0549450549451	STARmap_plus	spinalcord	7	6	0	4	1.33910018423228	1	6	1	0	6	2
spinalcord_4234	4696.32994923858	7858.61421319797	19.360406091370603	STARmap_plus	spinalcord	7	6	0	4	1.44518587894808	1	2	2	0	6	2
spinalcord_4235	4815.15436241611	6903.812080536911	24.1812080536913	STARmap_plus	spinalcord	7	6	0	4	1.33910018423228	1	6	1	0	6	2
spinalcord_4236	4985.7160493827205	7153.5987654321	20.0740740740741	STARmap_plus	spinalcord	7	6	0	4	1.33910018423228	1	6	1	0	6	2
spinalcord_4237	4469.934065934071	7201.3021978022	19.2967032967033	STARmap_plus	spinalcord	7	6	0	4	1.2475491601766	1	6	2	0	6	2
spinalcord_4238	4432.58041958042	7221.97902097902	20.111888111888103	STARmap_plus	spinalcord	7	6	0	4	1.2475491601766	1	6	2	0	6	2
spinalcord_4239	4580.79761904762	7128.738095238101	18.3503401360544	STARmap_plus	spinalcord	7	6	0	4	1.2475491601766	1	6	2	0	6	2
spinalcord_4240	5088.02739726027	7955.60273972603	17.7671232876712	STARmap_plus	spinalcord	7	6	0	4	1.22357565413896	1	2	2	0	7	2
spinalcord_4241	4730.52040816327	7604.806122448979	17.551020408163303	STARmap_plus	spinalcord	7	6	0	4	1.44518587894808	1	2	2	0	6	2
spinalcord_4242	4428.51515151515	7179.878787878791	21.0	STARmap_plus	spinalcord	7	6	0	4	1.2475491601766	1	6	2	0	6	2
spinalcord_4243	6596.99390243902	7259.518292682929	15.140243902439	STARmap_plus	spinalcord	7	1	3	1	1.2004413785531	3	3	1	0	4	0
spinalcord_4244	6389.34230769231	7107.94423076923	12.3826923076923	STARmap_plus	spinalcord	7	1	3	1	1.26975609660909	3	6	1	3	4	0
spinalcord_4245	5585.18079096045	7835.10734463277	13.5197740112994	STARmap_plus	spinalcord	7	6	0	4	1.33910018423228	1	6	1	0	6	2
spinalcord_4246	6574.767895878521	8108.0694143167	12.416485900216902	STARmap_plus	spinalcord	7	6	0	4	1.33910018423228	3	6	1	0	6	2
spinalcord_4247	5916.73861720067	7049.9173693086	16.239460370994898	STARmap_plus	spinalcord	7	6	0	4	1.46915938498573	1	3	1	0	6	2
spinalcord_4248	6091.29007633588	7633.633587786259	14.6870229007634	STARmap_plus	spinalcord	7	6	0	4	1.33910018423228	3	6	1	3	6	2
spinalcord_4249	5748.12797992472	7566.276035131741	14.6185696361355	STARmap_plus	spinalcord	7	6	0	4	1.33910018423228	1	6	1	0	6	2
spinalcord_4250	5548.66014669927	7524.334963325179	13.5916870415648	STARmap_plus	spinalcord	7	6	0	4	1.33910018423228	1	6	1	0	6	2
spinalcord_4251	5584.41952506596	7470.8654353562	10.7493403693931	STARmap_plus	spinalcord	7	6	0	4	1.33910018423228	1	6	1	0	6	2
spinalcord_4252	6029.4618181818205	7931.01818181818	13.4290909090909	STARmap_plus	spinalcord	7	6	0	4	1.33910018423228	1	6	1	0	6	2
spinalcord_4253	5662.72878787879	6966.83636363636	17.3530303030303	STARmap_plus	spinalcord	7	6	0	4	1.33910018423228	1	6	1	0	6	2
spinalcord_4254	5883.4459459459495	7848.360360360359	13.5675675675676	STARmap_plus	spinalcord	7	6	0	4	1.33910018423228	1	6	1	0	6	2
spinalcord_4255	6616.3560209424095	7774.722513089009	16.7801047120419	STARmap_plus	spinalcord	7	6	0	1	1.2475491601766	3	2	1	0	7	2
spinalcord_4256	6144.12676056338	7836.78873239437	14.623239436619698	STARmap_plus	spinalcord	7	6	0	4	1.26208383083673	1	6	1	4	6	2
spinalcord_4257	6039.594017094019	7999.132478632479	13.7863247863248	STARmap_plus	spinalcord	7	6	0	4	1.33910018423228	1	6	1	0	6	2
spinalcord_4258	6245.65405405405	7682.38198198198	18.1927927927928	STARmap_plus	spinalcord	7	6	0	4	1.33910018423228	3	6	1	0	6	2
spinalcord_4259	6791.972105997211	7366.846582984659	16.7126917712692	STARmap_plus	spinalcord	7	1	3	1	1.2004413785531	3	3	1	0	4	0
spinalcord_4260	5882.5982532751095	7460.393013100441	15.882096069869	STARmap_plus	spinalcord	7	6	0	4	1.33910018423228	1	6	1	0	6	2
spinalcord_4261	6260.74590163934	6921.41803278689	16.551912568306	STARmap_plus	spinalcord	7	1	3	1	1.20217857859106	3	3	1	3	4	0
spinalcord_4262	6335.58152173913	7225.407608695649	14.304347826087	STARmap_plus	spinalcord	7	1	0	1	1.48369405564586	3	6	1	0	6	0
spinalcord_4263	6423.856707317071	7716.731707317071	16.6189024390244	STARmap_plus	spinalcord	7	1	3	1	1.4546247143256	3	2	1	2	6	0
spinalcord_4264	6573.49382716049	6928.419753086421	16.6049382716049	STARmap_plus	spinalcord	7	1	0	1	1.43065120828796	3	2	1	0	6	0
spinalcord_4265	6622.74509803922	7534.33333333333	19.774509803921603	STARmap_plus	spinalcord	7	6	0	1	1.2475491601766	3	2	1	0	7	2
spinalcord_4266	6158.04608294931	7184.004608294929	15.4930875576037	STARmap_plus	spinalcord	7	6	0	4	1.33910018423228	3	6	1	0	6	2
spinalcord_4267	6597.91150442478	7826.389380530971	15.3185840707965	STARmap_plus	spinalcord	7	6	0	1	1.2475491601766	3	2	1	0	7	2
spinalcord_4268	5637.447761194029	8003.0	16.8208955223881	STARmap_plus	spinalcord	7	6	0	4	1.33910018423228	1	6	1	0	6	2
spinalcord_4269	6495.834834834829	7681.834834834829	17.6516516516517	STARmap_plus	spinalcord	7	6	0	1	1.2475491601766	3	2	1	0	7	2
spinalcord_4270	6683.782608695649	7315.80193236715	19.6473429951691	STARmap_plus	spinalcord	7	1	3	1	1.19927164445904	3	3	1	0	4	2
spinalcord_4271	5950.34351145038	7881.748091603051	11.9465648854962	STARmap_plus	spinalcord	7	6	0	4	1.33910018423228	1	6	1	0	6	2
spinalcord_4272	6429.56231884058	6806.27536231884	17.6	STARmap_plus	spinalcord	7	1	3	1	1.20217857859106	3	3	1	3	4	0
spinalcord_4273	6125.551724137929	7440.67586206897	19.0206896551724	STARmap_plus	spinalcord	7	1	3	1	1.39214303159018	3	3	1	0	6	0
spinalcord_4274	5547.51056338028	7214.07218309859	14.0299295774648	STARmap_plus	spinalcord	7	6	0	4	1.2475491601766	1	6	2	0	6	2
spinalcord_4275	6526.17948717949	7539.905982905981	16.5128205128205	STARmap_plus	spinalcord	7	6	0	1	1.2475491601766	3	2	1	0	7	2
spinalcord_4276	6254.116618075799	7016.33236151604	12.921282798833802	STARmap_plus	spinalcord	7	1	3	1	1.26292306128852	3	6	1	0	4	0
spinalcord_4277	5834.43074003795	7467.90891840607	17.339658444022803	STARmap_plus	spinalcord	7	6	0	4	1.33910018423228	1	6	1	0	6	2
spinalcord_4278	6695.340611353709	7445.41484716157	19.401746724890803	STARmap_plus	spinalcord	7	1	0	1	1.11455365572393	3	2	1	0	4	2
spinalcord_4279	5607.97535211268	7676.253521126759	16.889084507042302	STARmap_plus	spinalcord	7	6	0	4	1.39214303159018	1	2	1	0	6	2
spinalcord_4280	5565.650840751729	7294.426310583579	13.436201780415402	STARmap_plus	spinalcord	7	6	0	4	1.33910018423228	1	6	1	0	6	2
spinalcord_4281	6727.744000000001	7255.16	15.388	STARmap_plus	spinalcord	7	1	3	1	1.2004413785531	3	3	1	0	4	0
spinalcord_4282	5740.63368983957	6950.60427807487	17.465240641711198	STARmap_plus	spinalcord	7	6	0	4	1.33910018423228	1	6	1	0	6	2
spinalcord_4283	6641.48196248196	7181.630591630591	14.5743145743146	STARmap_plus	spinalcord	7	1	3	1	1.26292306128852	3	6	1	0	4	0
spinalcord_4284	6589.29714285714	7471.485714285709	18.7371428571429	STARmap_plus	spinalcord	7	6	0	1	1.2475491601766	3	2	1	0	7	2
spinalcord_4285	6670.85106382979	6815.6765957446805	15.7914893617021	STARmap_plus	spinalcord	7	1	3	1	1.2475491601766	6	3	1	0	6	0
spinalcord_4286	5750.19155844156	7985.8961038961	15.3344155844156	STARmap_plus	spinalcord	7	6	0	4	1.33910018423228	1	6	1	0	6	2
spinalcord_4287	5861.15422885572	7994.33582089552	15.955223880597	STARmap_plus	spinalcord	7	6	0	4	1.33910018423228	1	6	1	0	6	2
spinalcord_4288	6636.6050955414	7404.64968152866	18.2420382165605	STARmap_plus	spinalcord	7	1	0	1	1.11455365572393	3	2	1	0	4	2
spinalcord_4289	6725.62903225806	7105.483870967741	12.4032258064516	STARmap_plus	spinalcord	7	1	3	1	1.2004413785531	3	3	1	0	4	0
spinalcord_4290	6609.12195121951	7642.073170731709	19.609756097561	STARmap_plus	spinalcord	7	6	0	1	1.2475491601766	3	2	1	0	7	2
spinalcord_4291	6111.66315789474	7113.88631578947	15.2252631578947	STARmap_plus	spinalcord	7	6	0	4	1.39214303159018	1	2	1	0	6	2
spinalcord_4292	6301.346749226011	7109.6656346749205	12.969040247678	STARmap_plus	spinalcord	7	6	0	4	1.33910018423228	3	6	1	0	6	2
spinalcord_4293	5754.95112781955	6871.76691729323	18.5112781954887	STARmap_plus	spinalcord	7	6	0	4	1.33910018423228	1	6	1	0	6	2
spinalcord_4294	6257.03917910448	7373.61380597015	15.6511194029851	STARmap_plus	spinalcord	7	1	3	1	1.2004413785531	3	3	1	0	4	0
spinalcord_4295	5790.071428571429	7080.357142857141	18.530612244898	STARmap_plus	spinalcord	7	6	0	4	1.33910018423228	1	6	1	0	6	2
spinalcord_4296	5896.0875	6873.3625	15.09375	STARmap_plus	spinalcord	7	6	0	4	1.33910018423228	1	6	1	0	6	2
spinalcord_4297	5471.36678200692	7963.1384083044995	14.076124567474	STARmap_plus	spinalcord	7	6	0	4	1.33910018423228	1	6	1	0	6	2
spinalcord_4298	6701.807692307691	7666.14102564103	17.7948717948718	STARmap_plus	spinalcord	7	6	0	1	1.2475491601766	3	2	1	0	7	2
spinalcord_4299	5648.286184210529	7205.993421052629	15.6315789473684	STARmap_plus	spinalcord	7	6	0	4	1.39214303159018	1	2	1	0	6	2
spinalcord_4300	6279.82269503546	7447.7446808510595	15.3191489361702	STARmap_plus	spinalcord	7	1	0	1	1.4015818669677	3	3	1	0	6	2
spinalcord_4301	6262.685430463579	7294.66225165563	17.4867549668874	STARmap_plus	spinalcord	7	1	3	1	1.43065120828796	3	3	1	3	6	0
spinalcord_4302	5725.19106317411	7056.580893682591	17.5053929121726	STARmap_plus	spinalcord	7	6	0	4	1.33910018423228	1	6	1	0	6	2
spinalcord_4303	6513.55779816514	7142.187155963299	18.6036697247706	STARmap_plus	spinalcord	7	1	3	1	1.2004413785531	3	3	1	0	4	0
spinalcord_4304	6337.471830985921	7591.65023474178	17.0985915492958	STARmap_plus	spinalcord	7	6	0	4	1.32456551357215	3	2	1	0	6	2
spinalcord_4305	5551.21621621622	7118.52027027027	13.7837837837838	STARmap_plus	spinalcord	7	6	0	4	1.44518587894808	1	2	2	0	6	2
spinalcord_4306	6125.90804597701	6940.919540229879	16.8275862068966	STARmap_plus	spinalcord	7	6	0	4	1.39214303159018	1	2	1	0	6	2
spinalcord_4307	6190.407272727271	8090.69818181818	17.021818181818198	STARmap_plus	spinalcord	7	6	0	4	1.33910018423228	1	6	1	0	6	2
spinalcord_4308	6064.73913043478	6916.54347826087	14.8405797101449	STARmap_plus	spinalcord	7	6	0	4	1.39214303159018	1	2	1	0	6	2
spinalcord_4309	6466.19587628866	7273.19587628866	16.2087628865979	STARmap_plus	spinalcord	7	1	0	1	1.43065120828796	3	2	1	0	6	0
spinalcord_4310	5987.10416666667	6833.034722222221	16.0	STARmap_plus	spinalcord	7	6	0	4	1.33910018423228	1	6	1	0	6	2
spinalcord_4311	6050.24783861671	7325.52449567723	18.417867435158502	STARmap_plus	spinalcord	7	6	0	4	1.39214303159018	1	2	1	0	6	2
spinalcord_4312	5628.55205811138	7089.46489104116	17.675544794188898	STARmap_plus	spinalcord	7	6	0	4	1.39214303159018	1	2	1	0	6	2
spinalcord_4313	6187.61333333333	7961.404444444441	14.3866666666667	STARmap_plus	spinalcord	7	6	0	4	1.23811032479908	1	6	1	1	6	2
spinalcord_4314	5833.82653061224	7276.275510204079	13.3469387755102	STARmap_plus	spinalcord	7	6	0	1	1.17820507255341	1	2	1	0	4	2
spinalcord_4315	5475.00869565217	6826.0	12.5478260869565	STARmap_plus	spinalcord	7	6	0	4	1.2475491601766	1	6	2	0	6	2
spinalcord_4316	5738.852173913039	7399.782608695649	14.3565217391304	STARmap_plus	spinalcord	7	6	0	4	1.39214303159018	1	2	1	0	6	2
spinalcord_4317	6793.57210401891	7846.13475177305	14.1347517730496	STARmap_plus	spinalcord	7	1	3	1	1.35363485489241	3	3	1	0	7	0
spinalcord_4318	6687.78771929825	7987.5350877193	13.4859649122807	STARmap_plus	spinalcord	7	1	3	1	1.2004413785531	3	3	1	0	4	0
spinalcord_4319	6363.547169811321	7862.78113207547	15.279245283018902	STARmap_plus	spinalcord	7	1	0	1	1.4015818669677	3	3	1	0	6	2
spinalcord_4320	6382.6	6930.72463768116	17.2173913043478	STARmap_plus	spinalcord	7	1	3	1	1.04697613770591	3	3	1	2	4	0
spinalcord_4321	6055.38709677419	7034.15322580645	14.7016129032258	STARmap_plus	spinalcord	7	6	0	4	1.32966134885476	1	2	1	1	6	2
spinalcord_4322	5634.01239669421	8133.103305785121	10.739669421487598	STARmap_plus	spinalcord	7	6	0	4	1.33910018423228	1	6	1	0	6	2
spinalcord_4323	6451.13023255814	8046.165116279069	13.3581395348837	STARmap_plus	spinalcord	7	6	0	4	1.33910018423228	3	6	1	0	6	2
spinalcord_4324	6444.53975903614	7440.26265060241	16.9012048192771	STARmap_plus	spinalcord	7	1	0	1	1.11455365572393	3	2	1	0	4	2
spinalcord_4325	5999.412987012989	7428.58441558442	18.1038961038961	STARmap_plus	spinalcord	7	6	0	4	1.33910018423228	1	6	1	0	6	2
spinalcord_4326	5480.83763837638	7436.54612546125	10.7527675276753	STARmap_plus	spinalcord	7	6	0	4	1.33910018423228	1	6	1	0	6	2
spinalcord_4327	5853.417061611371	7682.990521327009	17.113744075829402	STARmap_plus	spinalcord	7	6	0	4	1.33910018423228	1	6	1	0	6	2
spinalcord_4328	5918.9717514124295	8138.04519774011	16.8813559322034	STARmap_plus	spinalcord	7	6	0	4	1.39214303159018	1	2	1	0	6	2
spinalcord_4329	5812.78461538462	7787.724358974359	14.9538461538462	STARmap_plus	spinalcord	7	6	0	4	1.33910018423228	1	6	1	0	6	2
spinalcord_4330	6338.4086956521705	7498.660869565219	16.4130434782609	STARmap_plus	spinalcord	7	1	0	1	1.37760836093005	3	3	1	3	6	2
spinalcord_4331	5533.5041322314	6861.735537190079	15.6528925619835	STARmap_plus	spinalcord	7	6	0	4	1.44518587894808	1	2	2	0	6	2
spinalcord_4332	5967.56164383562	7150.97945205479	17.3253424657534	STARmap_plus	spinalcord	7	6	0	4	1.43065120828796	1	2	1	4	6	2
spinalcord_4333	5731.924302788841	7173.13147410359	18.8764940239044	STARmap_plus	spinalcord	7	1	3	1	1.31596590864642	1	2	1	2	4	2
spinalcord_4334	6490.747899159661	6959.39495798319	15.638655462184902	STARmap_plus	spinalcord	7	1	3	1	1.23894955525087	3	2	1	0	4	0
spinalcord_4335	5893.71319796954	7176.279187817259	17.7309644670051	STARmap_plus	spinalcord	7	1	0	1	1.26292306128852	1	3	1	0	4	2
spinalcord_4336	6526.491379310351	7893.7844827586205	16.5862068965517	STARmap_plus	spinalcord	7	6	0	1	1.2475491601766	3	2	1	0	7	2
spinalcord_4337	6219.488636363641	7827.92045454545	14.022727272727302	STARmap_plus	spinalcord	7	6	0	4	1.33910018423228	1	6	1	0	6	2
spinalcord_4338	5731.57932692308	8058.742788461541	12.0961538461538	STARmap_plus	spinalcord	7	6	0	4	1.33910018423228	1	6	1	0	6	2
spinalcord_4339	5806.585561497329	7137.842245989301	15.3877005347594	STARmap_plus	spinalcord	7	1	3	1	1.19957277853411	1	3	1	2	4	2
spinalcord_4340	6225.54166666667	7502.52083333333	17.234375	STARmap_plus	spinalcord	7	1	0	1	1.37760836093005	3	3	1	3	6	2
spinalcord_4341	6500.57407407407	7842.672839506171	15.6234567901235	STARmap_plus	spinalcord	7	1	3	1	1.36307369026993	3	3	1	0	7	2
spinalcord_4342	6673.208053691279	7881.55704697987	12.2930648769575	STARmap_plus	spinalcord	7	1	3	1	1.19927164445904	3	3	1	0	4	2
spinalcord_4343	5532.5784753363205	7995.757847533629	12.8834080717489	STARmap_plus	spinalcord	7	6	0	4	1.33910018423228	1	6	1	0	6	2
spinalcord_4344	6147.01734104046	7533.341040462429	19.5809248554913	STARmap_plus	spinalcord	7	1	0	1	1.4015818669677	3	3	1	0	6	2
spinalcord_4345	5979.12886597938	6906.546391752579	15.7113402061856	STARmap_plus	spinalcord	7	6	0	4	1.39214303159018	1	2	1	0	6	2
spinalcord_4346	5573.58285714286	7893.485714285709	12.3542857142857	STARmap_plus	spinalcord	7	6	0	4	1.33910018423228	1	6	1	0	6	2
spinalcord_4347	6747.75	8066.680693069309	12.9975247524752	STARmap_plus	spinalcord	7	1	3	1	1.2004413785531	3	3	1	0	4	0
spinalcord_4348	5471.5	6872.115384615379	14.3717948717949	STARmap_plus	spinalcord	7	6	0	4	1.33910018423228	1	6	1	0	6	2
spinalcord_4349	6335.9966442953	7402.050335570469	18.0	STARmap_plus	spinalcord	7	1	3	1	1.2004413785531	3	3	1	0	4	0
spinalcord_4350	5697.0	7230.247524752479	16.316831683168303	STARmap_plus	spinalcord	7	6	0	4	1.17820507255341	1	2	1	0	4	2
spinalcord_4351	5569.91071428571	7050.178571428571	12.6785714285714	STARmap_plus	spinalcord	7	6	0	4	1.44518587894808	1	2	2	0	6	2
spinalcord_4352	6252.836879432621	8061.43262411347	11.6382978723404	STARmap_plus	spinalcord	7	6	0	4	1.39214303159018	1	2	1	0	6	2
spinalcord_4353	6336.4354838709705	7156.66129032258	16.5483870967742	STARmap_plus	spinalcord	7	1	0	1	1.48369405564586	3	6	1	0	6	0
spinalcord_4354	5806.16	7230.1	18.913333333333306	STARmap_plus	spinalcord	7	6	0	4	1.17820507255341	1	2	1	0	4	2
spinalcord_4355	6749.9	7158.7535714285705	18.36071428571429	STARmap_plus	spinalcord	7	1	3	1	1.2004413785531	3	3	1	0	4	0
spinalcord_4356	5493.46123260437	6993.54671968191	15.2087475149105	STARmap_plus	spinalcord	7	6	0	4	1.39214303159018	1	2	1	0	6	2
spinalcord_4357	5932.68125	7972.8125	15.8875	STARmap_plus	spinalcord	7	6	0	4	1.33910018423228	1	6	1	0	6	2
spinalcord_4358	5616.42567567568	7534.1351351351295	14.8783783783784	STARmap_plus	spinalcord	7	6	0	4	1.33910018423228	1	6	1	0	6	2
spinalcord_4359	6516.1142857142895	7778.325714285709	16.6571428571429	STARmap_plus	spinalcord	7	6	0	1	1.2475491601766	3	2	1	0	7	2
spinalcord_4360	5523.3243243243205	7907.62162162162	13.4234234234234	STARmap_plus	spinalcord	7	6	0	4	1.33910018423228	1	6	1	0	6	2
spinalcord_4361	5683.67727272727	7599.840909090909	17.5590909090909	STARmap_plus	spinalcord	7	6	0	4	1.33910018423228	1	6	1	0	6	2
spinalcord_4362	5821.5801526717605	6879.85496183206	18.8625954198473	STARmap_plus	spinalcord	7	6	0	4	1.33910018423228	1	6	1	0	6	2
spinalcord_4363	5479.41949152542	7509.72881355932	17.1483050847458	STARmap_plus	spinalcord	7	6	0	4	1.33910018423228	1	6	1	0	6	2
spinalcord_4364	6387.187022900761	7674.5572519084	17.1335877862595	STARmap_plus	spinalcord	7	6	0	4	1.33910018423228	3	6	1	0	6	2
spinalcord_4365	6399.83333333333	6996.48333333333	12.6166666666667	STARmap_plus	spinalcord	7	1	3	1	1.26292306128852	3	6	1	0	4	0
spinalcord_4366	6597.58695652174	7894.6902173913	13.5923913043478	STARmap_plus	spinalcord	7	1	3	1	1.36307369026993	3	3	1	0	7	2
spinalcord_4367	5467.85135135135	7171.49806949807	16.2065637065637	STARmap_plus	spinalcord	7	6	0	4	1.2475491601766	1	6	2	0	6	2
spinalcord_4368	6782.86492890995	7242.6943127962095	15.7298578199052	STARmap_plus	spinalcord	7	1	3	1	1.2004413785531	3	3	1	0	4	0
spinalcord_4369	6536.91366906475	8064.985611510791	17.2086330935252	STARmap_plus	spinalcord	7	6	0	4	1.33910018423228	3	6	1	0	6	2
spinalcord_4370	5981.85978835979	7833.055555555559	12.7301587301587	STARmap_plus	spinalcord	7	6	0	4	1.33910018423228	1	6	1	0	6	2
spinalcord_4371	5903.7306501548	7524.69040247678	16.1145510835913	STARmap_plus	spinalcord	7	6	0	4	1.33910018423228	1	6	1	0	6	2
spinalcord_4372	6660.3347639485	8104.75536480687	12.502145922746802	STARmap_plus	spinalcord	7	1	3	1	1.39214303159018	3	3	1	0	6	0
spinalcord_4373	5794.88786764706	7923.847426470591	16.3676470588235	STARmap_plus	spinalcord	7	6	0	4	1.33910018423228	1	6	1	0	6	2
spinalcord_4374	6167.77155172414	7317.7025862068995	18.5387931034483	STARmap_plus	spinalcord	7	1	0	1	1.4015818669677	3	3	1	0	6	2
spinalcord_4375	6279.65841584158	7733.37623762376	18.6782178217822	STARmap_plus	spinalcord	7	6	0	4	1.33910018423228	3	6	1	0	6	2
spinalcord_4376	5563.558823529411	6982.470588235289	13.3823529411765	STARmap_plus	spinalcord	7	6	0	4	1.44518587894808	1	2	2	0	6	2
spinalcord_4377	6230.26953125	7099.4609375	14.35546875	STARmap_plus	spinalcord	7	6	0	4	1.33910018423228	3	6	1	0	6	2
spinalcord_4378	6349.721739130429	7285.00869565217	16.9869565217391	STARmap_plus	spinalcord	7	1	0	1	1.4015818669677	3	3	1	0	6	2
spinalcord_4379	5666.5	7484.4375	18.9444444444444	STARmap_plus	spinalcord	7	6	0	4	1.33910018423228	1	6	1	0	6	2
spinalcord_4380	6565.131221719461	7681.212669683259	19.5656108597285	STARmap_plus	spinalcord	7	6	0	1	1.2475491601766	3	2	1	0	7	2
spinalcord_4381	5901.815412186379	6947.01612903226	15.994623655914	STARmap_plus	spinalcord	7	6	0	4	1.33910018423228	1	6	1	0	6	2
spinalcord_4382	6070.630057803471	6861.39884393064	19.5491329479769	STARmap_plus	spinalcord	7	6	0	1	1.52220223234363	1	2	1	0	6	0
spinalcord_4383	6600.969230769229	7143.2	14.1435897435897	STARmap_plus	spinalcord	7	1	3	1	1.26292306128852	3	6	1	0	4	0
spinalcord_4384	6648.060606060611	7356.636363636359	13.5454545454545	STARmap_plus	spinalcord	7	1	3	1	1.2004413785531	3	3	1	0	4	0
spinalcord_4385	6213.39160839161	7273.951048951049	16.629370629370598	STARmap_plus	spinalcord	7	1	3	1	1.39214303159018	3	3	1	0	6	0
spinalcord_4386	5549.21130952381	7417.672619047621	10.7291666666667	STARmap_plus	spinalcord	7	6	0	4	1.33910018423228	1	6	1	0	6	2
spinalcord_4387	5805.14450867052	8046.28901734104	10.843930635838198	STARmap_plus	spinalcord	7	6	0	4	1.33910018423228	1	6	1	0	6	2
spinalcord_4388	6117.82258064516	7291.46370967742	14.1532258064516	STARmap_plus	spinalcord	7	1	0	1	1.4015818669677	3	3	1	0	6	2
spinalcord_4389	5798.806451612901	6985.967741935479	20.6532258064516	STARmap_plus	spinalcord	7	6	0	4	1.33910018423228	1	6	1	0	6	2
spinalcord_4390	6614.15189873418	8150.64556962025	14.9493670886076	STARmap_plus	spinalcord	7	1	0	1	1.44518587894808	3	6	1	1	6	0
spinalcord_4391	6507.353658536589	7452.402439024391	19.9634146341463	STARmap_plus	spinalcord	7	6	0	1	1.2475491601766	3	2	1	0	7	2
spinalcord_4392	6709.32558139535	7485.348837209301	15.687338501292	STARmap_plus	spinalcord	7	1	0	1	1.11455365572393	3	2	1	0	4	2
spinalcord_4393	6662.578125	7639.734375	16.4609375	STARmap_plus	spinalcord	7	6	0	1	1.2475491601766	3	2	1	0	7	2
spinalcord_4394	5694.93989071038	7701.06010928962	15.8524590163934	STARmap_plus	spinalcord	7	6	0	4	1.33910018423228	1	6	1	0	6	2
spinalcord_4395	5641.35584415584	7891.31948051948	12.176623376623398	STARmap_plus	spinalcord	7	6	0	4	1.33910018423228	1	6	1	0	6	2
spinalcord_4396	5998.248226950351	7055.092198581559	14.4113475177305	STARmap_plus	spinalcord	7	6	0	4	1.33910018423228	1	6	1	0	6	2
spinalcord_4397	6591.515625	7600.703125	19.484375	STARmap_plus	spinalcord	7	6	0	1	1.2475491601766	3	2	1	0	7	2
spinalcord_4398	5975.61403508772	7915.171052631579	13.7894736842105	STARmap_plus	spinalcord	7	6	0	4	1.33910018423228	1	6	1	0	6	2
spinalcord_4399	5826.045064377679	7542.73605150215	12.68669527897	STARmap_plus	spinalcord	7	6	0	4	1.33910018423228	1	6	1	0	6	2
spinalcord_4400	6184.37007874016	6930.73228346457	18.2362204724409	STARmap_plus	spinalcord	7	1	0	1	1.32366754398597	1	2	1	0	4	0
spinalcord_4401	5801.03703703704	6949.728395061729	18.6913580246914	STARmap_plus	spinalcord	7	6	0	4	1.33910018423228	1	6	1	0	6	2
spinalcord_4402	6573.65714285714	7564.314285714291	21.5142857142857	STARmap_plus	spinalcord	7	6	0	1	1.2475491601766	3	2	1	0	7	2
spinalcord_4403	6229.0	8113.72413793103	12.4137931034483	STARmap_plus	spinalcord	7	6	0	4	1.32456551357215	3	2	1	0	6	2
spinalcord_4404	6287.590759075911	7070.02310231023	15.046204620462	STARmap_plus	spinalcord	7	6	0	4	1.33910018423228	3	6	1	0	6	2
spinalcord_4405	6231.79457364341	7216.48062015504	17.3294573643411	STARmap_plus	spinalcord	7	6	0	4	1.33910018423228	3	6	1	0	6	2
spinalcord_4406	5632.31313131313	7563.550505050509	18.479797979798	STARmap_plus	spinalcord	7	6	0	4	1.33910018423228	1	6	1	0	6	2
spinalcord_4407	6687.48837209302	7408.27906976744	18.906976744186	STARmap_plus	spinalcord	7	1	0	1	1.11455365572393	3	2	1	0	4	2
spinalcord_4408	6472.28125	7525.28125	17.29375	STARmap_plus	spinalcord	7	6	0	1	1.2475491601766	3	2	1	0	7	2
spinalcord_4409	6488.74074074074	7024.30864197531	13.320987654321	STARmap_plus	spinalcord	7	1	3	1	1.26292306128852	3	6	1	0	4	0
spinalcord_4410	5762.643617021279	7494.053191489359	10.718085106383	STARmap_plus	spinalcord	7	6	0	4	1.33910018423228	1	6	1	0	6	2
spinalcord_4411	5832.66666666667	7035.15384615385	13.7435897435897	STARmap_plus	spinalcord	7	6	0	4	1.23811032479908	1	6	1	1	6	2
spinalcord_4412	5691.882352941179	7663.264705882349	16.3235294117647	STARmap_plus	spinalcord	7	6	0	4	1.33910018423228	1	6	1	0	6	2
spinalcord_4413	6569.163522012579	7086.40880503145	16.5786163522013	STARmap_plus	spinalcord	7	1	3	1	1.23894955525087	3	2	1	0	4	0
spinalcord_4414	6633.02857142857	7289.428571428571	16.731428571428598	STARmap_plus	spinalcord	7	1	3	1	1.23894955525087	3	2	1	0	4	0
spinalcord_4415	6673.121212121209	7356.606060606059	21.7272727272727	STARmap_plus	spinalcord	7	1	3	1	1.19927164445904	3	3	1	0	4	2
spinalcord_4416	6708.1847826087	6855.07065217391	18.8532608695652	STARmap_plus	spinalcord	7	1	0	1	1.48369405564586	3	6	1	0	6	0
spinalcord_4417	6631.447619047621	7607.17142857143	17.1047619047619	STARmap_plus	spinalcord	7	6	0	1	1.2475491601766	3	2	1	0	7	2
spinalcord_4418	6412.56542056075	7261.93457943925	18.4205607476636	STARmap_plus	spinalcord	7	1	0	1	1.43065120828796	3	2	1	0	6	0
spinalcord_4419	6542.30188679245	7470.90566037736	16.9905660377358	STARmap_plus	spinalcord	7	6	0	1	1.2475491601766	3	2	1	0	7	2
spinalcord_4420	6623.969230769229	7482.44615384615	18.4769230769231	STARmap_plus	spinalcord	7	6	0	1	1.2475491601766	3	2	1	0	7	2
spinalcord_4421	6137.8347107438	7984.19834710744	16.8429752066116	STARmap_plus	spinalcord	7	6	0	4	1.23811032479908	1	6	1	1	6	2
spinalcord_4422	6466.42391304348	7068.4347826087	18.4673913043478	STARmap_plus	spinalcord	7	1	3	1	1.33050057930655	3	2	1	3	4	0
spinalcord_4423	5925.46483180428	7451.633027522941	17.9510703363914	STARmap_plus	spinalcord	7	6	0	4	1.33910018423228	1	6	1	0	6	2
spinalcord_4424	6648.83636363636	7515.47272727273	17.709090909090897	STARmap_plus	spinalcord	7	6	0	1	1.2475491601766	3	2	1	0	7	2
spinalcord_4425	6702.07407407407	7531.40740740741	20.5	STARmap_plus	spinalcord	7	1	3	1	1.23894955525087	3	2	1	2	4	0
spinalcord_4426	6439.119402985071	7131.955223880601	22.358208955223898	STARmap_plus	spinalcord	7	1	3	1	1.26292306128852	3	6	1	0	4	0
spinalcord_4427	6404.4606741573	7284.85393258427	12.6741573033708	STARmap_plus	spinalcord	7	1	0	1	1.43065120828796	3	2	1	0	6	0
spinalcord_4428	5577.0	7136.285714285709	21.619047619047603	STARmap_plus	spinalcord	7	6	0	4	1.44518587894808	1	2	2	0	6	2
spinalcord_4429	6643.64028776978	7730.201438848921	14.0503597122302	STARmap_plus	spinalcord	7	6	0	1	1.2475491601766	3	2	1	0	7	2
spinalcord_4430	6074.296551724139	7956.7137931034495	13.5724137931034	STARmap_plus	spinalcord	7	6	0	4	1.33910018423228	1	6	1	0	6	2
spinalcord_4431	7416.82505399568	7363.84665226782	12.1619870410367	STARmap_plus	spinalcord	7	1	3	1	1.2004413785531	3	3	1	0	4	0
spinalcord_4432	7223.16666666667	7423.97619047619	15.8730158730159	STARmap_plus	spinalcord	7	1	3	1	1.33050057930655	3	2	1	3	4	0
spinalcord_4433	7734.86219081272	7374.44169611307	20.2120141342756	STARmap_plus	spinalcord	7	3	2	2	1.23124791991132	3	5	3	2	4	5
spinalcord_4434	7686.35489833641	7059.51940850277	15.645101663586	STARmap_plus	spinalcord	7	3	2	2	1.23124791991132	3	5	3	2	4	5
spinalcord_4435	8184.366533864541	7282.30278884462	14.195219123506	STARmap_plus	spinalcord	7	3	6	5	1.26208383083673	4	1	5	1	1	5
spinalcord_4436	6807.214046822739	7729.22073578595	18.612040133779303	STARmap_plus	spinalcord	7	1	3	1	1.35363485489241	3	3	1	0	7	0
spinalcord_4437	6976.33251833741	6911.892420537901	15.40097799511	STARmap_plus	spinalcord	7	1	3	1	1.31305897451439	3	3	3	0	4	0
spinalcord_4438	7052.59384615385	7624.29230769231	16.3446153846154	STARmap_plus	spinalcord	7	1	3	1	1.2004413785531	3	3	1	0	4	0
spinalcord_4439	7600.238636363641	7171.94318181818	18.3484848484848	STARmap_plus	spinalcord	7	1	3	1	1.16759650308183	3	3	3	2	4	5
spinalcord_4440	7301.611842105259	7400.414473684209	13.634868421052598	STARmap_plus	spinalcord	7	1	3	1	1.2004413785531	3	3	1	0	4	0
spinalcord_4441	7467.03278688525	7164.20081967213	19.6065573770492	STARmap_plus	spinalcord	7	1	3	1	1.07125077781863	3	3	3	2	4	0
spinalcord_4442	6946.2893890675205	7085.4051446945305	16.871382636655902	STARmap_plus	spinalcord	7	1	3	1	1.2004413785531	3	3	1	0	4	0
spinalcord_4443	6990.583732057421	7821.71770334928	13.822966507177	STARmap_plus	spinalcord	7	1	3	1	1.35363485489241	3	3	1	0	7	0
spinalcord_4444	7942.88477366255	7191.70781893004	17.345679012345702	STARmap_plus	spinalcord	7	3	2	2	1.26208383083673	4	5	3	2	3	5
spinalcord_4445	7284.180392156859	8065.223529411759	15.607843137254902	STARmap_plus	spinalcord	7	1	3	1	1.2004413785531	3	3	1	0	4	0
spinalcord_4446	7298.5503875969	7272.82170542636	19.5833333333333	STARmap_plus	spinalcord	7	1	3	1	1.04697613770591	3	3	1	2	4	0
spinalcord_4447	7180.046242774571	7084.127167630059	18.1488439306358	STARmap_plus	spinalcord	7	1	3	1	1.07125077781863	3	3	3	2	4	0
spinalcord_4448	6915.76585365854	7193.99512195122	16.5731707317073	STARmap_plus	spinalcord	7	1	3	1	1.2004413785531	3	3	1	0	4	0
spinalcord_4449	8106.915322580641	6938.334677419361	15.1814516129032	STARmap_plus	spinalcord	7	3	6	2	1.20904098347883	4	1	5	3	1	5
spinalcord_4450	7580.73818181818	7382.49090909091	18.76	STARmap_plus	spinalcord	7	1	3	1	1.16759650308183	3	3	3	2	4	5
spinalcord_4451	6828.49481865285	7071.461139896371	16.8937823834197	STARmap_plus	spinalcord	7	1	3	1	1.2004413785531	3	3	1	0	4	0
spinalcord_4452	7178.461206896551	7928.9655172413795	17.2133620689655	STARmap_plus	spinalcord	7	1	3	1	1.2004413785531	3	3	1	0	4	0
spinalcord_4453	7770.692857142859	6866.13214285714	22.06964285714289	STARmap_plus	spinalcord	7	3	2	2	1.26208383083673	4	5	3	2	3	5
spinalcord_4454	7209.863523573199	7351.79900744417	15.3498759305211	STARmap_plus	spinalcord	7	1	3	1	1.2004413785531	3	3	1	0	4	0
spinalcord_4455	7920.40133779264	7137.74247491639	19.2608695652174	STARmap_plus	spinalcord	7	3	2	2	1.26208383083673	4	5	3	2	3	5
spinalcord_4456	7652.62089552239	7283.63880597015	17.8358208955224	STARmap_plus	spinalcord	7	3	2	2	1.23124791991132	3	5	3	2	4	5
spinalcord_4457	7468.65625	7045.740384615379	20.052884615384603	STARmap_plus	spinalcord	7	1	3	1	1.07125077781863	3	3	3	2	4	0
spinalcord_4458	8035.13995485327	7184.1060948081295	19.018058690744898	STARmap_plus	spinalcord	7	3	2	2	1.26208383083673	4	5	3	2	3	5
spinalcord_4459	7141.409610983979	7715.39588100687	13.1464530892449	STARmap_plus	spinalcord	7	1	3	1	1.2004413785531	3	3	1	0	4	0
spinalcord_4460	7212.56818181818	7197.761363636359	18.007102272727302	STARmap_plus	spinalcord	7	1	3	1	1.04697613770591	3	3	1	2	4	0
spinalcord_4461	8014.41176470588	7092.771626297579	16.1833910034602	STARmap_plus	spinalcord	7	3	2	2	1.48369405564586	4	5	3	0	3	5
spinalcord_4462	7552.9164882227005	6994.349036402571	19.4496788008565	STARmap_plus	spinalcord	7	1	3	1	1.32249780989192	3	3	3	3	4	0
spinalcord_4463	7190.93125	6905.54375	13.791666666666698	STARmap_plus	spinalcord	7	1	3	1	1.31305897451439	3	3	3	0	4	0
spinalcord_4464	7158.46511627907	8005.76109936575	16.5792811839323	STARmap_plus	spinalcord	7	1	3	1	1.20217857859106	3	3	1	3	4	0
spinalcord_4465	7356.71698113208	7035.56603773585	15.7264150943396	STARmap_plus	spinalcord	7	1	3	1	1.07125077781863	3	3	3	2	4	0
spinalcord_4466	8176.775943396229	6843.25471698113	16.8443396226415	STARmap_plus	spinalcord	7	2	1	5	1.06954294734786	4	1	0	1	1	5
spinalcord_4467	7563.724867724871	8083.052910052909	17.735449735449702	STARmap_plus	spinalcord	7	1	3	1	1.07125077781863	3	3	3	2	4	0
spinalcord_4468	7465.88352272727	7273.323863636359	20.8295454545455	STARmap_plus	spinalcord	7	1	3	1	1.07125077781863	3	3	3	2	4	0
spinalcord_4469	7877.04166666667	7168.40625	19.7552083333333	STARmap_plus	spinalcord	7	3	2	2	1.26208383083673	4	5	3	2	3	5
spinalcord_4470	6856.00221238938	8002.25221238938	14.4778761061947	STARmap_plus	spinalcord	7	1	3	1	1.2004413785531	3	3	1	0	4	0
spinalcord_4471	7878.285714285709	7092.53125	19.3973214285714	STARmap_plus	spinalcord	7	3	2	2	1.26208383083673	4	5	3	2	3	5
spinalcord_4472	7439.528767123291	7540.216438356159	18.2657534246575	STARmap_plus	spinalcord	7	1	3	1	1.07125077781863	3	3	3	2	4	0
spinalcord_4473	7381.5640394088705	8022.0640394088705	15.0665024630542	STARmap_plus	spinalcord	7	1	3	1	1.07125077781863	3	3	3	2	4	0
spinalcord_4474	7575.51369863014	7111.907534246579	17.4452054794521	STARmap_plus	spinalcord	7	1	3	1	1.07125077781863	3	3	3	2	4	0
spinalcord_4475	7529.217573221759	6892.836820083679	15.761506276150598	STARmap_plus	spinalcord	7	1	3	1	1.39298226204197	3	5	3	0	4	0
spinalcord_4476	7365.682080924859	7184.3063583815	18.5838150289017	STARmap_plus	spinalcord	7	1	3	1	1.31305897451439	3	3	3	0	4	0
spinalcord_4477	8048.440922190201	7012.0979827089295	13.7233429394813	STARmap_plus	spinalcord	7	3	2	2	1.32966134885476	4	1	5	2	3	5
spinalcord_4478	7892.87700534759	6876.4385026738	21.1631016042781	STARmap_plus	spinalcord	7	3	2	2	1.26208383083673	4	5	3	2	3	5
spinalcord_4479	7516.1370967741905	7502.558467741941	16.5866935483871	STARmap_plus	spinalcord	7	1	3	1	1.07125077781863	3	3	3	2	4	0
spinalcord_4480	7505.37542662116	8042.549488054609	17.143344709897598	STARmap_plus	spinalcord	7	1	3	1	1.07125077781863	3	3	3	2	4	0
spinalcord_4481	7094.22248803828	6941.37320574163	13.3875598086124	STARmap_plus	spinalcord	7	1	3	1	1.2004413785531	3	3	1	0	4	0
spinalcord_4482	8057.785932721709	6884.55657492355	16.186544342507602	STARmap_plus	spinalcord	7	3	6	5	1.26208383083673	4	1	5	1	1	5
spinalcord_4483	7052.007725321891	7494.0652360515005	14.6678111587983	STARmap_plus	spinalcord	7	1	3	1	1.04697613770591	3	3	1	2	4	0
spinalcord_4484	7877.55111111111	6807.5822222222205	19.5511111111111	STARmap_plus	spinalcord	7	3	2	2	1.26208383083673	4	5	3	2	3	5
spinalcord_4485	8127.92765957447	7050.2	17.906382978723396	STARmap_plus	spinalcord	7	3	2	2	1.32966134885476	4	1	5	2	3	5
spinalcord_4486	7034.88839285714	7370.856026785709	16.545758928571402	STARmap_plus	spinalcord	7	1	3	1	1.2004413785531	3	3	1	0	4	0
spinalcord_4487	7030.41744966443	7206.259060402679	16.6402684563758	STARmap_plus	spinalcord	7	1	3	1	1.04697613770591	3	3	1	2	4	0
spinalcord_4488	7175.976415094341	7570.3891509434	19.063679245283	STARmap_plus	spinalcord	7	1	3	1	1.2004413785531	3	3	1	0	4	0
spinalcord_4489	7581.937888198759	6927.04968944099	18.8074534161491	STARmap_plus	spinalcord	7	1	3	2	1.16759650308183	3	3	3	2	4	5
spinalcord_4490	7352.96543778802	7555.35483870968	20.9792626728111	STARmap_plus	spinalcord	7	1	3	1	1.07125077781863	3	3	3	2	4	0
spinalcord_4491	7772.92	6940.54285714286	20.4628571428571	STARmap_plus	spinalcord	7	3	2	2	1.26208383083673	4	5	3	2	3	5
spinalcord_4492	7977.17534246575	6876.78630136986	21.2986301369863	STARmap_plus	spinalcord	7	3	2	2	1.40667770225031	4	5	5	2	3	5
spinalcord_4493	7257.430851063829	7571.27659574468	16.4734042553191	STARmap_plus	spinalcord	7	1	3	1	1.07125077781863	3	3	3	2	4	0
spinalcord_4494	7154.25287356322	6810.50191570881	18.7624521072797	STARmap_plus	spinalcord	7	1	3	1	1.31305897451439	3	3	3	0	4	0
spinalcord_4495	7850.982332155479	7305.6925795053	20.2650176678445	STARmap_plus	spinalcord	7	3	2	2	1.26208383083673	4	5	3	2	3	5
spinalcord_4496	7314.20860927152	7674.7880794702	21.430463576158896	STARmap_plus	spinalcord	7	1	3	1	1.07125077781863	3	3	3	2	4	0
spinalcord_4497	7053.990990990991	8053.5022522522495	12.8423423423423	STARmap_plus	spinalcord	7	1	3	1	1.2004413785531	3	3	1	0	4	0
spinalcord_4498	7285.10563380282	6877.76056338028	15.6161971830986	STARmap_plus	spinalcord	7	1	3	1	1.07125077781863	3	3	3	2	4	0
spinalcord_4499	7971.97228637413	6977.4064665127	19.621247113164	STARmap_plus	spinalcord	7	3	2	2	1.26208383083673	4	5	3	2	3	5
spinalcord_4500	6859.331460674161	6928.70786516854	18.724719101123604	STARmap_plus	spinalcord	7	1	3	1	1.04697613770591	3	3	1	2	4	0
spinalcord_4501	6918.66028097063	7488.73563218391	18.6628352490421	STARmap_plus	spinalcord	7	1	3	1	1.2004413785531	3	3	1	0	4	0
spinalcord_4502	6925.909090909089	7932.823529411759	14.673796791443902	STARmap_plus	spinalcord	7	1	3	1	1.35363485489241	3	3	1	3	7	0
spinalcord_4503	7236.80334728033	7779.705020920501	20.4832635983264	STARmap_plus	spinalcord	7	1	3	1	1.07125077781863	3	3	3	2	4	0
spinalcord_4504	6815.2436548223295	7500.492385786801	15.238578680202998	STARmap_plus	spinalcord	7	1	3	1	1.19927164445904	3	3	1	0	4	2
spinalcord_4505	7527.60465116279	7955.12403100775	14.333333333333302	STARmap_plus	spinalcord	7	1	3	1	1.31305897451439	3	3	3	0	4	0
spinalcord_4506	6944.51219512195	8090.0406504065	18.3089430894309	STARmap_plus	spinalcord	7	1	3	1	1.2004413785531	3	3	1	0	4	0
spinalcord_4507	7102.809379727691	7836.7534039334305	16.5234493192133	STARmap_plus	spinalcord	7	1	3	1	1.2004413785531	3	3	1	0	4	0
spinalcord_4508	7029.6734417344205	7906.994579945799	16.470189701897	STARmap_plus	spinalcord	7	1	3	1	1.39214303159018	3	3	1	0	6	0
spinalcord_4509	7712.687912087909	7237.681318681321	19.8747252747253	STARmap_plus	spinalcord	7	1	3	2	1.16759650308183	3	3	3	2	4	5
spinalcord_4510	7011.72271386431	7747.2418879056	13.8466076696165	STARmap_plus	spinalcord	7	1	3	1	1.35363485489241	3	3	1	0	7	0
spinalcord_4511	7263.96885813149	7481.30103806228	16.477508650519	STARmap_plus	spinalcord	7	1	3	1	1.2004413785531	3	3	1	0	4	0
spinalcord_4512	6894.603746397691	7690.01008645533	18.0374639769452	STARmap_plus	spinalcord	7	1	3	1	1.35363485489241	3	3	1	0	7	0
spinalcord_4513	7860.036144578309	7003.927710843371	18.4939759036145	STARmap_plus	spinalcord	7	3	2	2	1.48369405564586	4	5	3	0	3	5
spinalcord_4514	7310.320463320459	7973.93822393822	15.3938223938224	STARmap_plus	spinalcord	7	1	3	1	1.2004413785531	3	3	1	0	4	0
spinalcord_4515	7235.35240963855	7661.144578313249	19.978915662650603	STARmap_plus	spinalcord	7	1	3	1	1.07125077781863	3	3	3	2	4	0
spinalcord_4516	7455.0598006644495	7440.51495016611	17.5980066445183	STARmap_plus	spinalcord	7	1	3	1	1.07125077781863	3	3	3	2	4	0
spinalcord_4517	6842.893719806761	7210.0845410628	16.8381642512077	STARmap_plus	spinalcord	7	1	3	1	1.2004413785531	3	3	1	0	4	0
spinalcord_4518	7817.057692307691	7358.5625	13.1009615384615	STARmap_plus	spinalcord	7	3	2	2	1.33993941468407	4	5	3	2	4	5
spinalcord_4519	7343.45539906103	6927.0234741784	21.9295774647887	STARmap_plus	spinalcord	7	1	3	1	1.04697613770591	3	3	1	2	4	0
spinalcord_4520	7420.068702290079	7081.629770992371	20.2595419847328	STARmap_plus	spinalcord	7	1	3	1	1.07125077781863	3	3	3	2	4	0
spinalcord_4521	7634.28136882129	8086.78707224335	19.1558935361217	STARmap_plus	spinalcord	7	3	2	2	1.23124791991132	3	5	3	2	4	5
spinalcord_4522	7515.99722222222	7321.230555555559	21.061111111111103	STARmap_plus	spinalcord	7	1	3	1	1.07125077781863	3	3	3	2	4	0
spinalcord_4523	6932.43055555556	6830.825	20.5666666666667	STARmap_plus	spinalcord	7	1	3	1	1.2004413785531	3	3	1	0	4	0
spinalcord_4524	7603.88953488372	7235.017441860459	20.5174418604651	STARmap_plus	spinalcord	7	1	3	1	1.28429076726922	3	3	3	0	4	5
spinalcord_4525	7248.548192771079	7985.445783132529	18.6204819277108	STARmap_plus	spinalcord	7	1	3	1	1.2004413785531	3	3	1	0	4	0
spinalcord_4526	7447.854545454549	7600.606060606059	15.978787878787902	STARmap_plus	spinalcord	7	1	3	1	1.07125077781863	3	3	3	2	4	0
spinalcord_4527	7678.23758865248	7410.652482269499	17.6985815602837	STARmap_plus	spinalcord	7	3	2	2	1.23124791991132	3	5	3	2	4	5
spinalcord_4528	7024.731707317071	8098.62601626016	14.8373983739837	STARmap_plus	spinalcord	7	1	3	1	1.31305897451439	3	3	3	0	4	0
spinalcord_4529	8123.26020408163	7150.903061224491	16.637755102040803	STARmap_plus	spinalcord	7	3	2	2	1.40667770225031	4	5	5	2	3	5
spinalcord_4530	7003.85714285714	7698.018796992479	18.5714285714286	STARmap_plus	spinalcord	7	1	3	1	1.35363485489241	3	3	1	0	7	0
spinalcord_4531	7692.94615384615	7332.3884615384595	20.0230769230769	STARmap_plus	spinalcord	7	3	2	2	1.23124791991132	3	5	3	2	4	5
spinalcord_4532	7907.575	7252.975	18.94375	STARmap_plus	spinalcord	7	3	2	2	1.26208383083673	4	5	3	2	3	5
spinalcord_4533	7272.67415730337	7241.24719101124	13.4831460674157	STARmap_plus	spinalcord	7	1	3	1	1.04697613770591	3	3	1	2	4	0
spinalcord_4534	7712.0	8128.43410852713	16.2170542635659	STARmap_plus	spinalcord	7	3	2	1	1.23124791991132	3	5	3	0	4	5
spinalcord_4535	6895.461538461539	7838.90865384615	13.9038461538462	STARmap_plus	spinalcord	7	1	3	1	1.35363485489241	3	3	1	0	7	0
spinalcord_4536	7196.94312796208	7290.27014218009	17.611374407582897	STARmap_plus	spinalcord	7	1	3	1	1.2004413785531	3	3	1	0	4	0
spinalcord_4537	8189.38888888889	7035.25641025641	19.2991452991453	STARmap_plus	spinalcord	7	3	6	5	1.26208383083673	4	1	5	1	1	5
spinalcord_4538	7707.090301003341	7126.4347826087	15.6521739130435	STARmap_plus	spinalcord	7	1	3	1	1.28429076726922	3	3	3	0	4	5
spinalcord_4539	7932.774193548391	7021.193548387099	17.1075268817204	STARmap_plus	spinalcord	7	3	2	2	1.26208383083673	4	5	3	2	3	5
spinalcord_4540	7142.416879795401	8065.925831202049	13.537084398977	STARmap_plus	spinalcord	7	1	3	1	1.07125077781863	3	3	3	2	4	0
spinalcord_4541	8038.63109756098	6814.353658536589	14.4268292682927	STARmap_plus	spinalcord	7	3	2	2	1.32966134885476	4	1	5	2	3	5
spinalcord_4542	7455.70769230769	6940.12307692308	21.415384615384603	STARmap_plus	spinalcord	7	1	3	1	1.2004413785531	3	3	1	0	4	0
spinalcord_4543	7550.135802469141	7176.325102880659	17.4609053497942	STARmap_plus	spinalcord	7	1	3	1	1.16759650308183	3	3	3	2	4	5
spinalcord_4544	7589.16591928251	7045.2466367713005	20.3183856502242	STARmap_plus	spinalcord	7	1	3	1	1.07125077781863	3	3	3	2	4	0
spinalcord_4545	7355.862745098041	7096.549019607841	13.9901960784314	STARmap_plus	spinalcord	7	1	3	1	1.07125077781863	3	3	3	2	4	0
spinalcord_4546	7556.32666666667	6839.64	15.006666666666698	STARmap_plus	spinalcord	7	3	2	2	1.23124791991132	3	5	3	0	4	5
spinalcord_4547	7446.668421052629	6864.294736842111	18.4421052631579	STARmap_plus	spinalcord	7	1	3	1	1.31305897451439	3	3	3	0	4	0
spinalcord_4548	7619.63945578231	6948.24489795918	16.3061224489796	STARmap_plus	spinalcord	7	3	2	2	1.23124791991132	3	5	3	2	4	5
spinalcord_4549	7490.4712643678195	7198.34482758621	18.5862068965517	STARmap_plus	spinalcord	7	1	3	1	1.07125077781863	3	3	3	2	4	0
spinalcord_4550	6886.8131868131895	7263.95054945055	20.263736263736305	STARmap_plus	spinalcord	7	1	3	1	1.2004413785531	3	3	1	0	4	0
spinalcord_4551	8151.24242424242	6961.49696969697	17.5212121212121	STARmap_plus	spinalcord	7	3	6	5	1.26208383083673	4	1	5	1	1	5
spinalcord_4552	7342.690140845071	7138.833802816899	20.6112676056338	STARmap_plus	spinalcord	7	1	3	1	1.07125077781863	3	3	3	2	4	0
spinalcord_4553	6927.69333333333	7384.78666666667	14.76	STARmap_plus	spinalcord	7	1	3	1	1.2004413785531	3	3	1	0	4	0
spinalcord_4554	7834.35321100917	7116.711009174309	19.8577981651376	STARmap_plus	spinalcord	7	3	2	2	1.26208383083673	4	5	3	2	3	5
spinalcord_4555	8112.5761589404	7080.986754966891	17.794701986754998	STARmap_plus	spinalcord	7	3	2	2	1.36816952555253	4	5	5	1	1	5
spinalcord_4556	7108.2087227414295	6843.532710280369	18.8130841121495	STARmap_plus	spinalcord	7	1	3	1	1.07125077781863	3	3	3	2	4	0
spinalcord_4557	7149.76068376068	7622.94871794872	17.1111111111111	STARmap_plus	spinalcord	7	1	3	1	1.2004413785531	3	3	1	0	4	0
spinalcord_4558	7508.868217054259	6813.116279069771	11.620155038759698	STARmap_plus	spinalcord	7	3	2	2	1.23124791991132	3	5	3	2	4	5
spinalcord_4559	8031.470588235291	6932.602941176469	12.5220588235294	STARmap_plus	spinalcord	7	3	2	2	1.44518587894808	4	5	5	3	3	5
spinalcord_4560	7414.3870967741905	7164.32795698925	20.9086021505376	STARmap_plus	spinalcord	7	1	3	1	1.07125077781863	3	3	3	2	4	0
spinalcord_4561	7625.073529411759	7420.003676470591	17.6875	STARmap_plus	spinalcord	7	3	2	2	1.23124791991132	3	5	3	2	4	5
spinalcord_4562	8190.69291338583	7066.0	15.6456692913386	STARmap_plus	spinalcord	7	3	6	2	1.20904098347883	4	1	5	3	1	5
spinalcord_4563	8052.485714285709	7129.9619047619	18.0380952380952	STARmap_plus	spinalcord	7	3	2	2	1.40667770225031	4	5	5	2	3	5
spinalcord_4564	7646.452830188679	8147.68867924528	21.2594339622642	STARmap_plus	spinalcord	7	3	2	2	1.23124791991132	3	5	3	2	4	5
spinalcord_4565	7393.55434782609	6966.847826086961	24.2065217391304	STARmap_plus	spinalcord	7	1	3	1	1.2004413785531	3	3	1	0	4	0
spinalcord_4566	7077.532467532471	7992.7012987013	15.3311688311688	STARmap_plus	spinalcord	7	1	3	1	1.2004413785531	3	3	1	0	4	0
spinalcord_4567	8215.745454545451	6989.345454545451	22.3636363636364	STARmap_plus	spinalcord	7	3	6	5	1.26208383083673	4	1	5	1	1	5
spinalcord_4568	7535.075757575759	7386.878787878791	15.1818181818182	STARmap_plus	spinalcord	7	1	3	1	1.31305897451439	3	3	3	0	4	0
spinalcord_4569	7511.559405940591	7213.29207920792	18.3118811881188	STARmap_plus	spinalcord	7	1	3	2	1.16759650308183	3	3	3	2	4	5
spinalcord_4570	7866.96648044693	7208.201117318441	18.072625698324	STARmap_plus	spinalcord	7	3	2	2	1.26208383083673	4	5	3	2	3	5
spinalcord_4571	6812.59633027523	8144.788990825691	16.761467889908303	STARmap_plus	spinalcord	7	1	3	1	1.2004413785531	3	3	1	0	4	0
spinalcord_4572	7732.192771084341	6928.28915662651	21.2168674698795	STARmap_plus	spinalcord	7	3	2	2	1.26208383083673	4	5	3	2	3	5
spinalcord_4573	7358.89177489177	7284.41991341991	15.5151515151515	STARmap_plus	spinalcord	7	1	3	1	1.2004413785531	3	3	1	0	4	0
spinalcord_4574	767.7622149837131	9145.63843648208	11.1954397394137	STARmap_plus	spinalcord	7	2	1	5	1.30059200753451	2	1	0	1	1	4
spinalcord_4575	800.2012102874429	8574.90620272315	14.0574886535552	STARmap_plus	spinalcord	7	2	1	5	1.30059200753451	2	1	0	1	1	4
spinalcord_4576	1034.81097560976	8510.88170731707	13.0256097560976	STARmap_plus	spinalcord	7	2	1	5	1.30059200753451	2	1	0	1	1	4
spinalcord_4577	1088.81351981352	8292.86247086247	15.5780885780886	STARmap_plus	spinalcord	7	2	1	5	1.30059200753451	2	1	0	1	1	4
spinalcord_4578	525.208955223881	8611.79744136461	11.5479744136461	STARmap_plus	spinalcord	7	2	1	5	1.30059200753451	2	1	0	1	1	4
spinalcord_4579	1247.53602305476	8586.1037463977	19.7406340057637	STARmap_plus	spinalcord	7	2	1	5	1.2475491601766	2	1	0	3	1	4
spinalcord_4580	1045.8996062992098	8818.75393700787	14.0767716535433	STARmap_plus	spinalcord	7	2	1	5	1.30059200753451	2	1	0	1	1	4
spinalcord_4581	549.8772727272731	8746.592045454541	10.919318181818198	STARmap_plus	spinalcord	7	2	1	5	1.30059200753451	2	1	0	1	1	4
spinalcord_4582	821.9625	8277.3	13.6875	STARmap_plus	spinalcord	7	2	1	5	1.30059200753451	2	1	0	1	1	4
spinalcord_4583	446.240700218818	9036.99124726477	11.8643326039387	STARmap_plus	spinalcord	7	2	1	5	1.30059200753451	2	1	0	1	1	4
spinalcord_4584	347.618037135279	8500.73474801061	8.75331564986737	STARmap_plus	spinalcord	7	2	1	5	1.30059200753451	2	1	0	1	1	4
spinalcord_4585	1393.30794701987	8637.06291390728	15.4370860927152	STARmap_plus	spinalcord	7	2	1	6	1.26208383083673	2	1	0	4	1	1
spinalcord_4586	1280.54531722054	9201.5498489426	16.6163141993958	STARmap_plus	spinalcord	7	2	1	5	1.30059200753451	2	1	0	1	1	4
spinalcord_4587	669.314732142857	9007.72991071429	13.6763392857143	STARmap_plus	spinalcord	7	2	1	5	1.30059200753451	2	1	0	1	1	4
spinalcord_4588	902.1494661921712	9469.05338078292	14.7544483985765	STARmap_plus	spinalcord	7	2	1	5	1.30059200753451	2	1	0	1	1	4
spinalcord_4589	1104.42073170732	9281.5243902439	15.286585365853698	STARmap_plus	spinalcord	7	2	1	5	1.30059200753451	2	1	0	1	1	4
spinalcord_4590	1310.50943396226	8699.537735849059	17.6792452830189	STARmap_plus	spinalcord	7	2	1	5	1.30059200753451	2	1	0	1	1	4
spinalcord_4591	655.524739583333	9307.82291666667	14.5	STARmap_plus	spinalcord	7	2	1	5	1.30059200753451	2	1	0	1	1	4
spinalcord_4592	594.310869565217	9172.89782608696	10.9760869565217	STARmap_plus	spinalcord	7	2	1	5	1.30059200753451	2	1	0	1	1	4
spinalcord_4593	704.2437673130189	8403.91689750693	12.9556786703601	STARmap_plus	spinalcord	7	2	1	5	1.30059200753451	2	1	0	1	1	4
spinalcord_4594	482.137184115523	9256.63176895307	10.5018050541516	STARmap_plus	spinalcord	7	2	1	5	1.30059200753451	2	1	0	1	1	4
spinalcord_4595	451.31654676259	8534.45083932854	13.21103117506	STARmap_plus	spinalcord	7	2	1	5	1.2475491601766	2	1	0	3	1	4
spinalcord_4596	1166.67816091954	9127.1408045977	17.7385057471264	STARmap_plus	spinalcord	7	2	1	5	1.30059200753451	2	1	0	1	1	4
spinalcord_4597	1357.13821138211	9069.28455284553	13.650406504065002	STARmap_plus	spinalcord	7	2	1	5	1.30059200753451	2	1	0	1	1	4
spinalcord_4598	1079.94219653179	9101.30057803468	15.4393063583815	STARmap_plus	spinalcord	7	2	1	5	1.30059200753451	2	1	0	1	1	4
spinalcord_4599	1089.24022346369	9387.66480446927	17.7932960893855	STARmap_plus	spinalcord	7	2	1	5	1.2475491601766	2	1	0	3	1	4
spinalcord_4600	472.0	8850.253571428571	10.2839285714286	STARmap_plus	spinalcord	7	2	1	5	1.30059200753451	2	1	0	1	1	4
spinalcord_4601	1220.74632352941	8456.13970588235	16.220588235294098	STARmap_plus	spinalcord	7	2	1	5	1.30059200753451	2	1	0	1	1	4
spinalcord_4602	858.3184357541901	9044.32960893855	14.7206703910615	STARmap_plus	spinalcord	7	2	1	5	1.30059200753451	2	1	0	1	1	4
spinalcord_4603	784.1494252873559	8862.09770114943	10.2528735632184	STARmap_plus	spinalcord	7	2	1	5	1.30059200753451	2	1	0	1	1	4
spinalcord_4604	1352.87214611872	8928.136986301372	15.2009132420091	STARmap_plus	spinalcord	7	2	1	6	1.22357565413896	2	1	0	1	1	1
spinalcord_4605	968.459866220736	9292.914715719058	15.938127090301002	STARmap_plus	spinalcord	7	2	1	5	1.30059200753451	2	1	0	1	1	4
spinalcord_4606	1031.90395480226	8156.940677966099	15.6638418079096	STARmap_plus	spinalcord	7	2	1	5	1.30059200753451	2	1	0	1	1	4
spinalcord_4607	498.265734265734	8410.67132867133	13.0601398601399	STARmap_plus	spinalcord	7	2	1	5	1.30059200753451	2	1	0	1	1	4
spinalcord_4608	903.192513368984	8193.14973262032	13.0053475935829	STARmap_plus	spinalcord	7	2	1	5	1.30059200753451	2	1	0	1	1	4
spinalcord_4609	1226.98828125	8177.923828125	14.2734375	STARmap_plus	spinalcord	7	2	1	6	1.22357565413896	2	1	0	1	1	1
spinalcord_4610	1103.59352517986	8925.70863309353	13.5467625899281	STARmap_plus	spinalcord	7	2	1	5	1.30059200753451	2	1	0	1	1	4
spinalcord_4611	1144.2936507936502	8382.28571428571	13.3968253968254	STARmap_plus	spinalcord	7	2	1	5	1.30059200753451	2	1	0	1	1	4
spinalcord_4612	852.640776699029	8370.12297734628	13.475728155339802	STARmap_plus	spinalcord	7	2	1	5	1.30059200753451	2	1	0	1	1	4
spinalcord_4613	1090.60185185185	9205.85648148148	18.0694444444444	STARmap_plus	spinalcord	7	2	1	5	1.30059200753451	2	1	0	1	1	4
spinalcord_4614	787.897142857143	9284.7	12.7171428571429	STARmap_plus	spinalcord	7	2	1	5	1.30059200753451	2	1	0	1	1	4
spinalcord_4615	913.326852976914	8593.97569866343	13.1980558930741	STARmap_plus	spinalcord	7	2	1	5	1.30059200753451	2	1	0	1	1	4
spinalcord_4616	647.252173913044	9467.36521739131	12.7536231884058	STARmap_plus	spinalcord	7	2	1	5	1.30059200753451	2	1	0	1	1	4
spinalcord_4617	1133.20566037736	8714.769811320759	13.0207547169811	STARmap_plus	spinalcord	7	2	1	5	1.30059200753451	2	1	0	1	1	4
spinalcord_4618	1226.8504672897195	8705.82242990654	15.5420560747664	STARmap_plus	spinalcord	7	2	1	5	1.30059200753451	2	1	0	1	1	4
spinalcord_4619	761.004366812227	8987.903930131	17.5807860262009	STARmap_plus	spinalcord	7	2	1	5	1.30059200753451	2	1	0	1	1	4
spinalcord_4620	776.624203821656	8387.94585987261	11.4808917197452	STARmap_plus	spinalcord	7	2	1	5	1.30059200753451	2	1	0	1	1	4
spinalcord_4621	1355.95477386935	8810.30653266332	17.5829145728643	STARmap_plus	spinalcord	7	2	1	5	1.22357565413896	2	1	0	1	1	1
spinalcord_4622	1324.90957446809	8613.35638297872	16.7074468085106	STARmap_plus	spinalcord	7	2	1	5	1.26208383083673	2	1	0	4	1	1
spinalcord_4623	1273.61752988048	9032.900398406371	18.1115537848606	STARmap_plus	spinalcord	7	2	1	5	1.30059200753451	2	1	0	1	1	4
spinalcord_4624	1147.4	9350.64761904762	15.9142857142857	STARmap_plus	spinalcord	7	2	1	5	1.30059200753451	2	1	0	1	1	4
spinalcord_4625	1283.2335329341302	8771.17964071856	17.5688622754491	STARmap_plus	spinalcord	7	2	1	5	1.30059200753451	2	1	0	1	1	4
spinalcord_4626	917.722580645161	8352.02580645161	15.941935483871	STARmap_plus	spinalcord	7	2	1	5	1.30059200753451	2	1	0	1	1	4
spinalcord_4627	1313.41296928328	8452.94539249147	15.0170648464164	STARmap_plus	spinalcord	7	2	1	5	1.30059200753451	2	1	0	1	1	4
spinalcord_4628	996.110236220472	9168.70866141732	13.0472440944882	STARmap_plus	spinalcord	7	2	1	5	1.30059200753451	2	1	0	1	1	4
spinalcord_4629	987.257692307692	9098.72115384615	16.6865384615385	STARmap_plus	spinalcord	7	2	1	5	1.30059200753451	2	1	0	1	1	4
spinalcord_4630	637.384976525822	8814.33333333333	11.4929577464789	STARmap_plus	spinalcord	7	2	1	5	1.30059200753451	2	1	0	1	1	4
spinalcord_4631	564.5051546391751	8414.98969072165	15.340206185567	STARmap_plus	spinalcord	7	2	1	5	1.30059200753451	2	1	0	1	1	4
spinalcord_4632	1057.8181818181802	8401.154545454541	12.6454545454545	STARmap_plus	spinalcord	7	2	1	5	1.30059200753451	2	1	0	1	1	4
spinalcord_4633	724.217391304348	8739.39723320158	11.49604743083	STARmap_plus	spinalcord	7	2	1	5	1.30059200753451	2	1	0	1	1	4
spinalcord_4634	645.307060755337	8436.16420361248	13.6584564860427	STARmap_plus	spinalcord	7	2	1	5	1.30059200753451	2	1	0	1	1	4
spinalcord_4635	462.52380952381	9186.00732600733	10.2307692307692	STARmap_plus	spinalcord	7	2	1	5	1.30059200753451	2	1	0	1	1	4
spinalcord_4636	657.802721088435	8740.326530612241	10.911564625850302	STARmap_plus	spinalcord	7	2	1	5	1.30059200753451	2	1	0	1	1	4
spinalcord_4637	2138.59053497942	9081.2633744856	19.913580246913604	STARmap_plus	spinalcord	7	4	4	1	1.40026428215563	5	4	4	0	5	3
spinalcord_4638	1697.28571428571	9356.369747899158	13.4621848739496	STARmap_plus	spinalcord	7	2	1	6	1.05500827668773	2	1	0	1	2	1
spinalcord_4639	2244.46506550218	8436.290393013101	18.556768558952	STARmap_plus	spinalcord	7	4	4	4	1.40026428215563	5	4	4	0	5	3
spinalcord_4640	1529.01083032491	8837.58483754513	15.8375451263538	STARmap_plus	spinalcord	7	2	1	6	1.05500827668773	2	1	0	1	2	1
spinalcord_4641	2241.77419354839	8239.01612903226	13.935483870967698	STARmap_plus	spinalcord	7	4	4	4	1.40026428215563	5	4	4	0	5	3
spinalcord_4642	1556.1857142857098	9496.014285714293	13.9714285714286	STARmap_plus	spinalcord	7	2	1	6	1.05500827668773	2	1	0	1	2	1
spinalcord_4643	1891.76923076923	8725.587412587409	10.5979020979021	STARmap_plus	spinalcord	7	4	4	1	1.2316969047044	5	2	4	0	5	3
spinalcord_4644	2126.34353741497	8626.61394557823	15.3673469387755	STARmap_plus	spinalcord	7	4	4	5	1.36175610545786	5	4	4	5	5	3
spinalcord_4645	2097.82456140351	8940.91812865497	15.652046783625698	STARmap_plus	spinalcord	7	4	4	1	1.40026428215563	5	4	4	0	5	3
spinalcord_4646	1685.64705882353	9221.28308823529	17.4448529411765	STARmap_plus	spinalcord	7	5	1	6	1.07898178272538	5	1	0	4	2	1
spinalcord_4647	1922.53230472517	8543.94889103182	13.0916104146577	STARmap_plus	spinalcord	7	4	4	2	1.36175610545786	5	4	4	5	5	3
spinalcord_4648	1660.2727272727302	8854.24675324675	18.2337662337662	STARmap_plus	spinalcord	7	5	1	6	1.09351645338551	5	1	0	1	2	1
spinalcord_4649	2015.42238267148	9367.27797833935	17.8592057761733	STARmap_plus	spinalcord	7	4	4	4	1.36175610545786	5	4	4	5	5	3
spinalcord_4650	1518.53036437247	8173.530364372471	19.7651821862348	STARmap_plus	spinalcord	7	2	1	6	1.22357565413896	2	1	0	1	1	1
spinalcord_4651	1802.4801381692605	8796.160621761659	18.68048359240069	STARmap_plus	spinalcord	7	4	4	4	1.2316969047044	5	2	4	0	5	3
spinalcord_4652	2616.11627906977	8732.93565891473	18.4651162790698	STARmap_plus	spinalcord	7	4	4	1	1.36175610545786	5	4	4	5	5	3
spinalcord_4653	2063.98013245033	8810.01655629139	17.3079470198675	STARmap_plus	spinalcord	7	4	4	6	1.36175610545786	5	4	4	5	5	3
spinalcord_4654	2404.54434250765	8854.84709480122	16.409785932721697	STARmap_plus	spinalcord	7	4	4	5	1.36175610545786	5	4	4	5	5	3
spinalcord_4655	2513.97894736842	9211.51578947368	13.918796992481198	STARmap_plus	spinalcord	7	4	4	7	1.36175610545786	5	4	4	5	5	3
spinalcord_4656	2109.64872521246	8265.3059490085	18.0509915014164	STARmap_plus	spinalcord	7	4	4	6	1.36175610545786	5	4	4	5	5	3
spinalcord_4657	2046.0	9200.675958188149	16.066202090592302	STARmap_plus	spinalcord	7	4	4	1	1.2316969047044	5	2	4	0	5	3
spinalcord_4658	2307.38582677165	9038.32020997375	14.0314960629921	STARmap_plus	spinalcord	7	4	4	1	1.40026428215563	5	4	4	0	5	3
spinalcord_4659	2520.21854304636	8153.33774834437	17.8675496688742	STARmap_plus	spinalcord	7	4	4	4	1.40026428215563	5	4	4	0	5	3
spinalcord_4660	2560.00275482094	9000.8650137741	12.6501377410468	STARmap_plus	spinalcord	7	4	4	5	1.36175610545786	5	4	4	5	5	3
spinalcord_4661	2545.53233830846	8818.12935323383	19.840796019900505	STARmap_plus	spinalcord	7	4	4	1	1.36175610545786	5	4	4	5	5	3
spinalcord_4662	2107.8985801217	8368.82555780933	19.6632860040568	STARmap_plus	spinalcord	7	4	4	1	1.36175610545786	5	4	4	5	5	3
spinalcord_4663	1939.16322701689	8270.15103189493	17.9502814258912	STARmap_plus	spinalcord	7	4	4	2	1.36175610545786	5	4	4	5	5	3
spinalcord_4664	1681.3386075949402	8344.58544303797	17.8354430379747	STARmap_plus	spinalcord	7	5	1	6	1.30059200753451	5	2	0	1	1	1
spinalcord_4665	1647.28719723183	8749.262975778549	19.5121107266436	STARmap_plus	spinalcord	7	5	1	6	1.09351645338551	5	1	0	1	2	1
spinalcord_4666	2644.3079847908703	9072.98098859316	17.874524714828897	STARmap_plus	spinalcord	7	4	4	4	1.40026428215563	5	4	4	0	5	3
spinalcord_4667	1715.6009852216698	8679.02955665025	17.135467980295598	STARmap_plus	spinalcord	7	4	4	4	1.2316969047044	5	2	4	0	5	3
spinalcord_4668	2248.58052434457	9396.06367041198	21.0898876404494	STARmap_plus	spinalcord	7	4	4	5	1.36175610545786	5	4	4	5	5	3
spinalcord_4669	1798.78403755869	9262.399061032858	17.967136150234698	STARmap_plus	spinalcord	7	5	1	6	1.15599813612093	5	1	0	0	2	1
spinalcord_4670	2548.89693593315	8386.3077994429	18.1239554317549	STARmap_plus	spinalcord	7	4	4	7	1.36175610545786	5	4	4	5	5	3
spinalcord_4671	2452.67063492063	9383.06746031746	13.833333333333302	STARmap_plus	spinalcord	7	4	4	4	1.40026428215563	5	4	4	0	5	3
spinalcord_4672	1563.5045045045	9296.31531531532	15.9099099099099	STARmap_plus	spinalcord	7	2	1	6	1.05500827668773	2	1	0	1	2	1
spinalcord_4673	2070.20521172638	8474.88273615635	15.8208469055375	STARmap_plus	spinalcord	7	4	4	4	1.40026428215563	5	4	4	0	5	3
spinalcord_4674	2541.5264847512	8497.451043338679	12.598715890850698	STARmap_plus	spinalcord	7	4	4	5	1.36175610545786	5	4	4	5	5	3
spinalcord_4675	1477.22685185185	8487.11111111111	18.4768518518519	STARmap_plus	spinalcord	7	2	1	6	1.22357565413896	2	1	0	1	1	1
spinalcord_4676	2191.8061002178697	9338.2091503268	18.4444444444444	STARmap_plus	spinalcord	7	4	4	6	1.36175610545786	5	4	4	5	5	3
spinalcord_4677	2232.4388489208604	8861.37170263789	17.0791366906475	STARmap_plus	spinalcord	7	4	4	5	1.36175610545786	5	4	4	5	5	3
spinalcord_4678	2671.03296703297	9412.53846153846	14.8131868131868	STARmap_plus	spinalcord	7	4	4	6	1.39256264681608	5	4	4	4	5	3
spinalcord_4679	2696.3962264150896	8602.65660377358	17.5169811320755	STARmap_plus	spinalcord	7	4	4	1	1.40026428215563	5	4	4	0	5	3
spinalcord_4680	2394.3139240506302	9198.35949367089	19.8455696202532	STARmap_plus	spinalcord	7	4	4	3	1.36175610545786	5	4	4	5	5	3
spinalcord_4681	2288.79030837004	8628.770044052859	14.6502202643172	STARmap_plus	spinalcord	7	4	4	6	1.36175610545786	5	4	4	5	5	3
spinalcord_4682	1574.8676470588198	8637.965686274509	18.6617647058824	STARmap_plus	spinalcord	7	5	1	6	0.923026257349781	5	1	0	3	2	1
spinalcord_4683	1870.7123655914	9057.672043010749	17.1344086021505	STARmap_plus	spinalcord	7	4	4	4	1.2475491601766	5	2	4	0	7	3
spinalcord_4684	2283.30807248764	9278.57166392092	17.0345963756178	STARmap_plus	spinalcord	7	4	4	7	1.36175610545786	5	4	4	5	5	3
spinalcord_4685	2282.3281853281896	9146.119691119691	17.976833976833998	STARmap_plus	spinalcord	7	4	4	2	1.48411367087175	5	4	4	3	5	3
spinalcord_4686	2690.02222222222	8218.21904761905	16.7269841269841	STARmap_plus	spinalcord	7	4	4	4	1.2316969047044	5	2	4	0	5	3
spinalcord_4687	1936.96319018405	8422.73619631902	15.3742331288344	STARmap_plus	spinalcord	7	4	4	4	1.36175610545786	5	4	4	5	5	3
spinalcord_4688	2737.50214592275	9238.74678111588	16.4206008583691	STARmap_plus	spinalcord	7	4	4	5	1.36175610545786	5	4	4	5	5	3
spinalcord_4689	1713.3744680851098	8155.578723404259	20.1276595744681	STARmap_plus	spinalcord	7	2	1	5	1.22357565413896	2	1	0	1	1	1
spinalcord_4690	1977.02030456853	8951.00507614213	14.4670050761421	STARmap_plus	spinalcord	7	4	4	1	1.2475491601766	5	2	4	0	7	3
spinalcord_4691	1822.35514018692	8920.78037383178	19.537383177570103	STARmap_plus	spinalcord	7	4	4	4	1.2475491601766	5	2	4	0	7	3
spinalcord_4692	2655.55646817248	8912.443531827521	17.926078028747398	STARmap_plus	spinalcord	7	4	4	2	1.36175610545786	5	4	4	5	5	3
spinalcord_4693	1985.0693877551	8755.04081632653	12.7183673469388	STARmap_plus	spinalcord	7	4	4	6	1.30871325809995	5	4	4	1	5	3
spinalcord_4694	1656.9933333333302	8936.93	17.72	STARmap_plus	spinalcord	7	5	1	6	1.09351645338551	5	1	0	1	2	1
spinalcord_4695	2433.0957446808497	8160.37234042553	15.3297872340426	STARmap_plus	spinalcord	7	4	4	1	1.2316969047044	5	2	4	0	5	3
spinalcord_4696	2297.3659217877102	8756.472067039109	19.7122905027933	STARmap_plus	spinalcord	7	4	4	2	1.36175610545786	5	4	4	5	5	3
spinalcord_4697	1898.50819672131	9244.23770491803	16.872950819672102	STARmap_plus	spinalcord	7	5	4	6	1.43065120828796	5	2	4	1	2	3
spinalcord_4698	2451.12033195021	8283.38174273859	17.5311203319502	STARmap_plus	spinalcord	7	4	4	4	1.40026428215563	5	4	4	0	5	3
spinalcord_4699	1852.60144927536	9326.144927536228	19.5579710144928	STARmap_plus	spinalcord	7	5	4	6	1.37760836093005	5	2	0	0	7	1
spinalcord_4700	2758.88157894737	8451.83502024292	15.07995951417	STARmap_plus	spinalcord	7	4	4	1	1.40026428215563	5	4	4	0	5	3
spinalcord_4701	2049.2633744856	8560.66666666667	18.3415637860082	STARmap_plus	spinalcord	7	4	4	1	1.40026428215563	5	4	4	0	5	3
spinalcord_4702	1591.90625	9419.390625	14.4375	STARmap_plus	spinalcord	7	2	1	6	1.05500827668773	2	1	0	1	2	1
spinalcord_4703	1717.29914529915	9072.5641025641	19.5641025641026	STARmap_plus	spinalcord	7	5	1	6	1.09351645338551	5	1	0	1	2	1
spinalcord_4704	1425.25	8212.06666666667	17.0083333333333	STARmap_plus	spinalcord	7	2	1	5	1.30059200753451	2	1	0	1	1	4
spinalcord_4705	1901.80753138075	9425.55648535565	18.2970711297071	STARmap_plus	spinalcord	7	5	4	6	1.41611653762783	5	2	4	1	7	1
spinalcord_4706	2207.64835164835	8780.195604395609	21.6241758241758	STARmap_plus	spinalcord	7	4	4	6	1.36175610545786	5	4	4	5	5	3
spinalcord_4707	2550.07851239669	9138.02479338843	15.1942148760331	STARmap_plus	spinalcord	7	4	4	4	1.40026428215563	5	4	4	0	5	3
spinalcord_4708	2163.40780141844	8554.70921985816	16.2269503546099	STARmap_plus	spinalcord	7	4	4	4	1.36175610545786	5	4	4	5	5	3
spinalcord_4709	2066.09034907598	8213.06570841889	21.5728952772074	STARmap_plus	spinalcord	7	4	4	1	1.36175610545786	5	4	4	5	5	3
spinalcord_4710	2423.53289473684	9132.49342105263	17.7302631578947	STARmap_plus	spinalcord	7	4	4	7	1.48411367087175	5	4	4	3	5	3
spinalcord_4711	2503.14285714286	9450.53246753247	15.0844155844156	STARmap_plus	spinalcord	7	4	4	4	1.40026428215563	5	4	4	0	5	3
spinalcord_4712	1763.52049180328	8886.1393442623	18.5573770491803	STARmap_plus	spinalcord	7	4	4	6	1.37760836093005	5	2	4	0	7	1
spinalcord_4713	2116.07560137457	9200.53951890034	14.9587628865979	STARmap_plus	spinalcord	7	4	4	4	1.2316969047044	5	2	4	0	5	3
spinalcord_4714	2446.85762711864	9061.70508474576	17.4372881355932	STARmap_plus	spinalcord	7	4	4	1	1.40026428215563	5	4	4	0	5	3
spinalcord_4715	1639.39015151515	9146.26515151515	16.5151515151515	STARmap_plus	spinalcord	7	5	1	6	1.15599813612093	5	1	0	0	2	1
spinalcord_4716	1450.7538461538502	8309.56923076923	18.3846153846154	STARmap_plus	spinalcord	7	2	1	6	1.22357565413896	2	1	0	1	1	1
spinalcord_4717	1814.84444444444	9151.91388888889	18.511111111111106	STARmap_plus	spinalcord	7	5	1	6	1.39214303159018	5	1	4	1	2	3
spinalcord_4718	2056.15217391304	8744.04347826087	16.2608695652174	STARmap_plus	spinalcord	7	4	4	1	1.40026428215563	5	4	4	0	5	3
spinalcord_4719	2107.90755007704	9358.43143297381	20.4252696456086	STARmap_plus	spinalcord	7	4	4	5	1.36175610545786	5	4	4	5	5	3
spinalcord_4720	2501.98606271777	8336.61324041812	16.097560975609802	STARmap_plus	spinalcord	7	4	4	1	1.40026428215563	5	4	4	0	5	3
spinalcord_4721	2192.34969325153	9200.914110429449	12.9447852760736	STARmap_plus	spinalcord	7	4	4	4	1.40026428215563	5	4	4	0	5	3
spinalcord_4722	2328.45	8177.125	22.275	STARmap_plus	spinalcord	7	4	4	5	1.30871325809995	5	4	4	1	5	3
spinalcord_4723	2678.1358974359	9346.63333333333	16.9410256410256	STARmap_plus	spinalcord	7	4	4	5	1.36175610545786	5	4	4	5	5	3
spinalcord_4724	1971.57575757576	9199.65454545454	15.7121212121212	STARmap_plus	spinalcord	7	4	4	5	1.25567041074205	5	2	4	4	5	3
spinalcord_4725	1629.45054945055	9324.51648351648	20.3461538461538	STARmap_plus	spinalcord	7	2	1	6	1.05500827668773	2	1	0	1	2	1
spinalcord_4726	2269.66025641026	8291.67307692308	18.9871794871795	STARmap_plus	spinalcord	7	4	4	3	1.25567041074205	5	2	4	4	5	3
spinalcord_4727	1995.1263157894696	8676.68421052631	16.0631578947368	STARmap_plus	spinalcord	7	4	4	4	1.40026428215563	5	4	4	0	5	3
spinalcord_4728	2208.69834710744	8691.28099173554	14.8636363636364	STARmap_plus	spinalcord	7	4	4	2	1.36175610545786	5	4	4	5	5	3
spinalcord_4729	2420.0722891566297	8955.349397590358	14.0481927710843	STARmap_plus	spinalcord	7	4	4	1	1.40026428215563	5	4	4	0	5	3
spinalcord_4730	1820.3638888888893	8554.661111111109	13.6138888888889	STARmap_plus	spinalcord	7	4	4	6	1.36175610545786	5	4	4	5	5	3
spinalcord_4731	2426.3947368421104	9256.47368421053	11.7631578947368	STARmap_plus	spinalcord	7	4	4	1	1.40026428215563	5	4	4	0	5	3
spinalcord_4732	2349.47147147147	8701.53153153153	18.003003003003	STARmap_plus	spinalcord	7	4	4	5	1.36175610545786	5	4	4	5	5	3
spinalcord_4733	2340.6331360946697	9456.89940828402	17.615384615384603	STARmap_plus	spinalcord	7	4	4	4	1.40026428215563	5	4	4	0	5	3
spinalcord_4734	2099.56213017751	9483.21301775148	18.0769230769231	STARmap_plus	spinalcord	7	4	4	1	1.36175610545786	5	4	4	5	5	3
spinalcord_4735	1647.37735849057	9444.01886792453	13.8679245283019	STARmap_plus	spinalcord	7	2	1	6	1.05500827668773	2	1	0	1	2	1
spinalcord_4736	1511.92307692308	8985.84615384615	18.4230769230769	STARmap_plus	spinalcord	7	2	1	6	1.05500827668773	2	1	0	1	2	1
spinalcord_4737	1483.6585365853698	9480.78048780488	18.109756097561	STARmap_plus	spinalcord	7	2	1	7	1.13202463008328	2	1	0	1	2	4
spinalcord_4738	2374.67674418605	8425.16279069767	15.3488372093023	STARmap_plus	spinalcord	7	4	4	6	1.36175610545786	5	4	4	5	5	3
spinalcord_4739	1578.40217391304	8969.59782608696	14.4021739130435	STARmap_plus	spinalcord	7	2	1	6	1.05500827668773	2	1	0	1	2	1
spinalcord_4740	2359.51079136691	9370.52158273381	12.2913669064748	STARmap_plus	spinalcord	7	4	4	5	1.36175610545786	5	4	4	5	5	3
spinalcord_4741	2605.390625	9428.484375	13.734375	STARmap_plus	spinalcord	7	4	4	6	1.36175610545786	5	4	4	5	5	3
spinalcord_4742	2722.46733668342	9117.391959799	13.0502512562814	STARmap_plus	spinalcord	7	4	4	1	1.40026428215563	5	4	4	0	5	3
spinalcord_4743	2050.73245614035	8417.07456140351	19.7763157894737	STARmap_plus	spinalcord	7	4	4	1	1.40026428215563	5	4	4	0	5	3
spinalcord_4744	1966.7840909090896	9341.86363636364	15.2613636363636	STARmap_plus	spinalcord	7	4	4	4	1.40026428215563	5	4	4	0	5	3
spinalcord_4745	1905.2279792746103	8940.046632124351	15.5647668393782	STARmap_plus	spinalcord	7	4	4	4	1.2475491601766	5	2	4	0	7	3
spinalcord_4746	1527.32374100719	8755.733812949642	18.0719424460432	STARmap_plus	spinalcord	7	2	1	6	1.05500827668773	2	1	0	1	2	1
spinalcord_4747	2336.9928057554	8505.18465227818	15.5251798561151	STARmap_plus	spinalcord	7	4	4	3	1.36175610545786	5	4	4	5	5	3
spinalcord_4748	2362.72307692308	8963.53846153846	10.6153846153846	STARmap_plus	spinalcord	7	4	4	4	1.40026428215563	5	4	4	0	5	3
spinalcord_4749	2322.06024096386	8880.39759036145	15.1566265060241	STARmap_plus	spinalcord	7	4	4	4	1.40026428215563	5	4	4	0	5	3
spinalcord_4750	2230.70297029703	9484.35643564356	14.4455445544554	STARmap_plus	spinalcord	7	4	4	1	1.36175610545786	5	4	4	5	5	3
spinalcord_4751	2341.33048433048	8314.82621082621	15.749287749287696	STARmap_plus	spinalcord	7	4	4	3	1.36175610545786	5	4	4	5	5	3
spinalcord_4752	2484.39082969432	8831.941048034929	19.0851528384279	STARmap_plus	spinalcord	7	4	4	2	1.36175610545786	5	4	4	5	5	3
spinalcord_4753	2298.1693989071	8834.24043715847	14.5464480874317	STARmap_plus	spinalcord	7	4	4	5	1.36175610545786	5	4	4	5	5	3
spinalcord_4754	1745.86507936508	9188.84126984127	19.4285714285714	STARmap_plus	spinalcord	7	5	1	6	1.09351645338551	5	1	0	1	2	1
spinalcord_4755	1890.84962406015	8665.338345864659	13.2857142857143	STARmap_plus	spinalcord	7	4	4	1	1.40026428215563	5	4	4	0	5	3
spinalcord_4756	2616.66101694915	9122.31355932203	16.9830508474576	STARmap_plus	spinalcord	7	4	4	1	1.40026428215563	5	4	4	0	5	3
spinalcord_4757	2221.37611940299	8600.86567164179	16.1820895522388	STARmap_plus	spinalcord	7	4	4	4	1.36175610545786	5	4	4	5	5	3
spinalcord_4758	1482.4571428571398	9323.87619047619	19.0285714285714	STARmap_plus	spinalcord	7	2	1	7	1.13202463008328	2	1	0	1	2	4
spinalcord_4759	2603.65032679739	8846.31699346405	19.3562091503268	STARmap_plus	spinalcord	7	4	4	3	1.36175610545786	5	4	4	5	5	3
spinalcord_4760	2289.98709677419	8496.574193548391	14.6967741935484	STARmap_plus	spinalcord	7	4	4	1	1.36175610545786	5	4	4	5	5	3
spinalcord_4761	2031.56875	8977.2	18.06875	STARmap_plus	spinalcord	7	4	4	1	1.2475491601766	5	2	4	0	7	3
spinalcord_4762	2220.21498371336	9068.87622149837	16.446254071661198	STARmap_plus	spinalcord	7	4	4	1	1.2316969047044	5	2	4	0	5	3
spinalcord_4763	2557.64285714286	8294.84523809524	14.9464285714286	STARmap_plus	spinalcord	7	4	4	4	1.40026428215563	5	4	4	0	5	3
spinalcord_4764	2262.92156862745	9341.03921568627	20.7058823529412	STARmap_plus	spinalcord	7	4	4	3	1.36175610545786	5	4	4	5	5	3
spinalcord_4765	3432.6240369799702	8936.7750385208	10.5593220338983	STARmap_plus	spinalcord	7	4	4	4	1.14655930074341	1	2	4	0	7	3
spinalcord_4766	3739.67101827676	9088.51436031332	12.9007832898172	STARmap_plus	spinalcord	7	6	0	4	1.2475491601766	1	6	2	0	6	2
spinalcord_4767	3548.02941176471	9288.41911764706	15.6397058823529	STARmap_plus	spinalcord	7	4	4	4	1.14655930074341	1	2	4	0	7	3
spinalcord_4768	3647.64848484848	8247.12727272727	13.0787878787879	STARmap_plus	spinalcord	7	6	0	4	1.2475491601766	1	6	2	0	6	2
spinalcord_4769	3884.119791666671	8357.453125	15.286458333333302	STARmap_plus	spinalcord	7	6	0	4	1.44518587894808	1	2	2	0	6	2
spinalcord_4770	3950.5948434622496	8743.418047882142	12.4033149171271	STARmap_plus	spinalcord	7	6	0	4	1.2475491601766	1	6	2	0	6	2
spinalcord_4771	4090.32	8767.06181818182	14.8690909090909	STARmap_plus	spinalcord	7	6	0	4	1.44518587894808	1	2	2	0	6	2
spinalcord_4772	2871.2459016393395	8161.606557377049	16.3073770491803	STARmap_plus	spinalcord	7	4	4	1	1.2316969047044	5	2	4	0	5	3
spinalcord_4773	3324.59813084112	8701.66355140187	15.202492211838	STARmap_plus	spinalcord	7	4	4	4	1.39256264681608	1	4	4	0	5	3
spinalcord_4774	4107.08125	8215.44375	14.225	STARmap_plus	spinalcord	7	6	0	4	1.2475491601766	1	6	2	0	6	2
spinalcord_4775	3017.1774744027302	9436.02389078498	15.215017064846402	STARmap_plus	spinalcord	7	4	4	1	1.40026428215563	5	4	4	0	5	3
spinalcord_4776	3129.17721518987	8395.56202531646	18.3493670886076	STARmap_plus	spinalcord	7	4	4	4	1.40026428215563	5	4	4	0	5	3
spinalcord_4777	3281.75337837838	9066.02364864865	13.8445945945946	STARmap_plus	spinalcord	7	4	4	4	1.14655930074341	1	2	4	0	7	3
spinalcord_4778	4037.6348314606703	8667.94382022472	18.3258426966292	STARmap_plus	spinalcord	7	6	0	4	1.52220223234363	1	2	2	4	6	2
spinalcord_4779	3683.0285714285706	9390.542857142858	14.2057142857143	STARmap_plus	spinalcord	7	4	4	4	1.14655930074341	1	2	4	0	7	3
spinalcord_4780	3373.18811881188	9273.18811881188	19.3729372937294	STARmap_plus	spinalcord	7	4	4	4	1.14655930074341	1	2	4	0	7	3
spinalcord_4781	3208.78625954198	8953.21374045802	15.213740458015302	STARmap_plus	spinalcord	7	4	4	4	1.14655930074341	1	2	4	0	7	3
spinalcord_4782	3951.34415584416	9207.512987012991	16.1428571428571	STARmap_plus	spinalcord	7	6	0	4	1.44518587894808	1	2	2	0	6	2
spinalcord_4783	3135.90084985836	9051.433427762042	14.0113314447592	STARmap_plus	spinalcord	7	4	4	4	1.14655930074341	1	2	4	0	7	3
spinalcord_4784	4029.8959390862897	8978.38578680203	18.6370558375635	STARmap_plus	spinalcord	7	6	0	4	1.44518587894808	1	2	2	0	6	2
spinalcord_4785	2943.90688259109	8497.98380566802	20.137651821862303	STARmap_plus	spinalcord	7	4	4	5	1.36175610545786	5	4	4	5	5	3
spinalcord_4786	3706.286516853929	8823.6643258427	15.6980337078652	STARmap_plus	spinalcord	7	6	0	4	1.2475491601766	1	6	2	0	6	2
spinalcord_4787	3581.41774891775	9004.829004329	14.056277056277098	STARmap_plus	spinalcord	7	6	0	4	1.44518587894808	1	2	2	0	6	2
spinalcord_4788	4062.9801980198	9214.257425742571	15.2871287128713	STARmap_plus	spinalcord	7	6	0	4	1.44518587894808	1	2	2	0	6	2
spinalcord_4789	3003.11025641026	9292.03846153846	20.325641025641	STARmap_plus	spinalcord	7	4	4	1	1.2316969047044	5	2	4	0	5	3
spinalcord_4790	3549.02469135802	8825.9012345679	18.7808641975309	STARmap_plus	spinalcord	7	6	0	4	1.02593893536748	1	2	2	0	7	3
spinalcord_4791	3822.26582278481	8975.37341772152	17.2151898734177	STARmap_plus	spinalcord	7	6	0	4	1.2475491601766	1	6	2	0	6	2
spinalcord_4792	3794.86877828054	8538.13725490196	14.9834087481146	STARmap_plus	spinalcord	7	6	0	4	1.2475491601766	1	6	2	0	6	2
spinalcord_4793	3293.7972972973	9204.27477477477	16.4054054054054	STARmap_plus	spinalcord	7	4	4	4	1.14655930074341	1	2	4	0	7	3
spinalcord_4794	3317.109375	8589.375	15.901041666666698	STARmap_plus	spinalcord	7	4	4	4	1.2479687754025	1	2	4	0	5	3
spinalcord_4795	3338.04905660377	8855.69811320755	12.2415094339623	STARmap_plus	spinalcord	7	4	4	4	1.14655930074341	1	2	4	0	7	3
spinalcord_4796	2945.0246189917893	8709.45369284877	19.63657678780769	STARmap_plus	spinalcord	7	4	4	5	1.36175610545786	5	4	4	5	5	3
spinalcord_4797	3747.23305084746	8685.14124293785	11.0381355932203	STARmap_plus	spinalcord	7	6	0	4	1.2475491601766	1	6	2	0	6	2
spinalcord_4798	4016.84836065574	9462.59836065574	14.5532786885246	STARmap_plus	spinalcord	7	6	0	4	1.2475491601766	1	6	2	0	6	2
spinalcord_4799	3858.47651006711	8789.78523489933	17.419463087248303	STARmap_plus	spinalcord	7	6	0	4	1.44518587894808	1	2	2	0	6	2
spinalcord_4800	3307.8418079096	9453.74011299435	17.4632768361582	STARmap_plus	spinalcord	7	4	4	6	1.2475491601766	5	2	4	1	7	3
spinalcord_4801	3272.6761904761897	8226.49523809524	18.7714285714286	STARmap_plus	spinalcord	7	6	0	4	1.2475491601766	1	6	2	0	6	2
spinalcord_4802	3080.9285714285697	9315.2380952381	20.8293650793651	STARmap_plus	spinalcord	7	4	4	4	1.2316969047044	5	2	4	0	5	3
spinalcord_4803	3276.1657142857102	8363.23714285714	17.5542857142857	STARmap_plus	spinalcord	7	6	0	4	1.05500827668773	1	6	2	0	6	3
spinalcord_4804	3223.23217922607	8728.47046843177	14.3665987780041	STARmap_plus	spinalcord	7	4	4	4	1.36175610545786	5	4	4	5	5	3
spinalcord_4805	3570.8391608391603	8703.0	18.93006993006989	STARmap_plus	spinalcord	7	6	0	4	1.17053280678105	1	6	2	1	6	2
spinalcord_4806	2853.80854700855	8513.67521367521	20.432478632478603	STARmap_plus	spinalcord	7	4	4	4	1.36175610545786	5	4	4	5	5	3
spinalcord_4807	3470.43545611015	8449.15834767642	13.9328743545611	STARmap_plus	spinalcord	7	6	0	4	1.05500827668773	1	6	2	0	6	3
spinalcord_4808	2782.5491329479805	9085.83815028902	18.514450867052	STARmap_plus	spinalcord	7	4	4	4	1.40026428215563	5	4	4	0	5	3
spinalcord_4809	3118.56545209177	8721.80296896086	12.3117408906883	STARmap_plus	spinalcord	7	4	4	1	1.36175610545786	5	4	4	5	5	3
spinalcord_4810	3079.9247311828003	8829.50537634409	10.4838709677419	STARmap_plus	spinalcord	7	4	4	1	1.36175610545786	5	4	4	5	5	3
spinalcord_4811	4094.6309523809496	9294.29761904762	15.458333333333302	STARmap_plus	spinalcord	7	6	0	4	1.2475491601766	1	6	2	0	6	2
spinalcord_4812	3974.2702702702704	8869.3027027027	15.9243243243243	STARmap_plus	spinalcord	7	6	0	4	1.2475491601766	1	6	2	0	6	2
spinalcord_4813	3547.83098591549	8487.42605633803	20.1795774647887	STARmap_plus	spinalcord	7	6	0	4	1.2475491601766	1	6	2	0	6	2
spinalcord_4814	3160.81165919283	8181.29147982063	18.0089686098655	STARmap_plus	spinalcord	7	6	0	4	1.05500827668773	1	6	2	0	6	3
spinalcord_4815	3980.78915662651	9082.25903614458	21.3192771084337	STARmap_plus	spinalcord	7	6	0	4	1.2475491601766	1	6	2	0	6	2
spinalcord_4816	3910.5625	8231.00892857143	17.0044642857143	STARmap_plus	spinalcord	7	6	0	4	1.2475491601766	1	6	2	0	6	2
spinalcord_4817	3361.1582733812897	9000.55395683453	14.0143884892086	STARmap_plus	spinalcord	7	4	4	4	1.14655930074341	1	2	4	3	7	3
spinalcord_4818	3086.6105610561103	8159.99669966997	20.2343234323432	STARmap_plus	spinalcord	7	6	0	4	1.05500827668773	1	6	2	0	6	3
spinalcord_4819	3337.3541666666697	8465.09722222222	19.0277777777778	STARmap_plus	spinalcord	7	6	0	4	1.05500827668773	1	6	2	0	6	3
spinalcord_4820	3867.85714285714	9334.96428571429	21.0238095238095	STARmap_plus	spinalcord	7	6	0	4	1.22357565413896	1	2	2	0	7	2
spinalcord_4821	4080.51824817518	9401.03284671533	18.1569343065693	STARmap_plus	spinalcord	7	6	0	4	1.2475491601766	1	6	2	0	6	2
spinalcord_4822	3366.9862068965504	9350.76551724138	17.5586206896552	STARmap_plus	spinalcord	7	4	4	4	1.2475491601766	5	2	4	0	7	3
spinalcord_4823	3406.89473684211	8777.774436090229	15.1954887218045	STARmap_plus	spinalcord	7	4	4	4	1.14655930074341	1	2	4	0	7	3
spinalcord_4824	3737.09589041096	9326.09589041096	18.4246575342466	STARmap_plus	spinalcord	7	4	4	4	1.14655930074341	1	2	4	0	7	3
spinalcord_4825	3546.8179551122203	9221.05735660848	16.7680798004988	STARmap_plus	spinalcord	7	4	4	4	1.14655930074341	1	2	4	0	7	3
spinalcord_4826	3685.354166666671	9180.14583333333	11.729166666666698	STARmap_plus	spinalcord	7	4	4	4	1.14655930074341	1	2	4	0	7	3
spinalcord_4827	3366.0043668122303	8196.94759825327	13.6375545851528	STARmap_plus	spinalcord	7	6	0	4	1.2475491601766	1	6	2	0	6	2
spinalcord_4828	3645.0303030303	8480.85606060606	20.530303030303	STARmap_plus	spinalcord	7	6	0	4	1.2475491601766	1	6	2	0	6	2
spinalcord_4829	3907.9018404908	9248.484662576691	19.1779141104294	STARmap_plus	spinalcord	7	6	0	4	1.44518587894808	1	2	2	0	6	2
spinalcord_4830	3515.17777777778	9093.51555555556	14.6977777777778	STARmap_plus	spinalcord	7	4	4	4	1.14655930074341	1	2	4	0	7	3
spinalcord_4831	4015.6978021978	8357.79120879121	15.032967032967	STARmap_plus	spinalcord	7	6	0	4	1.44518587894808	1	2	2	0	6	2
spinalcord_4832	3378.18992248062	8553.14728682171	19.484496124031	STARmap_plus	spinalcord	7	6	0	4	1.05500827668773	1	6	2	0	6	3
spinalcord_4833	3669.714583333329	8373.2375	19.939583333333303	STARmap_plus	spinalcord	7	6	0	4	1.2475491601766	1	6	2	0	6	2
spinalcord_4834	3520.15189873418	8567.259493670892	17.468354430379698	STARmap_plus	spinalcord	7	6	0	4	1.05500827668773	1	6	2	0	6	3
spinalcord_4835	3584.1739130434794	8313.59565217391	11.9	STARmap_plus	spinalcord	7	6	0	4	1.44518587894808	1	2	2	0	6	2
spinalcord_4836	2973.96732026144	8397.758169934641	17.6339869281046	STARmap_plus	spinalcord	7	4	4	4	1.40026428215563	5	4	4	0	5	3
spinalcord_4837	2789.00784313725	8570.70588235294	21.8039215686275	STARmap_plus	spinalcord	7	4	4	2	1.36175610545786	5	4	4	5	5	3
spinalcord_4838	4007.55681818182	8279.93181818182	17.9545454545455	STARmap_plus	spinalcord	7	6	0	4	1.2475491601766	1	6	2	0	6	2
spinalcord_4839	3455.8294930875604	9170.16589861751	11.4147465437788	STARmap_plus	spinalcord	7	4	4	4	1.14655930074341	1	2	4	0	7	3
spinalcord_4840	3625.20809248555	8762.93641618497	19.9190751445087	STARmap_plus	spinalcord	7	6	0	4	1.2475491601766	1	6	2	0	6	2
spinalcord_4841	3776.66283524904	9040.95785440613	14.2988505747126	STARmap_plus	spinalcord	7	6	0	4	1.2475491601766	1	6	2	0	6	2
spinalcord_4842	3565.86462882096	9353.81222707424	15.1135371179039	STARmap_plus	spinalcord	7	4	4	4	1.14655930074341	1	2	4	0	7	3
spinalcord_4843	3563.9195652173903	8395.34130434783	20.0282608695652	STARmap_plus	spinalcord	7	6	0	4	1.2475491601766	1	6	2	0	6	2
spinalcord_4844	3018.5714285714303	8239.174603174599	11.0634920634921	STARmap_plus	spinalcord	7	4	4	4	1.43065120828796	1	2	4	3	6	3
spinalcord_4845	3686.65240641711	8201.91978609626	17.3957219251337	STARmap_plus	spinalcord	7	6	0	4	1.2475491601766	1	6	2	0	6	2
spinalcord_4846	2942.53374233129	9333.079754601227	20.202453987730102	STARmap_plus	spinalcord	7	4	4	4	1.2316969047044	5	2	4	0	5	3
spinalcord_4847	3831.40740740741	9465.54814814815	13.4666666666667	STARmap_plus	spinalcord	7	4	4	4	1.14655930074341	1	2	4	0	7	3
spinalcord_4848	2894.38219895288	9371.81151832461	17.4659685863874	STARmap_plus	spinalcord	7	4	4	4	1.2316969047044	5	2	4	0	5	3
spinalcord_4849	3709.6923076923104	8427.69230769231	19.7384615384615	STARmap_plus	spinalcord	7	6	0	4	1.2475491601766	1	6	2	0	6	2
spinalcord_4850	3613.33707865169	8902.73033707865	17.4887640449438	STARmap_plus	spinalcord	7	6	0	4	1.17053280678105	1	6	2	1	6	2
spinalcord_4851	3731.1458333333294	9489.91666666667	19.0416666666667	STARmap_plus	spinalcord	7	4	4	6	1.18506747744118	1	2	4	1	7	3
spinalcord_4852	3724.8854961832094	8620.6641221374	16.5725190839695	STARmap_plus	spinalcord	7	6	0	4	1.2475491601766	1	6	2	0	6	2
spinalcord_4853	3083.11023622047	9482.51968503937	12.0866141732283	STARmap_plus	spinalcord	7	4	4	2	1.13244424530917	5	2	4	5	5	3
spinalcord_4854	3744.52901023891	8157.805460750849	21.3310580204778	STARmap_plus	spinalcord	7	6	0	4	1.2475491601766	1	6	2	0	6	2
spinalcord_4855	2788.92307692308	9014.10769230769	15.4461538461538	STARmap_plus	spinalcord	7	4	4	4	1.40026428215563	5	4	4	0	5	3
spinalcord_4856	3241.0588235294103	8547.70980392157	21.901960784313697	STARmap_plus	spinalcord	7	4	0	4	1.39214303159018	1	2	4	0	6	3
spinalcord_4857	3274.59459459459	8905.0	21.2432432432432	STARmap_plus	spinalcord	7	4	4	4	1.14655930074341	1	2	4	0	7	3
spinalcord_4858	3498.72839506173	9000.25308641975	17.6728395061728	STARmap_plus	spinalcord	7	6	0	4	1.02593893536748	1	2	2	0	7	3
spinalcord_4859	2831.77987421384	9363.339622641508	13.0377358490566	STARmap_plus	spinalcord	7	4	4	1	1.2316969047044	5	2	4	0	5	3
spinalcord_4860	3465.71853546911	8203.29748283753	9.63844393592677	STARmap_plus	spinalcord	7	6	0	4	1.2475491601766	1	6	2	0	6	2
spinalcord_4861	3708.58064516129	8973.96370967742	15.870967741935502	STARmap_plus	spinalcord	7	6	0	4	1.2475491601766	1	6	2	0	6	2
spinalcord_4862	3111.00869565217	9256.77391304348	21.31304347826089	STARmap_plus	spinalcord	7	4	4	4	1.2316969047044	5	2	4	0	5	3
spinalcord_4863	3704.0462962963	8510.61111111111	20.2222222222222	STARmap_plus	spinalcord	7	6	0	4	1.2475491601766	1	6	2	0	6	2
spinalcord_4864	3265.34597156398	8832.85308056872	18.966824644549803	STARmap_plus	spinalcord	7	4	4	4	1.2479687754025	1	2	4	0	5	3
spinalcord_4865	3509.89005235602	8720.382198952879	18.5602094240838	STARmap_plus	spinalcord	7	6	0	4	1.52220223234363	1	2	4	0	6	2
spinalcord_4866	3935.54901960784	8338.01960784314	17.5686274509804	STARmap_plus	spinalcord	7	6	0	4	1.44518587894808	1	2	2	0	6	2
spinalcord_4867	3779.23913043478	8616.09420289855	14.7173913043478	STARmap_plus	spinalcord	7	6	0	4	1.2475491601766	1	6	2	0	6	2
spinalcord_4868	4076.8115942029	8553.31884057971	22.173913043478304	STARmap_plus	spinalcord	7	6	0	4	1.44518587894808	1	2	2	0	6	2
spinalcord_4869	4102.51748251748	8651.77622377622	21.1818181818182	STARmap_plus	spinalcord	7	6	0	4	1.44518587894808	1	2	2	0	6	2
spinalcord_4870	3442.36328125	8806.57421875	18.8515625	STARmap_plus	spinalcord	7	4	4	4	1.14655930074341	1	2	4	0	7	3
spinalcord_4871	2989.1273584905703	8646.79402515723	13.309748427672998	STARmap_plus	spinalcord	7	4	4	2	1.36175610545786	5	4	4	5	5	3
spinalcord_4872	3662.1296296296296	8590.48148148148	21.0092592592593	STARmap_plus	spinalcord	7	6	0	4	1.2475491601766	1	6	2	0	6	2
spinalcord_4873	4083.8186274509794	8924.19607843137	17.4754901960784	STARmap_plus	spinalcord	7	6	0	4	1.2475491601766	1	6	2	0	6	2
spinalcord_4874	3682.47709923664	8662.0534351145	14.1679389312977	STARmap_plus	spinalcord	7	6	0	4	1.2475491601766	1	6	2	0	6	2
spinalcord_4875	3663.77431906615	9455.45914396887	16.84046692607	STARmap_plus	spinalcord	7	4	4	4	1.14655930074341	1	2	4	0	7	3
spinalcord_4876	3765.69456066946	8458.665271966529	14.8033472803347	STARmap_plus	spinalcord	7	6	0	4	1.2475491601766	1	6	2	0	6	2
spinalcord_4877	4078.64319248826	8170.572769953051	15.0469483568075	STARmap_plus	spinalcord	7	6	0	4	1.2475491601766	1	6	2	0	6	2
spinalcord_4878	3383.36666666667	8391.50555555556	16.4722222222222	STARmap_plus	spinalcord	7	6	0	4	1.2475491601766	1	6	2	0	6	2
spinalcord_4879	2980.7304964539003	9399.69503546099	14.5815602836879	STARmap_plus	spinalcord	7	4	4	1	1.40026428215563	5	4	4	0	5	3
spinalcord_4880	3239.0	9157.97250859106	16.8006872852234	STARmap_plus	spinalcord	7	4	4	4	1.14655930074341	1	2	4	0	7	3
spinalcord_4881	3398.9285714285697	8877.757142857141	18.6857142857143	STARmap_plus	spinalcord	7	4	4	4	1.14655930074341	1	2	4	0	7	3
spinalcord_4882	3805.34848484848	9363.0	16.4848484848485	STARmap_plus	spinalcord	7	6	0	4	1.02593893536748	1	2	2	0	7	3
spinalcord_4883	3956.21468926554	9467.5988700565	18.4915254237288	STARmap_plus	spinalcord	7	6	0	4	1.05500827668773	1	6	2	0	6	3
spinalcord_4884	3359.12727272727	9459.45454545455	12.9727272727273	STARmap_plus	spinalcord	7	4	4	4	1.2475491601766	5	2	4	0	7	3
spinalcord_4885	3304.84	9367.32666666667	13.7133333333333	STARmap_plus	spinalcord	7	4	4	6	1.2475491601766	5	2	4	1	7	3
spinalcord_4886	3944.24657534247	9170.068493150691	14.4520547945205	STARmap_plus	spinalcord	7	6	0	4	1.44518587894808	1	2	2	0	6	2
spinalcord_4887	3407.59444444444	9203.96666666667	11.833333333333302	STARmap_plus	spinalcord	7	4	4	4	1.14655930074341	1	2	4	0	7	3
spinalcord_4888	3888.59375	9436.15625	24.3125	STARmap_plus	spinalcord	7	6	4	4	1.10295528876303	1	2	2	1	7	3
spinalcord_4889	3072.99115044248	9070.2610619469	16.4823008849558	STARmap_plus	spinalcord	7	4	4	4	1.14655930074341	1	2	4	0	7	3
spinalcord_4890	3967.42	9245.32	17.56	STARmap_plus	spinalcord	7	6	0	4	1.44518587894808	1	2	2	0	6	2
spinalcord_4891	3163.1652173913	8961.75652173913	16.1739130434783	STARmap_plus	spinalcord	7	4	4	4	1.14655930074341	1	2	4	0	7	3
spinalcord_4892	3518.22972972973	8610.17567567567	16.4594594594595	STARmap_plus	spinalcord	7	6	0	4	1.44518587894808	1	2	2	0	6	2
spinalcord_4893	3018.7299270073	9062.26277372263	18.3284671532847	STARmap_plus	spinalcord	7	4	4	4	1.14655930074341	1	2	4	0	7	3
spinalcord_4894	3412.67281105991	9043.5069124424	10.5299539170507	STARmap_plus	spinalcord	7	4	4	4	1.14655930074341	1	2	4	3	7	3
spinalcord_4895	3038.00940438871	8430.69278996865	13.9592476489028	STARmap_plus	spinalcord	7	4	4	3	1.36175610545786	5	4	4	5	5	3
spinalcord_4896	3520.1111111111104	8647.52525252525	16.9191919191919	STARmap_plus	spinalcord	7	6	0	4	1.44518587894808	1	2	2	0	6	2
spinalcord_4897	2831.15517241379	9069.6091954023	14.4770114942529	STARmap_plus	spinalcord	7	4	4	1	1.40026428215563	5	4	4	0	5	3
spinalcord_4898	3637.0273972602704	8660.561643835621	15.013698630137	STARmap_plus	spinalcord	7	6	0	4	1.2475491601766	1	6	2	0	6	2
spinalcord_4899	4058.4807692307695	9434.63461538462	12.0576923076923	STARmap_plus	spinalcord	7	6	0	4	1.2475491601766	1	6	2	0	6	2
spinalcord_4900	2899.10526315789	8415.59398496241	17.8947368421053	STARmap_plus	spinalcord	7	4	4	4	1.40026428215563	5	4	4	0	5	3
spinalcord_4901	3339.67741935484	8336.43225806452	18.9612903225806	STARmap_plus	spinalcord	7	6	0	4	1.2475491601766	1	6	2	0	6	2
spinalcord_4902	3677.10402684564	9085.29865771812	13.704697986577198	STARmap_plus	spinalcord	7	6	0	4	1.05500827668773	1	6	2	0	6	3
spinalcord_4903	2782.6767895878497	8910.74620390455	13.9457700650759	STARmap_plus	spinalcord	7	4	4	4	1.36175610545786	5	4	4	5	5	3
spinalcord_4904	4994.49042145594	9230.94636015326	10.6781609195402	STARmap_plus	spinalcord	7	6	0	4	1.44518587894808	1	2	4	1	6	2
spinalcord_4905	4888.50346420323	8223.572748267901	13.2240184757506	STARmap_plus	spinalcord	7	6	0	4	1.2475491601766	1	6	2	0	6	2
spinalcord_4906	4872.82222222222	8978.23703703704	8.99259259259259	STARmap_plus	spinalcord	7	6	0	4	1.44518587894808	1	2	2	0	6	2
spinalcord_4907	4665.30909090909	9209.65454545454	14.0636363636364	STARmap_plus	spinalcord	7	6	0	4	1.2475491601766	1	6	2	0	6	2
spinalcord_4908	5213.84950773558	9042.30661040788	12.4528832630098	STARmap_plus	spinalcord	7	4	0	4	1.3857296114955	1	2	4	0	5	2
spinalcord_4909	4786.58273381295	8907.02877697842	15.5827338129496	STARmap_plus	spinalcord	7	6	0	4	1.44518587894808	1	2	2	0	6	2
spinalcord_4910	5403.09192200557	9023.17270194986	10.7103064066852	STARmap_plus	spinalcord	7	5	1	7	1.31512667819463	2	2	4	1	2	2
spinalcord_4911	4317.94904458599	8667.757961783442	19.582802547770697	STARmap_plus	spinalcord	7	6	0	4	1.44518587894808	1	2	2	0	6	2
spinalcord_4912	4471.65	8825.655	15.445	STARmap_plus	spinalcord	7	6	0	4	1.2475491601766	1	6	2	0	6	2
spinalcord_4913	5261.9211618257295	8302.977178423242	13.1618257261411	STARmap_plus	spinalcord	7	6	0	4	1.44518587894808	1	2	2	0	6	2
spinalcord_4914	5099.963265306121	8302.91428571429	10.3918367346939	STARmap_plus	spinalcord	7	6	0	4	1.50766756168351	1	2	2	3	6	2
spinalcord_4915	4714.389105058371	8625.07003891051	13.295719844358	STARmap_plus	spinalcord	7	6	0	4	1.2475491601766	1	6	2	0	6	2
spinalcord_4916	5218.09137055838	8583.21827411168	13.672588832487302	STARmap_plus	spinalcord	7	6	0	4	1.2475491601766	1	6	2	0	6	2
spinalcord_4917	4795.14449917898	8570.33004926108	15.7619047619048	STARmap_plus	spinalcord	7	6	0	4	1.44518587894808	1	2	2	0	6	2
spinalcord_4918	4377.333333333329	9291.27586206897	16.264367816092	STARmap_plus	spinalcord	7	6	0	4	1.2475491601766	1	6	2	0	6	2
spinalcord_4919	5458.819607843139	8892.09803921569	13.4352941176471	STARmap_plus	spinalcord	7	6	0	4	1.52220223234363	1	2	4	0	6	2
spinalcord_4920	4569.36477987421	8273.39622641509	17.4025157232704	STARmap_plus	spinalcord	7	6	0	4	1.44518587894808	1	2	2	0	6	2
spinalcord_4921	4528.010600706711	8782.59010600707	15.5194346289753	STARmap_plus	spinalcord	7	6	0	4	1.44518587894808	1	2	2	0	6	2
spinalcord_4922	5334.70436507936	8732.81746031746	12.1607142857143	STARmap_plus	spinalcord	7	6	0	4	1.44518587894808	1	2	2	0	6	2
spinalcord_4923	5392.996389891699	8343.24548736462	16.3068592057762	STARmap_plus	spinalcord	7	6	0	4	1.33910018423228	1	6	1	0	6	2
spinalcord_4924	4139.842519685039	8561.29133858268	16.2283464566929	STARmap_plus	spinalcord	7	6	0	4	1.44518587894808	1	2	2	0	6	2
spinalcord_4925	4355.44581280788	8358.61330049261	12.0665024630542	STARmap_plus	spinalcord	7	6	0	4	1.44518587894808	1	2	2	0	6	2
spinalcord_4926	5352.661073825499	8884.8389261745	13.1241610738255	STARmap_plus	spinalcord	7	6	0	4	1.50766756168351	1	2	2	3	6	2
spinalcord_4927	4974.64855072464	9478.13405797101	14.2898550724638	STARmap_plus	spinalcord	7	5	5	6	1.39214303159018	6	2	4	1	2	1
spinalcord_4928	4913.57368421053	8618.036842105259	15.1578947368421	STARmap_plus	spinalcord	7	6	0	4	1.2475491601766	1	6	2	0	6	2
spinalcord_4929	4917.23097826087	8352.55298913043	16.116847826087	STARmap_plus	spinalcord	7	6	0	4	1.2475491601766	1	6	2	0	6	2
spinalcord_4930	4549.47867298578	9295.710900473929	16.0379146919431	STARmap_plus	spinalcord	7	6	0	4	1.44518587894808	1	2	2	0	6	2
spinalcord_4931	5119.83783783784	8160.01801801802	17.684684684684697	STARmap_plus	spinalcord	7	6	0	4	1.44518587894808	1	2	2	0	6	2
spinalcord_4932	4487.547680412371	9017.103092783507	15.9497422680412	STARmap_plus	spinalcord	7	6	0	4	1.2475491601766	1	6	2	0	6	2
spinalcord_4933	4685.14259259259	8747.3462962963	15.1777777777778	STARmap_plus	spinalcord	7	6	0	4	1.2475491601766	1	6	2	0	6	2
spinalcord_4934	5127.92058823529	8646.31764705882	15.8676470588235	STARmap_plus	spinalcord	7	6	0	4	1.44518587894808	1	2	2	0	6	2
spinalcord_4935	4621.90862944162	8410.10152284264	20.3908629441624	STARmap_plus	spinalcord	7	6	0	4	1.23301448951648	1	6	2	4	6	2
spinalcord_4936	4148.0551724137895	8643.31034482759	15.3793103448276	STARmap_plus	spinalcord	7	6	0	4	1.40667770225031	1	2	2	1	6	2
spinalcord_4937	4338.39333333333	8854.03666666667	14.986666666666698	STARmap_plus	spinalcord	7	6	0	4	1.44518587894808	1	2	2	0	6	2
spinalcord_4938	4803.747759282971	9229.34314980794	16.727272727272698	STARmap_plus	spinalcord	7	6	0	4	1.2475491601766	1	6	2	0	6	2
spinalcord_4939	4198.86666666667	8293.59365079365	15.4253968253968	STARmap_plus	spinalcord	7	6	0	4	1.2475491601766	1	6	2	0	6	2
spinalcord_4940	5354.60544217687	9378.10204081633	12.863945578231302	STARmap_plus	spinalcord	7	2	1	6	1.07898178272538	2	1	0	4	2	1
spinalcord_4941	4264.48	8406.24	16.16	STARmap_plus	spinalcord	7	6	0	4	1.2475491601766	1	6	2	0	6	2
spinalcord_4942	5207.271276595739	8788.04255319149	18.9255319148936	STARmap_plus	spinalcord	7	6	0	4	1.27661850149686	1	4	2	0	6	2
spinalcord_4943	4312.93835616438	8168.554794520551	17.9794520547945	STARmap_plus	spinalcord	7	6	0	4	1.44518587894808	1	2	2	0	6	2
spinalcord_4944	4155.804416403789	8913.8832807571	15.7381703470032	STARmap_plus	spinalcord	7	6	0	4	1.2475491601766	1	6	2	0	6	2
spinalcord_4945	4485.0	9354.36280487805	15.9390243902439	STARmap_plus	spinalcord	7	6	0	4	1.2475491601766	1	6	2	0	6	2
spinalcord_4946	4377.491879350349	9408.57540603248	18.3990719257541	STARmap_plus	spinalcord	7	6	0	4	1.2475491601766	1	6	2	0	6	2
spinalcord_4947	5039.63855421687	8446.24497991968	18.1967871485944	STARmap_plus	spinalcord	7	6	0	4	1.2475491601766	1	6	2	0	6	2
spinalcord_4948	4787.59010600707	8357.59363957597	12.095406360424	STARmap_plus	spinalcord	7	6	0	4	1.2475491601766	1	6	2	0	6	2
spinalcord_4949	4335.701030927829	9147.5618556701	19.1262886597938	STARmap_plus	spinalcord	7	6	0	4	1.2475491601766	1	6	2	0	6	2
spinalcord_4950	5021.9453125	8828.7109375	12.6171875	STARmap_plus	spinalcord	7	6	0	4	1.2475491601766	1	6	2	0	6	2
spinalcord_4951	4485.91317365269	8489.45508982036	13.2664670658683	STARmap_plus	spinalcord	7	6	0	4	1.44518587894808	1	2	2	0	6	2
spinalcord_4952	4891.856756756761	8735.145045045041	13.761261261261302	STARmap_plus	spinalcord	7	6	0	4	1.2475491601766	1	6	2	0	6	2
spinalcord_4953	4770.9918699187	8212.644986449859	13.3279132791328	STARmap_plus	spinalcord	7	6	0	4	1.2475491601766	1	6	2	0	6	2
spinalcord_4954	4214.46979865772	9054.03355704698	20.7248322147651	STARmap_plus	spinalcord	7	6	0	4	1.2475491601766	1	6	2	0	6	2
spinalcord_4955	4458.65680473373	8245.01775147929	15.0177514792899	STARmap_plus	spinalcord	7	6	0	4	1.44518587894808	1	2	2	0	6	2
spinalcord_4956	5183.73885350319	8400.33121019108	7.14012738853503	STARmap_plus	spinalcord	7	6	0	4	1.44518587894808	1	2	2	0	6	2
spinalcord_4957	4122.01117318436	9123.71508379888	13.3631284916201	STARmap_plus	spinalcord	7	6	0	4	1.2475491601766	1	6	2	0	6	2
spinalcord_4958	4748.57620817844	9375.23977695167	16.784386617100402	STARmap_plus	spinalcord	7	6	0	4	1.2475491601766	1	6	2	0	6	2
spinalcord_4959	4205.15807560137	9358.33333333333	17.1408934707904	STARmap_plus	spinalcord	7	6	0	4	1.23301448951648	1	6	2	1	1	2
spinalcord_4960	5190.09	8219.95	12.98	STARmap_plus	spinalcord	7	6	0	4	1.2475491601766	1	6	2	0	6	2
spinalcord_4961	4630.171830985921	8956.72394366197	16.1549295774648	STARmap_plus	spinalcord	7	6	0	4	1.2475491601766	1	6	2	0	6	2
spinalcord_4962	5072.8137254902	9380.19607843137	13.5098039215686	STARmap_plus	spinalcord	7	5	5	6	1.39214303159018	6	2	4	4	6	1
spinalcord_4963	4731.90373280943	9044.9253438114	14.5206286836935	STARmap_plus	spinalcord	7	6	0	4	1.2475491601766	1	6	2	0	6	2
spinalcord_4964	5448.21359223301	9249.80582524272	14.2135922330097	STARmap_plus	spinalcord	7	2	1	6	1.05500827668773	2	1	0	1	2	1
spinalcord_4965	5009.60927152318	9312.152317880793	15.6556291390728	STARmap_plus	spinalcord	7	5	5	4	1.33910018423228	6	2	4	0	6	1
spinalcord_4966	5295.13786764706	8551.59375	11.59375	STARmap_plus	spinalcord	7	6	0	4	1.2475491601766	1	6	2	0	6	2
spinalcord_4967	4693.72444444444	8816.062222222221	16.835555555555597	STARmap_plus	spinalcord	7	6	0	4	1.2475491601766	1	6	2	0	6	2
spinalcord_4968	4778.21610169491	9139.52966101695	16.1313559322034	STARmap_plus	spinalcord	7	6	0	4	1.44518587894808	1	2	2	0	6	2
spinalcord_4969	4171.01581027668	8814.395256917	18.7905138339921	STARmap_plus	spinalcord	7	6	0	4	1.2475491601766	1	6	2	0	6	2
spinalcord_4970	4996.79228486647	8399.48071216617	17.2640949554896	STARmap_plus	spinalcord	7	6	0	4	1.2475491601766	1	6	2	0	6	2
spinalcord_4971	4259.571428571429	8923.028571428571	22.0285714285714	STARmap_plus	spinalcord	7	6	0	4	1.2475491601766	1	6	2	0	6	2
spinalcord_4972	4308.2270531401	9334.164251207729	18.7777777777778	STARmap_plus	spinalcord	7	6	0	4	1.2475491601766	1	6	2	0	6	2
spinalcord_4973	4297.94350282486	9425.282485875709	15.774011299435	STARmap_plus	spinalcord	7	6	0	4	1.44518587894808	1	2	2	0	6	2
spinalcord_4974	5192.1142857142895	8933.494736842109	17.330827067669198	STARmap_plus	spinalcord	7	6	0	4	1.27661850149686	1	4	2	0	6	2
spinalcord_4975	4837.04983388704	9326.92358803987	13.9036544850498	STARmap_plus	spinalcord	7	6	0	4	1.2475491601766	1	6	2	0	6	2
spinalcord_4976	4631.05577689243	9282.97211155378	15.135458167330698	STARmap_plus	spinalcord	7	6	0	4	1.2475491601766	1	6	2	0	6	2
spinalcord_4977	5276.85057471264	8152.09770114943	16.3620689655172	STARmap_plus	spinalcord	7	6	0	4	1.2475491601766	1	6	2	0	6	2
spinalcord_4978	5120.4900284900295	8709.96296296296	16.390313390313402	STARmap_plus	spinalcord	7	6	0	4	1.44518587894808	1	2	2	0	6	2
spinalcord_4979	5325.64668769716	8432.06309148265	17.3280757097792	STARmap_plus	spinalcord	7	6	0	4	1.2475491601766	1	6	2	0	6	2
spinalcord_4980	5063.144329896911	9240.484536082471	13.2783505154639	STARmap_plus	spinalcord	7	5	5	4	1.33910018423228	6	2	4	0	6	1
spinalcord_4981	5019.175777063239	8917.54126473741	16.4994640943194	STARmap_plus	spinalcord	7	6	0	4	1.2475491601766	1	6	2	0	6	2
spinalcord_4982	4640.40935672515	9052.426900584793	15.6491228070175	STARmap_plus	spinalcord	7	6	0	4	1.44518587894808	1	2	2	0	6	2
spinalcord_4983	4643.649484536079	8169.051546391751	21.7422680412371	STARmap_plus	spinalcord	7	6	0	4	1.44518587894808	1	2	2	0	6	2
spinalcord_4984	4182.39766081871	8509.59649122807	17.8713450292398	STARmap_plus	spinalcord	7	6	0	4	1.44518587894808	1	2	2	0	6	2
spinalcord_4985	4389.82591876209	9011.51257253385	19.0541586073501	STARmap_plus	spinalcord	7	6	0	4	1.2475491601766	1	6	2	0	6	2
spinalcord_4986	4509.37158469945	8710.22950819672	14.9180327868852	STARmap_plus	spinalcord	7	6	0	4	1.44518587894808	1	2	2	0	6	2
spinalcord_4987	4918.78342749529	9229.3615819209	12.943502824858802	STARmap_plus	spinalcord	7	6	0	4	1.2475491601766	1	6	2	0	6	2
spinalcord_4988	4127.755208333329	9373.27083333333	17.3385416666667	STARmap_plus	spinalcord	7	6	0	4	1.2475491601766	1	6	2	0	6	2
spinalcord_4989	4392.87037037037	8717.41666666667	17.0555555555556	STARmap_plus	spinalcord	7	6	0	4	1.44518587894808	1	2	2	0	6	2
spinalcord_4990	5046.310502283111	8153.493150684929	17.5205479452055	STARmap_plus	spinalcord	7	6	0	4	1.52220223234363	1	2	2	4	6	2
spinalcord_4991	4238.550847457629	8611.71186440678	13.432203389830502	STARmap_plus	spinalcord	7	6	0	4	1.44518587894808	1	2	2	0	6	2
spinalcord_4992	4369.559322033901	8256.27118644068	11.1271186440678	STARmap_plus	spinalcord	7	6	0	4	1.44518587894808	1	2	2	0	6	2
spinalcord_4993	4201.9790356394105	9001.3605870021	16.2788259958071	STARmap_plus	spinalcord	7	6	0	4	1.2475491601766	1	6	2	0	6	2
spinalcord_4994	5009.97709923664	9177.03053435114	12.1526717557252	STARmap_plus	spinalcord	7	6	0	4	1.40667770225031	1	2	2	1	6	2
spinalcord_4995	4902.05194805195	9366.72077922078	9.41233766233766	STARmap_plus	spinalcord	7	6	0	4	1.50766756168351	6	2	2	0	6	2
spinalcord_4996	4261.304812834221	8269.5614973262	15.5989304812834	STARmap_plus	spinalcord	7	6	0	4	1.44518587894808	1	2	2	0	6	2
spinalcord_4997	4246.81875	8348.18125	18.24375	STARmap_plus	spinalcord	7	6	0	4	1.44518587894808	1	2	2	0	6	2
spinalcord_4998	4408.16831683168	8905.4504950495	17.049504950495	STARmap_plus	spinalcord	7	6	0	4	1.23301448951648	1	6	2	3	6	2
spinalcord_4999	4612.220779220779	8820.90909090909	16.1038961038961	STARmap_plus	spinalcord	7	6	0	4	1.2475491601766	1	6	2	0	6	2
spinalcord_5000	4960.41772151899	9447.73417721519	15.9367088607595	STARmap_plus	spinalcord	7	5	5	6	1.31512667819463	6	2	4	1	6	1
spinalcord_5001	4347.740458015271	8296.595419847328	13.351145038167902	STARmap_plus	spinalcord	7	6	0	4	1.44518587894808	1	2	2	0	6	2
spinalcord_5002	4265.161904761911	8562.31904761905	15.1333333333333	STARmap_plus	spinalcord	7	6	0	4	1.44518587894808	1	2	2	0	6	2
spinalcord_5003	4423.0377358490605	9436.67924528302	18.5660377358491	STARmap_plus	spinalcord	7	6	0	4	1.2475491601766	1	6	2	0	6	2
spinalcord_5004	5173.0	8541.96917808219	11.0684931506849	STARmap_plus	spinalcord	7	6	0	4	1.2475491601766	1	6	2	0	6	2
spinalcord_5005	4694.75	8430.90909090909	17.363636363636402	STARmap_plus	spinalcord	7	6	0	4	1.2475491601766	1	6	2	0	6	2
spinalcord_5006	4724.414364640879	8400.558011049721	16.9558011049724	STARmap_plus	spinalcord	7	6	0	4	1.2475491601766	1	6	2	0	6	2
spinalcord_5007	4576.533333333329	8217.66666666667	19.12	STARmap_plus	spinalcord	7	6	0	4	1.44518587894808	1	2	2	0	6	2
spinalcord_5008	4654.40053763441	8503.55107526882	20.0188172043011	STARmap_plus	spinalcord	7	6	0	4	1.2475491601766	1	6	2	0	6	2
spinalcord_5009	4348.48397435897	9227.30128205128	21.8685897435897	STARmap_plus	spinalcord	7	6	0	4	1.2475491601766	1	6	2	0	6	2
spinalcord_5010	4804.17948717949	8995.41025641026	12.4871794871795	STARmap_plus	spinalcord	7	6	0	4	1.44518587894808	1	2	2	0	6	2
spinalcord_5011	4524.12222222222	8182.03333333333	19.8777777777778	STARmap_plus	spinalcord	7	6	0	4	1.44518587894808	1	2	2	0	6	2
spinalcord_5012	4951.46735395189	9408.3058419244	16.5429553264605	STARmap_plus	spinalcord	7	6	0	4	1.37760836093005	6	2	4	0	6	2
spinalcord_5013	4976.6724137931	8583.97126436782	13.9540229885057	STARmap_plus	spinalcord	7	6	0	4	1.44518587894808	1	2	2	0	6	2
spinalcord_5014	4323.39527027027	8742.243243243242	17.4358108108108	STARmap_plus	spinalcord	7	6	0	4	1.2475491601766	1	6	2	0	6	2
spinalcord_5015	5390.9203539823	8466.734513274341	13.274336283185802	STARmap_plus	spinalcord	7	6	0	4	1.33910018423228	1	6	1	0	6	2
spinalcord_5016	4447.28260869565	9314.36521739131	19.0565217391304	STARmap_plus	spinalcord	7	6	0	4	1.2475491601766	1	6	2	0	6	2
spinalcord_5017	5371.09633027523	9088.28440366972	15.252293577981698	STARmap_plus	spinalcord	7	5	1	6	1.44518587894808	2	2	4	1	2	1
spinalcord_5018	4199.97777777778	8387.33333333333	16.5666666666667	STARmap_plus	spinalcord	7	6	0	4	1.44518587894808	1	2	2	0	6	2
spinalcord_5019	5399.09917355372	8419.479338842979	12.3305785123967	STARmap_plus	spinalcord	7	6	0	4	1.33910018423228	1	6	1	0	6	2
spinalcord_5020	5326.6608478803	9006.37157107232	10.7930174563591	STARmap_plus	spinalcord	7	6	0	4	1.35363485489241	1	2	4	0	3	2
spinalcord_5021	4810.12056737589	8478.13475177305	13.4113475177305	STARmap_plus	spinalcord	7	6	0	4	1.44518587894808	1	2	2	0	6	2
spinalcord_5022	5383.22619047619	8777.29761904762	15.1111111111111	STARmap_plus	spinalcord	7	6	0	4	1.2475491601766	1	6	2	0	6	2
spinalcord_5023	5251.5	8765.544303797471	14.3860759493671	STARmap_plus	spinalcord	7	6	0	4	1.44518587894808	1	2	2	0	6	2
spinalcord_5024	4287.06297229219	8841.23425692695	18.0352644836272	STARmap_plus	spinalcord	7	6	0	4	1.2475491601766	1	6	2	0	6	2
spinalcord_5025	4186.87	8631.77	17.95	STARmap_plus	spinalcord	7	6	0	4	1.44518587894808	1	2	2	0	6	2
spinalcord_5026	5380.610619469029	8978.327433628321	10.6637168141593	STARmap_plus	spinalcord	7	6	0	4	1.35363485489241	1	2	4	0	3	2
spinalcord_5027	5158.96265560166	8801.64730290456	18.4813278008299	STARmap_plus	spinalcord	7	6	0	4	1.27661850149686	1	4	2	0	6	2
spinalcord_5028	5437.373333333329	8304.16666666667	13.0266666666667	STARmap_plus	spinalcord	7	6	0	4	1.33910018423228	1	6	1	0	6	2
spinalcord_5029	4250.6282051282105	8727.44871794872	19.7051282051282	STARmap_plus	spinalcord	7	6	0	4	1.2475491601766	1	6	2	0	6	2
spinalcord_5030	4257.75187969925	9165.887218045107	20.4962406015038	STARmap_plus	spinalcord	7	6	0	4	1.2475491601766	1	6	2	0	6	2
spinalcord_5031	5977.604651162789	9402.68604651163	19.6395348837209	STARmap_plus	spinalcord	7	2	1	5	1.30059200753451	2	1	0	1	1	4
spinalcord_5032	6307.49110320285	9287.754448398578	13.6227758007117	STARmap_plus	spinalcord	7	5	1	6	1.43065120828796	6	2	0	1	1	1
spinalcord_5033	6791.850961538461	8671.31971153846	12.7596153846154	STARmap_plus	spinalcord	7	1	3	1	1.07125077781863	3	3	3	2	4	0
spinalcord_5034	5985.618556701031	8981.0	17.2680412371134	STARmap_plus	spinalcord	7	5	1	6	1.17053280678105	6	1	0	1	2	1
spinalcord_5035	6744.7427184466005	9035.55339805825	15.3543689320388	STARmap_plus	spinalcord	7	3	2	2	1.40667770225031	4	5	5	2	3	5
spinalcord_5036	6430.25	8472.414156626508	17.4382530120482	STARmap_plus	spinalcord	7	1	0	1	1.43065120828796	3	2	1	0	6	0
spinalcord_5037	6550.67441860465	9337.91472868217	10.968992248062	STARmap_plus	spinalcord	7	3	6	5	1.33910018423228	4	1	4	1	1	5
spinalcord_5038	5689.75663716814	8325.661504424781	18.8318584070796	STARmap_plus	spinalcord	7	1	0	1	1.4015818669677	3	3	1	0	6	2
spinalcord_5039	5947.41987179487	9276.592948717953	20.900641025641	STARmap_plus	spinalcord	7	2	1	5	1.22357565413896	2	1	0	1	1	1
spinalcord_5040	6655.4932735426	8770.78475336323	15.1300448430493	STARmap_plus	spinalcord	7	1	3	1	0.930583007593598	6	3	5	2	4	0
spinalcord_5041	5496.88219544846	8632.6546184739	16.5327978580991	STARmap_plus	spinalcord	7	6	0	4	1.39214303159018	1	2	2	0	1	2
spinalcord_5042	6667.4071729957805	8626.20886075949	14.1497890295359	STARmap_plus	spinalcord	7	1	3	1	1.06921244370559	6	3	1	0	4	0
spinalcord_5043	6146.9754601227005	9077.8773006135	13.239263803680998	STARmap_plus	spinalcord	7	5	1	6	1.11748995942315	6	1	0	4	2	1
spinalcord_5044	6203.537246049661	8329.6230248307	20.8690744920993	STARmap_plus	spinalcord	7	6	0	4	1.33910018423228	1	6	1	0	6	2
spinalcord_5045	5725.92	9147.45	16.82	STARmap_plus	spinalcord	7	2	1	6	1.05500827668773	2	1	0	1	2	1
spinalcord_5046	6224.6	8476.2875	15.0125	STARmap_plus	spinalcord	7	5	5	1	1.20904098347883	6	2	4	0	2	0
spinalcord_5047	6508.16577540107	8779.52228163993	18.0320855614973	STARmap_plus	spinalcord	7	5	1	6	1.30059200753451	6	1	4	1	2	1
spinalcord_5048	6444.1421319797	8547.47208121827	16.4060913705584	STARmap_plus	spinalcord	7	5	5	1	1.35363485489241	6	2	1	1	2	0
spinalcord_5049	5526.48214285714	9424.69642857143	16.946428571428598	STARmap_plus	spinalcord	7	2	1	6	1.05500827668773	2	1	0	1	2	1
spinalcord_5050	6684.83173076923	8462.55528846154	17.21875	STARmap_plus	spinalcord	7	1	3	1	1.04697613770591	3	3	1	2	4	0
spinalcord_5051	5507.34954407295	9172.29787234042	17.2644376899696	STARmap_plus	spinalcord	7	2	1	6	1.05500827668773	2	1	0	1	2	1
spinalcord_5052	6630.7072368421	9424.94736842105	15.911184210526304	STARmap_plus	spinalcord	7	2	1	5	1.06954294734786	4	1	0	1	1	5
spinalcord_5053	5941.492957746479	8663.672032193159	12.4969818913481	STARmap_plus	spinalcord	7	5	0	4	1.48369405564586	6	6	4	0	6	1
spinalcord_5054	6622.65523465704	8214.35559566787	14.1606498194946	STARmap_plus	spinalcord	7	1	0	1	1.43065120828796	3	2	1	0	6	0
spinalcord_5055	6021.771241830071	8227.98039215686	18.640522875817	STARmap_plus	spinalcord	7	6	0	4	1.33910018423228	1	6	1	0	6	2
spinalcord_5056	5983.32766615147	8778.54095826893	14.9984544049459	STARmap_plus	spinalcord	7	5	5	6	1.35363485489241	6	2	4	4	2	1
spinalcord_5057	5691.73051948052	9334.168831168829	19.6818181818182	STARmap_plus	spinalcord	7	2	1	7	1.13202463008328	2	1	0	1	2	4
spinalcord_5058	6093.883720930229	8793.16279069767	18.436046511627897	STARmap_plus	spinalcord	7	5	5	6	1.39214303159018	6	2	4	1	2	1
spinalcord_5059	6474.47354497355	8360.25396825397	16.7261904761905	STARmap_plus	spinalcord	7	6	0	4	1.33910018423228	3	6	1	0	6	2
spinalcord_5060	6692.04347826087	8880.02341137124	12.0702341137124	STARmap_plus	spinalcord	7	3	2	2	1.26208383083673	4	5	3	2	3	5
spinalcord_5061	6462.438596491229	8678.438596491229	18.719298245614	STARmap_plus	spinalcord	7	5	1	6	1.30059200753451	6	1	4	1	2	1
spinalcord_5062	6607.99682539683	8459.269841269841	19.6206349206349	STARmap_plus	spinalcord	7	1	3	1	1.04697613770591	3	3	1	2	4	0
spinalcord_5063	6458.737226277371	8178.220802919709	18.6204379562044	STARmap_plus	spinalcord	7	6	0	4	1.33910018423228	3	6	1	0	6	2
spinalcord_5064	6588.00871080139	9134.66027874564	13.825783972125402	STARmap_plus	spinalcord	7	3	6	2	1.38704719630758	4	2	5	0	7	5
spinalcord_5065	5544.81818181818	9049.90559440559	18.2832167832168	STARmap_plus	spinalcord	7	2	1	6	1.05500827668773	2	1	0	1	2	1
spinalcord_5066	6722.11522633745	8774.04938271605	14.467078189300402	STARmap_plus	spinalcord	7	1	3	1	1.35447408534419	3	3	3	3	4	5
spinalcord_5067	6568.63846153846	8893.619230769229	15.4307692307692	STARmap_plus	spinalcord	7	3	2	2	1.32933084521249	4	5	5	0	4	5
spinalcord_5068	6150.715789473679	9232.489473684209	14.6368421052632	STARmap_plus	spinalcord	7	5	1	6	1.33910018423228	6	1	0	1	1	1
spinalcord_5069	6597.036866359449	8700.341013824891	15.350230414746498	STARmap_plus	spinalcord	7	1	3	1	1.36307369026993	6	3	1	1	7	0
spinalcord_5070	6804.53546099291	8434.7695035461	15.1613475177305	STARmap_plus	spinalcord	7	1	3	1	1.04697613770591	3	3	1	2	4	0
spinalcord_5071	5631.45454545455	9472.03896103896	11.7012987012987	STARmap_plus	spinalcord	7	2	1	7	1.13202463008328	2	1	0	1	2	4
spinalcord_5072	6366.85923753666	8844.37829912024	14.7859237536657	STARmap_plus	spinalcord	7	5	6	6	1.36816952555253	6	1	4	4	2	5
spinalcord_5073	6669.345588235289	8521.742647058822	15.779411764705902	STARmap_plus	spinalcord	7	1	3	1	1.06921244370559	6	3	1	0	4	0
spinalcord_5074	6359.67741935484	9412.0	13.0	STARmap_plus	spinalcord	7	2	1	5	1.22357565413896	2	1	0	1	1	1
spinalcord_5075	6693.9714964370605	8952.70783847981	13.6199524940618	STARmap_plus	spinalcord	7	3	2	2	1.26208383083673	4	5	3	2	3	5
spinalcord_5076	6220.845605700711	8784.498812351541	14.890736342042802	STARmap_plus	spinalcord	7	5	1	6	1.17053280678105	6	1	0	1	2	1
spinalcord_5077	6777.901162790699	8531.682170542641	16.25	STARmap_plus	spinalcord	7	1	3	1	1.31305897451439	3	3	3	0	4	0
spinalcord_5078	6290.10416666667	8666.77314814815	14.9351851851852	STARmap_plus	spinalcord	7	5	1	6	1.13202463008328	6	1	0	1	2	0
spinalcord_5079	6298.78869047619	8327.059523809521	20.1369047619048	STARmap_plus	spinalcord	7	6	0	4	1.33910018423228	3	6	1	0	6	2
spinalcord_5080	6167.38108882521	8244.99426934097	18.8223495702006	STARmap_plus	spinalcord	7	6	0	4	1.26208383083673	1	6	1	4	6	2
spinalcord_5081	5967.89664082687	8518.710594315251	18.7571059431525	STARmap_plus	spinalcord	7	6	0	4	1.2475491601766	1	6	2	0	6	2
spinalcord_5082	5526.535315985129	8746.71003717472	14.9665427509294	STARmap_plus	spinalcord	7	6	0	4	1.2475491601766	1	6	2	0	6	2
spinalcord_5083	6088.661835748791	9344.33333333333	20.048309178744	STARmap_plus	spinalcord	7	2	1	6	1.22357565413896	2	1	0	1	1	1
spinalcord_5084	5702.75	8769.41114457831	17.355421686747	STARmap_plus	spinalcord	7	6	0	4	1.52220223234363	1	2	4	0	6	2
spinalcord_5085	6027.50197628458	8292.14624505929	18.0355731225296	STARmap_plus	spinalcord	7	6	0	4	1.39214303159018	1	2	1	0	6	2
spinalcord_5086	5824.934169279	8508.373040752349	17.448275862069	STARmap_plus	spinalcord	7	6	0	4	1.2475491601766	1	6	2	0	6	2
spinalcord_5087	5615.005291005289	9233.67195767196	19.6402116402116	STARmap_plus	spinalcord	7	2	1	6	1.05500827668773	2	1	0	1	2	1
spinalcord_5088	5493.2319391635	8477.20912547528	18.830798479087505	STARmap_plus	spinalcord	7	6	0	4	1.33910018423228	1	6	1	0	6	2
spinalcord_5089	6803.86404066074	9285.20965692503	13.8106734434562	STARmap_plus	spinalcord	7	3	2	2	1.35363485489241	4	3	5	0	3	5
spinalcord_5090	5652.28553921569	8617.738970588242	20.7377450980392	STARmap_plus	spinalcord	7	6	0	4	1.2475491601766	1	6	2	0	6	2
spinalcord_5091	6238.26602564103	8930.75641025641	18.0833333333333	STARmap_plus	spinalcord	7	5	1	6	1.17053280678105	6	1	0	1	2	1
spinalcord_5092	6421.23305084746	8937.39830508475	18.8686440677966	STARmap_plus	spinalcord	7	5	5	6	1.27661850149686	6	2	5	1	2	5
spinalcord_5093	5498.14830508475	8236.0720338983	17.1271186440678	STARmap_plus	spinalcord	7	6	0	4	1.33910018423228	1	6	1	0	6	2
spinalcord_5094	6338.951851851851	8562.7037037037	16.0074074074074	STARmap_plus	spinalcord	7	5	5	6	1.22357565413896	6	2	4	1	2	0
spinalcord_5095	6019.70673076923	8887.21634615385	20.5913461538462	STARmap_plus	spinalcord	7	5	1	6	1.17053280678105	6	1	0	1	2	1
spinalcord_5096	5894.13043478261	8762.45652173913	19.896739130434803	STARmap_plus	spinalcord	7	5	5	6	1.39214303159018	6	2	4	1	2	1
spinalcord_5097	6746.90977443609	9490.97744360902	18.32330827067669	STARmap_plus	spinalcord	7	3	6	5	1.26208383083673	4	1	5	1	1	5
spinalcord_5098	6518.360189573461	9075.90995260663	16.2417061611374	STARmap_plus	spinalcord	7	3	6	2	1.38704719630758	4	2	5	0	7	5
spinalcord_5099	6108.597938144329	8568.30927835052	18.9278350515464	STARmap_plus	spinalcord	7	5	5	6	1.22357565413896	6	2	4	1	2	0
spinalcord_5100	6780.3858267716505	9134.38582677165	13.9685039370079	STARmap_plus	spinalcord	7	3	2	2	1.50766756168351	4	5	5	0	3	5
spinalcord_5101	6149.807365439089	9032.354107648727	15.6232294617564	STARmap_plus	spinalcord	7	5	1	6	1.11748995942315	6	1	0	4	2	1
spinalcord_5102	5743.05309734513	8254.36725663717	15.3451327433628	STARmap_plus	spinalcord	7	6	0	1	1.32456551357215	3	2	1	0	6	2
spinalcord_5103	5612.33689839572	8967.57754010695	18.096256684492	STARmap_plus	spinalcord	7	5	5	6	1.31512667819463	2	2	4	0	6	1
spinalcord_5104	6672.977329974809	9089.09068010075	17.624685138539	STARmap_plus	spinalcord	7	3	2	2	1.40667770225031	4	5	5	2	3	5
spinalcord_5105	6692.43036211699	8375.68384401114	18.4902506963788	STARmap_plus	spinalcord	7	1	3	1	1.2004413785531	3	3	1	0	4	0
spinalcord_5106	6595.39751552795	8776.02173913043	20.3167701863354	STARmap_plus	spinalcord	7	3	3	1	1.14245326295013	6	3	5	2	4	5
spinalcord_5107	5909.32631578947	8868.35789473684	19.7031578947368	STARmap_plus	spinalcord	7	5	1	6	1.30059200753451	6	1	4	1	2	1
spinalcord_5108	5660.027586206899	9062.47586206897	21.6413793103448	STARmap_plus	spinalcord	7	5	1	6	1.30059200753451	2	2	0	1	2	1
spinalcord_5109	6422.026229508199	8280.422950819671	16.6393442622951	STARmap_plus	spinalcord	7	6	0	4	1.33910018423228	3	6	1	0	6	2
spinalcord_5110	5864.225225225229	9466.93693693694	22.8108108108108	STARmap_plus	spinalcord	7	2	1	5	1.30059200753451	2	1	0	1	1	4
spinalcord_5111	6679.19801980198	9434.50495049505	16.039603960396	STARmap_plus	spinalcord	7	3	6	5	1.33910018423228	4	1	4	1	1	5
spinalcord_5112	6419.02564102564	8607.1452991453	18.888888888888896	STARmap_plus	spinalcord	7	5	6	7	0.895879734614027	6	1	4	3	2	0
spinalcord_5113	5932.239837398371	8222.63414634146	17.804878048780502	STARmap_plus	spinalcord	7	6	0	4	1.39214303159018	1	2	1	0	6	2
spinalcord_5114	6200.28125	9446.365625	14.90625	STARmap_plus	spinalcord	7	2	1	5	1.22357565413896	2	1	0	1	1	1
spinalcord_5115	5953.59307359307	9474.85714285714	20.9004329004329	STARmap_plus	spinalcord	7	2	1	5	1.30059200753451	2	1	0	1	1	4
spinalcord_5116	6269.71282051282	8419.717948717951	17.533333333333303	STARmap_plus	spinalcord	7	6	0	4	1.36307369026993	3	6	2	0	6	0
spinalcord_5117	6332.74444444444	9476.27777777778	11.7111111111111	STARmap_plus	spinalcord	7	2	1	5	1.10295528876303	2	1	0	1	1	5
spinalcord_5118	5991.34848484848	9054.75757575758	16.106060606060602	STARmap_plus	spinalcord	7	5	1	6	1.17053280678105	6	1	0	1	2	1
spinalcord_5119	5907.078740157479	8988.13385826772	19.1102362204724	STARmap_plus	spinalcord	7	5	1	6	1.17053280678105	6	1	0	1	2	1
spinalcord_5120	6368.734513274339	9215.0796460177	18.3097345132743	STARmap_plus	spinalcord	7	5	5	1	1.33910018423228	6	2	4	0	7	5
spinalcord_5121	6341.741865509761	8385.0715835141	15.225596529284198	STARmap_plus	spinalcord	7	6	0	4	1.33910018423228	3	6	1	0	6	2
spinalcord_5122	6182.32404181185	8552.066202090591	15.174216027874598	STARmap_plus	spinalcord	7	5	5	6	1.22357565413896	6	2	4	1	2	0
spinalcord_5123	5807.7590909090895	9145.85	19.6454545454545	STARmap_plus	spinalcord	7	2	1	6	1.05500827668773	2	1	0	1	2	1
spinalcord_5124	5543.8962264150905	8957.924528301892	20.622641509434	STARmap_plus	spinalcord	7	4	0	4	1.52220223234363	1	2	4	0	6	1
spinalcord_5125	5932.30640243902	8459.39329268293	18.9954268292683	STARmap_plus	spinalcord	7	6	0	4	1.33910018423228	1	6	1	0	6	2
spinalcord_5126	5834.62480376766	8653.902668759809	15.354788069073802	STARmap_plus	spinalcord	7	6	0	4	1.44518587894808	1	2	2	0	6	2
spinalcord_5127	6102.4748603352	8303.46089385475	20.8379888268156	STARmap_plus	spinalcord	7	6	0	4	1.33910018423228	1	6	1	0	6	2
spinalcord_5128	5512.90800681431	8838.609880749571	18.0698466780239	STARmap_plus	spinalcord	7	6	0	4	1.52220223234363	1	2	4	0	6	2
spinalcord_5129	5475.347826086961	9096.1847826087	20.771739130434803	STARmap_plus	spinalcord	7	2	1	6	1.05500827668773	2	1	0	1	2	1
spinalcord_5130	6714.89743589744	8671.41666666667	13.3141025641026	STARmap_plus	spinalcord	7	1	3	1	1.26975609660909	6	3	1	0	4	5
spinalcord_5131	5599.73	9295.69	20.51	STARmap_plus	spinalcord	7	2	1	7	1.13202463008328	2	1	0	1	2	4
spinalcord_5132	6561.18852459016	8241.18032786885	16.9385245901639	STARmap_plus	spinalcord	7	6	0	4	1.33910018423228	3	6	1	0	6	2
spinalcord_5133	5466.2347826087	8418.4	20.2	STARmap_plus	spinalcord	7	6	0	4	1.33910018423228	1	6	1	0	6	2
spinalcord_5134	5727.035874439461	9215.58744394619	18.914798206278	STARmap_plus	spinalcord	7	2	1	7	1.13202463008328	2	1	0	1	2	4
spinalcord_5135	6500.60119047619	8864.940476190479	18.6011904761905	STARmap_plus	spinalcord	7	3	2	2	1.39981529736254	4	1	5	2	4	5
spinalcord_5136	6796.48583877996	9009.94989106754	15.1089324618736	STARmap_plus	spinalcord	7	3	2	2	1.26208383083673	4	5	3	2	3	5
spinalcord_5137	5702.322033898299	8695.77966101695	19.7627118644068	STARmap_plus	spinalcord	7	6	0	4	1.2475491601766	1	6	2	0	6	2
spinalcord_5138	6144.75824175824	8927.2967032967	18.73626373626369	STARmap_plus	spinalcord	7	5	1	6	1.17053280678105	6	1	0	1	2	1
spinalcord_5139	5983.701863354039	8581.65838509317	14.5403726708075	STARmap_plus	spinalcord	7	6	0	4	1.50766756168351	1	2	2	3	6	2
spinalcord_5140	6560.391428571429	8639.24857142857	20.6142857142857	STARmap_plus	spinalcord	7	5	5	1	1.30059200753451	6	2	4	0	7	1
spinalcord_5141	6413.357664233579	8750.598540145991	19.2737226277372	STARmap_plus	spinalcord	7	5	1	6	1.30059200753451	6	1	4	1	2	1
spinalcord_5142	6112.348837209301	9413.3023255814	14.3953488372093	STARmap_plus	spinalcord	7	2	1	5	1.22357565413896	2	1	0	1	1	1
spinalcord_5143	5624.265714285711	8362.52285714286	18.342857142857103	STARmap_plus	spinalcord	7	1	3	1	1.19957277853411	1	3	1	2	4	2
spinalcord_5144	6102.8263888888905	9267.77083333333	16.0902777777778	STARmap_plus	spinalcord	7	2	1	6	1.27661850149686	2	1	0	0	1	1
spinalcord_5145	6500.6175	8247.5075	17.0	STARmap_plus	spinalcord	7	6	0	4	1.33910018423228	3	6	1	0	6	2
spinalcord_5146	6096.05309734513	8835.49557522124	20.141592920354	STARmap_plus	spinalcord	7	5	1	6	1.33910018423228	6	2	0	1	2	1
spinalcord_5147	5550.94047619048	9313.61904761905	21.785714285714302	STARmap_plus	spinalcord	7	2	1	6	1.05500827668773	2	1	0	1	2	1
spinalcord_5148	5769.331606217621	8343.9896373057	22.642487046632105	STARmap_plus	spinalcord	7	1	0	1	1.4015818669677	3	3	1	0	6	2
spinalcord_5149	6086.985330073349	8197.13936430318	18.8068459657702	STARmap_plus	spinalcord	7	6	0	4	1.33910018423228	1	6	1	0	6	2
spinalcord_5150	6292.2625	8772.14375	15.125	STARmap_plus	spinalcord	7	5	1	6	1.17053280678105	6	1	0	1	2	1
spinalcord_5151	6509.267912772591	8299.90965732087	13.613707165109	STARmap_plus	spinalcord	7	6	0	4	1.33910018423228	3	6	1	0	6	2
spinalcord_5152	6402.224832214771	8200.681208053691	19.2013422818792	STARmap_plus	spinalcord	7	6	0	4	1.20904098347883	3	4	1	0	6	2
spinalcord_5153	5947.509345794389	8287.509345794391	20.1588785046729	STARmap_plus	spinalcord	7	6	0	4	1.41611653762783	1	2	1	3	6	2
spinalcord_5154	5592.17741935484	9452.387096774191	18.5322580645161	STARmap_plus	spinalcord	7	2	1	7	1.13202463008328	2	1	0	1	2	4
spinalcord_5155	6391.83916083916	9273.706293706293	19.4195804195804	STARmap_plus	spinalcord	7	5	5	5	1.35363485489241	6	2	4	1	1	5
spinalcord_5156	6763.582417582421	8748.23076923077	9.52747252747253	STARmap_plus	spinalcord	7	1	3	1	1.28429076726922	3	3	3	0	4	5
spinalcord_5157	6189.05263157895	8389.41274238227	20.7202216066482	STARmap_plus	spinalcord	7	6	0	4	1.2475491601766	1	6	2	0	6	2
spinalcord_5158	6432.54285714286	8721.08571428571	11.3714285714286	STARmap_plus	spinalcord	7	5	1	6	1.30059200753451	6	1	4	1	2	1
spinalcord_5159	5916.79166666667	9396.61458333333	22.71875	STARmap_plus	spinalcord	7	2	1	5	1.2475491601766	2	1	0	3	1	4
spinalcord_5160	6580.24778761062	9061.07079646018	15.5044247787611	STARmap_plus	spinalcord	7	3	6	2	1.38704719630758	4	2	5	0	7	5
spinalcord_5161	6795.095238095239	9393.5873015873	17.9285714285714	STARmap_plus	spinalcord	7	3	6	2	1.19960214810131	4	1	4	1	3	5
spinalcord_5162	6103.21367521367	8897.64957264957	22.8803418803419	STARmap_plus	spinalcord	7	5	1	6	1.13202463008328	6	1	0	1	2	5
spinalcord_5163	6292.80830670926	8259.64536741214	19.9776357827476	STARmap_plus	spinalcord	7	6	0	4	1.33910018423228	3	6	1	0	6	2
spinalcord_5164	6619.09219858156	8653.36170212766	18.8794326241135	STARmap_plus	spinalcord	7	1	3	1	1.2475491601766	6	3	1	0	7	0
spinalcord_5165	5979.3902439024405	8182.878048780491	19.4634146341463	STARmap_plus	spinalcord	7	6	0	4	1.39214303159018	1	2	1	0	6	2
spinalcord_5166	6396.76358695652	8402.44293478261	15.5652173913043	STARmap_plus	spinalcord	7	6	0	4	1.33910018423228	3	6	1	0	6	2
spinalcord_5167	5966.069767441861	8323.546511627908	12.0581395348837	STARmap_plus	spinalcord	7	6	0	4	1.33910018423228	1	6	1	0	6	2
spinalcord_5168	6173.12903225806	8318.129032258059	16.0	STARmap_plus	spinalcord	7	6	0	4	1.33910018423228	1	6	1	0	6	2
spinalcord_5169	5550.04591836735	9245.270408163273	22.6275510204082	STARmap_plus	spinalcord	7	2	1	6	1.05500827668773	2	1	0	1	2	1
spinalcord_5170	6640.29237288136	8867.256355932199	14.021186440678	STARmap_plus	spinalcord	7	3	2	2	1.26208383083673	4	5	3	2	3	5
spinalcord_5171	6621.777777777779	8523.28703703704	19.3148148148148	STARmap_plus	spinalcord	7	1	3	1	1.19927164445904	6	3	1	1	4	0
spinalcord_5172	6627.28767123288	8970.64726027397	19.236301369863	STARmap_plus	spinalcord	7	3	2	2	1.40667770225031	4	5	5	2	3	5
spinalcord_5173	6623.01913875598	8152.244019138759	18.095693779904305	STARmap_plus	spinalcord	7	1	3	1	1.43065120828796	3	2	1	1	6	0
spinalcord_5174	5466.86813186813	9040.31868131868	17.3516483516484	STARmap_plus	spinalcord	7	5	5	6	1.48369405564586	2	2	4	0	2	1
spinalcord_5175	5861.18348623853	9404.14678899083	18.422018348623897	STARmap_plus	spinalcord	7	2	1	5	1.30059200753451	2	1	0	1	1	4
spinalcord_5176	7375.82042253521	8975.389084507042	10.887323943662	STARmap_plus	spinalcord	7	3	2	2	1.40667770225031	4	5	5	2	3	5
spinalcord_5177	7214.18209876543	8835.064814814821	10.9845679012346	STARmap_plus	spinalcord	7	3	2	2	1.48369405564586	4	5	3	0	3	5
spinalcord_5178	7323.265536723159	8834.9802259887	9.19774011299435	STARmap_plus	spinalcord	7	3	2	2	1.26208383083673	4	5	3	2	3	5
spinalcord_5179	6914.151807228921	8955.385542168671	8.1710843373494	STARmap_plus	spinalcord	7	3	2	2	1.26208383083673	4	5	3	2	3	5
spinalcord_5180	7751.5900826446305	8721.42314049587	9.57685950413223	STARmap_plus	spinalcord	7	3	2	2	1.26208383083673	4	5	3	2	3	5
spinalcord_5181	7505.6507462686595	8463.31641791045	11.265671641791	STARmap_plus	spinalcord	7	1	3	2	1.16759650308183	3	3	3	2	4	5
spinalcord_5182	7689.667731629391	8646.341853035141	13.2268370607029	STARmap_plus	spinalcord	7	3	2	2	1.26208383083673	4	5	3	2	3	5
spinalcord_5183	7082.67867036011	8591.362880886429	14.2520775623269	STARmap_plus	spinalcord	7	1	3	1	1.07125077781863	3	3	3	2	4	0
spinalcord_5184	6813.18881118881	8345.98135198135	12.7086247086247	STARmap_plus	spinalcord	7	1	3	1	1.2004413785531	3	3	1	0	4	0
spinalcord_5185	7118.367454068241	8766.66929133858	14.0656167979003	STARmap_plus	spinalcord	7	3	2	2	1.23124791991132	3	5	3	2	4	5
spinalcord_5186	7461.39047619048	8832.5	11.209523809523802	STARmap_plus	spinalcord	7	3	2	2	1.26208383083673	4	5	3	2	3	5
spinalcord_5187	7011.57457212714	8654.64547677262	11.6968215158924	STARmap_plus	spinalcord	7	1	3	1	1.07125077781863	3	3	3	2	4	0
spinalcord_5188	6971.88820826953	9002.839203675341	9.917304747320062	STARmap_plus	spinalcord	7	3	2	2	1.26208383083673	4	5	3	2	3	5
spinalcord_5189	7193.83661417323	9009.32086614173	11.915354330708698	STARmap_plus	spinalcord	7	3	2	2	1.26208383083673	4	5	3	2	3	5
spinalcord_5190	7226.911999999999	8447.85066666667	12.3226666666667	STARmap_plus	spinalcord	7	1	3	1	1.07125077781863	3	3	3	2	4	0
spinalcord_5191	6987.65832290363	8413.35919899875	14.5782227784731	STARmap_plus	spinalcord	7	1	3	1	1.07125077781863	3	3	3	2	4	0
spinalcord_5192	7181.595907928391	8555.06649616368	12.7314578005115	STARmap_plus	spinalcord	7	1	3	1	1.07125077781863	3	3	3	2	4	0
spinalcord_5193	7279.34560327198	8565.462167689158	13.1349693251534	STARmap_plus	spinalcord	7	1	3	1	1.31305897451439	3	3	3	0	4	0
spinalcord_5194	7076.72631578947	8315.6	11.7342105263158	STARmap_plus	spinalcord	7	1	3	1	1.31305897451439	3	3	3	0	4	0
spinalcord_5195	7702.441860465121	8355.60465116279	14.2093023255814	STARmap_plus	spinalcord	7	3	2	2	1.44518587894808	3	5	3	3	3	5
spinalcord_5196	7465.647398843929	8665.01445086705	13.228323699422	STARmap_plus	spinalcord	7	3	2	2	1.26208383083673	4	5	3	2	3	5
spinalcord_5197	7272.13095238095	8485.017857142859	13.3839285714286	STARmap_plus	spinalcord	7	1	3	1	1.31305897451439	3	3	3	0	4	0
spinalcord_5198	7016.721254355401	9404.7212543554	11.8536585365854	STARmap_plus	spinalcord	7	3	6	5	1.26208383083673	4	1	5	1	1	5
spinalcord_5199	7005.112311015121	8791.248380129591	10.7537796976242	STARmap_plus	spinalcord	7	3	2	2	1.23124791991132	3	5	3	2	4	5
spinalcord_5200	7553.079365079359	8349.449735449742	15.0899470899471	STARmap_plus	spinalcord	7	1	3	1	1.07125077781863	3	3	3	2	4	0
spinalcord_5201	7087.61307901907	8950.61852861035	12.1607629427793	STARmap_plus	spinalcord	7	3	2	2	1.26208383083673	4	5	3	2	3	5
spinalcord_5202	7219.227941176469	8502.242647058822	11.6176470588235	STARmap_plus	spinalcord	7	1	3	1	1.07125077781863	3	3	3	2	4	0
spinalcord_5203	7626.44472361809	8870.04271356784	14.9170854271357	STARmap_plus	spinalcord	7	3	2	2	1.26208383083673	4	5	3	2	3	5
spinalcord_5204	7315.08851674641	8229.82416267943	14.4461722488038	STARmap_plus	spinalcord	7	1	3	1	1.31305897451439	3	3	3	0	4	0
spinalcord_5205	7083.750436300171	9115.91972076789	11.347294938918	STARmap_plus	spinalcord	7	3	2	2	1.26208383083673	4	5	3	2	3	5
spinalcord_5206	7599.4310051107295	8926.17887563884	14.5332197614991	STARmap_plus	spinalcord	7	3	2	2	1.26208383083673	4	5	3	2	3	5
spinalcord_5207	7699.57035175879	8273.04020100503	17.4773869346734	STARmap_plus	spinalcord	7	3	2	2	1.23124791991132	3	5	3	2	4	5
spinalcord_5208	7310.605932203391	9179.16949152542	13.2966101694915	STARmap_plus	spinalcord	7	3	6	5	1.26208383083673	4	1	5	1	1	5
spinalcord_5209	7601.542299349241	8496.83514099783	15.70715835141	STARmap_plus	spinalcord	7	3	2	2	1.22357565413896	3	5	3	2	3	5
spinalcord_5210	7657.75	8324.22596153846	14.0384615384615	STARmap_plus	spinalcord	7	3	2	1	1.23124791991132	3	5	3	0	4	5
spinalcord_5211	7672.185185185191	8777.11296296296	12.1722222222222	STARmap_plus	spinalcord	7	3	2	2	1.26208383083673	4	5	3	2	3	5
spinalcord_5212	7026.875409836071	8705.49344262295	12.6262295081967	STARmap_plus	spinalcord	7	3	2	2	1.23124791991132	3	5	3	2	4	5
spinalcord_5213	7635.557746478871	8263.228169014079	18.535211267605604	STARmap_plus	spinalcord	7	1	3	1	1.21380631511916	3	5	3	2	4	0
spinalcord_5214	7924.71818181818	8502.80909090909	14.4636363636364	STARmap_plus	spinalcord	7	3	2	2	1.26208383083673	4	5	3	2	3	5
spinalcord_5215	7418.257281553399	9169.16990291262	11.7378640776699	STARmap_plus	spinalcord	7	3	6	5	1.33910018423228	4	1	4	1	1	5
spinalcord_5216	6893.99651567944	8804.28571428571	8.229965156794421	STARmap_plus	spinalcord	7	3	2	2	1.23124791991132	3	5	3	2	4	5
spinalcord_5217	7110.27303754266	9014.49488054608	12.3464163822526	STARmap_plus	spinalcord	7	3	2	2	1.26208383083673	4	5	3	2	3	5
spinalcord_5218	6951.43181818182	9217.17613636364	11.5511363636364	STARmap_plus	spinalcord	7	3	6	7	1.19960214810131	4	2	5	1	2	5
spinalcord_5219	7036.82317073171	9063.76524390244	11.5426829268293	STARmap_plus	spinalcord	7	3	2	2	1.26208383083673	4	5	3	2	3	5
spinalcord_5220	7295.32786885246	9031.592213114747	11.530737704918002	STARmap_plus	spinalcord	7	3	2	2	1.40667770225031	4	5	5	2	3	5
spinalcord_5221	6961.31707317073	8762.675958188149	13.5993031358885	STARmap_plus	spinalcord	7	3	2	2	1.23124791991132	3	5	3	2	4	5
spinalcord_5222	6916.309659090911	9267.71875	17.1875	STARmap_plus	spinalcord	7	3	2	2	1.32966134885476	4	3	5	1	3	5
spinalcord_5223	7760.55231143552	8581.65206812652	14.7420924574209	STARmap_plus	spinalcord	7	3	2	2	1.26208383083673	4	5	3	2	3	5
spinalcord_5224	7991.07581227437	8598.71480144404	16.0830324909747	STARmap_plus	spinalcord	7	3	2	2	1.48369405564586	4	5	3	0	3	5
spinalcord_5225	7529.3345323741	8203.35971223022	17.068345323741	STARmap_plus	spinalcord	7	1	3	1	1.07125077781863	3	3	3	2	4	0
spinalcord_5226	7659.797546012271	8488.5981595092	14.6042944785276	STARmap_plus	spinalcord	7	3	2	2	1.40667770225031	3	5	3	0	3	5
spinalcord_5227	7524.896	8720.35466666667	11.269333333333302	STARmap_plus	spinalcord	7	3	2	2	1.48369405564586	4	5	3	0	3	5
spinalcord_5228	7591.082822085891	8724.80674846626	13.1503067484663	STARmap_plus	spinalcord	7	3	2	2	1.26208383083673	4	5	3	2	3	5
spinalcord_5229	7644.15241635688	8153.69516728625	20.4944237918216	STARmap_plus	spinalcord	7	1	3	2	1.21380631511916	3	5	3	2	4	0
spinalcord_5230	7523.83643122677	8579.88104089219	13.7137546468401	STARmap_plus	spinalcord	7	3	2	2	1.26208383083673	4	5	3	2	3	5
spinalcord_5231	7839.93193717278	8649.141361256541	14.6230366492147	STARmap_plus	spinalcord	7	3	2	2	1.26208383083673	4	5	3	2	3	5
spinalcord_5232	7751.674509803921	8304.503921568628	18.123529411764697	STARmap_plus	spinalcord	7	3	2	2	1.22357565413896	3	5	3	2	3	5
spinalcord_5233	7575.685654008441	9010.09493670886	17.194092827004198	STARmap_plus	spinalcord	7	3	2	2	1.40667770225031	4	5	5	2	3	5
spinalcord_5234	7827.451410658309	8496.34796238245	15.3667711598746	STARmap_plus	spinalcord	7	3	2	2	1.26208383083673	4	5	3	2	3	5
spinalcord_5235	7128.2421875	9246.05078125	13.91796875	STARmap_plus	spinalcord	7	3	6	5	1.32966134885476	4	2	5	1	1	5
spinalcord_5236	7442.263358778629	9121.95419847328	14.5038167938931	STARmap_plus	spinalcord	7	3	6	5	1.30059200753451	4	1	5	4	1	5
spinalcord_5237	7719.01984126984	8897.69841269841	15.702380952381	STARmap_plus	spinalcord	7	3	2	2	1.26208383083673	4	5	3	2	3	5
spinalcord_5238	6885.523690773071	8203.07730673317	16.4613466334165	STARmap_plus	spinalcord	7	1	3	1	1.23894955525087	3	2	1	0	4	0
spinalcord_5239	7966.18713450292	8687.988304093571	12.9707602339181	STARmap_plus	spinalcord	7	3	2	2	1.44518587894808	4	5	5	1	3	5
spinalcord_5240	7707.855614973259	8529.58556149733	13.5080213903743	STARmap_plus	spinalcord	7	3	2	2	1.26208383083673	4	5	3	2	3	5
spinalcord_5241	7275.824451410659	8927.109717868341	13.8902821316614	STARmap_plus	spinalcord	7	3	2	2	1.26208383083673	4	5	3	2	3	5
spinalcord_5242	6905.19162995595	8720.06167400881	14.6167400881057	STARmap_plus	spinalcord	7	3	2	2	1.23124791991132	3	5	3	2	4	5
spinalcord_5243	6931.493670886079	8521.002109704641	14.3502109704641	STARmap_plus	spinalcord	7	1	3	1	1.31305897451439	3	3	3	0	4	0
spinalcord_5244	6844.7125	9399.875	11.9875	STARmap_plus	spinalcord	7	3	6	2	1.20904098347883	4	1	5	3	1	5
spinalcord_5245	6834.45217391304	8613.66086956522	13.2608695652174	STARmap_plus	spinalcord	7	1	3	1	1.31305897451439	3	3	3	0	4	0
spinalcord_5246	6811.210280373829	9275.21962616822	14.702492211838	STARmap_plus	spinalcord	7	3	2	2	1.35363485489241	4	3	5	0	3	5
spinalcord_5247	7310.4683908046	8749.15229885057	12.3218390804598	STARmap_plus	spinalcord	7	3	2	2	1.22357565413896	3	5	3	2	3	5
spinalcord_5248	7131.920245398771	8255.445807770959	16.822085889570598	STARmap_plus	spinalcord	7	1	3	1	1.04697613770591	3	3	1	2	4	0
spinalcord_5249	7243.68181818182	9147.10227272727	13.835227272727302	STARmap_plus	spinalcord	7	3	2	2	1.44518587894808	4	5	5	3	3	5
spinalcord_5250	7309.073394495409	8665.4128440367	7.92660550458716	STARmap_plus	spinalcord	7	3	2	2	1.23124791991132	3	5	3	2	4	5
spinalcord_5251	7169.289308176099	8182.424528301891	17.748427672955998	STARmap_plus	spinalcord	7	1	3	1	1.07125077781863	3	3	3	2	4	0
spinalcord_5252	6871.776978417271	9043.57314148681	10.2038369304556	STARmap_plus	spinalcord	7	3	2	2	1.26208383083673	4	5	3	2	3	5
spinalcord_5253	7025.52272727273	9319.59090909091	16.2545454545455	STARmap_plus	spinalcord	7	3	6	5	1.20904098347883	4	1	5	3	1	5
spinalcord_5254	7188.652173913041	8923.5	11.0608695652174	STARmap_plus	spinalcord	7	3	2	2	1.26208383083673	4	5	3	2	3	5
spinalcord_5255	7857.865517241379	8588.77931034483	13.2862068965517	STARmap_plus	spinalcord	7	3	2	2	1.26208383083673	4	5	3	2	3	5
spinalcord_5256	7277.687969924809	8163.90977443609	13.593984962406	STARmap_plus	spinalcord	7	1	3	1	1.31305897451439	3	3	3	0	4	0
spinalcord_5257	6964.76608187134	9163.32748538012	15.812865497076	STARmap_plus	spinalcord	7	3	2	2	1.50766756168351	4	5	5	0	3	5
spinalcord_5258	7402.51142857143	8792.717142857142	14.5	STARmap_plus	spinalcord	7	3	2	2	1.26208383083673	4	5	3	2	3	5
spinalcord_5259	7016.214673913039	8507.81793478261	14.8288043478261	STARmap_plus	spinalcord	7	1	3	1	1.07125077781863	3	3	3	2	4	0
spinalcord_5260	7859.144578313249	8445.83734939759	20.373493975903603	STARmap_plus	spinalcord	7	3	2	2	1.26208383083673	4	5	3	2	3	5
spinalcord_5261	7343.557195571959	8552.28782287823	11.5940959409594	STARmap_plus	spinalcord	7	1	3	1	1.31305897451439	3	3	3	0	4	0
spinalcord_5262	7059.60341151386	9207.26652452026	15.0191897654584	STARmap_plus	spinalcord	7	3	2	2	1.40667770225031	4	5	5	2	3	5
spinalcord_5263	7457.584677419359	8389.23387096774	9.95967741935484	STARmap_plus	spinalcord	7	1	3	1	1.07125077781863	3	3	3	2	4	0
spinalcord_5264	7587.20833333333	8211.37847222222	17.21875	STARmap_plus	spinalcord	7	1	3	2	1.21380631511916	3	5	3	2	4	0
spinalcord_5265	7399.34170854271	8873.93467336683	12.3718592964824	STARmap_plus	spinalcord	7	3	2	2	1.26208383083673	4	5	3	2	3	5
spinalcord_5266	7226.25	8776.78813559322	10.9745762711864	STARmap_plus	spinalcord	7	3	2	2	1.40667770225031	3	5	3	0	3	5
spinalcord_5267	6832.8669527897	8827.875536480691	10.0472103004292	STARmap_plus	spinalcord	7	3	2	1	1.23124791991132	3	5	3	0	4	5
spinalcord_5268	7500.659574468091	8928.177304964542	12.8120567375887	STARmap_plus	spinalcord	7	3	2	2	1.26208383083673	4	5	3	2	3	5
spinalcord_5269	7210.82938388626	8270.75829383886	12.4028436018957	STARmap_plus	spinalcord	7	1	3	1	1.07125077781863	3	3	3	2	4	0
spinalcord_5270	7154.81766381766	8428.47008547009	12.7635327635328	STARmap_plus	spinalcord	7	1	3	1	1.31305897451439	3	3	3	0	4	0
spinalcord_5271	7376.61463414634	8335.4487804878	12.9463414634146	STARmap_plus	spinalcord	7	1	3	1	1.07125077781863	3	3	3	2	4	0
spinalcord_5272	7334.104026845641	8374.32214765101	14.5335570469799	STARmap_plus	spinalcord	7	1	3	1	1.31305897451439	3	3	3	0	4	0
spinalcord_5273	6951.63414634146	9410.86585365854	11.4390243902439	STARmap_plus	spinalcord	7	3	6	5	1.30059200753451	4	1	5	4	1	5
spinalcord_5274	7133.37837837838	8831.6554054054	10.1993243243243	STARmap_plus	spinalcord	7	3	2	2	1.22357565413896	3	5	3	2	3	5
spinalcord_5275	6935.05208333333	9098.0	8.73958333333333	STARmap_plus	spinalcord	7	3	2	2	1.48369405564586	4	5	3	0	3	5
spinalcord_5276	7552.665413533829	8399.01503759398	16.3007518796992	STARmap_plus	spinalcord	7	1	3	1	1.07125077781863	3	3	3	2	4	0
spinalcord_5277	7366.060721062621	9058.2789373814	13.612903225806502	STARmap_plus	spinalcord	7	3	2	2	1.32966134885476	4	1	5	2	3	5
spinalcord_5278	7249.235	9084.85	13.525	STARmap_plus	spinalcord	7	3	2	2	1.50766756168351	4	5	5	0	3	5
spinalcord_5279	7264.17216117216	8298.17582417582	13.992673992674	STARmap_plus	spinalcord	7	1	3	1	1.31305897451439	3	3	3	0	4	0
spinalcord_5280	7557.51483050847	8301.54449152542	17.4300847457627	STARmap_plus	spinalcord	7	1	3	1	1.07125077781863	3	3	3	2	4	0
spinalcord_5281	7083.53551912568	9354.6174863388	17.841530054644803	STARmap_plus	spinalcord	7	3	6	5	1.26208383083673	4	1	5	1	1	5
spinalcord_5282	7637.46583850932	9018.78260869565	15.223602484472	STARmap_plus	spinalcord	7	3	2	2	1.44518587894808	4	5	5	1	3	5
spinalcord_5283	7107.1067961165	9294.16504854369	10.1456310679612	STARmap_plus	spinalcord	7	3	6	5	1.32966134885476	4	2	5	1	1	5
spinalcord_5284	6885.1359223301	9207.286407766993	14.2038834951456	STARmap_plus	spinalcord	7	3	2	2	1.27152266621425	4	3	5	2	3	5
spinalcord_5285	7250.0786516853905	8990.49063670412	15.3483146067416	STARmap_plus	spinalcord	7	3	2	2	1.26208383083673	4	5	3	2	3	5
spinalcord_5286	7823.45853658537	8725.5756097561	16.4195121951219	STARmap_plus	spinalcord	7	3	2	2	1.26208383083673	4	5	3	2	3	5
spinalcord_5287	7547.228571428571	8871.82040816326	14.5061224489796	STARmap_plus	spinalcord	7	3	2	2	1.26208383083673	4	5	3	2	3	5
spinalcord_5288	7750.07835820896	8442.07835820896	15.4029850746269	STARmap_plus	spinalcord	7	3	2	2	1.22357565413896	3	5	3	2	3	5
spinalcord_5289	7917.823529411759	8678.53529411765	19.2882352941176	STARmap_plus	spinalcord	7	3	2	2	1.27152266621425	4	5	3	1	3	5
spinalcord_5290	7475.405566600401	9073.4254473161	16.1192842942346	STARmap_plus	spinalcord	7	3	2	2	1.39214303159018	4	1	5	4	3	5
spinalcord_5291	7129.5652173913	8569.40372670807	17.1645962732919	STARmap_plus	spinalcord	7	1	3	1	1.07125077781863	3	3	3	2	4	0
spinalcord_5292	7132.99363057325	9128.61783439491	8.57324840764331	STARmap_plus	spinalcord	7	3	2	2	1.40667770225031	4	5	5	2	3	5
spinalcord_5293	6984.919540229879	9072.85632183908	9.62068965517241	STARmap_plus	spinalcord	7	3	2	2	1.26208383083673	4	5	3	2	3	5
spinalcord_5294	7863.470852017941	8679.46188340807	17.4977578475336	STARmap_plus	spinalcord	7	3	2	2	1.26208383083673	4	5	3	2	3	5
spinalcord_5295	7704.6700507614205	8180.89847715736	16.340101522842602	STARmap_plus	spinalcord	7	3	2	2	1.23124791991132	3	5	3	2	4	5
spinalcord_5296	7765.03937007874	8864.95275590551	17.944881889763803	STARmap_plus	spinalcord	7	3	2	2	1.27152266621425	4	5	3	1	3	5
spinalcord_5297	7237.70061728395	8402.57407407407	14.4012345679012	STARmap_plus	spinalcord	7	1	3	1	1.07125077781863	3	3	3	2	4	0
spinalcord_5298	7625.3795620438	8386.912408759119	12.8613138686131	STARmap_plus	spinalcord	7	1	3	1	1.31305897451439	3	3	3	0	4	0
spinalcord_5299	7628.89570552147	8357.404907975459	18.43558282208589	STARmap_plus	spinalcord	7	3	2	1	1.23124791991132	3	5	3	0	4	5
spinalcord_5300	7147.750716332379	9166.53581661891	15.114613180515802	STARmap_plus	spinalcord	7	3	2	2	1.35363485489241	4	2	5	2	3	5
spinalcord_5301	7357.16993464052	9130.67320261438	14.529411764705902	STARmap_plus	spinalcord	7	3	6	5	1.26208383083673	4	1	5	1	1	5
spinalcord_5302	7850.04458598726	8768.33757961784	16.6528662420382	STARmap_plus	spinalcord	7	3	2	2	1.27152266621425	4	5	3	1	3	5
spinalcord_5303	7159.40310077519	9069.2480620155	8.65116279069767	STARmap_plus	spinalcord	7	3	2	2	1.31512667819463	4	5	3	4	3	5
spinalcord_5304	7651.14942528736	8579.3908045977	9.25287356321839	STARmap_plus	spinalcord	7	3	2	2	1.26208383083673	4	5	3	2	3	5
spinalcord_5305	7384.61654135338	8591.63157894737	16.323308270676698	STARmap_plus	spinalcord	7	3	2	2	1.23124791991132	3	5	3	0	4	5
spinalcord_5306	7127.0541871921205	8717.059113300491	11.522167487684698	STARmap_plus	spinalcord	7	3	2	1	1.23124791991132	3	5	3	0	4	5
spinalcord_5307	7777.55384615385	8380.061538461541	19.6769230769231	STARmap_plus	spinalcord	7	3	2	2	1.44518587894808	3	5	3	3	3	5
spinalcord_5308	7600.887966804979	8680.290456431541	11.5228215767635	STARmap_plus	spinalcord	7	3	2	2	1.26208383083673	4	5	3	2	3	5
spinalcord_5309	7700.746478873241	8396.70892018779	10.798122065727698	STARmap_plus	spinalcord	7	3	2	2	1.22357565413896	3	5	3	2	3	5
spinalcord_5310	7744.043715846991	8393.68852459016	15.8688524590164	STARmap_plus	spinalcord	7	3	2	2	1.22357565413896	3	5	3	2	3	5
spinalcord_5311	6996.18224299065	9232.41588785047	16.7289719626168	STARmap_plus	spinalcord	7	3	2	2	1.4015818669677	4	2	5	0	3	5
spinalcord_5312	7143.553191489359	8636.34042553191	13.5957446808511	STARmap_plus	spinalcord	7	1	3	1	1.28429076726922	3	3	3	0	4	5
spinalcord_5313	6960.40196078431	9260.676470588242	15.7941176470588	STARmap_plus	spinalcord	7	3	2	2	1.4015818669677	4	2	5	0	3	5
spinalcord_5314	7504.066176470591	8609.496323529409	13.435661764705902	STARmap_plus	spinalcord	7	3	2	2	1.26208383083673	4	5	3	2	3	5
spinalcord_5315	7716.9347826087	8612.38586956522	12.5869565217391	STARmap_plus	spinalcord	7	3	2	2	1.26208383083673	4	5	3	2	3	5
spinalcord_5316	6863.8616071428605	8746.78125	13.40625	STARmap_plus	spinalcord	7	1	3	2	1.21380631511916	3	5	3	2	4	0
spinalcord_5317	7679.44545454545	8838.08181818182	11.6363636363636	STARmap_plus	spinalcord	7	3	2	2	1.26208383083673	4	5	3	2	3	5
spinalcord_5318	6866.02054794521	8158.61643835616	14.4931506849315	STARmap_plus	spinalcord	7	1	3	1	1.04697613770591	3	3	1	2	4	0
spinalcord_5319	1309.50917431193	9745.16513761468	14.6238532110092	STARmap_plus	spinalcord	7	2	1	7	1.13202463008328	2	1	0	1	2	4
spinalcord_5320	866.1473354231979	10378.2225705329	16.376175548589302	STARmap_plus	spinalcord	7	2	1	5	1.30059200753451	2	1	0	1	1	4
spinalcord_5321	1021.31088082902	10214.2953367876	10.1105354058722	STARmap_plus	spinalcord	7	2	1	5	1.30059200753451	2	1	0	1	1	4
spinalcord_5322	971.841961852861	9741.34059945504	11.267029972752	STARmap_plus	spinalcord	7	2	1	5	1.30059200753451	2	1	0	1	1	4
spinalcord_5323	1342.35521235521	9899.85714285714	15.6138996138996	STARmap_plus	spinalcord	7	2	1	7	1.13202463008328	2	1	0	1	2	4
spinalcord_5324	747.08323699422	10153.6578034682	11.6057803468208	STARmap_plus	spinalcord	7	2	1	5	1.30059200753451	2	1	0	1	1	4
spinalcord_5325	1412.99170124481	10676.3153526971	10.7302904564315	STARmap_plus	spinalcord	7	2	1	5	1.30059200753451	2	1	0	1	1	4
spinalcord_5326	748.8127530364371	10044.9655870445	11.4412955465587	STARmap_plus	spinalcord	7	2	1	5	1.30059200753451	2	1	0	1	1	4
spinalcord_5327	1228.59215686275	10369.7647058824	12.956862745098	STARmap_plus	spinalcord	7	2	1	5	1.2475491601766	2	1	0	3	1	4
spinalcord_5328	1210.56679389313	10776.4732824427	13.4179389312977	STARmap_plus	spinalcord	7	2	1	5	1.30059200753451	2	1	0	1	1	4
spinalcord_5329	832.045871559633	9940.59633027523	11.5275229357798	STARmap_plus	spinalcord	7	2	1	5	1.30059200753451	2	1	0	1	1	4
spinalcord_5330	1126.55732484076	9922.86783439491	11.6162420382166	STARmap_plus	spinalcord	7	2	1	5	1.30059200753451	2	1	0	1	1	4
spinalcord_5331	699.679611650485	9969.94498381877	10.5533980582524	STARmap_plus	spinalcord	7	2	1	5	1.30059200753451	2	1	0	1	1	4
spinalcord_5332	1218.56091954023	9533.51954022989	15.055172413793098	STARmap_plus	spinalcord	7	2	1	5	1.30059200753451	2	1	0	1	1	4
spinalcord_5333	618.432653061225	9515.4612244898	12.3632653061224	STARmap_plus	spinalcord	7	2	1	5	1.30059200753451	2	1	0	1	1	4
spinalcord_5334	972.58599695586	9939.21613394216	12.7884322678843	STARmap_plus	spinalcord	7	2	1	5	1.39214303159018	2	1	0	4	1	4
spinalcord_5335	1171.67992047714	10589.4333996024	11.6401590457256	STARmap_plus	spinalcord	7	2	1	5	1.30059200753451	2	1	0	1	1	4
spinalcord_5336	843.1884057971009	9710.96273291926	14.2753623188406	STARmap_plus	spinalcord	7	2	1	5	1.30059200753451	2	1	0	1	1	4
spinalcord_5337	682.295081967213	9879.68618266979	10.5690866510539	STARmap_plus	spinalcord	7	2	1	5	1.30059200753451	2	1	0	1	1	4
spinalcord_5338	523.025316455696	9523.10849909584	12.4358047016275	STARmap_plus	spinalcord	7	2	1	5	1.30059200753451	2	1	0	1	1	4
spinalcord_5339	1370.42652329749	9526.07885304659	19.5806451612903	STARmap_plus	spinalcord	7	2	1	7	1.13202463008328	2	1	0	1	2	4
spinalcord_5340	554.980952380952	9658.8253968254	11.9365079365079	STARmap_plus	spinalcord	7	2	1	5	1.30059200753451	2	1	0	1	1	4
spinalcord_5341	607.549723756906	9845.162983425407	12.881215469613302	STARmap_plus	spinalcord	7	2	1	5	1.30059200753451	2	1	0	1	1	4
spinalcord_5342	1417.65909090909	10092.2363636364	16.5863636363636	STARmap_plus	spinalcord	7	2	1	5	1.30059200753451	2	1	0	1	1	4
spinalcord_5343	1243.54871794872	10099.4102564103	15.6410256410256	STARmap_plus	spinalcord	7	2	1	5	1.30059200753451	2	1	0	1	1	4
spinalcord_5344	869.933962264151	10698.0424528302	7.32075471698113	STARmap_plus	spinalcord	7	5	0	4	1.43065120828796	2	6	4	0	1	5
spinalcord_5345	1384.94890510949	10416.7846715328	13.6021897810219	STARmap_plus	spinalcord	7	2	1	5	1.30059200753451	2	1	0	1	1	4
spinalcord_5346	1363.93617021277	10259.3829787234	14.808510638297902	STARmap_plus	spinalcord	7	2	1	5	1.30059200753451	2	1	0	1	1	4
spinalcord_5347	1323.62272727273	10744.2681818182	11.8227272727273	STARmap_plus	spinalcord	7	2	1	5	1.30059200753451	2	1	0	1	1	4
spinalcord_5348	1308.49763033175	10530.63507109	10.7014218009479	STARmap_plus	spinalcord	7	2	1	5	1.30059200753451	2	1	0	1	1	4
spinalcord_5349	848.9738219895289	10267.3376963351	9.02356020942408	STARmap_plus	spinalcord	7	2	1	5	1.30059200753451	2	1	0	1	1	4
spinalcord_5350	1212.83571428571	10269.0714285714	12.925	STARmap_plus	spinalcord	7	2	1	5	1.30059200753451	2	1	0	1	1	4
spinalcord_5351	604.9614325068869	9976.31955922865	12.7851239669421	STARmap_plus	spinalcord	7	2	1	5	1.30059200753451	2	1	0	1	1	4
spinalcord_5352	943.578378378378	10370.2126126126	11.1315315315315	STARmap_plus	spinalcord	7	2	1	5	1.30059200753451	2	1	0	1	1	4
spinalcord_5353	1114.55696202532	10646.2278481013	13.4272151898734	STARmap_plus	spinalcord	7	2	1	5	1.30059200753451	2	1	0	1	1	4
spinalcord_5354	1378.72151898734	9807.21097046414	19.1772151898734	STARmap_plus	spinalcord	7	2	1	7	1.13202463008328	2	1	0	1	2	4
spinalcord_5355	1188.72126436782	9817.83045977012	13.9741379310345	STARmap_plus	spinalcord	7	2	1	7	1.13202463008328	2	1	0	1	2	4
spinalcord_5356	1213.74725274725	10437.6813186813	11.4725274725275	STARmap_plus	spinalcord	7	2	1	5	1.30059200753451	2	1	0	1	1	4
spinalcord_5357	897.767741935484	9644.58709677419	13.064516129032302	STARmap_plus	spinalcord	7	2	1	5	1.2475491601766	2	1	0	3	1	4
spinalcord_5358	532.470930232558	9730.52325581395	11.6773255813953	STARmap_plus	spinalcord	7	2	1	5	1.30059200753451	2	1	0	1	1	4
spinalcord_5359	1268.73396674584	10023.1828978622	14.7315914489311	STARmap_plus	spinalcord	7	2	1	5	1.30059200753451	2	1	0	1	1	4
spinalcord_5360	1177.94267515924	10703.7261146497	12.5668789808917	STARmap_plus	spinalcord	7	2	1	5	1.30059200753451	2	1	0	1	1	4
spinalcord_5361	1113.7720588235302	9508.569852941178	19.0257352941176	STARmap_plus	spinalcord	7	2	1	5	1.30059200753451	2	1	0	1	1	4
spinalcord_5362	1283.7005988024	10265.2155688623	14.0658682634731	STARmap_plus	spinalcord	7	2	1	5	1.30059200753451	2	1	0	1	1	4
spinalcord_5363	793.0036101083031	9879.71841155235	13.9530685920578	STARmap_plus	spinalcord	7	2	1	5	1.30059200753451	2	1	0	1	1	4
spinalcord_5364	802.078431372549	10073.1490196078	10.5725490196078	STARmap_plus	spinalcord	7	2	1	5	1.30059200753451	2	1	0	1	1	4
spinalcord_5365	981.582914572864	10140.4690117253	11.428810720267998	STARmap_plus	spinalcord	7	2	1	5	1.30059200753451	2	1	0	1	1	4
spinalcord_5366	739.13	9910.77	13.78	STARmap_plus	spinalcord	7	2	1	5	1.30059200753451	2	1	0	1	1	4
spinalcord_5367	1329.91881918819	10116.2878228782	14.357933579335802	STARmap_plus	spinalcord	7	2	1	5	1.30059200753451	2	1	0	1	1	4
spinalcord_5368	545.648208469055	9819.82410423453	8.7785016286645	STARmap_plus	spinalcord	7	2	1	5	1.30059200753451	2	1	0	1	1	4
spinalcord_5369	1281.37948717949	10444.3641025641	13.1538461538462	STARmap_plus	spinalcord	7	2	1	5	1.30059200753451	2	1	0	1	1	4
spinalcord_5370	2239.46348314607	9936.88202247191	17.9438202247191	STARmap_plus	spinalcord	7	2	1	6	1.05500827668773	2	1	0	1	2	1
spinalcord_5371	2008.19298245614	10068.1184210526	20.8815789473684	STARmap_plus	spinalcord	7	2	1	7	1.13202463008328	2	1	0	1	2	4
spinalcord_5372	1826.57664233577	10409.3065693431	22.3430656934307	STARmap_plus	spinalcord	7	2	1	7	1.13202463008328	2	1	0	1	2	4
spinalcord_5373	1852.6276595744696	10710.3014184397	14.6276595744681	STARmap_plus	spinalcord	7	2	1	5	1.30059200753451	2	1	0	1	1	4
spinalcord_5374	2024.73636363636	9908.29393939394	21.6212121212121	STARmap_plus	spinalcord	7	2	1	6	1.05500827668773	2	1	0	1	2	1
spinalcord_5375	1606.22873900293	9894.14369501466	21.486803519061603	STARmap_plus	spinalcord	7	2	1	7	1.13202463008328	2	1	0	1	2	4
spinalcord_5376	2014.2945205479505	9559.77739726027	20.513698630137	STARmap_plus	spinalcord	7	4	4	4	1.40026428215563	5	4	4	0	5	3
spinalcord_5377	2262.75722543353	10749.9075144509	20.1040462427746	STARmap_plus	spinalcord	7	2	1	5	1.30059200753451	2	1	0	1	1	4
spinalcord_5378	2699.44029850746	10172.5149253731	18.313432835820898	STARmap_plus	spinalcord	7	2	1	7	1.13202463008328	2	1	0	1	2	4
spinalcord_5379	1788.9859154929602	9852.35211267606	20.8802816901408	STARmap_plus	spinalcord	7	2	1	7	1.13202463008328	2	1	0	1	2	4
spinalcord_5380	1553.3737864077698	9526.40291262136	20.485436893203897	STARmap_plus	spinalcord	7	2	1	6	1.05500827668773	2	1	0	1	2	1
spinalcord_5381	2335.59090909091	10466.8863636364	21.325757575757603	STARmap_plus	spinalcord	7	2	1	7	1.13202463008328	2	1	0	1	2	4
spinalcord_5382	2255.6639344262303	9807.93032786885	19.5450819672131	STARmap_plus	spinalcord	7	5	1	7	1.37760836093005	5	2	0	1	2	3
spinalcord_5383	2705.23560209424	10465.5183246073	21.7434554973822	STARmap_plus	spinalcord	7	2	1	7	1.13202463008328	2	1	0	1	2	4
spinalcord_5384	1668.5423728813598	9602.83615819209	21.69491525423729	STARmap_plus	spinalcord	7	2	1	6	1.05500827668773	2	1	0	1	2	1
spinalcord_5385	2010.65838509317	9780.14285714286	21.9347826086957	STARmap_plus	spinalcord	7	5	1	6	1.09351645338551	5	1	0	1	2	1
spinalcord_5386	2175.54375	9515.53125	20.1625	STARmap_plus	spinalcord	7	4	4	5	1.36175610545786	5	4	4	5	5	3
spinalcord_5387	2085.90217391304	10711.8043478261	20.0760869565217	STARmap_plus	spinalcord	7	2	1	5	1.30059200753451	2	1	0	1	1	4
spinalcord_5388	2613.00558659218	9891.39106145251	18.0893854748603	STARmap_plus	spinalcord	7	5	1	6	1.09351645338551	5	1	0	1	2	1
spinalcord_5389	2573.90185676393	9709.29177718833	16.527851458885902	STARmap_plus	spinalcord	7	4	4	4	1.40026428215563	5	4	4	0	5	3
spinalcord_5390	2147.23770491803	9608.778688524591	23.266393442623	STARmap_plus	spinalcord	7	4	4	1	1.40026428215563	5	4	4	0	5	3
spinalcord_5391	1470.82644628099	9648.776859504129	20.9090909090909	STARmap_plus	spinalcord	7	2	1	7	1.13202463008328	2	1	0	1	2	4
spinalcord_5392	2320.92	10273.64	19.14	STARmap_plus	spinalcord	7	2	1	7	1.13202463008328	2	1	0	1	2	4
spinalcord_5393	2450.0507099391502	9641.066937119673	19.4178498985801	STARmap_plus	spinalcord	7	4	4	4	1.40026428215563	5	4	4	0	5	3
spinalcord_5394	1886.27551020408	9595.051020408158	21.462585034013603	STARmap_plus	spinalcord	7	4	4	4	1.22399526936485	5	2	4	0	5	1
spinalcord_5395	1944.9629629629603	10581.5	21.0092592592593	STARmap_plus	spinalcord	7	2	1	7	1.13202463008328	2	1	0	1	2	4
spinalcord_5396	1465.06	10261.7333333333	18.073333333333306	STARmap_plus	spinalcord	7	2	1	7	1.13202463008328	2	1	0	1	2	4
spinalcord_5397	2440.88844621514	9756.434262948207	18.0398406374502	STARmap_plus	spinalcord	7	4	4	1	1.2316969047044	5	2	4	0	5	3
spinalcord_5398	2642.9181286549697	9705.426900584793	21.163742690058506	STARmap_plus	spinalcord	7	4	4	1	1.2316969047044	5	2	4	0	5	3
spinalcord_5399	1945.2052631578897	10268.6947368421	20.9157894736842	STARmap_plus	spinalcord	7	2	1	7	1.13202463008328	2	1	0	1	2	4
spinalcord_5400	2754.2857142857106	9759.38095238095	22.0340136054422	STARmap_plus	spinalcord	7	5	4	6	1.19232012798765	5	2	0	1	5	1
spinalcord_5401	2427.5930599369103	10245.3406940063	22.6656151419558	STARmap_plus	spinalcord	7	2	1	6	1.05500827668773	2	1	0	1	2	1
spinalcord_5402	1981.7006802721105	9677.71428571429	20.5986394557823	STARmap_plus	spinalcord	7	4	4	4	1.46915938498573	5	2	4	0	2	3
spinalcord_5403	2380.01400560224	9514.79551820728	21.4145658263305	STARmap_plus	spinalcord	7	4	4	1	1.40026428215563	5	4	4	0	5	3
spinalcord_5404	1665.91428571429	10135.9285714286	22.661904761904804	STARmap_plus	spinalcord	7	2	1	7	1.13202463008328	2	1	0	1	2	4
spinalcord_5405	1589.89236111111	10611.2118055556	18.8958333333333	STARmap_plus	spinalcord	7	2	1	5	1.30059200753451	2	1	0	1	1	4
spinalcord_5406	1719.92481203008	10779.7443609023	17.669172932330802	STARmap_plus	spinalcord	7	2	1	5	1.30059200753451	2	1	0	1	1	4
spinalcord_5407	1558.0394265233	10033.6129032258	23.2831541218638	STARmap_plus	spinalcord	7	2	1	7	1.13202463008328	2	1	0	1	2	4
spinalcord_5408	1710.71098265896	9945.05202312139	21.1040462427746	STARmap_plus	spinalcord	7	2	1	7	1.13202463008328	2	1	0	1	2	4
spinalcord_5409	2475.71755725191	10423.1755725191	22.1908396946565	STARmap_plus	spinalcord	7	2	1	7	1.13202463008328	2	1	0	1	2	4
spinalcord_5410	2313.69076305221	10044.686746988	22.7751004016064	STARmap_plus	spinalcord	7	2	1	6	1.05500827668773	2	1	0	1	2	1
spinalcord_5411	2153.904	10280.864	23.656	STARmap_plus	spinalcord	7	2	1	7	1.13202463008328	2	1	0	1	2	4
spinalcord_5412	2305.0457746478896	10602.0316901408	20.1408450704225	STARmap_plus	spinalcord	7	2	1	7	1.13202463008328	2	1	0	1	2	4
spinalcord_5413	2584.47651006711	10729.7315436242	22.1610738255034	STARmap_plus	spinalcord	7	2	1	5	1.30059200753451	2	1	0	1	1	4
spinalcord_5414	2696.74157303371	10807.5880149813	21.996254681647898	STARmap_plus	spinalcord	7	2	1	5	1.30059200753451	2	1	0	1	1	4
spinalcord_5415	2499.75471698113	9884.87264150943	18.9622641509434	STARmap_plus	spinalcord	7	5	1	6	1.2475491601766	5	2	0	1	2	1
spinalcord_5416	2156.75	10456.4814814815	22.8425925925926	STARmap_plus	spinalcord	7	2	1	7	1.13202463008328	2	1	0	1	2	4
spinalcord_5417	2763.88185654008	10294.8481012658	21.0886075949367	STARmap_plus	spinalcord	7	2	1	7	1.13202463008328	2	1	0	1	2	4
spinalcord_5418	2435.84674329502	10503.9616858238	22.2298850574713	STARmap_plus	spinalcord	7	2	1	7	1.13202463008328	2	1	0	1	2	4
spinalcord_5419	1894.7922705314	10112.1980676328	22.3768115942029	STARmap_plus	spinalcord	7	2	1	7	1.13202463008328	2	1	0	1	2	4
spinalcord_5420	2039.97169811321	10531.2547169811	18.7641509433962	STARmap_plus	spinalcord	7	2	1	7	1.13202463008328	2	1	0	1	2	4
spinalcord_5421	1833.60408163265	9940.4612244898	21.4204081632653	STARmap_plus	spinalcord	7	2	1	7	1.13202463008328	2	1	0	1	2	4
spinalcord_5422	1429.5377049180302	9895.08196721311	23.304918032786897	STARmap_plus	spinalcord	7	2	1	7	1.13202463008328	2	1	0	1	2	4
spinalcord_5423	2128.40239043825	10166.1952191235	22.3426294820717	STARmap_plus	spinalcord	7	2	1	7	1.13202463008328	2	1	0	1	2	4
spinalcord_5424	1710.81407035176	10408.9045226131	23.331658291457305	STARmap_plus	spinalcord	7	2	1	7	1.13202463008328	2	1	0	1	2	4
spinalcord_5425	1522.45188284519	9801.07112970711	20.506276150627603	STARmap_plus	spinalcord	7	2	1	7	1.13202463008328	2	1	0	1	2	4
spinalcord_5426	2751.05102040816	10017.8571428571	21.734693877551	STARmap_plus	spinalcord	7	2	1	6	1.05500827668773	2	1	0	1	2	1
spinalcord_5427	2088.16455696203	9676.77848101266	21.7088607594937	STARmap_plus	spinalcord	7	4	4	4	1.2316969047044	5	2	4	0	5	3
spinalcord_5428	2290.94736842105	9722.06432748538	20.228070175438603	STARmap_plus	spinalcord	7	4	4	4	1.2316969047044	5	2	4	0	5	3
spinalcord_5429	1703.98245614035	9690.859649122807	24.219298245614	STARmap_plus	spinalcord	7	2	1	7	1.13202463008328	2	1	0	1	2	4
spinalcord_5430	2145.2210526315803	9988.17894736842	22.9157894736842	STARmap_plus	spinalcord	7	2	1	6	1.05500827668773	2	1	0	1	2	1
spinalcord_5431	2241.83225806452	10832.6193548387	19.1548387096774	STARmap_plus	spinalcord	7	2	1	5	1.30059200753451	2	1	0	1	1	4
spinalcord_5432	1753.52631578947	10174.6526315789	21.64210526315789	STARmap_plus	spinalcord	7	2	1	7	1.13202463008328	2	1	0	1	2	4
spinalcord_5433	2650.25130890052	10048.7277486911	23.2670157068063	STARmap_plus	spinalcord	7	2	1	6	1.05500827668773	2	1	0	1	2	1
spinalcord_5434	2155.19708029197	9868.54744525547	20.7518248175182	STARmap_plus	spinalcord	7	5	1	6	1.09351645338551	5	1	0	1	2	1
spinalcord_5435	2656.48837209302	9498.52325581395	19.813953488372103	STARmap_plus	spinalcord	7	4	4	4	1.36175610545786	5	4	4	5	5	3
spinalcord_5436	1445.0930232558098	9555.81395348837	21.4767441860465	STARmap_plus	spinalcord	7	2	1	7	1.23301448951648	2	1	0	4	2	4
spinalcord_5437	2380.18571428571	10316.7642857143	21.3642857142857	STARmap_plus	spinalcord	7	2	1	6	1.05500827668773	2	1	0	1	2	1
spinalcord_5438	2093.04132231405	10078.8099173554	22.3636363636364	STARmap_plus	spinalcord	7	2	1	7	1.13202463008328	2	1	0	1	2	4
spinalcord_5439	1959.54054054054	10648.9054054054	17.594594594594604	STARmap_plus	spinalcord	7	2	1	5	1.2475491601766	2	1	0	3	1	4
spinalcord_5440	2664.20792079208	10209.8415841584	19.8613861386139	STARmap_plus	spinalcord	7	2	1	7	1.13202463008328	2	1	0	1	2	4
spinalcord_5441	1923.22826086957	10184.847826087	23.5434782608696	STARmap_plus	spinalcord	7	2	1	7	1.13202463008328	2	1	0	1	2	4
spinalcord_5442	2226.5572916666697	10492.1041666667	23.1822916666667	STARmap_plus	spinalcord	7	2	1	7	1.13202463008328	2	1	0	1	2	4
spinalcord_5443	2655.6275862069	9779.020689655172	20.7448275862069	STARmap_plus	spinalcord	7	4	4	6	1.24623157536453	5	2	4	1	5	3
spinalcord_5444	2230.05069124424	9560.732718894007	22.622119815668203	STARmap_plus	spinalcord	7	4	4	7	1.36175610545786	5	4	4	5	5	3
spinalcord_5445	2609.59101654846	9556.58865248227	18.5390070921986	STARmap_plus	spinalcord	7	4	4	4	1.36175610545786	5	4	4	5	5	3
spinalcord_5446	2308.91891891892	9570.0945945946	14.8378378378378	STARmap_plus	spinalcord	7	4	4	1	1.40026428215563	5	4	4	0	5	3
spinalcord_5447	2630.3201754386	10285.5526315789	22.5657894736842	STARmap_plus	spinalcord	7	2	1	7	1.13202463008328	2	1	0	1	2	4
spinalcord_5448	1632.1568627451002	9801.73529411765	23.656862745098	STARmap_plus	spinalcord	7	2	1	7	1.13202463008328	2	1	0	1	2	4
spinalcord_5449	2338.15094339623	9842.35849056604	22.0471698113208	STARmap_plus	spinalcord	7	5	5	6	1.26208383083673	5	2	0	0	2	1
spinalcord_5450	1549.1	10270.9533333333	24.1333333333333	STARmap_plus	spinalcord	7	2	1	7	1.13202463008328	2	1	0	1	2	4
spinalcord_5451	2097.0902255639103	10486.3308270677	23.7368421052632	STARmap_plus	spinalcord	7	2	1	7	1.13202463008328	2	1	0	1	2	4
spinalcord_5452	1947.9	10524.5357142857	22.4857142857143	STARmap_plus	spinalcord	7	2	1	7	1.13202463008328	2	1	0	1	2	4
spinalcord_5453	2111.1654676259	9547.30215827338	22.287769784172696	STARmap_plus	spinalcord	7	4	4	1	1.36175610545786	5	4	4	5	5	3
spinalcord_5454	2533.12837837838	9607.0945945946	15.452702702702698	STARmap_plus	spinalcord	7	4	4	1	1.40026428215563	5	4	4	0	5	3
spinalcord_5455	2551.10638297872	9813.06382978723	18.8351063829787	STARmap_plus	spinalcord	7	5	5	6	1.43065120828796	5	2	4	1	2	1
spinalcord_5456	1829.55072463768	10188.347826087	23.9565217391304	STARmap_plus	spinalcord	7	2	1	7	1.13202463008328	2	1	0	1	2	4
spinalcord_5457	2401.00775193798	10016.1317829457	21.0697674418605	STARmap_plus	spinalcord	7	2	1	6	1.05500827668773	2	1	0	1	2	1
spinalcord_5458	2033.61240310078	10196.9147286822	22.093023255814	STARmap_plus	spinalcord	7	2	1	7	1.13202463008328	2	1	0	1	2	4
spinalcord_5459	1705.2272727272698	9785.13636363636	23.6818181818182	STARmap_plus	spinalcord	7	2	1	7	1.13202463008328	2	1	0	1	2	4
spinalcord_5460	1998.55319148936	10294.2340425532	19.526595744680897	STARmap_plus	spinalcord	7	2	1	7	1.13202463008328	2	1	0	1	2	4
spinalcord_5461	2446.57894736842	10309.9298245614	23.2105263157895	STARmap_plus	spinalcord	7	2	1	7	1.13202463008328	2	1	0	1	2	4
spinalcord_5462	1898.5671641791	9676.38805970149	21.402985074626898	STARmap_plus	spinalcord	7	5	1	6	1.09351645338551	5	1	0	1	2	1
spinalcord_5463	2600.16438356164	10216.9452054795	21.342465753424698	STARmap_plus	spinalcord	7	2	1	6	1.05500827668773	2	1	0	1	2	1
spinalcord_5464	2621.6122448979604	9810.64285714286	21.387755102040803	STARmap_plus	spinalcord	7	5	4	7	1.43065120828796	5	2	4	1	2	3
spinalcord_5465	2317.73333333333	10727.1333333333	23.4222222222222	STARmap_plus	spinalcord	7	2	1	5	1.30059200753451	2	1	0	1	1	4
spinalcord_5466	2495.9285714285697	9561.22023809524	21.857142857142897	STARmap_plus	spinalcord	7	4	4	4	1.40026428215563	5	4	4	0	5	3
spinalcord_5467	1908.35433070866	10378.2440944882	20.8582677165354	STARmap_plus	spinalcord	7	2	1	7	1.23301448951648	2	1	0	4	2	4
spinalcord_5468	1911.24858757062	9937.51412429379	21.5084745762712	STARmap_plus	spinalcord	7	2	1	6	1.05500827668773	2	1	0	1	2	1
spinalcord_5469	1859.9657142857104	10521.8171428571	22.342857142857103	STARmap_plus	spinalcord	7	2	1	7	1.13202463008328	2	1	0	1	2	4
spinalcord_5470	1991.68367346939	10720.5408163265	19.2602040816327	STARmap_plus	spinalcord	7	2	1	5	1.30059200753451	2	1	0	1	1	4
spinalcord_5471	2756.5593220339	10377.7796610169	19.9830508474576	STARmap_plus	spinalcord	7	2	1	7	1.13202463008328	2	1	0	1	2	4
spinalcord_5472	2655.6875	9673.26785714286	21.0625	STARmap_plus	spinalcord	7	4	4	1	1.40026428215563	5	4	4	0	5	3
spinalcord_5473	2228.21348314607	9653.94382022472	23.2696629213483	STARmap_plus	spinalcord	7	4	4	1	1.40026428215563	5	4	4	0	5	3
spinalcord_5474	1749.67808219178	9675.431506849309	23.013698630137	STARmap_plus	spinalcord	7	2	1	6	1.05500827668773	2	1	0	1	2	1
spinalcord_5475	2555.7088607594897	10393.9240506329	18.139240506329102	STARmap_plus	spinalcord	7	2	1	7	1.13202463008328	2	1	0	1	2	4
spinalcord_5476	2743.46341463415	10429.0243902439	22.7317073170732	STARmap_plus	spinalcord	7	2	1	7	1.13202463008328	2	1	0	1	2	4
spinalcord_5477	1614.8657142857098	10183.7	21.977142857142898	STARmap_plus	spinalcord	7	2	1	7	1.13202463008328	2	1	0	1	2	4
spinalcord_5478	2313.0148514851503	10364.0841584158	22.4455445544554	STARmap_plus	spinalcord	7	2	1	7	1.13202463008328	2	1	0	1	2	4
spinalcord_5479	1962.66086956522	9501.44347826087	23.3391304347826	STARmap_plus	spinalcord	7	4	4	4	1.2316969047044	5	2	4	0	5	3
spinalcord_5480	1842.74418604651	9843.51162790698	19.3953488372093	STARmap_plus	spinalcord	7	2	1	7	1.13202463008328	2	1	0	1	2	4
spinalcord_5481	2719.91696750903	9732.61010830325	19.231046931407896	STARmap_plus	spinalcord	7	4	4	7	1.24623157536453	5	2	4	1	5	3
spinalcord_5482	2292.1295336787603	9517.77720207254	21.4715025906736	STARmap_plus	spinalcord	7	4	4	5	1.36175610545786	5	4	4	5	5	3
spinalcord_5483	3403.2172284644203	9809.385767790258	16.310861423221	STARmap_plus	spinalcord	7	5	1	6	1.09351645338551	5	1	0	1	2	1
spinalcord_5484	2871.50996015936	9806.16334661355	16.5737051792829	STARmap_plus	spinalcord	7	4	4	6	1.34722143479773	5	2	0	0	5	3
spinalcord_5485	3390.4525993883803	9532.32721712538	18.1804281345566	STARmap_plus	spinalcord	7	4	4	2	1.30059200753451	5	2	4	3	7	3
spinalcord_5486	3851.6781326781297	10440.1277641278	18.2702702702703	STARmap_plus	spinalcord	7	2	1	7	1.13202463008328	2	1	0	1	2	4
spinalcord_5487	2957.8018867924497	9906.7106918239	15.0	STARmap_plus	spinalcord	7	5	1	7	1.20904098347883	5	1	0	1	2	3
spinalcord_5488	3304.2443438914	10658.2488687783	16.135746606334802	STARmap_plus	spinalcord	7	2	1	7	1.13202463008328	2	1	0	1	2	4
spinalcord_5489	3213.61344537815	10717.9243697479	13.5966386554622	STARmap_plus	spinalcord	7	2	1	7	1.13202463008328	2	1	0	1	2	4
spinalcord_5490	3819.4	10535.0111111111	14.6222222222222	STARmap_plus	spinalcord	7	2	1	7	1.13202463008328	2	1	0	1	2	4
spinalcord_5491	3787.56284153005	9896.39344262295	18.792349726776	STARmap_plus	spinalcord	7	5	1	6	1.35363485489241	2	2	0	0	2	1
spinalcord_5492	3602.23756906077	9833.541436464093	19.425414364640897	STARmap_plus	spinalcord	7	5	1	6	1.2475491601766	5	2	0	1	2	1
spinalcord_5493	3941.29718875502	9566.02008032128	15.1967871485944	STARmap_plus	spinalcord	7	4	4	4	1.14655930074341	1	2	4	0	7	3
spinalcord_5494	3984.98186528497	9771.35233160622	17.186528497409302	STARmap_plus	spinalcord	7	4	4	1	1.46915938498573	5	2	4	0	2	3
spinalcord_5495	3412.83673469388	10675.7551020408	16.7551020408163	STARmap_plus	spinalcord	7	2	1	7	1.13202463008328	2	1	0	1	2	4
spinalcord_5496	3522.8602739726	10543.5342465753	18.6712328767123	STARmap_plus	spinalcord	7	2	1	7	1.13202463008328	2	1	0	1	2	4
spinalcord_5497	3937.19858156028	9834.80141843972	17.7801418439716	STARmap_plus	spinalcord	7	5	1	7	1.37760836093005	5	2	0	1	2	3
spinalcord_5498	3008.86597938144	9603.95103092784	18.082474226804106	STARmap_plus	spinalcord	7	4	4	4	1.40026428215563	5	4	4	0	5	3
spinalcord_5499	4056.2297297297296	10201.5067567568	17.6756756756757	STARmap_plus	spinalcord	7	2	1	6	1.05500827668773	2	1	0	1	2	1
spinalcord_5500	2963.2676056338	10196.6338028169	18.98591549295769	STARmap_plus	spinalcord	7	2	1	6	1.05500827668773	2	1	0	1	2	1
spinalcord_5501	3889.36923076923	10811.0692307692	15.3384615384615	STARmap_plus	spinalcord	7	2	1	7	1.13202463008328	2	1	0	1	2	4
spinalcord_5502	2955.7474747474703	10624.8686868687	15.989898989899	STARmap_plus	spinalcord	7	2	1	7	1.13202463008328	2	1	0	1	2	4
spinalcord_5503	3587.39183673469	10327.4204081633	18.8775510204082	STARmap_plus	spinalcord	7	2	1	7	1.13202463008328	2	1	0	1	2	4
spinalcord_5504	3827.38857142857	9544.28571428571	13.7428571428571	STARmap_plus	spinalcord	7	4	4	4	1.14655930074341	1	2	4	0	7	3
spinalcord_5505	4084.7580645161297	10722.5161290323	15.4758064516129	STARmap_plus	spinalcord	7	2	1	7	1.13202463008328	2	1	0	1	2	4
spinalcord_5506	3432.23888888889	10332.5	19.3222222222222	STARmap_plus	spinalcord	7	2	1	7	1.13202463008328	2	1	0	1	2	4
spinalcord_5507	2990.9852216748804	10414.3251231527	18.162561576354697	STARmap_plus	spinalcord	7	2	1	7	1.13202463008328	2	1	0	1	2	4
spinalcord_5508	3093.10412147505	9958.06290672451	15.6616052060738	STARmap_plus	spinalcord	7	5	1	6	1.09351645338551	5	1	0	1	2	1
spinalcord_5509	3963.28729281768	10220.0773480663	20.6408839779006	STARmap_plus	spinalcord	7	5	1	6	1.15599813612093	2	1	0	0	2	1
spinalcord_5510	3831.5224719101097	10038.9550561798	18.320224719101105	STARmap_plus	spinalcord	7	2	1	6	1.05500827668773	2	1	0	1	2	1
spinalcord_5511	3168.9854368932	10364.6116504854	15.6504854368932	STARmap_plus	spinalcord	7	2	1	7	1.05500827668773	2	1	0	3	2	4
spinalcord_5512	2833.15646258503	10032.6802721088	19.13605442176869	STARmap_plus	spinalcord	7	2	1	6	1.05500827668773	2	1	0	1	2	1
spinalcord_5513	3396.82935153584	10180.0375426621	17.8259385665529	STARmap_plus	spinalcord	7	2	1	6	1.07898178272538	2	1	0	4	2	1
spinalcord_5514	3262.92097264438	10209.376899696	17.5835866261398	STARmap_plus	spinalcord	7	2	1	7	1.13202463008328	2	1	0	1	2	4
spinalcord_5515	3173.48013245033	9685.83443708609	18.2549668874172	STARmap_plus	spinalcord	7	4	4	1	1.2316969047044	5	2	4	0	5	3
spinalcord_5516	3850.54421768707	10120.2244897959	17.367346938775498	STARmap_plus	spinalcord	7	2	1	6	1.05500827668773	2	1	0	1	2	1
spinalcord_5517	3570.80909090909	9702.09545454546	20.009090909090897	STARmap_plus	spinalcord	7	5	5	6	1.40667770225031	5	2	4	4	2	1
spinalcord_5518	3658.89918256131	10426.340599455	19.9019073569482	STARmap_plus	spinalcord	7	2	1	7	1.13202463008328	2	1	0	1	2	4
spinalcord_5519	2960.7864077669897	10789.6310679612	19.3398058252427	STARmap_plus	spinalcord	7	2	1	7	1.13202463008328	2	1	0	1	2	4
spinalcord_5520	3993.2798353909498	10584.9259259259	19.5020576131687	STARmap_plus	spinalcord	7	2	1	6	1.05500827668773	2	1	0	1	2	1
spinalcord_5521	3081.2334801762104	10501.3612334802	17.3700440528634	STARmap_plus	spinalcord	7	2	1	7	1.13202463008328	2	1	0	1	2	4
spinalcord_5522	3604.3768115942	10732.4782608696	14.8985507246377	STARmap_plus	spinalcord	7	2	1	7	1.13202463008328	2	1	0	1	2	4
spinalcord_5523	3245.35838150289	10099.6098265896	15.1791907514451	STARmap_plus	spinalcord	7	2	1	6	1.05500827668773	2	1	0	1	2	1
spinalcord_5524	3160.59375	9826.55113636364	18.6732954545455	STARmap_plus	spinalcord	7	5	1	7	1.37760836093005	5	2	0	1	2	3
spinalcord_5525	4085.7182320442	9541.77348066298	15.1602209944751	STARmap_plus	spinalcord	7	6	0	4	1.44518587894808	1	2	2	0	6	2
spinalcord_5526	2944.36170212766	10303.3723404255	17.0248226950355	STARmap_plus	spinalcord	7	2	1	7	1.13202463008328	2	1	0	1	2	4
spinalcord_5527	3693.0790960452	9561.79096045198	19.4915254237288	STARmap_plus	spinalcord	7	4	4	4	1.14655930074341	1	2	4	0	7	3
spinalcord_5528	3278.70283018868	9861.65566037736	16.6839622641509	STARmap_plus	spinalcord	7	5	1	6	1.09351645338551	5	1	0	1	2	1
spinalcord_5529	3884.73423423423	9941.86936936937	19.1981981981982	STARmap_plus	spinalcord	7	5	1	6	1.30059200753451	2	2	0	1	2	1
spinalcord_5530	2893.2692307692305	10549.3241758242	18.3351648351648	STARmap_plus	spinalcord	7	2	1	7	1.13202463008328	2	1	0	1	2	4
spinalcord_5531	4062.40414507772	9981.46632124352	16.4145077720207	STARmap_plus	spinalcord	7	2	1	6	1.05500827668773	2	1	0	1	2	1
spinalcord_5532	3872.20779220779	10624.7835497835	17.030303030303	STARmap_plus	spinalcord	7	2	1	7	1.13202463008328	2	1	0	1	2	4
spinalcord_5533	2783.6300578034698	10103.3583815029	13.7861271676301	STARmap_plus	spinalcord	7	2	1	6	1.05500827668773	2	1	0	1	2	1
spinalcord_5534	2932.2436548223304	9543.60913705584	14.8527918781726	STARmap_plus	spinalcord	7	4	4	1	1.36175610545786	5	4	4	5	5	3
spinalcord_5535	3384.671875	9655.03125	18.59375	STARmap_plus	spinalcord	7	4	4	7	1.37760836093005	5	2	0	0	7	3
spinalcord_5536	3557.6695652173903	9928.59130434783	16.773913043478302	STARmap_plus	spinalcord	7	5	1	6	1.09351645338551	5	1	0	1	2	1
spinalcord_5537	2863.1785714285697	10647.3714285714	20.0285714285714	STARmap_plus	spinalcord	7	2	1	7	1.23301448951648	2	1	0	4	2	4
spinalcord_5538	2879.2987012987	10803.9220779221	20.0	STARmap_plus	spinalcord	7	2	1	7	1.13202463008328	2	1	0	1	2	4
spinalcord_5539	3137.6725146198805	10662.2339181287	18.1461988304094	STARmap_plus	spinalcord	7	2	1	7	1.13202463008328	2	1	0	1	2	4
spinalcord_5540	3980.43181818182	10321.5568181818	20.5	STARmap_plus	spinalcord	7	2	1	7	1.13202463008328	2	1	0	1	2	4
spinalcord_5541	3455.95667870036	9550.72202166065	19.1696750902527	STARmap_plus	spinalcord	7	4	4	1	1.37760836093005	5	2	4	0	7	1
spinalcord_5542	3056.92913385827	10120.0866141732	17.944881889763803	STARmap_plus	spinalcord	7	2	1	6	1.05500827668773	2	1	0	1	2	1
spinalcord_5543	3498.9087452471504	9833.69201520913	18.6463878326996	STARmap_plus	spinalcord	7	5	1	6	1.15599813612093	5	1	0	0	2	1
spinalcord_5544	3388.53333333333	10403.1266666667	18.72	STARmap_plus	spinalcord	7	2	1	7	1.13202463008328	2	1	0	1	2	4
spinalcord_5545	3923.171428571429	10735.3428571429	14.6285714285714	STARmap_plus	spinalcord	7	2	1	7	1.13202463008328	2	1	0	1	2	4
spinalcord_5546	3106.3920000000003	10767.768	14.08	STARmap_plus	spinalcord	7	2	1	7	1.13202463008328	2	1	0	1	2	4
spinalcord_5547	3794.0	10798.4344262295	16.6065573770492	STARmap_plus	spinalcord	7	2	1	7	1.13202463008328	2	1	0	1	2	4
spinalcord_5548	3984.8562091503295	9950.287581699353	15.9411764705882	STARmap_plus	spinalcord	7	2	1	6	1.05500827668773	2	1	0	1	2	1
spinalcord_5549	3870.24844720497	9834.751552795027	18.503105590062106	STARmap_plus	spinalcord	7	5	4	7	1.52220223234363	2	2	4	0	2	3
spinalcord_5550	3074.6106442577	10342.1008403361	18.5378151260504	STARmap_plus	spinalcord	7	2	1	7	1.13202463008328	2	1	0	1	2	4
spinalcord_5551	3039.41025641026	10745.7179487179	14.4615384615385	STARmap_plus	spinalcord	7	2	1	7	1.13202463008328	2	1	0	1	2	4
spinalcord_5552	3499.3969230769203	9723.70461538461	20.5938461538462	STARmap_plus	spinalcord	7	5	1	6	1.2475491601766	5	2	0	1	2	1
spinalcord_5553	3616.916666666671	9646.5375	19.358333333333302	STARmap_plus	spinalcord	7	5	4	7	1.48369405564586	5	2	4	4	2	3
spinalcord_5554	3455.23529411765	9742.08823529412	18.5294117647059	STARmap_plus	spinalcord	7	5	1	6	1.2475491601766	5	2	0	1	2	1
spinalcord_5555	3750.5217391304295	9547.95652173913	17.1217391304348	STARmap_plus	spinalcord	7	4	4	4	1.14655930074341	1	2	4	0	7	3
spinalcord_5556	2794.1475409836103	10414.393442623	16.0491803278689	STARmap_plus	spinalcord	7	2	1	7	1.13202463008328	2	1	0	1	2	4
spinalcord_5557	3975.8666666666704	10138.7851851852	21.1555555555556	STARmap_plus	spinalcord	7	2	1	6	1.05500827668773	2	1	0	1	2	1
spinalcord_5558	3446.0307692307697	9781.8	16.0	STARmap_plus	spinalcord	7	5	1	6	1.09351645338551	5	1	0	1	2	1
spinalcord_5559	2853.35661764706	9703.01838235294	15.7941176470588	STARmap_plus	spinalcord	7	4	4	1	1.2316969047044	5	2	4	0	5	3
spinalcord_5560	3045.7701863354	9733.5900621118	17.6211180124224	STARmap_plus	spinalcord	7	4	4	4	1.2316969047044	5	2	4	0	5	3
spinalcord_5561	3753.59230769231	10055.6948717949	21.174358974359	STARmap_plus	spinalcord	7	2	1	6	1.05500827668773	2	1	0	1	2	1
spinalcord_5562	3912.37735849057	10204.0377358491	17.622641509434	STARmap_plus	spinalcord	7	2	1	6	1.05500827668773	2	1	0	1	2	1
spinalcord_5563	3324.8365019011403	9822.51711026616	15.5475285171103	STARmap_plus	spinalcord	7	5	1	6	1.09351645338551	5	1	0	1	2	1
spinalcord_5564	3779.98314606742	10563.5224719101	16.5337078651685	STARmap_plus	spinalcord	7	2	1	7	1.13202463008328	2	1	0	1	2	4
spinalcord_5565	4112.53846153846	10364.2692307692	19.567307692307697	STARmap_plus	spinalcord	7	2	1	6	1.05500827668773	2	1	0	1	2	1
spinalcord_5566	3029.70165745856	10043.4033149171	22.0386740331492	STARmap_plus	spinalcord	7	5	1	6	1.15599813612093	2	1	0	0	2	1
spinalcord_5567	3385.73758865248	10636.5673758865	18.177304964539	STARmap_plus	spinalcord	7	2	1	7	1.13202463008328	2	1	0	1	2	4
spinalcord_5568	2944.10849056604	9728.1179245283	20.8867924528302	STARmap_plus	spinalcord	7	4	4	4	1.40026428215563	5	4	4	0	5	3
spinalcord_5569	3772.3	10162.325	16.85	STARmap_plus	spinalcord	7	2	1	6	1.05500827668773	2	1	0	1	2	1
spinalcord_5570	3099.3580645161305	9697.74516129032	19.6741935483871	STARmap_plus	spinalcord	7	4	4	4	1.2316969047044	5	2	4	0	5	3
spinalcord_5571	2857.0240963855395	9978.554216867473	18.7831325301205	STARmap_plus	spinalcord	7	2	1	6	1.05500827668773	2	1	0	1	2	1
spinalcord_5572	4075.147727272729	9722.02272727273	17.9090909090909	STARmap_plus	spinalcord	7	4	4	1	1.46915938498573	5	2	4	0	2	3
spinalcord_5573	3886.89655172414	10167.6551724138	21.482758620689697	STARmap_plus	spinalcord	7	2	1	6	1.05500827668773	2	1	0	1	2	1
spinalcord_5574	2959.41293532338	10678.4378109453	21.0348258706468	STARmap_plus	spinalcord	7	2	1	7	1.13202463008328	2	1	0	1	2	4
spinalcord_5575	3446.54545454545	10109.5151515152	16.8333333333333	STARmap_plus	spinalcord	7	2	1	6	1.05500827668773	2	1	0	1	2	1
spinalcord_5576	5086.345238095239	10286.3273809524	13.333333333333302	STARmap_plus	spinalcord	7	2	1	7	1.13202463008328	2	1	0	1	2	4
spinalcord_5577	4301.99458483755	9571.44945848375	19.7093862815884	STARmap_plus	spinalcord	7	6	0	4	1.39214303159018	1	2	2	0	6	1
spinalcord_5578	4338.33636363636	9680.62727272727	15.481818181818198	STARmap_plus	spinalcord	7	5	5	6	1.31512667819463	6	2	4	1	6	1
spinalcord_5579	4715.53636363636	10092.1	18.790909090909103	STARmap_plus	spinalcord	7	2	1	7	1.13202463008328	2	1	0	1	2	4
spinalcord_5580	4979.41386554622	10008.4516806723	19.9831932773109	STARmap_plus	spinalcord	7	2	1	7	1.13202463008328	2	1	0	1	2	4
spinalcord_5581	4350.35643564356	10230.6435643564	14.3960396039604	STARmap_plus	spinalcord	7	2	1	6	1.05500827668773	2	1	0	1	2	1
spinalcord_5582	5416.74301675978	9581.30726256983	18.0167597765363	STARmap_plus	spinalcord	7	2	1	7	1.13202463008328	2	1	0	1	2	4
spinalcord_5583	5202.47961630695	10156.0191846523	15.158273381295	STARmap_plus	spinalcord	7	2	1	7	1.05500827668773	2	1	0	3	2	4
spinalcord_5584	4535.90043290043	10350.4978354978	14.995670995671	STARmap_plus	spinalcord	7	2	1	7	1.13202463008328	2	1	0	1	2	4
spinalcord_5585	4825.42541436464	10529.5607734807	11.6740331491713	STARmap_plus	spinalcord	7	2	1	5	1.41611653762783	2	1	0	2	1	4
spinalcord_5586	4809.66447368421	10401.0394736842	12.309210526315802	STARmap_plus	spinalcord	7	2	1	5	1.30059200753451	2	1	0	1	1	4
spinalcord_5587	5170.06326889279	10242.4112478032	14.6572934973638	STARmap_plus	spinalcord	7	2	1	7	1.13202463008328	2	1	0	1	2	4
spinalcord_5588	4907.74178403756	9623.08920187793	16.3474178403756	STARmap_plus	spinalcord	7	2	1	6	1.05500827668773	2	1	0	1	2	1
spinalcord_5589	4746.01612903226	9562.15927419355	21.2782258064516	STARmap_plus	spinalcord	7	5	1	6	1.30059200753451	6	1	4	1	2	1
spinalcord_5590	4950.2126929674105	10582.3104631218	14.9811320754717	STARmap_plus	spinalcord	7	2	1	5	1.30059200753451	2	1	0	1	1	4
spinalcord_5591	5267.07099697885	10089.749244713	15.9728096676737	STARmap_plus	spinalcord	7	2	1	7	1.13202463008328	2	1	0	1	2	4
spinalcord_5592	4973.67118644068	9505.50508474576	18.5084745762712	STARmap_plus	spinalcord	7	5	1	6	1.33910018423228	6	2	0	1	2	1
spinalcord_5593	5426.91020408163	9711.9387755102	17.2612244897959	STARmap_plus	spinalcord	7	2	1	7	1.13202463008328	2	1	0	1	2	4
spinalcord_5594	4572.246231155779	10737.2613065327	16.9916247906198	STARmap_plus	spinalcord	7	2	1	7	1.13202463008328	2	1	0	1	2	4
spinalcord_5595	4566.65635738832	9833.93470790378	19.6116838487973	STARmap_plus	spinalcord	7	2	1	6	1.05500827668773	2	1	0	1	2	1
spinalcord_5596	4164.52	10401.7955555556	17.3466666666667	STARmap_plus	spinalcord	7	2	1	7	1.13202463008328	2	1	0	1	2	4
spinalcord_5597	5331.466942148761	10303.5061983471	15.1363636363636	STARmap_plus	spinalcord	7	2	1	7	1.13202463008328	2	1	0	1	2	4
spinalcord_5598	4751.01501501501	9785.35735735736	21.996996996997	STARmap_plus	spinalcord	7	2	1	6	1.05500827668773	2	1	0	1	2	1
spinalcord_5599	5186.47791164659	10574.859437751	20.4618473895582	STARmap_plus	spinalcord	7	2	1	5	1.2475491601766	2	1	0	3	1	4
spinalcord_5600	4121.81841432225	9689.26854219949	21.0613810741688	STARmap_plus	spinalcord	7	4	4	4	1.39214303159018	5	2	4	0	6	3
spinalcord_5601	4446.113636363641	9534.11570247934	21.9772727272727	STARmap_plus	spinalcord	7	4	0	4	1.52220223234363	1	2	4	0	6	1
spinalcord_5602	4119.7819148936205	9832.78191489362	20.3723404255319	STARmap_plus	spinalcord	7	5	1	6	1.2475491601766	5	2	0	1	2	1
spinalcord_5603	5389.02559726962	10400.6467576792	15.2508532423208	STARmap_plus	spinalcord	7	2	1	5	1.30059200753451	2	1	0	1	1	4
spinalcord_5604	4504.0	10057.7647058824	20.6742081447964	STARmap_plus	spinalcord	7	2	1	7	1.13202463008328	2	1	0	1	2	4
spinalcord_5605	4125.4216867469895	10649.4939759036	16.8915662650602	STARmap_plus	spinalcord	7	2	1	7	1.13202463008328	2	1	0	1	2	4
spinalcord_5606	4518.347417840379	10177.2300469484	19.1737089201878	STARmap_plus	spinalcord	7	2	1	7	1.13202463008328	2	1	0	1	2	4
spinalcord_5607	4367.32594936709	9875.15506329114	20.1645569620253	STARmap_plus	spinalcord	7	2	1	6	1.05500827668773	2	1	0	1	2	1
spinalcord_5608	5002.140625	10677.9296875	17.3359375	STARmap_plus	spinalcord	7	2	1	5	1.30059200753451	2	1	0	1	1	4
spinalcord_5609	5420.70118343195	9984.0650887574	18.8639053254438	STARmap_plus	spinalcord	7	2	1	7	1.13202463008328	2	1	0	1	2	4
spinalcord_5610	5305.72797927461	10616.3367875648	15.2875647668394	STARmap_plus	spinalcord	7	2	1	5	1.30059200753451	2	1	0	1	1	4
spinalcord_5611	4511.875	10448.7118055556	19.7118055555556	STARmap_plus	spinalcord	7	2	1	7	1.13202463008328	2	1	0	1	2	4
spinalcord_5612	4424.34300791557	9794.39050131926	20.0976253298153	STARmap_plus	spinalcord	7	5	1	6	1.09351645338551	5	1	0	1	2	1
spinalcord_5613	5067.08163265306	10820.1428571429	15.448979591836698	STARmap_plus	spinalcord	7	2	1	5	1.30059200753451	2	1	0	1	1	4
spinalcord_5614	4303.488584474891	10703.9315068493	19.552511415525103	STARmap_plus	spinalcord	7	2	1	7	1.13202463008328	2	1	0	1	2	4
spinalcord_5615	4220.05263157895	9547.719298245607	20.5614035087719	STARmap_plus	spinalcord	7	6	0	4	1.40667770225031	1	2	2	1	6	2
spinalcord_5616	4307.92727272727	10109.9454545455	19.2181818181818	STARmap_plus	spinalcord	7	2	1	7	1.13202463008328	2	1	0	1	2	4
spinalcord_5617	5261.53513513514	9563.83783783784	15.8864864864865	STARmap_plus	spinalcord	7	2	1	6	1.05500827668773	2	1	0	1	2	1
spinalcord_5618	5159.524590163929	9776.15983606557	15.6844262295082	STARmap_plus	spinalcord	7	2	1	7	1.13202463008328	2	1	0	1	2	4
spinalcord_5619	4751.1349206349205	10745.0608465608	16.7222222222222	STARmap_plus	spinalcord	7	2	1	5	1.30059200753451	2	1	0	1	1	4
spinalcord_5620	5026.975	9808.0625	19.3083333333333	STARmap_plus	spinalcord	7	2	1	6	1.07898178272538	2	1	0	4	2	1
spinalcord_5621	5096.11578947368	9532.494736842107	22.2491228070175	STARmap_plus	spinalcord	7	2	1	6	1.05500827668773	2	1	0	1	2	1
spinalcord_5622	5373.18541033435	9821.14285714286	18.9939209726444	STARmap_plus	spinalcord	7	2	1	7	1.13202463008328	2	1	0	1	2	4
spinalcord_5623	5396.98013245033	10691.1059602649	17.1158940397351	STARmap_plus	spinalcord	7	2	1	5	1.30059200753451	2	1	0	1	1	4
spinalcord_5624	4710.35191637631	9938.0487804878	23.6515679442509	STARmap_plus	spinalcord	7	2	1	7	1.13202463008328	2	1	0	1	2	4
spinalcord_5625	5266.0442804428	9891.933579335791	19.081180811808103	STARmap_plus	spinalcord	7	2	1	7	1.13202463008328	2	1	0	1	2	4
spinalcord_5626	4800.76056338028	10621.6	12.061971830985902	STARmap_plus	spinalcord	7	2	1	5	1.30059200753451	2	1	0	1	1	4
spinalcord_5627	5324.9825	9507.96	17.7825	STARmap_plus	spinalcord	7	2	1	6	1.05500827668773	2	1	0	1	2	1
spinalcord_5628	5228.45977011494	10354.132183908	12.9195402298851	STARmap_plus	spinalcord	7	2	1	7	1.13202463008328	2	1	0	1	2	4
spinalcord_5629	4503.51401869159	9973.51869158878	18.5046728971963	STARmap_plus	spinalcord	7	2	1	6	1.05500827668773	2	1	0	1	2	1
spinalcord_5630	4657.86988847584	9826.27881040892	21.423791821561306	STARmap_plus	spinalcord	7	2	1	6	1.05500827668773	2	1	0	1	2	1
spinalcord_5631	5337.06849315068	9704.93835616438	20.082191780821898	STARmap_plus	spinalcord	7	2	1	7	1.13202463008328	2	1	0	1	2	4
spinalcord_5632	4273.921875	10626.59375	12.03125	STARmap_plus	spinalcord	7	2	1	6	1.05500827668773	2	1	0	1	2	1
spinalcord_5633	4117.69230769231	10287.0	21.675213675213698	STARmap_plus	spinalcord	7	2	1	6	1.05500827668773	2	1	0	1	2	1
spinalcord_5634	5329.7030075188	10011.3045112782	15.503759398496198	STARmap_plus	spinalcord	7	2	1	7	1.13202463008328	2	1	0	1	2	4
spinalcord_5635	4118.59923664122	9934.56870229008	16.3396946564886	STARmap_plus	spinalcord	7	2	1	6	1.05500827668773	2	1	0	1	2	1
spinalcord_5636	5082.56050955414	10721.2802547771	18.4968152866242	STARmap_plus	spinalcord	7	2	1	5	1.30059200753451	2	1	0	1	1	4
spinalcord_5637	4243.03181818182	10290.0863636364	22.0772727272727	STARmap_plus	spinalcord	7	2	1	6	1.07898178272538	2	1	0	4	2	1
spinalcord_5638	4508.84210526316	10655.0087719298	15.780701754386	STARmap_plus	spinalcord	7	2	1	7	1.13202463008328	2	1	0	1	2	4
spinalcord_5639	5298.46428571429	9619.21428571429	17.0	STARmap_plus	spinalcord	7	2	1	7	1.13202463008328	2	1	0	1	2	4
spinalcord_5640	4611.4717514124295	10269.615819209	18.217514124293803	STARmap_plus	spinalcord	7	2	1	7	1.13202463008328	2	1	0	1	2	4
spinalcord_5641	4867.94444444444	9529.47222222222	21.9722222222222	STARmap_plus	spinalcord	7	5	5	6	1.39214303159018	6	2	4	1	2	1
spinalcord_5642	5348.03870967742	10517.9548387097	19.8612903225806	STARmap_plus	spinalcord	7	2	1	5	1.30059200753451	2	1	0	1	1	4
spinalcord_5643	4649.61139896373	10139.0310880829	23.3367875647668	STARmap_plus	spinalcord	7	2	1	7	1.23301448951648	2	1	0	4	2	4
spinalcord_5644	4297.18433179724	10236.7834101382	22.5852534562212	STARmap_plus	spinalcord	7	2	1	6	1.05500827668773	2	1	0	1	2	1
spinalcord_5645	4634.987951807229	9722.10843373494	23.385542168674696	STARmap_plus	spinalcord	7	2	1	6	1.05500827668773	2	1	0	1	2	1
spinalcord_5646	4525.21266968326	9763.93665158371	14.923076923076902	STARmap_plus	spinalcord	7	2	1	6	1.05500827668773	2	1	0	1	2	1
spinalcord_5647	4587.42292490119	10544.7549407115	13.7588932806324	STARmap_plus	spinalcord	7	2	1	7	1.13202463008328	2	1	0	1	2	4
spinalcord_5648	5072.098734177221	9976.94430379747	17.741772151898697	STARmap_plus	spinalcord	7	2	1	7	1.13202463008328	2	1	0	1	2	4
spinalcord_5649	4387.83838383838	10281.2424242424	18.6161616161616	STARmap_plus	spinalcord	7	2	1	7	1.13202463008328	2	1	0	1	2	4
spinalcord_5650	4512.872881355929	10529.3898305085	19.1525423728814	STARmap_plus	spinalcord	7	2	1	7	1.13202463008328	2	1	0	1	2	4
spinalcord_5651	4470.28048780488	9711.70325203252	17.3861788617886	STARmap_plus	spinalcord	7	5	4	4	1.35363485489241	5	2	0	0	6	1
spinalcord_5652	4366.75510204082	10143.9183673469	17.5408163265306	STARmap_plus	spinalcord	7	2	1	6	1.05500827668773	2	1	0	1	2	1
spinalcord_5653	5077.82608695652	9606.52717391304	21.2336956521739	STARmap_plus	spinalcord	7	2	1	6	1.05500827668773	2	1	0	1	2	1
spinalcord_5654	4956.09850746269	9699.46865671642	21.4388059701493	STARmap_plus	spinalcord	7	2	1	6	1.05500827668773	2	1	0	1	2	1
spinalcord_5655	4583.73708920188	10102.7981220657	21.6854460093897	STARmap_plus	spinalcord	7	2	1	7	1.05500827668773	2	1	0	3	2	4
spinalcord_5656	4784.28648648649	10463.7621621622	12.6135135135135	STARmap_plus	spinalcord	7	2	1	5	1.30059200753451	2	1	0	1	1	4
spinalcord_5657	4772.906896551721	10015.8655172414	21.9965517241379	STARmap_plus	spinalcord	7	2	1	7	1.13202463008328	2	1	0	1	2	4
spinalcord_5658	5197.268292682929	9574.86991869919	19.9837398373984	STARmap_plus	spinalcord	7	2	1	6	1.05500827668773	2	1	0	1	2	1
spinalcord_5659	4616.25945945946	9969.35675675676	22.783783783783804	STARmap_plus	spinalcord	7	2	1	6	1.05500827668773	2	1	0	1	2	1
spinalcord_5660	4825.32565789474	9799.54605263158	19.1085526315789	STARmap_plus	spinalcord	7	2	1	6	1.05500827668773	2	1	0	1	2	1
spinalcord_5661	4361.8637873754205	9742.94352159469	21.2624584717608	STARmap_plus	spinalcord	7	4	4	4	1.50766756168351	5	2	0	0	6	3
spinalcord_5662	5428.129533678761	10057.2487046632	17.4922279792746	STARmap_plus	spinalcord	7	2	1	7	1.13202463008328	2	1	0	1	2	4
spinalcord_5663	4453.27480916031	10543.9770992366	20.0763358778626	STARmap_plus	spinalcord	7	2	1	7	1.13202463008328	2	1	0	1	2	4
spinalcord_5664	5197.81818181818	9509.85123966942	19.61157024793389	STARmap_plus	spinalcord	7	2	1	6	1.05500827668773	2	1	0	1	2	1
spinalcord_5665	5049.855614973259	10253.4411764706	14.8475935828877	STARmap_plus	spinalcord	7	2	1	7	1.13202463008328	2	1	0	1	2	4
spinalcord_5666	5075.94736842105	9862.77631578947	12.6052631578947	STARmap_plus	spinalcord	7	2	1	7	1.13202463008328	2	1	0	1	2	4
spinalcord_5667	4218.07542579075	9616.47445255474	21.8004866180049	STARmap_plus	spinalcord	7	6	0	4	1.52220223234363	1	2	4	0	6	2
spinalcord_5668	5237.6357615894	10293.4966887417	17.304635761589402	STARmap_plus	spinalcord	7	2	1	7	1.13202463008328	2	1	0	1	2	4
spinalcord_5669	5427.85542168675	9841.77108433735	17.759036144578303	STARmap_plus	spinalcord	7	2	1	7	1.13202463008328	2	1	0	1	2	4
spinalcord_5670	4426.593457943929	10155.4205607477	21.9532710280374	STARmap_plus	spinalcord	7	2	1	7	1.13202463008328	2	1	0	1	2	4
spinalcord_5671	4114.67567567568	9599.63513513513	22.3783783783784	STARmap_plus	spinalcord	7	6	0	4	1.44518587894808	1	2	4	1	6	2
spinalcord_5672	4155.979381443301	9534.83505154639	22.0103092783505	STARmap_plus	spinalcord	7	6	0	4	1.44518587894808	1	2	2	0	6	2
spinalcord_5673	4285.2625	10152.75625	21.275	STARmap_plus	spinalcord	7	2	1	7	1.13202463008328	2	1	0	1	2	4
spinalcord_5674	5521.43619047619	9896.04	18.0685714285714	STARmap_plus	spinalcord	7	2	1	7	1.13202463008328	2	1	0	1	2	4
spinalcord_5675	5611.79714285714	10043.0142857143	13.5314285714286	STARmap_plus	spinalcord	7	2	1	5	1.30059200753451	2	1	0	1	1	4
spinalcord_5676	6190.96428571429	9521.385714285709	15.4214285714286	STARmap_plus	spinalcord	7	2	1	5	1.30059200753451	2	1	0	1	1	4
spinalcord_5677	5730.18805309734	10385.3539823009	16.783185840708	STARmap_plus	spinalcord	7	2	1	5	1.30059200753451	2	1	0	1	1	4
spinalcord_5678	5730.36381322957	10246.2898832685	19.5953307392996	STARmap_plus	spinalcord	7	2	1	5	1.30059200753451	2	1	0	1	1	4
spinalcord_5679	6592.840909090911	9650.56818181818	12.4545454545455	STARmap_plus	spinalcord	7	2	1	5	1.10295528876303	2	1	0	1	1	5
spinalcord_5680	6451.00584795322	9519.91812865497	14.8771929824561	STARmap_plus	spinalcord	7	2	1	5	1.10295528876303	2	1	0	1	1	5
spinalcord_5681	5842.43514644351	9920.920502092047	15.2928870292887	STARmap_plus	spinalcord	7	2	1	7	1.13202463008328	2	1	0	1	2	4
spinalcord_5682	5619.708695652171	9748.95869565217	17.8391304347826	STARmap_plus	spinalcord	7	2	1	7	1.13202463008328	2	1	0	1	2	4
spinalcord_5683	6360.66756032172	9757.65415549598	19.8337801608579	STARmap_plus	spinalcord	7	2	1	5	1.30059200753451	2	1	0	1	1	4
spinalcord_5684	5701.7331378299095	9760.422287390027	15.6217008797654	STARmap_plus	spinalcord	7	2	1	7	1.13202463008328	2	1	0	1	2	4
spinalcord_5685	5869.27906976744	10219.1674418605	19.393023255814	STARmap_plus	spinalcord	7	2	1	5	1.30059200753451	2	1	0	1	1	4
spinalcord_5686	6102.90522243714	10174.7292069632	14.7620889748549	STARmap_plus	spinalcord	7	2	1	5	1.30059200753451	2	1	0	1	1	4
spinalcord_5687	6060.00689655172	9625.61379310345	16.926436781609198	STARmap_plus	spinalcord	7	2	1	5	1.30059200753451	2	1	0	1	1	4
spinalcord_5688	6469.83831282953	9798.44991212654	14.6924428822496	STARmap_plus	spinalcord	7	2	1	5	1.30059200753451	2	1	0	1	1	4
spinalcord_5689	5537.42275280899	10481.4494382022	16.7120786516854	STARmap_plus	spinalcord	7	2	1	5	1.30059200753451	2	1	0	1	1	4
spinalcord_5690	5666.98095238095	9621.961904761907	17.098412698412698	STARmap_plus	spinalcord	7	2	1	7	1.23301448951648	2	1	0	4	2	4
spinalcord_5691	6151.695488721801	9802.91729323308	16.7443609022556	STARmap_plus	spinalcord	7	2	1	5	1.30059200753451	2	1	0	1	1	4
spinalcord_5692	6671.52857142857	9633.5	16.7142857142857	STARmap_plus	spinalcord	7	2	1	5	1.06954294734786	4	1	0	1	1	5
spinalcord_5693	6185.2798053528	9672.25060827251	17.0024330900243	STARmap_plus	spinalcord	7	2	1	5	1.30059200753451	2	1	0	1	1	4
spinalcord_5694	6131.86267605634	9892.4823943662	20.9295774647887	STARmap_plus	spinalcord	7	2	1	5	1.30059200753451	2	1	0	1	1	4
spinalcord_5695	5787.71608040201	10302.3341708543	16.2763819095477	STARmap_plus	spinalcord	7	2	1	5	1.39214303159018	2	1	0	4	1	4
spinalcord_5696	5620.093220338979	10413.8276836158	18.3531073446328	STARmap_plus	spinalcord	7	2	1	5	1.30059200753451	2	1	0	1	1	4
spinalcord_5697	6193.587537091989	10069.9554896142	14.9673590504451	STARmap_plus	spinalcord	7	2	1	5	1.30059200753451	2	1	0	1	1	4
spinalcord_5698	6408.6422287390005	9600.75073313783	16.055718475073302	STARmap_plus	spinalcord	7	2	1	5	1.10295528876303	2	1	0	1	1	5
spinalcord_5699	5598.464088397789	9650.49171270718	17.558011049723802	STARmap_plus	spinalcord	7	2	1	7	1.13202463008328	2	1	0	1	2	4
spinalcord_5700	5521.259615384621	10286.9230769231	15.5288461538462	STARmap_plus	spinalcord	7	2	1	5	1.2475491601766	2	1	0	3	1	4
spinalcord_5701	6783.58189655172	9559.85775862069	17.6939655172414	STARmap_plus	spinalcord	7	2	1	5	1.06954294734786	4	1	0	1	1	5
spinalcord_5702	5542.90967741935	10647.0193548387	11.2193548387097	STARmap_plus	spinalcord	7	2	1	5	1.2475491601766	2	1	0	3	1	4
spinalcord_5703	5745.515942028989	10135.9565217391	16.6	STARmap_plus	spinalcord	7	2	1	5	1.30059200753451	2	1	0	1	1	4
spinalcord_5704	5688.402203856751	10496.8209366391	15.7217630853994	STARmap_plus	spinalcord	7	2	1	5	1.30059200753451	2	1	0	1	1	4
spinalcord_5705	6265.18139534884	9996.04186046512	12.906976744186	STARmap_plus	spinalcord	7	2	1	5	1.30059200753451	2	1	0	1	1	4
spinalcord_5706	5983.953608247421	9672.62371134021	19.561855670103103	STARmap_plus	spinalcord	7	2	1	5	1.30059200753451	2	1	0	1	1	4
spinalcord_5707	6299.79710144928	9555.9806763285	13.637681159420302	STARmap_plus	spinalcord	7	2	1	5	1.30059200753451	2	1	0	1	1	4
spinalcord_5708	6054.764285714289	10085.6857142857	19.407142857142897	STARmap_plus	spinalcord	7	2	1	5	1.30059200753451	2	1	0	1	1	4
spinalcord_5709	6736.402173913039	9510.492753623192	19.3695652173913	STARmap_plus	spinalcord	7	2	1	5	1.06954294734786	4	1	0	1	1	5
spinalcord_5710	5961.67619047619	10158.2285714286	22.247619047619	STARmap_plus	spinalcord	7	2	1	5	1.30059200753451	2	1	0	1	1	4
spinalcord_5711	5906.79136690647	10303.0575539568	17.636690647482	STARmap_plus	spinalcord	7	2	1	5	1.30059200753451	2	1	0	1	1	4
spinalcord_5712	6514.875	9620.82692307692	16.4391025641026	STARmap_plus	spinalcord	7	2	1	5	1.10295528876303	2	1	0	1	1	5
spinalcord_5713	6590.325301204821	9721.47791164659	18.7429718875502	STARmap_plus	spinalcord	7	2	1	5	1.10295528876303	2	1	0	1	1	5
spinalcord_5714	5650.18429003021	10337.5589123867	18.2688821752266	STARmap_plus	spinalcord	7	2	1	5	1.30059200753451	2	1	0	1	1	4
spinalcord_5715	5565.7156549520805	9984.33865814696	13.974440894568698	STARmap_plus	spinalcord	7	2	1	7	1.23301448951648	2	1	0	4	2	4
spinalcord_5716	5858.238461538461	10142.6153846154	19.6076923076923	STARmap_plus	spinalcord	7	2	1	5	1.30059200753451	2	1	0	1	1	4
spinalcord_5717	5884.20689655172	9599.00344827586	21.882758620689696	STARmap_plus	spinalcord	7	2	1	5	1.30059200753451	2	1	0	1	1	4
spinalcord_5718	5733.41361256544	9882.15183246073	19.2722513089005	STARmap_plus	spinalcord	7	2	1	7	1.13202463008328	2	1	0	1	2	4
spinalcord_5719	5557.3	9587.75	21.35	STARmap_plus	spinalcord	7	2	1	7	1.13202463008328	2	1	0	1	2	4
spinalcord_5720	6011.290322580639	10010.1244239631	18.294930875576	STARmap_plus	spinalcord	7	2	1	5	1.30059200753451	2	1	0	1	1	4
spinalcord_5721	5928.152974504251	9538.99716713881	22.4674220963173	STARmap_plus	spinalcord	7	2	1	5	1.30059200753451	2	1	0	1	1	4
spinalcord_5722	5785.152046783629	9927.988304093573	16.8187134502924	STARmap_plus	spinalcord	7	2	1	7	1.23301448951648	2	1	0	4	2	4
spinalcord_5723	5606.69306930693	10159.2792079208	18.6257425742574	STARmap_plus	spinalcord	7	2	1	5	1.30059200753451	2	1	0	1	1	4
spinalcord_5724	5496.636363636359	9720.2	12.6181818181818	STARmap_plus	spinalcord	7	2	1	7	1.13202463008328	2	1	0	1	2	4
spinalcord_5725	5540.94705882353	9785.7	17.9705882352941	STARmap_plus	spinalcord	7	2	1	7	1.13202463008328	2	1	0	1	2	4
spinalcord_5726	6790.43984962406	9617.99248120301	15.9586466165414	STARmap_plus	spinalcord	7	2	1	5	1.06954294734786	4	1	0	1	1	5
spinalcord_5727	6212.681592039799	9569.82587064677	16.0199004975124	STARmap_plus	spinalcord	7	2	1	5	1.30059200753451	2	1	0	1	1	4
spinalcord_5728	5573.49677419355	10096.2322580645	15.0	STARmap_plus	spinalcord	7	2	1	7	1.23301448951648	2	1	0	4	2	4
spinalcord_5729	6413.631578947371	9772.45864661654	16.2443609022556	STARmap_plus	spinalcord	7	2	1	5	1.30059200753451	2	1	0	1	1	4
spinalcord_5730	5483.42424242424	9823.95454545455	19.6818181818182	STARmap_plus	spinalcord	7	2	1	7	1.13202463008328	2	1	0	1	2	4
spinalcord_5731	5470.59208261618	10279.3253012048	17.605851979346003	STARmap_plus	spinalcord	7	2	1	5	1.30059200753451	2	1	0	1	1	4
spinalcord_5732	5612.06	9582.02	17.7	STARmap_plus	spinalcord	7	2	1	7	1.13202463008328	2	1	0	1	2	4
spinalcord_5733	6204.175771971501	9913.21377672209	16.1282660332542	STARmap_plus	spinalcord	7	2	1	5	1.30059200753451	2	1	0	1	1	4
spinalcord_5734	6363.7897574124	9636.29649595687	16.4204851752022	STARmap_plus	spinalcord	7	2	1	5	1.30059200753451	2	1	0	1	1	4
spinalcord_5735	6157.50190114068	10050.1368821293	18.661596958174897	STARmap_plus	spinalcord	7	2	1	5	1.30059200753451	2	1	0	1	1	4
spinalcord_5736	5558.03797468354	9673.12025316456	19.2594936708861	STARmap_plus	spinalcord	7	2	1	7	1.13202463008328	2	1	0	1	2	4
spinalcord_5737	6117.31818181818	9767.5	15.8636363636364	STARmap_plus	spinalcord	7	2	1	5	1.30059200753451	2	1	0	1	1	4
spinalcord_5738	6900.26542056075	9531.8523364486	15.611214953271	STARmap_plus	spinalcord	7	3	6	5	1.26208383083673	4	1	5	1	1	5
spinalcord_5739	1259.63197969543	10930.7677664975	10.9568527918782	STARmap_plus	spinalcord	7	2	1	5	1.2475491601766	2	1	0	3	1	4
spinalcord_5740	2645.44473007712	11653.5167095116	10.6580976863753	STARmap_plus	spinalcord	7	2	1	5	1.30059200753451	2	1	0	1	1	4
spinalcord_5741	2082.58881578947	11376.8388157895	12.3355263157895	STARmap_plus	spinalcord	7	2	1	5	1.30059200753451	2	1	0	1	1	4
spinalcord_5742	2064.3476702509	10903.4516129032	15.831541218638	STARmap_plus	spinalcord	7	2	1	5	1.30059200753451	2	1	0	1	1	4
spinalcord_5743	2159.8493589743603	11619.516025641002	11.1137820512821	STARmap_plus	spinalcord	7	2	1	5	1.30059200753451	2	1	0	1	1	4
spinalcord_5744	2733.24725274725	11260.043956044	14.6373626373626	STARmap_plus	spinalcord	7	2	1	5	1.30059200753451	2	1	0	1	1	4
spinalcord_5745	2440.4788732394395	11564.887323943702	10.8544600938967	STARmap_plus	spinalcord	7	2	1	5	1.39214303159018	2	1	0	4	1	4
spinalcord_5746	2312.48630136986	11300.2551369863	15.1746575342466	STARmap_plus	spinalcord	7	2	1	5	1.30059200753451	2	1	0	1	1	4
spinalcord_5747	1771.3939393939395	10988.9935064935	14.1341991341991	STARmap_plus	spinalcord	7	2	1	5	1.30059200753451	2	1	0	1	1	4
spinalcord_5748	2377.5637254902	11738.0049019608	9.83823529411765	STARmap_plus	spinalcord	7	2	1	5	1.30059200753451	2	1	0	1	1	4
spinalcord_5749	1458.7128712871302	10858.9183168317	16.066831683168303	STARmap_plus	spinalcord	7	2	1	5	1.39214303159018	2	1	0	4	1	4
spinalcord_5750	2385.32275132275	11500.7592592593	11.973544973545	STARmap_plus	spinalcord	7	2	1	5	1.30059200753451	2	1	0	1	1	4
spinalcord_5751	2566.6666666666697	10886.3055555556	16.8472222222222	STARmap_plus	spinalcord	7	2	1	5	1.30059200753451	2	1	0	1	1	4
spinalcord_5752	2705.14860681115	11769.8761609907	16.9566563467492	STARmap_plus	spinalcord	7	2	1	5	1.30059200753451	2	1	0	1	1	4
spinalcord_5753	2089.97267759563	11122.6475409836	14.5573770491803	STARmap_plus	spinalcord	7	2	1	5	1.30059200753451	2	1	0	1	1	4
spinalcord_5754	1800.2373540856	11173.0116731518	12.3151750972763	STARmap_plus	spinalcord	7	2	1	5	1.30059200753451	2	1	0	1	1	4
spinalcord_5755	2547.93072289157	11202.8584337349	15.3463855421687	STARmap_plus	spinalcord	7	2	1	5	1.30059200753451	2	1	0	1	1	4
spinalcord_5756	2658.36486486487	11516.5506756757	13.2736486486486	STARmap_plus	spinalcord	7	2	1	5	1.30059200753451	2	1	0	1	1	4
spinalcord_5757	1673.40375586854	11112.8356807512	12.8669796557121	STARmap_plus	spinalcord	7	2	1	5	1.30059200753451	2	1	0	1	1	4
spinalcord_5758	1823.45887961859	11381.9427890346	11.8057210965435	STARmap_plus	spinalcord	7	2	1	5	1.30059200753451	2	1	0	1	1	4
spinalcord_5759	1560.13081395349	11158.8488372093	9.92732558139535	STARmap_plus	spinalcord	7	2	1	5	1.30059200753451	2	1	0	1	1	4
spinalcord_5760	1997.77754237288	11552.9703389831	9.72669491525424	STARmap_plus	spinalcord	7	2	1	5	1.30059200753451	2	1	0	1	1	4
spinalcord_5761	2491.34936708861	11069.1696202532	17.9088607594937	STARmap_plus	spinalcord	7	2	1	5	1.30059200753451	2	1	0	1	1	4
spinalcord_5762	1681.43448275862	11247.6	13.441379310344802	STARmap_plus	spinalcord	7	2	1	5	1.30059200753451	2	1	0	1	1	4
spinalcord_5763	2420.13580246914	11178.3024691358	14.7037037037037	STARmap_plus	spinalcord	7	2	1	5	1.30059200753451	2	1	0	1	1	4
spinalcord_5764	2578.76140350877	11002.098245614	18.143859649122803	STARmap_plus	spinalcord	7	2	1	5	1.30059200753451	2	1	0	1	1	4
spinalcord_5765	1878.59139784946	11458.422043010802	13.0725806451613	STARmap_plus	spinalcord	7	2	1	5	1.30059200753451	2	1	0	1	1	4
spinalcord_5766	2274.0416666666697	10921.4583333333	15.555555555555598	STARmap_plus	spinalcord	7	2	1	5	1.30059200753451	2	1	0	1	1	4
spinalcord_5767	2481.64705882353	11747.9839572193	12.4866310160428	STARmap_plus	spinalcord	7	2	1	5	1.30059200753451	2	1	0	1	1	4
spinalcord_5768	1939.56154747948	10921.2895662368	16.2754982415006	STARmap_plus	spinalcord	7	2	1	5	1.30059200753451	2	1	0	1	1	4
spinalcord_5769	2400.04589371981	11269.8623188406	14.4468599033816	STARmap_plus	spinalcord	7	2	1	5	1.2475491601766	2	1	0	3	1	4
spinalcord_5770	2185.3628691983104	11169.0928270042	16.506329113924	STARmap_plus	spinalcord	7	2	1	5	1.30059200753451	2	1	0	1	1	4
spinalcord_5771	2609.458	11733.876	14.4	STARmap_plus	spinalcord	7	2	1	5	1.30059200753451	2	1	0	1	1	4
spinalcord_5772	1822.28996282528	11248.4832713755	13.6579925650558	STARmap_plus	spinalcord	7	2	1	5	1.30059200753451	2	1	0	1	1	4
spinalcord_5773	1543.08670520231	10852.0231213873	12.4219653179191	STARmap_plus	spinalcord	7	2	1	5	1.30059200753451	2	1	0	1	1	4
spinalcord_5774	2036.53980582524	11453.906796116498	11.1359223300971	STARmap_plus	spinalcord	7	2	1	5	1.30059200753451	2	1	0	1	1	4
spinalcord_5775	2329.812	11743.572	15.344	STARmap_plus	spinalcord	7	2	1	5	1.30059200753451	2	1	0	1	1	4
spinalcord_5776	2027.40366972477	11343.1596330275	13.4844036697248	STARmap_plus	spinalcord	7	2	1	5	1.30059200753451	2	1	0	1	1	4
spinalcord_5777	1742.21164021164	11200.021164021202	12.359788359788402	STARmap_plus	spinalcord	7	2	1	5	1.30059200753451	2	1	0	1	1	4
spinalcord_5778	2400.8576051779896	11677.5663430421	13.0	STARmap_plus	spinalcord	7	2	1	5	1.30059200753451	2	1	0	1	1	4
spinalcord_5779	2764.3904109589	11309.0547945205	12.5171232876712	STARmap_plus	spinalcord	7	2	1	5	1.30059200753451	2	1	0	1	1	4
spinalcord_5780	2311.55598455598	11556.8223938224	12.1351351351351	STARmap_plus	spinalcord	7	2	1	5	1.30059200753451	2	1	0	1	1	4
spinalcord_5781	3276.78525641026	11745.4262820513	15.4807692307692	STARmap_plus	spinalcord	7	2	1	5	1.30059200753451	2	1	0	1	1	4
spinalcord_5782	3926.1736842105297	11621.3368421053	14.5315789473684	STARmap_plus	spinalcord	7	2	1	5	1.30059200753451	2	1	0	1	1	4
spinalcord_5783	4086.19243986254	10986.941580756	17.807560137457	STARmap_plus	spinalcord	7	2	1	7	1.13202463008328	2	1	0	1	2	4
spinalcord_5784	3432.52214452214	11410.3426573427	13.1491841491841	STARmap_plus	spinalcord	7	2	1	5	1.30059200753451	2	1	0	1	1	4
spinalcord_5785	3090.77064220184	10855.5596330275	15.9266055045872	STARmap_plus	spinalcord	7	2	1	7	1.13202463008328	2	1	0	1	2	4
spinalcord_5786	3512.41204819277	11072.7807228916	16.2674698795181	STARmap_plus	spinalcord	7	2	1	5	1.30059200753451	2	1	0	1	1	4
spinalcord_5787	3658.581683168321	11347.8292079208	14.2054455445545	STARmap_plus	spinalcord	7	2	1	5	1.30059200753451	2	1	0	1	1	4
spinalcord_5788	2939.2908366533898	11055.0597609562	18.693227091633503	STARmap_plus	spinalcord	7	2	1	5	1.30059200753451	2	1	0	1	1	4
spinalcord_5789	4044.72514619883	11129.134502923998	14.6608187134503	STARmap_plus	spinalcord	7	2	1	5	1.30059200753451	2	1	0	1	1	4
spinalcord_5790	3756.90816326531	11547.3551020408	14.681632653061198	STARmap_plus	spinalcord	7	2	1	5	1.30059200753451	2	1	0	1	1	4
spinalcord_5791	3076.73395931142	11209.5023474178	16.1674491392801	STARmap_plus	spinalcord	7	2	1	5	1.39214303159018	2	1	0	4	1	4
spinalcord_5792	3244.67848699764	11613.4184397163	14.0851063829787	STARmap_plus	spinalcord	7	2	1	5	1.30059200753451	2	1	0	1	1	4
spinalcord_5793	2930.24466019417	11393.9980582524	14.8640776699029	STARmap_plus	spinalcord	7	2	1	5	1.30059200753451	2	1	0	1	1	4
spinalcord_5794	3639.66582914573	11565.1206030151	11.8266331658291	STARmap_plus	spinalcord	7	2	1	5	1.30059200753451	2	1	0	1	1	4
spinalcord_5795	3920.96219931271	11206.116838488	15.5498281786942	STARmap_plus	spinalcord	7	2	1	5	1.30059200753451	2	1	0	1	1	4
spinalcord_5796	3182.94285714286	11505.1819548872	13.018045112782	STARmap_plus	spinalcord	7	2	1	5	1.30059200753451	2	1	0	1	1	4
spinalcord_5797	2775.26344086022	10888.3494623656	20.9731182795699	STARmap_plus	spinalcord	7	2	1	5	1.30059200753451	2	1	0	1	1	4
spinalcord_5798	3659.44237918216	11029.8624535316	16.1338289962825	STARmap_plus	spinalcord	7	2	1	5	1.30059200753451	2	1	0	1	1	4
spinalcord_5799	3375.5517241379303	10897.6497277677	18.3666061705989	STARmap_plus	spinalcord	7	2	1	5	1.30059200753451	2	1	0	1	1	4
spinalcord_5800	3939.00968523002	11292.2663438257	15.9733656174334	STARmap_plus	spinalcord	7	2	1	5	1.30059200753451	2	1	0	1	1	4
spinalcord_5801	3584.510344827589	11068.924137931	15.7655172413793	STARmap_plus	spinalcord	7	2	1	5	1.2475491601766	2	1	0	3	1	4
spinalcord_5802	3619.723214285711	11288.3571428571	16.616071428571402	STARmap_plus	spinalcord	7	2	1	5	1.30059200753451	2	1	0	1	1	4
spinalcord_5803	3348.75265017668	11029.148409893998	16.886925795053	STARmap_plus	spinalcord	7	2	1	5	1.30059200753451	2	1	0	1	1	4
spinalcord_5804	2902.5402635431897	11271.1595900439	17.0453879941435	STARmap_plus	spinalcord	7	2	1	5	1.30059200753451	2	1	0	1	1	4
spinalcord_5805	2819.74019607843	11761.4558823529	14.495098039215698	STARmap_plus	spinalcord	7	2	1	5	1.30059200753451	2	1	0	1	1	4
spinalcord_5806	3506.4356846473	11653.5380359613	13.2544951590595	STARmap_plus	spinalcord	7	2	1	5	1.30059200753451	2	1	0	1	1	4
spinalcord_5807	3544.26470588235	10878.1764705882	15.2823529411765	STARmap_plus	spinalcord	7	2	1	5	1.30059200753451	2	1	0	1	1	4
spinalcord_5808	3792.17372881356	11128.4788135593	16.408898305084698	STARmap_plus	spinalcord	7	2	1	5	1.30059200753451	2	1	0	1	1	4
spinalcord_5809	3690.85887096774	11717.9959677419	11.379032258064498	STARmap_plus	spinalcord	7	2	1	5	1.30059200753451	2	1	0	1	1	4
spinalcord_5810	3960.5798319327705	11425.5798319328	17.1932773109244	STARmap_plus	spinalcord	7	2	1	5	1.2475491601766	2	1	0	3	1	4
spinalcord_5811	3242.3813559322	11142.6355932203	14.0	STARmap_plus	spinalcord	7	2	1	5	1.30059200753451	2	1	0	1	1	4
spinalcord_5812	3061.4713541666697	11091.8203125	16.3411458333333	STARmap_plus	spinalcord	7	2	1	5	1.30059200753451	2	1	0	1	1	4
spinalcord_5813	2849.49305555556	11013.5972222222	17.4791666666667	STARmap_plus	spinalcord	7	2	1	5	1.30059200753451	2	1	0	1	1	4
spinalcord_5814	3158.55108877722	11776.6063651591	15.7169179229481	STARmap_plus	spinalcord	7	2	1	5	1.30059200753451	2	1	0	1	1	4
spinalcord_5815	3983.11235955056	10900.8838951311	16.5842696629213	STARmap_plus	spinalcord	7	2	1	7	1.13202463008328	2	1	0	1	2	4
spinalcord_5816	3937.0907079646	11543.0221238938	13.371681415929196	STARmap_plus	spinalcord	7	2	1	5	1.30059200753451	2	1	0	1	1	4
spinalcord_5817	3253.15987460815	11252.1065830721	16.2884012539185	STARmap_plus	spinalcord	7	2	1	5	1.30059200753451	2	1	0	1	1	4
spinalcord_5818	3325.28971962617	11448.808411215	13.7663551401869	STARmap_plus	spinalcord	7	2	1	5	1.30059200753451	2	1	0	1	1	4
spinalcord_5819	3415.5532286212897	11675.1082024433	15.291448516579402	STARmap_plus	spinalcord	7	2	1	5	1.30059200753451	2	1	0	1	1	4
spinalcord_5820	3127.43545279383	11276.1907514451	13.6820809248555	STARmap_plus	spinalcord	7	2	1	5	1.30059200753451	2	1	0	1	1	4
spinalcord_5821	2803.10027100271	11679.3116531165	11.9512195121951	STARmap_plus	spinalcord	7	2	1	5	1.30059200753451	2	1	0	1	1	4
spinalcord_5822	2886.9285714285697	11761.4007936508	12.8769841269841	STARmap_plus	spinalcord	7	2	1	5	1.30059200753451	2	1	0	1	1	4
spinalcord_5823	3209.1851851851898	11424.5925925926	14.6049382716049	STARmap_plus	spinalcord	7	2	1	5	1.30059200753451	2	1	0	1	1	4
spinalcord_5824	3777.01654846336	11628.6288416076	10.8156028368794	STARmap_plus	spinalcord	7	2	1	5	1.30059200753451	2	1	0	1	1	4
spinalcord_5825	3968.6037735849104	11223.5943396226	16.707547169811303	STARmap_plus	spinalcord	7	2	1	5	1.30059200753451	2	1	0	1	1	4
spinalcord_5826	4269.57171314741	11455.4900398406	11.330677290836698	STARmap_plus	spinalcord	7	2	1	5	1.30059200753451	2	1	0	1	1	4
spinalcord_5827	4221.03678929766	11211.0568561873	13.1973244147157	STARmap_plus	spinalcord	7	2	1	5	1.30059200753451	2	1	0	1	1	4
spinalcord_5828	4276.65020576132	10984.0946502058	15.5843621399177	STARmap_plus	spinalcord	7	2	1	7	1.13202463008328	2	1	0	1	2	4
spinalcord_5829	4577.71863799283	11009.9695340502	17.7258064516129	STARmap_plus	spinalcord	7	2	1	5	1.30059200753451	2	1	0	1	1	4
spinalcord_5830	4872.68448500652	10962.4915254237	15.728813559322	STARmap_plus	spinalcord	7	2	1	5	1.30059200753451	2	1	0	1	1	4
spinalcord_5831	4413.4105090312	11345.4991789819	12.7027914614122	STARmap_plus	spinalcord	7	2	1	5	1.30059200753451	2	1	0	1	1	4
spinalcord_5832	4114.82367149758	11306.11352657	13.5748792270531	STARmap_plus	spinalcord	7	2	1	5	1.30059200753451	2	1	0	1	1	4
spinalcord_5833	5029.73853211009	11027.6788990826	14.8807339449541	STARmap_plus	spinalcord	7	2	1	5	1.30059200753451	2	1	0	1	1	4
spinalcord_5834	5188.12121212121	10858.835016835	18.8316498316498	STARmap_plus	spinalcord	7	2	1	5	1.30059200753451	2	1	0	1	1	4
spinalcord_5835	4967.022624434389	11100.8393665158	15.0542986425339	STARmap_plus	spinalcord	7	2	1	5	1.30059200753451	2	1	0	1	1	4
spinalcord_5836	5140.87684729064	10988.6157635468	16.256157635468	STARmap_plus	spinalcord	7	2	1	5	1.30059200753451	2	1	0	1	1	4
spinalcord_5837	4707.1029810298105	11062.8699186992	17.0623306233062	STARmap_plus	spinalcord	7	2	1	5	1.30059200753451	2	1	0	1	1	4
spinalcord_5838	4977.48788927336	10853.7560553633	17.1920415224914	STARmap_plus	spinalcord	7	2	1	5	1.30059200753451	2	1	0	1	1	4
spinalcord_5839	4129.25775656325	11399.6420047733	13.346062052506	STARmap_plus	spinalcord	7	2	1	5	1.30059200753451	2	1	0	1	1	4
spinalcord_5840	5088.31343283582	10957.8656716418	16.3582089552239	STARmap_plus	spinalcord	7	2	1	5	1.30059200753451	2	1	0	1	1	4
spinalcord_5841	4254.10305343511	11294.0076335878	14.7671755725191	STARmap_plus	spinalcord	7	2	1	5	1.30059200753451	2	1	0	1	1	4
spinalcord_5842	4651.07729468599	11184.768115942	16.7053140096618	STARmap_plus	spinalcord	7	2	1	5	1.30059200753451	2	1	0	1	1	4
spinalcord_5843	4221.76543209877	10927.8518518519	14.753086419753098	STARmap_plus	spinalcord	7	2	1	7	1.13202463008328	2	1	0	1	2	4
spinalcord_5844	4252.04195804196	11048.3846153846	13.3286713286713	STARmap_plus	spinalcord	7	2	1	7	1.23301448951648	2	1	0	4	2	4
spinalcord_5845	5066.41013824885	10904.9539170507	20.7235023041475	STARmap_plus	spinalcord	7	2	1	5	1.2475491601766	2	1	0	3	1	4
spinalcord_5846	4333.339712918661	11084.4162679426	15.2488038277512	STARmap_plus	spinalcord	7	2	1	5	1.30059200753451	2	1	0	1	1	4
spinalcord_5847	5155.707070707071	10908.2626262626	17.5858585858586	STARmap_plus	spinalcord	7	2	1	5	1.30059200753451	2	1	0	1	1	4
spinalcord_5848	4307.05253283302	11387.9831144465	16.2776735459662	STARmap_plus	spinalcord	7	2	1	5	1.30059200753451	2	1	0	1	1	4
